label	origin	scenario	status	objective_value	biomass	selected_hydrolysis	source	R795	related_fluxes	boundary_fluxes	extra
NO_SOURCE_REF_growth		REF	optimal	1.4291778922791878	1.4291778922791878	0.0	0	0.0	"{""DIAG_GLYPRO_SOURCE"": 0, ""HYP_GLYPRO_HYD_CY"": 0, ""R2039"": 0.0, ""R2038"": 0.0, ""R2037"": 0.0, ""R2030"": 0.0, ""R2040"": 0.0, ""R1363"": 0.0, ""R795"": 0.0, ""R871"": 0.0, ""R876"": 0.0, ""R2021"": 0.0, ""R2029"": 0.0, ""R2034"": 0.0, ""xMAINTENANCE"": 7.8625, ""R171"": 53.48502090703168}"	"{""R941"": 0.0, ""R943"": 0.0, ""R944"": 0.0, ""R945"": 0.0, ""R946"": 0.0, ""R947"": 0.0, ""R948"": 0.0, ""R949"": 0.0, ""R950"": 0.0, ""R951"": 0.0, ""R954"": 0.0, ""R955"": 0.0, ""R956"": 0.0, ""R957"": 0.0, ""R960"": 0.0, ""R964"": 0.0, ""R971"": 0.0, ""R987"": 0.0, ""R991"": 0.0, ""R992"": 0.0, ""R994"": 0.0, ""R995"": 0.0, ""R996"": 0.0, ""R999"": 0.0, ""R1003"": -0.00489, ""R1005"": 0.0, ""R1007"": 0.0, ""R1011"": 0.0, ""R1012"": 0.0, ""R1013"": 0.0, ""R1014"": 0.0, ""R1016"": -8.701216075792512, ""R1023"": 0.0, ""R1029"": 0.0, ""R1030"": 14.859558739159924, ""R1041"": 0.0, ""R1045"": 0.0, ""R1058"": 0.0, ""R1061"": 0.0, ""R1062"": 0.0, ""R1065"": 0.0, ""R1066"": 0.0, ""R1067"": 0.0, ""R1068"": 0.0, ""R1070"": -10.0, ""R1071"": 0.0, ""R1072"": 0.0, ""R1074"": 0.0, ""R1083"": 0.0, ""R1086"": 0.0, ""R1102"": 0.0, ""R1106"": 0.0, ""R1108"": 0.0, ""R1112"": 0.0, ""R1115"": 0.0, ""R1124"": 0.0, ""R1126"": 0.0, ""R1127"": 0.0, ""R1128"": 0.0, ""R1133"": 0.0, ""R1134"": 0.0, ""R1139"": 0.0, ""R1140"": 0.0, ""R1141"": 0.0, ""R1143"": 0.0, ""R1147"": 0.0, ""R1148"": 0.0, ""R1151"": 0.0, ""R1153"": 0.0, ""R1164"": 82.95881299666097, ""R1166"": 0.0, ""R1173"": 0.0, ""R1176"": 0.0, ""R1189"": 0.0, ""R1190"": 0.0, ""R1193"": 0.0, ""R1196"": 0.0, ""R1198"": 0.0, ""R1201"": 0.0, ""R1202"": -0.02586, ""R1203"": 0.0, ""R1204"": -0.05414, ""R1206"": 0.0, ""R1209"": 0.0, ""R1211"": 0.0, ""R1213"": 0.0, ""R1215"": -0.00859, ""R1216"": 0.0, ""R1217"": -0.03434, ""R1219"": 0.0, ""R1220"": -0.02466, ""R1222"": -0.01207, ""R1223"": -0.02727, ""R1224"": 0.0, ""R1226"": 0.0, ""R1229"": 0.0, ""R1231"": -0.07562, ""R1232"": -0.02205, ""R1233"": -0.02486, ""R1234"": -0.10765, ""R1235"": 0.0, ""R1236"": 0.0, ""R1249"": 0.0, ""R1263"": -0.00010718834192093908, ""R1268"": 0.01897155082003063, ""R1269"": 0.0, ""R1281"": 0.0, ""R1282"": 0.0, ""R1284"": 0.0, ""R1287"": -14.82507692690996, ""R1288"": 0.0, ""R1289"": 0.0, ""R1294"": 0.0, ""R1296"": -0.10772970738046439, ""R1298"": 0.0, ""R1301"": 0.0, ""R1305"": 0.0, ""R1310"": 0.0, ""R1314"": 0.0, ""R1319"": 0.0, ""R1320"": 0.0, ""R1322"": 0.0, ""R1323"": 0.0, ""R1325"": 0.0, ""R1326"": 0.0, ""R1329"": 0.0, ""R1330"": 0.0, ""R1332"": 0.0, ""R1333"": -0.0849197284816348, ""R1334"": 0.0, ""R1335"": 0.0, ""R1339"": 0.0, ""R1340"": 0.0, ""R1341"": 0.0, ""R1346"": 0.0, ""R1354"": -0.19631473363925336, ""R1355"": 0.0, ""R1356"": 0.0, ""R1364"": -26.275031222723523, ""R1366"": 0.0, ""R1368"": 0.0, ""R1369"": 0.0, ""R1373"": 1.4291778922791878, ""R1388"": 0.0, ""R1390"": 0.0, ""R1438"": 0.0, ""R1439"": 0.0, ""R1440"": 0.0, ""R1444"": 0.0, ""R1712"": 0.0, ""R1713"": 0.0, ""R1900"": 0.0, ""R1966"": 0.0, ""R1967"": 0.0, ""R1981"": 0.0, ""R1983"": 0.0, ""R1984"": 0.0, ""R1986"": 0.0, ""R1990"": 0.0, ""R1992"": 0.0, ""R1994"": 0.0, ""R1998"": 0.0, ""R2001"": 0.0, ""R2005"": 0.0, ""R2008"": 0.0, ""R2011"": 0.0, ""R2014"": 0.0, ""R2016"": 0.0, ""R2018"": 0.0, ""R2022"": 0.0, ""R2026"": 0.0, ""R2031"": 0.0, ""R2036"": 0.0, ""R2061"": 0.0, ""R2208"": 0.0, ""R2211"": 0.0, ""R2214"": 0.0, ""R2270"": 0.0, ""R2272"": 0.0, ""R2273"": 0.0, ""R2275"": 0.0, ""R2278"": 0.0, ""R2280"": 0.0}"	{}
NO_SOURCE_REF_pfba		REF	optimal	962.3548349649095	1.4291778922791878	0.0	0	0.0	"{""DIAG_GLYPRO_SOURCE"": 0, ""HYP_GLYPRO_HYD_CY"": 0, ""R2039"": 0.0, ""R2038"": 0.0, ""R2037"": 0.0, ""R2030"": 0.0, ""R2040"": 0.0, ""R1363"": 0.0, ""R795"": 0.0, ""R871"": 0.0, ""R876"": 0.0, ""R2021"": 0.0, ""R2029"": 0.0, ""R2034"": 0.0, ""xMAINTENANCE"": 7.8625, ""R171"": 53.48502090703092}"	"{""R941"": 0.0, ""R943"": 0.0, ""R944"": 0.0, ""R945"": 0.0, ""R946"": 0.0, ""R947"": 0.0, ""R948"": 0.0, ""R949"": 0.0, ""R950"": 0.0, ""R951"": 0.0, ""R954"": 0.0, ""R955"": 0.0, ""R956"": 0.0, ""R957"": 0.0, ""R960"": 0.0, ""R964"": 0.0, ""R971"": 0.0, ""R987"": 0.0, ""R991"": 0.0, ""R992"": 0.0, ""R994"": 0.0, ""R995"": 0.0, ""R996"": 0.0, ""R999"": 0.0, ""R1003"": -0.00489, ""R1005"": 0.0, ""R1007"": 0.0, ""R1011"": 0.0, ""R1012"": 0.0, ""R1013"": 0.0, ""R1014"": 0.0, ""R1016"": -8.70121607579261, ""R1023"": 0.0, ""R1029"": 0.0, ""R1030"": 14.859558739159711, ""R1041"": 0.0, ""R1045"": 0.0, ""R1058"": 0.0, ""R1061"": 0.0, ""R1062"": 0.0, ""R1065"": 0.0, ""R1066"": 0.0, ""R1067"": 0.0, ""R1068"": 0.0, ""R1070"": -10.0, ""R1071"": 0.0, ""R1072"": 0.0, ""R1074"": 0.0, ""R1083"": 0.0, ""R1086"": 0.0, ""R1102"": 0.0, ""R1106"": 0.0, ""R1108"": 0.0, ""R1112"": 0.0, ""R1115"": 0.0, ""R1124"": 0.0, ""R1126"": 0.0, ""R1127"": 0.0, ""R1128"": 0.0, ""R1133"": 0.0, ""R1134"": 0.0, ""R1139"": 0.0, ""R1140"": 0.0, ""R1141"": 0.0, ""R1143"": 0.0, ""R1147"": 0.0, ""R1148"": 0.0, ""R1151"": 0.0, ""R1153"": 0.0, ""R1164"": 0.0, ""R1166"": 0.0, ""R1173"": 0.0, ""R1176"": 0.0, ""R1189"": 0.0, ""R1190"": 0.0, ""R1193"": 0.0, ""R1196"": 0.0, ""R1198"": 0.0, ""R1201"": 0.0, ""R1202"": -0.02586, ""R1203"": 0.0, ""R1204"": -0.05414, ""R1206"": 0.0, ""R1209"": 0.0, ""R1211"": 0.0, ""R1213"": 0.0, ""R1215"": -0.00859, ""R1216"": 0.0, ""R1217"": -0.03434, ""R1219"": 0.0, ""R1220"": -0.02466, ""R1222"": -0.01207, ""R1223"": -0.02727, ""R1224"": 0.0, ""R1226"": 0.0, ""R1229"": 0.0, ""R1231"": -0.07562, ""R1232"": -0.02205, ""R1233"": -0.02486, ""R1234"": -0.10765, ""R1235"": 0.0, ""R1236"": 0.0, ""R1249"": 0.0, ""R1263"": -0.00010718834133252586, ""R1268"": 0.01897155082003063, ""R1269"": 0.0, ""R1281"": 0.0, ""R1282"": 0.0, ""R1284"": 0.0, ""R1287"": -14.825076926909794, ""R1288"": 0.0, ""R1289"": 0.0, ""R1294"": 0.0, ""R1296"": -0.1077297073216874, ""R1298"": 0.0, ""R1301"": 0.0, ""R1305"": 0.0, ""R1310"": 0.0, ""R1314"": 0.0, ""R1319"": 0.0, ""R1320"": 0.0, ""R1322"": 0.0, ""R1323"": 0.0, ""R1325"": 0.0, ""R1326"": 0.0, ""R1329"": 0.0, ""R1330"": 0.0, ""R1332"": 0.0, ""R1333"": -0.08491972848163479, ""R1334"": 0.0, ""R1335"": 0.0, ""R1339"": 0.0, ""R1340"": 0.0, ""R1341"": 0.0, ""R1346"": 0.0, ""R1354"": -0.1963147336392539, ""R1355"": 0.0, ""R1356"": 0.0, ""R1364"": -26.275031222782864, ""R1366"": 0.0, ""R1368"": 0.0, ""R1369"": 0.0, ""R1373"": 1.4291778922791878, ""R1388"": 0.0, ""R1390"": 0.0, ""R1438"": 0.0, ""R1439"": 0.0, ""R1440"": 0.0, ""R1444"": 0.0, ""R1712"": 0.0, ""R1713"": 0.0, ""R1900"": 0.0, ""R1966"": 0.0, ""R1967"": 0.0, ""R1981"": 0.0, ""R1983"": 0.0, ""R1984"": 0.0, ""R1986"": 0.0, ""R1990"": 0.0, ""R1992"": 0.0, ""R1994"": 0.0, ""R1998"": 0.0, ""R2001"": 0.0, ""R2005"": 0.0, ""R2008"": 0.0, ""R2011"": 0.0, ""R2014"": 0.0, ""R2016"": 0.0, ""R2018"": 0.0, ""R2022"": 0.0, ""R2026"": 0.0, ""R2031"": 0.0, ""R2036"": 0.0, ""R2061"": 0.0, ""R2208"": 0.0, ""R2211"": 0.0, ""R2214"": 0.0, ""R2270"": 0.0, ""R2272"": 0.0, ""R2273"": 0.0, ""R2275"": 0.0, ""R2278"": 0.0, ""R2280"": 0.0}"	"{""growth_floor"": 1.4291778922791878, ""objective_is_total_flux"": true}"
NO_SOURCE_TEMPLATE_growth		TEMPLATE	optimal	1.4291778922791878	1.4291778922791878	0.0	0	0.0	"{""DIAG_GLYPRO_SOURCE"": 0, ""HYP_GLYPRO_HYD_CY"": 0.0, ""R2039"": 0.0, ""R2038"": 0.0, ""R2037"": 0.0, ""R2030"": 0.0, ""R2040"": 0.0, ""R1363"": 0.0, ""R795"": 0.0, ""R871"": 0.0, ""R876"": 0.0, ""R2021"": 0.0, ""R2029"": 0.0, ""R2034"": 0.0, ""xMAINTENANCE"": 7.8625, ""R171"": 53.48502090703168}"	"{""R941"": 0.0, ""R943"": 0.0, ""R944"": 0.0, ""R945"": 0.0, ""R946"": 0.0, ""R947"": 0.0, ""R948"": 0.0, ""R949"": 0.0, ""R950"": 0.0, ""R951"": 0.0, ""R954"": 0.0, ""R955"": 0.0, ""R956"": 0.0, ""R957"": 0.0, ""R960"": 0.0, ""R964"": 0.0, ""R971"": 0.0, ""R987"": 0.0, ""R991"": 0.0, ""R992"": 0.0, ""R994"": 0.0, ""R995"": 0.0, ""R996"": 0.0, ""R999"": 0.0, ""R1003"": -0.00489, ""R1005"": 0.0, ""R1007"": 0.0, ""R1011"": 0.0, ""R1012"": 0.0, ""R1013"": 0.0, ""R1014"": 0.0, ""R1016"": -8.701216075792512, ""R1023"": 0.0, ""R1029"": 0.0, ""R1030"": 14.859558739159924, ""R1041"": 0.0, ""R1045"": 0.0, ""R1058"": 0.0, ""R1061"": 0.0, ""R1062"": 0.0, ""R1065"": 0.0, ""R1066"": 0.0, ""R1067"": 0.0, ""R1068"": 0.0, ""R1070"": -10.0, ""R1071"": 0.0, ""R1072"": 0.0, ""R1074"": 0.0, ""R1083"": 0.0, ""R1086"": 0.0, ""R1102"": 0.0, ""R1106"": 0.0, ""R1108"": 0.0, ""R1112"": 0.0, ""R1115"": 0.0, ""R1124"": 0.0, ""R1126"": 0.0, ""R1127"": 0.0, ""R1128"": 0.0, ""R1133"": 0.0, ""R1134"": 0.0, ""R1139"": 0.0, ""R1140"": 0.0, ""R1141"": 0.0, ""R1143"": 0.0, ""R1147"": 0.0, ""R1148"": 0.0, ""R1151"": 0.0, ""R1153"": 0.0, ""R1164"": 82.95881299666097, ""R1166"": 0.0, ""R1173"": 0.0, ""R1176"": 0.0, ""R1189"": 0.0, ""R1190"": 0.0, ""R1193"": 0.0, ""R1196"": 0.0, ""R1198"": 0.0, ""R1201"": 0.0, ""R1202"": -0.02586, ""R1203"": 0.0, ""R1204"": -0.05414, ""R1206"": 0.0, ""R1209"": 0.0, ""R1211"": 0.0, ""R1213"": 0.0, ""R1215"": -0.00859, ""R1216"": 0.0, ""R1217"": -0.03434, ""R1219"": 0.0, ""R1220"": -0.02466, ""R1222"": -0.01207, ""R1223"": -0.02727, ""R1224"": 0.0, ""R1226"": 0.0, ""R1229"": 0.0, ""R1231"": -0.07562, ""R1232"": -0.02205, ""R1233"": -0.02486, ""R1234"": -0.10765, ""R1235"": 0.0, ""R1236"": 0.0, ""R1249"": 0.0, ""R1263"": -0.00010718834192093908, ""R1268"": 0.01897155082003063, ""R1269"": 0.0, ""R1281"": 0.0, ""R1282"": 0.0, ""R1284"": 0.0, ""R1287"": -14.82507692690996, ""R1288"": 0.0, ""R1289"": 0.0, ""R1294"": 0.0, ""R1296"": -0.10772970738046439, ""R1298"": 0.0, ""R1301"": 0.0, ""R1305"": 0.0, ""R1310"": 0.0, ""R1314"": 0.0, ""R1319"": 0.0, ""R1320"": 0.0, ""R1322"": 0.0, ""R1323"": 0.0, ""R1325"": 0.0, ""R1326"": 0.0, ""R1329"": 0.0, ""R1330"": 0.0, ""R1332"": 0.0, ""R1333"": -0.0849197284816348, ""R1334"": 0.0, ""R1335"": 0.0, ""R1339"": 0.0, ""R1340"": 0.0, ""R1341"": 0.0, ""R1346"": 0.0, ""R1354"": -0.19631473363925336, ""R1355"": 0.0, ""R1356"": 0.0, ""R1364"": -26.275031222723523, ""R1366"": 0.0, ""R1368"": 0.0, ""R1369"": 0.0, ""R1373"": 1.4291778922791878, ""R1388"": 0.0, ""R1390"": 0.0, ""R1438"": 0.0, ""R1439"": 0.0, ""R1440"": 0.0, ""R1444"": 0.0, ""R1712"": 0.0, ""R1713"": 0.0, ""R1900"": 0.0, ""R1966"": 0.0, ""R1967"": 0.0, ""R1981"": 0.0, ""R1983"": 0.0, ""R1984"": 0.0, ""R1986"": 0.0, ""R1990"": 0.0, ""R1992"": 0.0, ""R1994"": 0.0, ""R1998"": 0.0, ""R2001"": 0.0, ""R2005"": 0.0, ""R2008"": 0.0, ""R2011"": 0.0, ""R2014"": 0.0, ""R2016"": 0.0, ""R2018"": 0.0, ""R2022"": 0.0, ""R2026"": 0.0, ""R2031"": 0.0, ""R2036"": 0.0, ""R2061"": 0.0, ""R2208"": 0.0, ""R2211"": 0.0, ""R2214"": 0.0, ""R2270"": 0.0, ""R2272"": 0.0, ""R2273"": 0.0, ""R2275"": 0.0, ""R2278"": 0.0, ""R2280"": 0.0}"	{}
NO_SOURCE_TEMPLATE_pfba		TEMPLATE	optimal	962.3548349649095	1.4291778922791878	0.0	0	0.0	"{""DIAG_GLYPRO_SOURCE"": 0, ""HYP_GLYPRO_HYD_CY"": 0.0, ""R2039"": 0.0, ""R2038"": 0.0, ""R2037"": 0.0, ""R2030"": 0.0, ""R2040"": 0.0, ""R1363"": 0.0, ""R795"": 0.0, ""R871"": 0.0, ""R876"": 0.0, ""R2021"": 0.0, ""R2029"": 0.0, ""R2034"": 0.0, ""xMAINTENANCE"": 7.8625, ""R171"": 53.48502090703092}"	"{""R941"": 0.0, ""R943"": 0.0, ""R944"": 0.0, ""R945"": 0.0, ""R946"": 0.0, ""R947"": 0.0, ""R948"": 0.0, ""R949"": 0.0, ""R950"": 0.0, ""R951"": 0.0, ""R954"": 0.0, ""R955"": 0.0, ""R956"": 0.0, ""R957"": 0.0, ""R960"": 0.0, ""R964"": 0.0, ""R971"": 0.0, ""R987"": 0.0, ""R991"": 0.0, ""R992"": 0.0, ""R994"": 0.0, ""R995"": 0.0, ""R996"": 0.0, ""R999"": 0.0, ""R1003"": -0.00489, ""R1005"": 0.0, ""R1007"": 0.0, ""R1011"": 0.0, ""R1012"": 0.0, ""R1013"": 0.0, ""R1014"": 0.0, ""R1016"": -8.70121607579261, ""R1023"": 0.0, ""R1029"": 0.0, ""R1030"": 14.859558739159711, ""R1041"": 0.0, ""R1045"": 0.0, ""R1058"": 0.0, ""R1061"": 0.0, ""R1062"": 0.0, ""R1065"": 0.0, ""R1066"": 0.0, ""R1067"": 0.0, ""R1068"": 0.0, ""R1070"": -10.0, ""R1071"": 0.0, ""R1072"": 0.0, ""R1074"": 0.0, ""R1083"": 0.0, ""R1086"": 0.0, ""R1102"": 0.0, ""R1106"": 0.0, ""R1108"": 0.0, ""R1112"": 0.0, ""R1115"": 0.0, ""R1124"": 0.0, ""R1126"": 0.0, ""R1127"": 0.0, ""R1128"": 0.0, ""R1133"": 0.0, ""R1134"": 0.0, ""R1139"": 0.0, ""R1140"": 0.0, ""R1141"": 0.0, ""R1143"": 0.0, ""R1147"": 0.0, ""R1148"": 0.0, ""R1151"": 0.0, ""R1153"": 0.0, ""R1164"": 0.0, ""R1166"": 0.0, ""R1173"": 0.0, ""R1176"": 0.0, ""R1189"": 0.0, ""R1190"": 0.0, ""R1193"": 0.0, ""R1196"": 0.0, ""R1198"": 0.0, ""R1201"": 0.0, ""R1202"": -0.02586, ""R1203"": 0.0, ""R1204"": -0.05414, ""R1206"": 0.0, ""R1209"": 0.0, ""R1211"": 0.0, ""R1213"": 0.0, ""R1215"": -0.00859, ""R1216"": 0.0, ""R1217"": -0.03434, ""R1219"": 0.0, ""R1220"": -0.02466, ""R1222"": -0.01207, ""R1223"": -0.02727, ""R1224"": 0.0, ""R1226"": 0.0, ""R1229"": 0.0, ""R1231"": -0.07562, ""R1232"": -0.02205, ""R1233"": -0.02486, ""R1234"": -0.10765, ""R1235"": 0.0, ""R1236"": 0.0, ""R1249"": 0.0, ""R1263"": -0.00010718834133252586, ""R1268"": 0.01897155082003063, ""R1269"": 0.0, ""R1281"": 0.0, ""R1282"": 0.0, ""R1284"": 0.0, ""R1287"": -14.825076926909794, ""R1288"": 0.0, ""R1289"": 0.0, ""R1294"": 0.0, ""R1296"": -0.1077297073216874, ""R1298"": 0.0, ""R1301"": 0.0, ""R1305"": 0.0, ""R1310"": 0.0, ""R1314"": 0.0, ""R1319"": 0.0, ""R1320"": 0.0, ""R1322"": 0.0, ""R1323"": 0.0, ""R1325"": 0.0, ""R1326"": 0.0, ""R1329"": 0.0, ""R1330"": 0.0, ""R1332"": 0.0, ""R1333"": -0.08491972848163479, ""R1334"": 0.0, ""R1335"": 0.0, ""R1339"": 0.0, ""R1340"": 0.0, ""R1341"": 0.0, ""R1346"": 0.0, ""R1354"": -0.1963147336392539, ""R1355"": 0.0, ""R1356"": 0.0, ""R1364"": -26.275031222782864, ""R1366"": 0.0, ""R1368"": 0.0, ""R1369"": 0.0, ""R1373"": 1.4291778922791878, ""R1388"": 0.0, ""R1390"": 0.0, ""R1438"": 0.0, ""R1439"": 0.0, ""R1440"": 0.0, ""R1444"": 0.0, ""R1712"": 0.0, ""R1713"": 0.0, ""R1900"": 0.0, ""R1966"": 0.0, ""R1967"": 0.0, ""R1981"": 0.0, ""R1983"": 0.0, ""R1984"": 0.0, ""R1986"": 0.0, ""R1990"": 0.0, ""R1992"": 0.0, ""R1994"": 0.0, ""R1998"": 0.0, ""R2001"": 0.0, ""R2005"": 0.0, ""R2008"": 0.0, ""R2011"": 0.0, ""R2014"": 0.0, ""R2016"": 0.0, ""R2018"": 0.0, ""R2022"": 0.0, ""R2026"": 0.0, ""R2031"": 0.0, ""R2036"": 0.0, ""R2061"": 0.0, ""R2208"": 0.0, ""R2211"": 0.0, ""R2214"": 0.0, ""R2270"": 0.0, ""R2272"": 0.0, ""R2273"": 0.0, ""R2275"": 0.0, ""R2278"": 0.0, ""R2280"": 0.0}"	"{""growth_floor"": 1.4291778922791878, ""objective_is_total_flux"": true}"
NO_SOURCE_V_ONLY_growth		V_ONLY	optimal	1.4291778922791878	1.4291778922791878	0.0	0	0.0	"{""DIAG_GLYPRO_SOURCE"": 0, ""HYP_GLYPRO_HYD_CY"": 0.0, ""R2039"": 0.0, ""R2038"": 0.0, ""R2037"": 0.0, ""R2030"": 0.0, ""R2040"": 0.0, ""R1363"": 0.0, ""R795"": 0.0, ""R871"": 0.0, ""R876"": 0.0, ""R2021"": 0.0, ""R2029"": 0.0, ""R2034"": 0.0, ""xMAINTENANCE"": 7.8625, ""R171"": 53.48502090703168}"	"{""R941"": 0.0, ""R943"": 0.0, ""R944"": 0.0, ""R945"": 0.0, ""R946"": 0.0, ""R947"": 0.0, ""R948"": 0.0, ""R949"": 0.0, ""R950"": 0.0, ""R951"": 0.0, ""R954"": 0.0, ""R955"": 0.0, ""R956"": 0.0, ""R957"": 0.0, ""R960"": 0.0, ""R964"": 0.0, ""R971"": 0.0, ""R987"": 0.0, ""R991"": 0.0, ""R992"": 0.0, ""R994"": 0.0, ""R995"": 0.0, ""R996"": 0.0, ""R999"": 0.0, ""R1003"": -0.00489, ""R1005"": 0.0, ""R1007"": 0.0, ""R1011"": 0.0, ""R1012"": 0.0, ""R1013"": 0.0, ""R1014"": 0.0, ""R1016"": -8.701216075792512, ""R1023"": 0.0, ""R1029"": 0.0, ""R1030"": 14.859558739159924, ""R1041"": 0.0, ""R1045"": 0.0, ""R1058"": 0.0, ""R1061"": 0.0, ""R1062"": 0.0, ""R1065"": 0.0, ""R1066"": 0.0, ""R1067"": 0.0, ""R1068"": 0.0, ""R1070"": -10.0, ""R1071"": 0.0, ""R1072"": 0.0, ""R1074"": 0.0, ""R1083"": 0.0, ""R1086"": 0.0, ""R1102"": 0.0, ""R1106"": 0.0, ""R1108"": 0.0, ""R1112"": 0.0, ""R1115"": 0.0, ""R1124"": 0.0, ""R1126"": 0.0, ""R1127"": 0.0, ""R1128"": 0.0, ""R1133"": 0.0, ""R1134"": 0.0, ""R1139"": 0.0, ""R1140"": 0.0, ""R1141"": 0.0, ""R1143"": 0.0, ""R1147"": 0.0, ""R1148"": 0.0, ""R1151"": 0.0, ""R1153"": 0.0, ""R1164"": 82.95881299666097, ""R1166"": 0.0, ""R1173"": 0.0, ""R1176"": 0.0, ""R1189"": 0.0, ""R1190"": 0.0, ""R1193"": 0.0, ""R1196"": 0.0, ""R1198"": 0.0, ""R1201"": 0.0, ""R1202"": -0.02586, ""R1203"": 0.0, ""R1204"": -0.05414, ""R1206"": 0.0, ""R1209"": 0.0, ""R1211"": 0.0, ""R1213"": 0.0, ""R1215"": -0.00859, ""R1216"": 0.0, ""R1217"": -0.03434, ""R1219"": 0.0, ""R1220"": -0.02466, ""R1222"": -0.01207, ""R1223"": -0.02727, ""R1224"": 0.0, ""R1226"": 0.0, ""R1229"": 0.0, ""R1231"": -0.07562, ""R1232"": -0.02205, ""R1233"": -0.02486, ""R1234"": -0.10765, ""R1235"": 0.0, ""R1236"": 0.0, ""R1249"": 0.0, ""R1263"": -0.00010718834192093908, ""R1268"": 0.01897155082003063, ""R1269"": 0.0, ""R1281"": 0.0, ""R1282"": 0.0, ""R1284"": 0.0, ""R1287"": -14.82507692690996, ""R1288"": 0.0, ""R1289"": 0.0, ""R1294"": 0.0, ""R1296"": -0.10772970738046439, ""R1298"": 0.0, ""R1301"": 0.0, ""R1305"": 0.0, ""R1310"": 0.0, ""R1314"": 0.0, ""R1319"": 0.0, ""R1320"": 0.0, ""R1322"": 0.0, ""R1323"": 0.0, ""R1325"": 0.0, ""R1326"": 0.0, ""R1329"": 0.0, ""R1330"": 0.0, ""R1332"": 0.0, ""R1333"": -0.0849197284816348, ""R1334"": 0.0, ""R1335"": 0.0, ""R1339"": 0.0, ""R1340"": 0.0, ""R1341"": 0.0, ""R1346"": 0.0, ""R1354"": -0.19631473363925336, ""R1355"": 0.0, ""R1356"": 0.0, ""R1364"": -26.275031222723523, ""R1366"": 0.0, ""R1368"": 0.0, ""R1369"": 0.0, ""R1373"": 1.4291778922791878, ""R1388"": 0.0, ""R1390"": 0.0, ""R1438"": 0.0, ""R1439"": 0.0, ""R1440"": 0.0, ""R1444"": 0.0, ""R1712"": 0.0, ""R1713"": 0.0, ""R1900"": 0.0, ""R1966"": 0.0, ""R1967"": 0.0, ""R1981"": 0.0, ""R1983"": 0.0, ""R1984"": 0.0, ""R1986"": 0.0, ""R1990"": 0.0, ""R1992"": 0.0, ""R1994"": 0.0, ""R1998"": 0.0, ""R2001"": 0.0, ""R2005"": 0.0, ""R2008"": 0.0, ""R2011"": 0.0, ""R2014"": 0.0, ""R2016"": 0.0, ""R2018"": 0.0, ""R2022"": 0.0, ""R2026"": 0.0, ""R2031"": 0.0, ""R2036"": 0.0, ""R2061"": 0.0, ""R2208"": 0.0, ""R2211"": 0.0, ""R2214"": 0.0, ""R2270"": 0.0, ""R2272"": 0.0, ""R2273"": 0.0, ""R2275"": 0.0, ""R2278"": 0.0, ""R2280"": 0.0}"	{}
NO_SOURCE_V_ONLY_pfba		V_ONLY	optimal	962.3548349649095	1.4291778922791878	0.0	0	0.0	"{""DIAG_GLYPRO_SOURCE"": 0, ""HYP_GLYPRO_HYD_CY"": 0.0, ""R2039"": 0.0, ""R2038"": 0.0, ""R2037"": 0.0, ""R2030"": 0.0, ""R2040"": 0.0, ""R1363"": 0.0, ""R795"": 0.0, ""R871"": 0.0, ""R876"": 0.0, ""R2021"": 0.0, ""R2029"": 0.0, ""R2034"": 0.0, ""xMAINTENANCE"": 7.8625, ""R171"": 53.48502090703092}"	"{""R941"": 0.0, ""R943"": 0.0, ""R944"": 0.0, ""R945"": 0.0, ""R946"": 0.0, ""R947"": 0.0, ""R948"": 0.0, ""R949"": 0.0, ""R950"": 0.0, ""R951"": 0.0, ""R954"": 0.0, ""R955"": 0.0, ""R956"": 0.0, ""R957"": 0.0, ""R960"": 0.0, ""R964"": 0.0, ""R971"": 0.0, ""R987"": 0.0, ""R991"": 0.0, ""R992"": 0.0, ""R994"": 0.0, ""R995"": 0.0, ""R996"": 0.0, ""R999"": 0.0, ""R1003"": -0.00489, ""R1005"": 0.0, ""R1007"": 0.0, ""R1011"": 0.0, ""R1012"": 0.0, ""R1013"": 0.0, ""R1014"": 0.0, ""R1016"": -8.70121607579261, ""R1023"": 0.0, ""R1029"": 0.0, ""R1030"": 14.859558739159711, ""R1041"": 0.0, ""R1045"": 0.0, ""R1058"": 0.0, ""R1061"": 0.0, ""R1062"": 0.0, ""R1065"": 0.0, ""R1066"": 0.0, ""R1067"": 0.0, ""R1068"": 0.0, ""R1070"": -10.0, ""R1071"": 0.0, ""R1072"": 0.0, ""R1074"": 0.0, ""R1083"": 0.0, ""R1086"": 0.0, ""R1102"": 0.0, ""R1106"": 0.0, ""R1108"": 0.0, ""R1112"": 0.0, ""R1115"": 0.0, ""R1124"": 0.0, ""R1126"": 0.0, ""R1127"": 0.0, ""R1128"": 0.0, ""R1133"": 0.0, ""R1134"": 0.0, ""R1139"": 0.0, ""R1140"": 0.0, ""R1141"": 0.0, ""R1143"": 0.0, ""R1147"": 0.0, ""R1148"": 0.0, ""R1151"": 0.0, ""R1153"": 0.0, ""R1164"": 0.0, ""R1166"": 0.0, ""R1173"": 0.0, ""R1176"": 0.0, ""R1189"": 0.0, ""R1190"": 0.0, ""R1193"": 0.0, ""R1196"": 0.0, ""R1198"": 0.0, ""R1201"": 0.0, ""R1202"": -0.02586, ""R1203"": 0.0, ""R1204"": -0.05414, ""R1206"": 0.0, ""R1209"": 0.0, ""R1211"": 0.0, ""R1213"": 0.0, ""R1215"": -0.00859, ""R1216"": 0.0, ""R1217"": -0.03434, ""R1219"": 0.0, ""R1220"": -0.02466, ""R1222"": -0.01207, ""R1223"": -0.02727, ""R1224"": 0.0, ""R1226"": 0.0, ""R1229"": 0.0, ""R1231"": -0.07562, ""R1232"": -0.02205, ""R1233"": -0.02486, ""R1234"": -0.10765, ""R1235"": 0.0, ""R1236"": 0.0, ""R1249"": 0.0, ""R1263"": -0.00010718834133252586, ""R1268"": 0.01897155082003063, ""R1269"": 0.0, ""R1281"": 0.0, ""R1282"": 0.0, ""R1284"": 0.0, ""R1287"": -14.825076926909794, ""R1288"": 0.0, ""R1289"": 0.0, ""R1294"": 0.0, ""R1296"": -0.1077297073216874, ""R1298"": 0.0, ""R1301"": 0.0, ""R1305"": 0.0, ""R1310"": 0.0, ""R1314"": 0.0, ""R1319"": 0.0, ""R1320"": 0.0, ""R1322"": 0.0, ""R1323"": 0.0, ""R1325"": 0.0, ""R1326"": 0.0, ""R1329"": 0.0, ""R1330"": 0.0, ""R1332"": 0.0, ""R1333"": -0.08491972848163479, ""R1334"": 0.0, ""R1335"": 0.0, ""R1339"": 0.0, ""R1340"": 0.0, ""R1341"": 0.0, ""R1346"": 0.0, ""R1354"": -0.1963147336392539, ""R1355"": 0.0, ""R1356"": 0.0, ""R1364"": -26.275031222782864, ""R1366"": 0.0, ""R1368"": 0.0, ""R1369"": 0.0, ""R1373"": 1.4291778922791878, ""R1388"": 0.0, ""R1390"": 0.0, ""R1438"": 0.0, ""R1439"": 0.0, ""R1440"": 0.0, ""R1444"": 0.0, ""R1712"": 0.0, ""R1713"": 0.0, ""R1900"": 0.0, ""R1966"": 0.0, ""R1967"": 0.0, ""R1981"": 0.0, ""R1983"": 0.0, ""R1984"": 0.0, ""R1986"": 0.0, ""R1990"": 0.0, ""R1992"": 0.0, ""R1994"": 0.0, ""R1998"": 0.0, ""R2001"": 0.0, ""R2005"": 0.0, ""R2008"": 0.0, ""R2011"": 0.0, ""R2014"": 0.0, ""R2016"": 0.0, ""R2018"": 0.0, ""R2022"": 0.0, ""R2026"": 0.0, ""R2031"": 0.0, ""R2036"": 0.0, ""R2061"": 0.0, ""R2208"": 0.0, ""R2211"": 0.0, ""R2214"": 0.0, ""R2270"": 0.0, ""R2272"": 0.0, ""R2273"": 0.0, ""R2275"": 0.0, ""R2278"": 0.0, ""R2280"": 0.0}"	"{""growth_floor"": 1.4291778922791878, ""objective_is_total_flux"": true}"
NO_SOURCE_V_ONLY_hydro_max		V_ONLY	optimal	0.0	1.4291778922791902	0.0	0	0.0	"{""DIAG_GLYPRO_SOURCE"": 0, ""HYP_GLYPRO_HYD_CY"": 0.0, ""R2039"": 0.0, ""R2038"": 0.0, ""R2037"": 0.0, ""R2030"": 0.0, ""R2040"": 0.0, ""R1363"": 0.0, ""R795"": 0.0, ""R871"": 0.0, ""R876"": 0.0, ""R2021"": 0.0, ""R2029"": 0.0, ""R2034"": 0.0, ""xMAINTENANCE"": 7.8625, ""R171"": 53.485020907031654}"	"{""R941"": 0.0, ""R943"": 0.0, ""R944"": 0.0, ""R945"": 0.0, ""R946"": 0.0, ""R947"": 0.0, ""R948"": 0.0, ""R949"": 0.0, ""R950"": 0.0, ""R951"": 0.0, ""R954"": 0.0, ""R955"": 0.0, ""R956"": 0.0, ""R957"": 0.0, ""R960"": 0.0, ""R964"": 0.0, ""R971"": 0.0, ""R987"": 0.0, ""R991"": 0.0, ""R992"": 0.0, ""R994"": 0.0, ""R995"": 0.0, ""R996"": 0.0, ""R999"": 0.0, ""R1003"": -0.00489, ""R1005"": 0.0, ""R1007"": 0.0, ""R1011"": 0.0, ""R1012"": 0.0, ""R1013"": 0.0, ""R1014"": 0.0, ""R1016"": -8.701216075792479, ""R1023"": 0.0, ""R1029"": 0.0, ""R1030"": 14.85955873915994, ""R1041"": 0.0, ""R1045"": 0.0, ""R1058"": 0.0, ""R1061"": 0.0, ""R1062"": 0.0, ""R1065"": 0.0, ""R1066"": 0.0, ""R1067"": 0.0, ""R1068"": 0.0, ""R1070"": -10.0, ""R1071"": 0.0, ""R1072"": 0.0, ""R1074"": 0.0, ""R1083"": 0.0, ""R1086"": 0.0, ""R1102"": 0.0, ""R1106"": 0.0, ""R1108"": 0.0, ""R1112"": 0.0, ""R1115"": 0.0, ""R1124"": 0.0, ""R1126"": 0.0, ""R1127"": 0.0, ""R1128"": 0.0, ""R1133"": 0.0, ""R1134"": 0.0, ""R1139"": 0.0, ""R1140"": 0.0, ""R1141"": 0.0, ""R1143"": 0.0, ""R1147"": 0.0, ""R1148"": 0.0, ""R1151"": 0.0, ""R1153"": 0.0, ""R1164"": 82.95881299666135, ""R1166"": 0.0, ""R1173"": 0.0, ""R1176"": 0.0, ""R1189"": 0.0, ""R1190"": 0.0, ""R1193"": 0.0, ""R1196"": 0.0, ""R1198"": 0.0, ""R1201"": 0.0, ""R1202"": -0.02586, ""R1203"": 0.0, ""R1204"": -0.05414, ""R1206"": 0.0, ""R1209"": 0.0, ""R1211"": 0.0, ""R1213"": 0.0, ""R1215"": -0.00859, ""R1216"": 0.0, ""R1217"": -0.03434, ""R1219"": 0.0, ""R1220"": -0.02466, ""R1222"": -0.01207, ""R1223"": -0.02727, ""R1224"": 0.0, ""R1226"": 0.0, ""R1229"": 0.0, ""R1231"": -0.07562, ""R1232"": -0.02205, ""R1233"": -0.02486, ""R1234"": -0.10765, ""R1235"": 0.0, ""R1236"": 0.0, ""R1249"": 0.0, ""R1263"": -0.00010718834192093925, ""R1268"": 0.018971550820030623, ""R1269"": 0.0, ""R1281"": 0.0, ""R1282"": 0.0, ""R1284"": 0.0, ""R1287"": -14.825076926909954, ""R1288"": 0.0, ""R1289"": 0.0, ""R1294"": 0.0, ""R1296"": -0.1077297073804292, ""R1298"": 0.0, ""R1301"": 0.0, ""R1305"": 0.0, ""R1310"": 0.0, ""R1314"": 0.0, ""R1319"": 0.0, ""R1320"": 0.0, ""R1322"": 0.0, ""R1323"": 0.0, ""R1325"": 0.0, ""R1326"": 0.0, ""R1329"": 0.0, ""R1330"": 0.0, ""R1332"": 0.0, ""R1333"": -0.08491972848163498, ""R1334"": 0.0, ""R1335"": 0.0, ""R1339"": 0.0, ""R1340"": 0.0, ""R1341"": 0.0, ""R1346"": 0.0, ""R1354"": -0.19631473363925372, ""R1355"": 0.0, ""R1356"": 0.0, ""R1364"": -26.27503122272368, ""R1366"": 0.0, ""R1368"": 0.0, ""R1369"": 0.0, ""R1373"": 1.4291778922791902, ""R1388"": 0.0, ""R1390"": 0.0, ""R1438"": 0.0, ""R1439"": 0.0, ""R1440"": 0.0, ""R1444"": 0.0, ""R1712"": 0.0, ""R1713"": 0.0, ""R1900"": 0.0, ""R1966"": 0.0, ""R1967"": 0.0, ""R1981"": 0.0, ""R1983"": 0.0, ""R1984"": 0.0, ""R1986"": 0.0, ""R1990"": 0.0, ""R1992"": 0.0, ""R1994"": 0.0, ""R1998"": 0.0, ""R2001"": 0.0, ""R2005"": 0.0, ""R2008"": 0.0, ""R2011"": 0.0, ""R2014"": 0.0, ""R2016"": 0.0, ""R2018"": 0.0, ""R2022"": 0.0, ""R2026"": 0.0, ""R2031"": 0.0, ""R2036"": 0.0, ""R2061"": 0.0, ""R2208"": 0.0, ""R2211"": 0.0, ""R2214"": 0.0, ""R2270"": 0.0, ""R2272"": 0.0, ""R2273"": 0.0, ""R2275"": 0.0, ""R2278"": 0.0, ""R2280"": 0.0}"	"{""growth_requirement"": ""no extra growth floor""}"
NO_SOURCE_C_ONLY_growth		C_ONLY	optimal	1.4291778922791882	1.4291778922791882	0.0	0	0.0	"{""DIAG_GLYPRO_SOURCE"": 0, ""HYP_GLYPRO_HYD_CY"": 0.0, ""R2039"": 0.0, ""R2038"": 0.0, ""R2037"": 0.0, ""R2030"": 0.0, ""R2040"": 0.0, ""R1363"": 0.0, ""R795"": 0.0, ""R871"": 0.0, ""R876"": 0.0, ""R2021"": 0.0, ""R2029"": 0.0, ""R2034"": 0.0, ""xMAINTENANCE"": 7.8625, ""R171"": 53.485020907031625}"	"{""R941"": 0.0, ""R943"": 0.0, ""R944"": 0.0, ""R945"": 0.0, ""R946"": 0.0, ""R947"": 0.0, ""R948"": 0.0, ""R949"": 0.0, ""R950"": 0.0, ""R951"": 0.0, ""R954"": 0.0, ""R955"": 0.0, ""R956"": 0.0, ""R957"": 0.0, ""R960"": 0.0, ""R964"": 0.0, ""R971"": 0.0, ""R987"": 0.0, ""R991"": 0.0, ""R992"": 0.0, ""R994"": 0.0, ""R995"": 0.0, ""R996"": 0.0, ""R999"": 0.0, ""R1003"": -0.00489, ""R1005"": 0.0, ""R1007"": 0.0, ""R1011"": 0.0, ""R1012"": 0.0, ""R1013"": 0.0, ""R1014"": 0.0, ""R1016"": -8.70121607579248, ""R1023"": 0.0, ""R1029"": 0.0, ""R1030"": 14.859558739159931, ""R1041"": 0.0, ""R1045"": 0.0, ""R1058"": 0.0, ""R1061"": 0.0, ""R1062"": 0.0, ""R1065"": 0.0, ""R1066"": 0.0, ""R1067"": 0.0, ""R1068"": 0.0, ""R1070"": -10.0, ""R1071"": 0.0, ""R1072"": 0.0, ""R1074"": 0.0, ""R1083"": 0.0, ""R1086"": 0.0, ""R1102"": 0.0, ""R1106"": 0.0, ""R1108"": 0.0, ""R1112"": 0.0, ""R1115"": 0.0, ""R1124"": 0.0, ""R1126"": 0.0, ""R1127"": 0.0, ""R1128"": 0.0, ""R1133"": 0.0, ""R1134"": 0.0, ""R1139"": 0.0, ""R1140"": 0.0, ""R1141"": 0.0, ""R1143"": 0.0, ""R1147"": 0.0, ""R1148"": 0.0, ""R1151"": 0.0, ""R1153"": 0.0, ""R1164"": 81.95798401472229, ""R1166"": 0.0, ""R1173"": 0.0, ""R1176"": 0.0, ""R1189"": 0.0, ""R1190"": 0.0, ""R1193"": 0.0, ""R1196"": 0.0, ""R1198"": 0.0, ""R1201"": 0.0, ""R1202"": -0.02586, ""R1203"": 0.0, ""R1204"": -0.05414, ""R1206"": 0.0, ""R1209"": 0.0, ""R1211"": 0.0, ""R1213"": 0.0, ""R1215"": -0.00859, ""R1216"": 0.0, ""R1217"": -0.03434, ""R1219"": 0.0, ""R1220"": -0.02466, ""R1222"": -0.01207, ""R1223"": -0.02727, ""R1224"": 0.0, ""R1226"": 0.0, ""R1229"": 0.0, ""R1231"": -0.07562, ""R1232"": -0.02205, ""R1233"": -0.02486, ""R1234"": -0.10765, ""R1235"": 0.0, ""R1236"": 0.0, ""R1249"": 0.0, ""R1263"": -0.0001071883419209391, ""R1268"": 0.018971550820030627, ""R1269"": 0.0, ""R1281"": 0.0, ""R1282"": 0.0, ""R1284"": 0.0, ""R1287"": -14.82507692690995, ""R1288"": 0.0, ""R1289"": 0.0, ""R1294"": 0.0, ""R1296"": -0.10772970738043597, ""R1298"": 0.0, ""R1301"": 0.0, ""R1305"": 0.0, ""R1310"": 0.0, ""R1314"": 0.0, ""R1319"": 0.0, ""R1320"": 0.0, ""R1322"": 0.0, ""R1323"": 0.0, ""R1325"": 0.0, ""R1326"": 0.0, ""R1329"": 0.0, ""R1330"": 0.0, ""R1332"": 0.0, ""R1333"": -0.08491972848163484, ""R1334"": 0.0, ""R1335"": 0.0, ""R1339"": 0.0, ""R1340"": 0.0, ""R1341"": 0.0, ""R1346"": 0.0, ""R1354"": -0.19631473363925417, ""R1355"": 0.0, ""R1356"": 0.0, ""R1364"": -26.27503122272363, ""R1366"": 0.0, ""R1368"": 0.0, ""R1369"": 0.0, ""R1373"": 1.4291778922791882, ""R1388"": 0.0, ""R1390"": 0.0, ""R1438"": 0.0, ""R1439"": 0.0, ""R1440"": 0.0, ""R1444"": 0.0, ""R1712"": 0.0, ""R1713"": 0.0, ""R1900"": 0.0, ""R1966"": 0.0, ""R1967"": 0.0, ""R1981"": 0.0, ""R1983"": 0.0, ""R1984"": 0.0, ""R1986"": 0.0, ""R1990"": 0.0, ""R1992"": 0.0, ""R1994"": 0.0, ""R1998"": 0.0, ""R2001"": 0.0, ""R2005"": 0.0, ""R2008"": 0.0, ""R2011"": 0.0, ""R2014"": 0.0, ""R2016"": 0.0, ""R2018"": 0.0, ""R2022"": 0.0, ""R2026"": 0.0, ""R2031"": 0.0, ""R2036"": 0.0, ""R2061"": 0.0, ""R2208"": 0.0, ""R2211"": 0.0, ""R2214"": 0.0, ""R2270"": 0.0, ""R2272"": 0.0, ""R2273"": 0.0, ""R2275"": 0.0, ""R2278"": 0.0, ""R2280"": 0.0}"	{}
NO_SOURCE_C_ONLY_pfba		C_ONLY	optimal	962.3548349648347	1.4291778922791882	0.0	0	0.0	"{""DIAG_GLYPRO_SOURCE"": 0, ""HYP_GLYPRO_HYD_CY"": 0.0, ""R2039"": 0.0, ""R2038"": 0.0, ""R2037"": 0.0, ""R2030"": 0.0, ""R2040"": 0.0, ""R1363"": 0.0, ""R795"": 0.0, ""R871"": 0.0, ""R876"": 0.0, ""R2021"": 0.0, ""R2029"": 0.0, ""R2034"": 0.0, ""xMAINTENANCE"": 7.8625, ""R171"": 53.485020907032336}"	"{""R941"": 0.0, ""R943"": 0.0, ""R944"": 0.0, ""R945"": 0.0, ""R946"": 0.0, ""R947"": 0.0, ""R948"": 0.0, ""R949"": 0.0, ""R950"": 0.0, ""R951"": 0.0, ""R954"": 0.0, ""R955"": 0.0, ""R956"": 0.0, ""R957"": 0.0, ""R960"": 0.0, ""R964"": 0.0, ""R971"": 0.0, ""R987"": 0.0, ""R991"": 0.0, ""R992"": 0.0, ""R994"": 0.0, ""R995"": 0.0, ""R996"": 0.0, ""R999"": 0.0, ""R1003"": -0.00489, ""R1005"": 0.0, ""R1007"": 0.0, ""R1011"": 0.0, ""R1012"": 0.0, ""R1013"": 0.0, ""R1014"": 0.0, ""R1016"": -8.701216075792397, ""R1023"": 0.0, ""R1029"": 0.0, ""R1030"": 14.85955873916013, ""R1041"": 0.0, ""R1045"": 0.0, ""R1058"": 0.0, ""R1061"": 0.0, ""R1062"": 0.0, ""R1065"": 0.0, ""R1066"": 0.0, ""R1067"": 0.0, ""R1068"": 0.0, ""R1070"": -10.0, ""R1071"": 0.0, ""R1072"": 0.0, ""R1074"": 0.0, ""R1083"": 0.0, ""R1086"": 0.0, ""R1102"": 0.0, ""R1106"": 0.0, ""R1108"": 0.0, ""R1112"": 0.0, ""R1115"": 0.0, ""R1124"": 0.0, ""R1126"": 0.0, ""R1127"": 0.0, ""R1128"": 0.0, ""R1133"": 0.0, ""R1134"": 0.0, ""R1139"": 0.0, ""R1140"": 0.0, ""R1141"": 0.0, ""R1143"": 0.0, ""R1147"": 0.0, ""R1148"": 0.0, ""R1151"": 0.0, ""R1153"": 0.0, ""R1164"": 0.0, ""R1166"": 0.0, ""R1173"": 0.0, ""R1176"": 0.0, ""R1189"": 0.0, ""R1190"": 0.0, ""R1193"": 0.0, ""R1196"": 0.0, ""R1198"": 0.0, ""R1201"": 0.0, ""R1202"": -0.02586, ""R1203"": 0.0, ""R1204"": -0.05414, ""R1206"": 0.0, ""R1209"": 0.0, ""R1211"": 0.0, ""R1213"": 0.0, ""R1215"": -0.00859, ""R1216"": 0.0, ""R1217"": -0.03434, ""R1219"": 0.0, ""R1220"": -0.02466, ""R1222"": -0.01207, ""R1223"": -0.02727, ""R1224"": 0.0, ""R1226"": 0.0, ""R1229"": 0.0, ""R1231"": -0.07562, ""R1232"": -0.02205, ""R1233"": -0.02486, ""R1234"": -0.10765, ""R1235"": 0.0, ""R1236"": 0.0, ""R1249"": 0.0, ""R1263"": -0.00010718834243556019, ""R1268"": 0.01897155082003063, ""R1269"": 0.0, ""R1281"": 0.0, ""R1282"": 0.0, ""R1284"": 0.0, ""R1287"": -14.825076926910103, ""R1288"": 0.0, ""R1289"": 0.0, ""R1294"": 0.0, ""R1296"": -0.10772970743187674, ""R1298"": 0.0, ""R1301"": 0.0, ""R1305"": 0.0, ""R1310"": 0.0, ""R1314"": 0.0, ""R1319"": 0.0, ""R1320"": 0.0, ""R1322"": 0.0, ""R1323"": 0.0, ""R1325"": 0.0, ""R1326"": 0.0, ""R1329"": 0.0, ""R1330"": 0.0, ""R1332"": 0.0, ""R1333"": -0.08491972848163484, ""R1334"": 0.0, ""R1335"": 0.0, ""R1339"": 0.0, ""R1340"": 0.0, ""R1341"": 0.0, ""R1346"": 0.0, ""R1354"": -0.19631473363925397, ""R1355"": 0.0, ""R1356"": 0.0, ""R1364"": -26.275031222671636, ""R1366"": 0.0, ""R1368"": 0.0, ""R1369"": 0.0, ""R1373"": 1.4291778922791882, ""R1388"": 0.0, ""R1390"": 0.0, ""R1438"": 0.0, ""R1439"": 0.0, ""R1440"": 0.0, ""R1444"": 0.0, ""R1712"": 0.0, ""R1713"": 0.0, ""R1900"": 0.0, ""R1966"": 0.0, ""R1967"": 0.0, ""R1981"": 0.0, ""R1983"": 0.0, ""R1984"": 0.0, ""R1986"": 0.0, ""R1990"": 0.0, ""R1992"": 0.0, ""R1994"": 0.0, ""R1998"": 0.0, ""R2001"": 0.0, ""R2005"": 0.0, ""R2008"": 0.0, ""R2011"": 0.0, ""R2014"": 0.0, ""R2016"": 0.0, ""R2018"": 0.0, ""R2022"": 0.0, ""R2026"": 0.0, ""R2031"": 0.0, ""R2036"": 0.0, ""R2061"": 0.0, ""R2208"": 0.0, ""R2211"": 0.0, ""R2214"": 0.0, ""R2270"": 0.0, ""R2272"": 0.0, ""R2273"": 0.0, ""R2275"": 0.0, ""R2278"": 0.0, ""R2280"": 0.0}"	"{""growth_floor"": 1.4291778922791882, ""objective_is_total_flux"": true}"
NO_SOURCE_C_ONLY_hydro_max		C_ONLY	optimal	0.0	1.4291778922791896	0.0	0	0.0	"{""DIAG_GLYPRO_SOURCE"": 0, ""HYP_GLYPRO_HYD_CY"": 0.0, ""R2039"": 0.0, ""R2038"": 0.0, ""R2037"": 0.0, ""R2030"": 0.0, ""R2040"": 0.0, ""R1363"": 0.0, ""R795"": 0.0, ""R871"": 0.0, ""R876"": 0.0, ""R2021"": 0.0, ""R2029"": 0.0, ""R2034"": 0.0, ""xMAINTENANCE"": 7.8625, ""R171"": 53.48502090703158}"	"{""R941"": 0.0, ""R943"": 0.0, ""R944"": 0.0, ""R945"": 0.0, ""R946"": 0.0, ""R947"": 0.0, ""R948"": 0.0, ""R949"": 0.0, ""R950"": 0.0, ""R951"": 0.0, ""R954"": 0.0, ""R955"": 0.0, ""R956"": 0.0, ""R957"": 0.0, ""R960"": 0.0, ""R964"": 0.0, ""R971"": 0.0, ""R987"": 0.0, ""R991"": 0.0, ""R992"": 0.0, ""R994"": 0.0, ""R995"": 0.0, ""R996"": 0.0, ""R999"": 0.0, ""R1003"": -0.00489, ""R1005"": 0.0, ""R1007"": 0.0, ""R1011"": 0.0, ""R1012"": 0.0, ""R1013"": 0.0, ""R1014"": 0.0, ""R1016"": -8.70121607579244, ""R1023"": 0.0, ""R1029"": 0.0, ""R1030"": 14.859558739159956, ""R1041"": 0.0, ""R1045"": 0.0, ""R1058"": 0.0, ""R1061"": 0.0, ""R1062"": 0.0, ""R1065"": 0.0, ""R1066"": 0.0, ""R1067"": 0.0, ""R1068"": 0.0, ""R1070"": -10.0, ""R1071"": 0.0, ""R1072"": 0.0, ""R1074"": 0.0, ""R1083"": 0.0, ""R1086"": 0.0, ""R1102"": 0.0, ""R1106"": 0.0, ""R1108"": 0.0, ""R1112"": 0.0, ""R1115"": 0.0, ""R1124"": 0.0, ""R1126"": 0.0, ""R1127"": 0.0, ""R1128"": 0.0, ""R1133"": 0.0, ""R1134"": 0.0, ""R1139"": 0.0, ""R1140"": 0.0, ""R1141"": 0.0, ""R1143"": 0.0, ""R1147"": 0.0, ""R1148"": 0.0, ""R1151"": 0.0, ""R1153"": 0.0, ""R1164"": 81.95798401472243, ""R1166"": 0.0, ""R1173"": 0.0, ""R1176"": 0.0, ""R1189"": 0.0, ""R1190"": 0.0, ""R1193"": 0.0, ""R1196"": 0.0, ""R1198"": 0.0, ""R1201"": 0.0, ""R1202"": -0.02586, ""R1203"": 0.0, ""R1204"": -0.05414, ""R1206"": 0.0, ""R1209"": 0.0, ""R1211"": 0.0, ""R1213"": 0.0, ""R1215"": -0.00859, ""R1216"": 0.0, ""R1217"": -0.03434, ""R1219"": 0.0, ""R1220"": -0.02466, ""R1222"": -0.01207, ""R1223"": -0.02727, ""R1224"": 0.0, ""R1226"": 0.0, ""R1229"": 0.0, ""R1231"": -0.07562, ""R1232"": -0.02205, ""R1233"": -0.02486, ""R1234"": -0.10765, ""R1235"": 0.0, ""R1236"": 0.0, ""R1249"": 0.0, ""R1263"": -0.00010718834192093921, ""R1268"": 0.018971550820030627, ""R1269"": 0.0, ""R1281"": 0.0, ""R1282"": 0.0, ""R1284"": 0.0, ""R1287"": -14.82507692690993, ""R1288"": 0.0, ""R1289"": 0.0, ""R1294"": 0.0, ""R1296"": -0.1077297073804534, ""R1298"": 0.0, ""R1301"": 0.0, ""R1305"": 0.0, ""R1310"": 0.0, ""R1314"": 0.0, ""R1319"": 0.0, ""R1320"": 0.0, ""R1322"": 0.0, ""R1323"": 0.0, ""R1325"": 0.0, ""R1326"": 0.0, ""R1329"": 0.0, ""R1330"": 0.0, ""R1332"": 0.0, ""R1333"": -0.08491972848163493, ""R1334"": 0.0, ""R1335"": 0.0, ""R1339"": 0.0, ""R1340"": 0.0, ""R1341"": 0.0, ""R1346"": 0.0, ""R1354"": -0.19631473363925425, ""R1355"": 0.0, ""R1356"": 0.0, ""R1364"": -26.27503122272375, ""R1366"": 0.0, ""R1368"": 0.0, ""R1369"": 0.0, ""R1373"": 1.4291778922791896, ""R1388"": 0.0, ""R1390"": 0.0, ""R1438"": 0.0, ""R1439"": 0.0, ""R1440"": 0.0, ""R1444"": 0.0, ""R1712"": 0.0, ""R1713"": 0.0, ""R1900"": 0.0, ""R1966"": 0.0, ""R1967"": 0.0, ""R1981"": 0.0, ""R1983"": 0.0, ""R1984"": 0.0, ""R1986"": 0.0, ""R1990"": 0.0, ""R1992"": 0.0, ""R1994"": 0.0, ""R1998"": 0.0, ""R2001"": 0.0, ""R2005"": 0.0, ""R2008"": 0.0, ""R2011"": 0.0, ""R2014"": 0.0, ""R2016"": 0.0, ""R2018"": 0.0, ""R2022"": 0.0, ""R2026"": 0.0, ""R2031"": 0.0, ""R2036"": 0.0, ""R2061"": 0.0, ""R2208"": 0.0, ""R2211"": 0.0, ""R2214"": 0.0, ""R2270"": 0.0, ""R2272"": 0.0, ""R2273"": 0.0, ""R2275"": 0.0, ""R2278"": 0.0, ""R2280"": 0.0}"	"{""growth_requirement"": ""no extra growth floor""}"
NO_SOURCE_NONE_growth		NONE	optimal	1.4291778922791873	1.4291778922791873	0.0	0	0.0	"{""DIAG_GLYPRO_SOURCE"": 0, ""HYP_GLYPRO_HYD_CY"": 0.0, ""R2039"": 0.0, ""R2038"": 0.0, ""R2037"": 0.0, ""R2030"": 0.0, ""R2040"": 0.0, ""R1363"": 0.0, ""R795"": 0.0, ""R871"": 0.0, ""R876"": 0.0, ""R2021"": 0.0, ""R2029"": 0.0, ""R2034"": 0.0, ""xMAINTENANCE"": 7.8625, ""R171"": 53.48502090703168}"	"{""R941"": 0.0, ""R943"": 0.0, ""R944"": 0.0, ""R945"": 0.0, ""R946"": 0.0, ""R947"": 0.0, ""R948"": 0.0, ""R949"": 0.0, ""R950"": 0.0, ""R951"": 0.0, ""R954"": 0.0, ""R955"": 0.0, ""R956"": 0.0, ""R957"": 0.0, ""R960"": 0.0, ""R964"": 0.0, ""R971"": 0.0, ""R987"": 0.0, ""R991"": 0.0, ""R992"": 0.0, ""R994"": 0.0, ""R995"": 0.0, ""R996"": 0.0, ""R999"": 0.0, ""R1003"": -0.00489, ""R1005"": 0.0, ""R1007"": 0.0, ""R1011"": 0.0, ""R1012"": 0.0, ""R1013"": 0.0, ""R1014"": 0.0, ""R1016"": -8.701216075792507, ""R1023"": 0.0, ""R1029"": 0.0, ""R1030"": 14.85955873915993, ""R1041"": 0.0, ""R1045"": 0.0, ""R1058"": 0.0, ""R1061"": 0.0, ""R1062"": 0.0, ""R1065"": 0.0, ""R1066"": 0.0, ""R1067"": 0.0, ""R1068"": 0.0, ""R1070"": -10.0, ""R1071"": 0.0, ""R1072"": 0.0, ""R1074"": 0.0, ""R1083"": 0.0, ""R1086"": 0.0, ""R1102"": 0.0, ""R1106"": 0.0, ""R1108"": 0.0, ""R1112"": 0.0, ""R1115"": 0.0, ""R1124"": 0.0, ""R1126"": 0.0, ""R1127"": 0.0, ""R1128"": 0.0, ""R1133"": 0.0, ""R1134"": 0.0, ""R1139"": 0.0, ""R1140"": 0.0, ""R1141"": 0.0, ""R1143"": 0.0, ""R1147"": 0.0, ""R1148"": 0.0, ""R1151"": 0.0, ""R1153"": 0.0, ""R1164"": 81.95798401472199, ""R1166"": 0.0, ""R1173"": 0.0, ""R1176"": 0.0, ""R1189"": 0.0, ""R1190"": 0.0, ""R1193"": 0.0, ""R1196"": 0.0, ""R1198"": 0.0, ""R1201"": 0.0, ""R1202"": -0.02586, ""R1203"": 0.0, ""R1204"": -0.05414, ""R1206"": 0.0, ""R1209"": 0.0, ""R1211"": 0.0, ""R1213"": 0.0, ""R1215"": -0.00859, ""R1216"": 0.0, ""R1217"": -0.03434, ""R1219"": 0.0, ""R1220"": -0.02466, ""R1222"": -0.01207, ""R1223"": -0.02727, ""R1224"": 0.0, ""R1226"": 0.0, ""R1229"": 0.0, ""R1231"": -0.07562, ""R1232"": -0.02205, ""R1233"": -0.02486, ""R1234"": -0.10765, ""R1235"": 0.0, ""R1236"": 0.0, ""R1249"": 0.0, ""R1263"": -0.00010718834192093904, ""R1268"": 0.01897155082003063, ""R1269"": 0.0, ""R1281"": 0.0, ""R1282"": 0.0, ""R1284"": 0.0, ""R1287"": -14.825076926909958, ""R1288"": 0.0, ""R1289"": 0.0, ""R1294"": 0.0, ""R1296"": -0.10772970738047344, ""R1298"": 0.0, ""R1301"": 0.0, ""R1305"": 0.0, ""R1310"": 0.0, ""R1314"": 0.0, ""R1319"": 0.0, ""R1320"": 0.0, ""R1322"": 0.0, ""R1323"": 0.0, ""R1325"": 0.0, ""R1326"": 0.0, ""R1329"": 0.0, ""R1330"": 0.0, ""R1332"": 0.0, ""R1333"": -0.08491972848163477, ""R1334"": 0.0, ""R1335"": 0.0, ""R1339"": 0.0, ""R1340"": 0.0, ""R1341"": 0.0, ""R1346"": 0.0, ""R1354"": -0.19631473363925395, ""R1355"": 0.0, ""R1356"": 0.0, ""R1364"": -26.27503122272352, ""R1366"": 0.0, ""R1368"": 0.0, ""R1369"": 0.0, ""R1373"": 1.4291778922791873, ""R1388"": 0.0, ""R1390"": 0.0, ""R1438"": 0.0, ""R1439"": 0.0, ""R1440"": 0.0, ""R1444"": 0.0, ""R1712"": 0.0, ""R1713"": 0.0, ""R1900"": 0.0, ""R1966"": 0.0, ""R1967"": 0.0, ""R1981"": 0.0, ""R1983"": 0.0, ""R1984"": 0.0, ""R1986"": 0.0, ""R1990"": 0.0, ""R1992"": 0.0, ""R1994"": 0.0, ""R1998"": 0.0, ""R2001"": 0.0, ""R2005"": 0.0, ""R2008"": 0.0, ""R2011"": 0.0, ""R2014"": 0.0, ""R2016"": 0.0, ""R2018"": 0.0, ""R2022"": 0.0, ""R2026"": 0.0, ""R2031"": 0.0, ""R2036"": 0.0, ""R2061"": 0.0, ""R2208"": 0.0, ""R2211"": 0.0, ""R2214"": 0.0, ""R2270"": 0.0, ""R2272"": 0.0, ""R2273"": 0.0, ""R2275"": 0.0, ""R2278"": 0.0, ""R2280"": 0.0}"	{}
NO_SOURCE_NONE_pfba		NONE	optimal	962.354834964781	1.4291778922791873	0.0	0	0.0	"{""DIAG_GLYPRO_SOURCE"": 0, ""HYP_GLYPRO_HYD_CY"": 0.0, ""R2039"": 0.0, ""R2038"": 0.0, ""R2037"": 0.0, ""R2030"": 0.0, ""R2040"": 0.0, ""R1363"": 0.0, ""R795"": 0.0, ""R871"": 0.0, ""R876"": 0.0, ""R2021"": 0.0, ""R2029"": 0.0, ""R2034"": 0.0, ""xMAINTENANCE"": 7.8625, ""R171"": 53.48502090703212}"	"{""R941"": 0.0, ""R943"": 0.0, ""R944"": 0.0, ""R945"": 0.0, ""R946"": 0.0, ""R947"": 0.0, ""R948"": 0.0, ""R949"": 0.0, ""R950"": 0.0, ""R951"": 0.0, ""R954"": 0.0, ""R955"": 0.0, ""R956"": 0.0, ""R957"": 0.0, ""R960"": 0.0, ""R964"": 0.0, ""R971"": 0.0, ""R987"": 0.0, ""R991"": 0.0, ""R992"": 0.0, ""R994"": 0.0, ""R995"": 0.0, ""R996"": 0.0, ""R999"": 0.0, ""R1003"": -0.00489, ""R1005"": 0.0, ""R1007"": 0.0, ""R1011"": 0.0, ""R1012"": 0.0, ""R1013"": 0.0, ""R1014"": 0.0, ""R1016"": -8.701216075792443, ""R1023"": 0.0, ""R1029"": 0.0, ""R1030"": 14.859558739160054, ""R1041"": 0.0, ""R1045"": 0.0, ""R1058"": 0.0, ""R1061"": 0.0, ""R1062"": 0.0, ""R1065"": 0.0, ""R1066"": 0.0, ""R1067"": 0.0, ""R1068"": 0.0, ""R1070"": -10.0, ""R1071"": 0.0, ""R1072"": 0.0, ""R1074"": 0.0, ""R1083"": 0.0, ""R1086"": 0.0, ""R1102"": 0.0, ""R1106"": 0.0, ""R1108"": 0.0, ""R1112"": 0.0, ""R1115"": 0.0, ""R1124"": 0.0, ""R1126"": 0.0, ""R1127"": 0.0, ""R1128"": 0.0, ""R1133"": 0.0, ""R1134"": 0.0, ""R1139"": 0.0, ""R1140"": 0.0, ""R1141"": 0.0, ""R1143"": 0.0, ""R1147"": 0.0, ""R1148"": 0.0, ""R1151"": 0.0, ""R1153"": 0.0, ""R1164"": 0.0, ""R1166"": 0.0, ""R1173"": 0.0, ""R1176"": 0.0, ""R1189"": 0.0, ""R1190"": 0.0, ""R1193"": 0.0, ""R1196"": 0.0, ""R1198"": 0.0, ""R1201"": 0.0, ""R1202"": -0.02586, ""R1203"": 0.0, ""R1204"": -0.05414, ""R1206"": 0.0, ""R1209"": 0.0, ""R1211"": 0.0, ""R1213"": 0.0, ""R1215"": -0.00859, ""R1216"": 0.0, ""R1217"": -0.03434, ""R1219"": 0.0, ""R1220"": -0.02466, ""R1222"": -0.01207, ""R1223"": -0.02727, ""R1224"": 0.0, ""R1226"": 0.0, ""R1229"": 0.0, ""R1231"": -0.07562, ""R1232"": -0.02205, ""R1233"": -0.02486, ""R1234"": -0.10765, ""R1235"": 0.0, ""R1236"": 0.0, ""R1249"": 0.0, ""R1263"": -0.00010718834225788287, ""R1268"": 0.01897155082003063, ""R1269"": 0.0, ""R1281"": 0.0, ""R1282"": 0.0, ""R1284"": 0.0, ""R1287"": -14.825076926910054, ""R1288"": 0.0, ""R1289"": 0.0, ""R1294"": 0.0, ""R1296"": -0.10772970741411392, ""R1298"": 0.0, ""R1301"": 0.0, ""R1305"": 0.0, ""R1310"": 0.0, ""R1314"": 0.0, ""R1319"": 0.0, ""R1320"": 0.0, ""R1322"": 0.0, ""R1323"": 0.0, ""R1325"": 0.0, ""R1326"": 0.0, ""R1329"": 0.0, ""R1330"": 0.0, ""R1332"": 0.0, ""R1333"": -0.08491972848163479, ""R1334"": 0.0, ""R1335"": 0.0, ""R1339"": 0.0, ""R1340"": 0.0, ""R1341"": 0.0, ""R1346"": 0.0, ""R1354"": -0.1963147336392539, ""R1355"": 0.0, ""R1356"": 0.0, ""R1364"": -26.275031222689528, ""R1366"": 0.0, ""R1368"": 0.0, ""R1369"": 0.0, ""R1373"": 1.4291778922791873, ""R1388"": 0.0, ""R1390"": 0.0, ""R1438"": 0.0, ""R1439"": 0.0, ""R1440"": 0.0, ""R1444"": 0.0, ""R1712"": 0.0, ""R1713"": 0.0, ""R1900"": 0.0, ""R1966"": 0.0, ""R1967"": 0.0, ""R1981"": 0.0, ""R1983"": 0.0, ""R1984"": 0.0, ""R1986"": 0.0, ""R1990"": 0.0, ""R1992"": 0.0, ""R1994"": 0.0, ""R1998"": 0.0, ""R2001"": 0.0, ""R2005"": 0.0, ""R2008"": 0.0, ""R2011"": 0.0, ""R2014"": 0.0, ""R2016"": 0.0, ""R2018"": 0.0, ""R2022"": 0.0, ""R2026"": 0.0, ""R2031"": 0.0, ""R2036"": 0.0, ""R2061"": 0.0, ""R2208"": 0.0, ""R2211"": 0.0, ""R2214"": 0.0, ""R2270"": 0.0, ""R2272"": 0.0, ""R2273"": 0.0, ""R2275"": 0.0, ""R2278"": 0.0, ""R2280"": 0.0}"	"{""growth_floor"": 1.4291778922791873, ""objective_is_total_flux"": true}"
O_CY_C_ONLY_growth	O_CY	C_ONLY	optimal	1.4308492279230896	1.4308492279230896	0.01	0.01	0.0	"{""DIAG_GLYPRO_SOURCE"": 0.01, ""HYP_GLYPRO_HYD_CY"": 0.01, ""R2039"": 0.0, ""R2038"": 0.0, ""R2037"": 0.0, ""R2030"": 0.0, ""R2040"": 0.0, ""R1363"": 0.0, ""R795"": 0.0, ""R871"": 0.0, ""R876"": 0.0, ""R2021"": 0.0, ""R2029"": 0.0, ""R2034"": 0.0, ""xMAINTENANCE"": 7.8625, ""R171"": 53.53746587984587}"	"{""R941"": 0.0, ""R943"": 0.0, ""R944"": 0.0, ""R945"": 0.0, ""R946"": 0.0, ""R947"": 0.0, ""R948"": 0.0, ""R949"": 0.0, ""R950"": 0.0, ""R951"": 0.0, ""R954"": 0.0, ""R955"": 0.0, ""R956"": 0.0, ""R957"": 0.0, ""R960"": 0.0, ""R964"": 0.0, ""R971"": 0.0, ""R987"": 0.0, ""R991"": 0.0, ""R992"": 0.0, ""R994"": 0.0, ""R995"": 0.0, ""R996"": 0.0, ""R999"": 0.0, ""R1003"": -0.00489, ""R1005"": 0.0, ""R1007"": 0.0, ""R1011"": 0.0, ""R1012"": 0.0, ""R1013"": 0.0, ""R1014"": 0.0, ""R1016"": -8.69204764443473, ""R1023"": 0.0, ""R1029"": 0.0, ""R1030"": 14.874100865225174, ""R1041"": 0.0, ""R1045"": 0.0, ""R1058"": 0.0, ""R1061"": 0.0, ""R1062"": 0.0, ""R1065"": 0.0, ""R1066"": 0.0, ""R1067"": 0.0, ""R1068"": 0.0, ""R1070"": -10.0, ""R1071"": 0.0, ""R1072"": 0.0, ""R1074"": 0.0, ""R1083"": 0.0, ""R1086"": 0.0, ""R1102"": 0.0, ""R1106"": 0.0, ""R1108"": 0.0, ""R1112"": 0.0, ""R1115"": 0.0, ""R1124"": 0.0, ""R1126"": 0.0, ""R1127"": 0.0, ""R1128"": 0.0, ""R1133"": 0.0, ""R1134"": 0.0, ""R1139"": 0.0, ""R1140"": 0.0, ""R1141"": 0.0, ""R1143"": 0.0, ""R1147"": 0.0, ""R1148"": 0.0, ""R1151"": 0.0, ""R1153"": 0.0, ""R1164"": 82.0672659550266, ""R1166"": 0.0, ""R1173"": 0.0, ""R1176"": 0.0, ""R1189"": 0.0, ""R1190"": 0.0, ""R1193"": 0.0, ""R1196"": 0.0, ""R1198"": 0.0, ""R1201"": 0.0, ""R1202"": -0.02586, ""R1203"": 0.0, ""R1204"": -0.05414, ""R1206"": 0.0, ""R1209"": 0.0, ""R1211"": 0.0, ""R1213"": 0.0, ""R1215"": -0.00859, ""R1216"": 0.0, ""R1217"": -0.03434, ""R1219"": 0.0, ""R1220"": -0.02466, ""R1222"": -0.01207, ""R1223"": -0.02727, ""R1224"": 0.0, ""R1226"": 0.0, ""R1229"": 0.0, ""R1231"": -0.07562, ""R1232"": -0.02205, ""R1233"": -0.02486, ""R1234"": -0.10765, ""R1235"": 0.0, ""R1236"": 0.0, ""R1249"": 0.0, ""R1263"": -0.0001073136920942317, ""R1268"": 0.018967950763053666, ""R1269"": 0.0, ""R1281"": 0.0, ""R1282"": 0.0, ""R1284"": 0.0, ""R1287"": -14.839359037900795, ""R1288"": 0.0, ""R1289"": 0.0, ""R1294"": 0.0, ""R1296"": -0.10785569064725614, ""R1298"": 0.0, ""R1301"": 0.0, ""R1305"": 0.0, ""R1310"": 0.0, ""R1314"": 0.0, ""R1319"": 0.0, ""R1320"": 0.0, ""R1322"": 0.0, ""R1323"": 0.0, ""R1325"": 0.0, ""R1326"": 0.0, ""R1329"": 0.0, ""R1330"": 0.0, ""R1332"": 0.0, ""R1333"": -0.08503315200377241, ""R1334"": 0.0, ""R1335"": 0.0, ""R1339"": 0.0, ""R1340"": 0.0, ""R1341"": 0.0, ""R1346"": 0.0, ""R1354"": -0.1965443116459715, ""R1355"": 0.0, ""R1356"": 0.0, ""R1364"": -26.347475615086136, ""R1366"": 0.0, ""R1368"": 0.0, ""R1369"": 0.0, ""R1373"": 1.4308492279230896, ""R1388"": 0.0, ""R1390"": 0.0, ""R1438"": 0.0, ""R1439"": 0.0, ""R1440"": 0.0, ""R1444"": 0.0, ""R1712"": 0.0, ""R1713"": 0.0, ""R1900"": 0.0, ""R1966"": 0.0, ""R1967"": 0.0, ""R1981"": 0.0, ""R1983"": 0.0, ""R1984"": 0.0, ""R1986"": 0.0, ""R1990"": 0.0, ""R1992"": 0.0, ""R1994"": 0.0, ""R1998"": 0.0, ""R2001"": 0.0, ""R2005"": 0.0, ""R2008"": 0.0, ""R2011"": 0.0, ""R2014"": 0.0, ""R2016"": 0.0, ""R2018"": 0.0, ""R2022"": 0.0, ""R2026"": 0.0, ""R2031"": 0.0, ""R2036"": 0.0, ""R2061"": 0.0, ""R2208"": 0.0, ""R2211"": 0.0, ""R2214"": 0.0, ""R2270"": 0.0, ""R2272"": 0.0, ""R2273"": 0.0, ""R2275"": 0.0, ""R2278"": 0.0, ""R2280"": 0.0, ""DIAG_GLYPRO_SOURCE"": 0.01}"	{}
O_CY_C_ONLY_pfba	O_CY	C_ONLY	optimal	962.977290761312	1.4308492279230896	0.01	0.01	0.0	"{""DIAG_GLYPRO_SOURCE"": 0.01, ""HYP_GLYPRO_HYD_CY"": 0.01, ""R2039"": 0.0, ""R2038"": 0.0, ""R2037"": 0.0, ""R2030"": 0.0, ""R2040"": 0.0, ""R1363"": 0.0, ""R795"": 0.0, ""R871"": 0.0, ""R876"": 0.0, ""R2021"": 0.0, ""R2029"": 0.0, ""R2034"": 0.0, ""xMAINTENANCE"": 7.8625, ""R171"": 53.53746587984566}"	"{""R941"": 0.0, ""R943"": 0.0, ""R944"": 0.0, ""R945"": 0.0, ""R946"": 0.0, ""R947"": 0.0, ""R948"": 0.0, ""R949"": 0.0, ""R950"": 0.0, ""R951"": 0.0, ""R954"": 0.0, ""R955"": 0.0, ""R956"": 0.0, ""R957"": 0.0, ""R960"": 0.0, ""R964"": 0.0, ""R971"": 0.0, ""R987"": 0.0, ""R991"": 0.0, ""R992"": 0.0, ""R994"": 0.0, ""R995"": 0.0, ""R996"": 0.0, ""R999"": 0.0, ""R1003"": -0.00489, ""R1005"": 0.0, ""R1007"": 0.0, ""R1011"": 0.0, ""R1012"": 0.0, ""R1013"": 0.0, ""R1014"": 0.0, ""R1016"": -8.69204764443475, ""R1023"": 0.0, ""R1029"": 0.0, ""R1030"": 14.874100865225122, ""R1041"": 0.0, ""R1045"": 0.0, ""R1058"": 0.0, ""R1061"": 0.0, ""R1062"": 0.0, ""R1065"": 0.0, ""R1066"": 0.0, ""R1067"": 0.0, ""R1068"": 0.0, ""R1070"": -10.0, ""R1071"": 0.0, ""R1072"": 0.0, ""R1074"": 0.0, ""R1083"": 0.0, ""R1086"": 0.0, ""R1102"": 0.0, ""R1106"": 0.0, ""R1108"": 0.0, ""R1112"": 0.0, ""R1115"": 0.0, ""R1124"": 0.0, ""R1126"": 0.0, ""R1127"": 0.0, ""R1128"": 0.0, ""R1133"": 0.0, ""R1134"": 0.0, ""R1139"": 0.0, ""R1140"": 0.0, ""R1141"": 0.0, ""R1143"": 0.0, ""R1147"": 0.0, ""R1148"": 0.0, ""R1151"": 0.0, ""R1153"": 0.0, ""R1164"": 0.0, ""R1166"": 0.0, ""R1173"": 0.0, ""R1176"": 0.0, ""R1189"": 0.0, ""R1190"": 0.0, ""R1193"": 0.0, ""R1196"": 0.0, ""R1198"": 0.0, ""R1201"": 0.0, ""R1202"": -0.02586, ""R1203"": 0.0, ""R1204"": -0.05414, ""R1206"": 0.0, ""R1209"": 0.0, ""R1211"": 0.0, ""R1213"": 0.0, ""R1215"": -0.00859, ""R1216"": 0.0, ""R1217"": -0.03434, ""R1219"": 0.0, ""R1220"": -0.02466, ""R1222"": -0.01207, ""R1223"": -0.02727, ""R1224"": 0.0, ""R1226"": 0.0, ""R1229"": 0.0, ""R1231"": -0.07562, ""R1232"": -0.02205, ""R1233"": -0.02486, ""R1234"": -0.10765, ""R1235"": 0.0, ""R1236"": 0.0, ""R1249"": 0.0, ""R1263"": -0.00010731369194542928, ""R1268"": 0.018967950763053666, ""R1269"": 0.0, ""R1281"": 0.0, ""R1282"": 0.0, ""R1284"": 0.0, ""R1287"": -14.839359037900755, ""R1288"": 0.0, ""R1289"": 0.0, ""R1294"": 0.0, ""R1296"": -0.10785569063243616, ""R1298"": 0.0, ""R1301"": 0.0, ""R1305"": 0.0, ""R1310"": 0.0, ""R1314"": 0.0, ""R1319"": 0.0, ""R1320"": 0.0, ""R1322"": 0.0, ""R1323"": 0.0, ""R1325"": 0.0, ""R1326"": 0.0, ""R1329"": 0.0, ""R1330"": 0.0, ""R1332"": 0.0, ""R1333"": -0.08503315200377257, ""R1334"": 0.0, ""R1335"": 0.0, ""R1339"": 0.0, ""R1340"": 0.0, ""R1341"": 0.0, ""R1346"": 0.0, ""R1354"": -0.19654431164597158, ""R1355"": 0.0, ""R1356"": 0.0, ""R1364"": -26.34747561510111, ""R1366"": 0.0, ""R1368"": 0.0, ""R1369"": 0.0, ""R1373"": 1.4308492279230896, ""R1388"": 0.0, ""R1390"": 0.0, ""R1438"": 0.0, ""R1439"": 0.0, ""R1440"": 0.0, ""R1444"": 0.0, ""R1712"": 0.0, ""R1713"": 0.0, ""R1900"": 0.0, ""R1966"": 0.0, ""R1967"": 0.0, ""R1981"": 0.0, ""R1983"": 0.0, ""R1984"": 0.0, ""R1986"": 0.0, ""R1990"": 0.0, ""R1992"": 0.0, ""R1994"": 0.0, ""R1998"": 0.0, ""R2001"": 0.0, ""R2005"": 0.0, ""R2008"": 0.0, ""R2011"": 0.0, ""R2014"": 0.0, ""R2016"": 0.0, ""R2018"": 0.0, ""R2022"": 0.0, ""R2026"": 0.0, ""R2031"": 0.0, ""R2036"": 0.0, ""R2061"": 0.0, ""R2208"": 0.0, ""R2211"": 0.0, ""R2214"": 0.0, ""R2270"": 0.0, ""R2272"": 0.0, ""R2273"": 0.0, ""R2275"": 0.0, ""R2278"": 0.0, ""R2280"": 0.0, ""DIAG_GLYPRO_SOURCE"": 0.01}"	"{""growth_floor"": 1.4308492279230896, ""objective_is_total_flux"": true}"
O_CY_C_ONLY_hydro_max	O_CY	C_ONLY	optimal	0.01	1.4308492279230918	0.01	0.01	0.0	"{""DIAG_GLYPRO_SOURCE"": 0.01, ""HYP_GLYPRO_HYD_CY"": 0.01, ""R2039"": 0.0, ""R2038"": 0.0, ""R2037"": 0.0, ""R2030"": 0.0, ""R2040"": 0.0, ""R1363"": 0.0, ""R795"": 0.0, ""R871"": 0.0, ""R876"": 0.0, ""R2021"": 0.0, ""R2029"": 0.0, ""R2034"": 0.0, ""xMAINTENANCE"": 7.8625, ""R171"": 53.53746587984582}"	"{""R941"": 0.0, ""R943"": 0.0, ""R944"": 0.0, ""R945"": 0.0, ""R946"": 0.0, ""R947"": 0.0, ""R948"": 0.0, ""R949"": 0.0, ""R950"": 0.0, ""R951"": 0.0, ""R954"": 0.0, ""R955"": 0.0, ""R956"": 0.0, ""R957"": 0.0, ""R960"": 0.0, ""R964"": 0.0, ""R971"": 0.0, ""R987"": 0.0, ""R991"": 0.0, ""R992"": 0.0, ""R994"": 0.0, ""R995"": 0.0, ""R996"": 0.0, ""R999"": 0.0, ""R1003"": -0.00489, ""R1005"": 0.0, ""R1007"": 0.0, ""R1011"": 0.0, ""R1012"": 0.0, ""R1013"": 0.0, ""R1014"": 0.0, ""R1016"": -8.692047644434695, ""R1023"": 0.0, ""R1029"": 0.0, ""R1030"": 14.874100865225193, ""R1041"": 0.0, ""R1045"": 0.0, ""R1058"": 0.0, ""R1061"": 0.0, ""R1062"": 0.0, ""R1065"": 0.0, ""R1066"": 0.0, ""R1067"": 0.0, ""R1068"": 0.0, ""R1070"": -10.0, ""R1071"": 0.0, ""R1072"": 0.0, ""R1074"": 0.0, ""R1083"": 0.0, ""R1086"": 0.0, ""R1102"": 0.0, ""R1106"": 0.0, ""R1108"": 0.0, ""R1112"": 0.0, ""R1115"": 0.0, ""R1124"": 0.0, ""R1126"": 0.0, ""R1127"": 0.0, ""R1128"": 0.0, ""R1133"": 0.0, ""R1134"": 0.0, ""R1139"": 0.0, ""R1140"": 0.0, ""R1141"": 0.0, ""R1143"": 0.0, ""R1147"": 0.0, ""R1148"": 0.0, ""R1151"": 0.0, ""R1153"": 0.0, ""R1164"": 82.06726595502698, ""R1166"": 0.0, ""R1173"": 0.0, ""R1176"": 0.0, ""R1189"": 0.0, ""R1190"": 0.0, ""R1193"": 0.0, ""R1196"": 0.0, ""R1198"": 0.0, ""R1201"": 0.0, ""R1202"": -0.02586, ""R1203"": 0.0, ""R1204"": -0.05414, ""R1206"": 0.0, ""R1209"": 0.0, ""R1211"": 0.0, ""R1213"": 0.0, ""R1215"": -0.00859, ""R1216"": 0.0, ""R1217"": -0.03434, ""R1219"": 0.0, ""R1220"": -0.02466, ""R1222"": -0.01207, ""R1223"": -0.02727, ""R1224"": 0.0, ""R1226"": 0.0, ""R1229"": 0.0, ""R1231"": -0.07562, ""R1232"": -0.02205, ""R1233"": -0.02486, ""R1234"": -0.10765, ""R1235"": 0.0, ""R1236"": 0.0, ""R1249"": 0.0, ""R1263"": -0.00010731369209423187, ""R1268"": 0.01896795076305366, ""R1269"": 0.0, ""R1281"": 0.0, ""R1282"": 0.0, ""R1284"": 0.0, ""R1287"": -14.83935903790079, ""R1288"": 0.0, ""R1289"": 0.0, ""R1294"": 0.0, ""R1296"": -0.10785569064729877, ""R1298"": 0.0, ""R1301"": 0.0, ""R1305"": 0.0, ""R1310"": 0.0, ""R1314"": 0.0, ""R1319"": 0.0, ""R1320"": 0.0, ""R1322"": 0.0, ""R1323"": 0.0, ""R1325"": 0.0, ""R1326"": 0.0, ""R1329"": 0.0, ""R1330"": 0.0, ""R1332"": 0.0, ""R1333"": -0.0850331520037727, ""R1334"": 0.0, ""R1335"": 0.0, ""R1339"": 0.0, ""R1340"": 0.0, ""R1341"": 0.0, ""R1346"": 0.0, ""R1354"": -0.19654431164597388, ""R1355"": 0.0, ""R1356"": 0.0, ""R1364"": -26.347475615086292, ""R1366"": 0.0, ""R1368"": 0.0, ""R1369"": 0.0, ""R1373"": 1.4308492279230918, ""R1388"": 0.0, ""R1390"": 0.0, ""R1438"": 0.0, ""R1439"": 0.0, ""R1440"": 0.0, ""R1444"": 0.0, ""R1712"": 0.0, ""R1713"": 0.0, ""R1900"": 0.0, ""R1966"": 0.0, ""R1967"": 0.0, ""R1981"": 0.0, ""R1983"": 0.0, ""R1984"": 0.0, ""R1986"": 0.0, ""R1990"": 0.0, ""R1992"": 0.0, ""R1994"": 0.0, ""R1998"": 0.0, ""R2001"": 0.0, ""R2005"": 0.0, ""R2008"": 0.0, ""R2011"": 0.0, ""R2014"": 0.0, ""R2016"": 0.0, ""R2018"": 0.0, ""R2022"": 0.0, ""R2026"": 0.0, ""R2031"": 0.0, ""R2036"": 0.0, ""R2061"": 0.0, ""R2208"": 0.0, ""R2211"": 0.0, ""R2214"": 0.0, ""R2270"": 0.0, ""R2272"": 0.0, ""R2273"": 0.0, ""R2275"": 0.0, ""R2278"": 0.0, ""R2280"": 0.0, ""DIAG_GLYPRO_SOURCE"": 0.01}"	"{""growth_requirement"": ""no extra growth floor""}"
O_CY_V_ONLY_growth	O_CY	V_ONLY	optimal	1.4308202116792699	1.4308202116792699	0.01	0.01	0.005	"{""DIAG_GLYPRO_SOURCE"": 0.01, ""HYP_GLYPRO_HYD_CY"": 0.0, ""R2039"": 0.01, ""R2038"": 0.01, ""R2037"": 0.0, ""R2030"": -0.01, ""R2040"": -0.01, ""R1363"": 0.01, ""R795"": 0.005, ""R871"": 0.0, ""R876"": 0.0, ""R2021"": 0.0, ""R2029"": 0.0, ""R2034"": 0.0, ""xMAINTENANCE"": 7.8625, ""R171"": 53.5406873212901}"	"{""R941"": 0.0, ""R943"": 0.0, ""R944"": 0.0, ""R945"": 0.0, ""R946"": 0.0, ""R947"": 0.0, ""R948"": 0.0, ""R949"": 0.0, ""R950"": 0.0, ""R951"": 0.0, ""R954"": 0.0, ""R955"": 0.0, ""R956"": 0.0, ""R957"": 0.0, ""R960"": 0.0, ""R964"": 0.0, ""R971"": 0.0, ""R987"": 0.0, ""R991"": 0.0, ""R992"": 0.0, ""R994"": 0.0, ""R995"": 0.0, ""R996"": 0.0, ""R999"": 0.0, ""R1003"": -0.00489, ""R1005"": 0.0, ""R1007"": 0.0, ""R1011"": 0.0, ""R1012"": 0.0, ""R1013"": 0.0, ""R1014"": 0.0, ""R1016"": -8.691859596368053, ""R1023"": 0.0, ""R1029"": 0.0, ""R1030"": 14.87506367553653, ""R1041"": 0.0, ""R1045"": 0.0, ""R1058"": 0.0, ""R1061"": 0.0, ""R1062"": 0.0, ""R1065"": 0.0, ""R1066"": 0.0, ""R1067"": 0.0, ""R1068"": 0.0, ""R1070"": -10.0, ""R1071"": 0.0, ""R1072"": 0.0, ""R1074"": 0.0, ""R1083"": 0.0, ""R1086"": 0.0, ""R1102"": 0.0, ""R1106"": 0.0, ""R1108"": 0.0, ""R1112"": 0.0, ""R1115"": 0.0, ""R1124"": 0.0, ""R1126"": 0.0, ""R1127"": 0.0, ""R1128"": 0.0, ""R1133"": 0.0, ""R1134"": 0.0, ""R1139"": 0.0, ""R1140"": 0.0, ""R1141"": 0.0, ""R1143"": 0.0, ""R1147"": 0.0, ""R1148"": 0.0, ""R1151"": 0.0, ""R1153"": 0.0, ""R1164"": 82.04564410776956, ""R1166"": 0.0, ""R1173"": 0.0, ""R1176"": 0.0, ""R1189"": 0.0, ""R1190"": 0.0, ""R1193"": 0.0, ""R1196"": 0.0, ""R1198"": 0.0, ""R1201"": 0.0, ""R1202"": -0.02586, ""R1203"": 0.0, ""R1204"": -0.05414, ""R1206"": 0.0, ""R1209"": 0.0, ""R1211"": 0.0, ""R1213"": 0.0, ""R1215"": -0.00859, ""R1216"": 0.0, ""R1217"": -0.03434, ""R1219"": 0.0, ""R1220"": -0.02466, ""R1222"": -0.01207, ""R1223"": -0.02727, ""R1224"": 0.0, ""R1226"": 0.0, ""R1229"": 0.0, ""R1231"": -0.07562, ""R1232"": -0.02205, ""R1233"": -0.02486, ""R1234"": -0.10765, ""R1235"": 0.0, ""R1236"": 0.0, ""R1249"": 0.0, ""R1263"": -0.00010731151587594524, ""R1268"": 0.018968013264042852, ""R1269"": 0.0, ""R1281"": 0.0, ""R1282"": 0.0, ""R1284"": 0.0, ""R1287"": -14.840326362362768, ""R1288"": 0.0, ""R1289"": 0.0, ""R1294"": 0.0, ""R1296"": -0.10785350343785405, ""R1298"": 0.0, ""R1301"": 0.0, ""R1305"": 0.0, ""R1310"": 0.0, ""R1314"": 0.0, ""R1319"": 0.0, ""R1320"": 0.0, ""R1322"": 0.0, ""R1323"": 0.0, ""R1325"": 0.0, ""R1326"": 0.0, ""R1329"": 0.0, ""R1330"": 0.0, ""R1332"": 0.0, ""R1333"": -0.08503118284540198, ""R1334"": 0.0, ""R1335"": 0.0, ""R1339"": 0.0, ""R1340"": 0.0, ""R1341"": 0.0, ""R1346"": 0.0, ""R1354"": -0.19654032591668777, ""R1355"": 0.0, ""R1356"": 0.0, ""R1364"": -26.34569706660746, ""R1366"": 0.0, ""R1368"": 0.0, ""R1369"": 0.0, ""R1373"": 1.4308202116792699, ""R1388"": 0.0, ""R1390"": 0.0, ""R1438"": 0.0, ""R1439"": 0.0, ""R1440"": 0.0, ""R1444"": 0.0, ""R1712"": 0.0, ""R1713"": 0.0, ""R1900"": 0.0, ""R1966"": 0.0, ""R1967"": 0.0, ""R1981"": 0.0, ""R1983"": 0.0, ""R1984"": 0.0, ""R1986"": 0.0, ""R1990"": 0.0, ""R1992"": 0.0, ""R1994"": 0.0, ""R1998"": 0.0, ""R2001"": 0.0, ""R2005"": 0.0, ""R2008"": 0.0, ""R2011"": 0.0, ""R2014"": 0.0, ""R2016"": 0.0, ""R2018"": 0.0, ""R2022"": 0.0, ""R2026"": 0.0, ""R2031"": 0.0, ""R2036"": 0.0, ""R2061"": 0.0, ""R2208"": 0.0, ""R2211"": 0.0, ""R2214"": 0.0, ""R2270"": 0.0, ""R2272"": 0.0, ""R2273"": 0.0, ""R2275"": 0.0, ""R2278"": 0.0, ""R2280"": 0.0, ""DIAG_GLYPRO_SOURCE"": 0.01}"	{}
O_CY_V_ONLY_pfba	O_CY	V_ONLY	optimal	963.0372134035096	1.4308202116792699	0.01	0.01	0.005	"{""DIAG_GLYPRO_SOURCE"": 0.01, ""HYP_GLYPRO_HYD_CY"": 0.0, ""R2039"": 0.01, ""R2038"": 0.01, ""R2037"": 0.0, ""R2030"": -0.01, ""R2040"": -0.01, ""R1363"": 0.01, ""R795"": 0.005, ""R871"": 0.0, ""R876"": 0.0, ""R2021"": 0.0, ""R2029"": 0.0, ""R2034"": 0.0, ""xMAINTENANCE"": 7.8625, ""R171"": 53.54068732129125}"	"{""R941"": 0.0, ""R943"": 0.0, ""R944"": 0.0, ""R945"": 0.0, ""R946"": 0.0, ""R947"": 0.0, ""R948"": 0.0, ""R949"": 0.0, ""R950"": 0.0, ""R951"": 0.0, ""R954"": 0.0, ""R955"": 0.0, ""R956"": 0.0, ""R957"": 0.0, ""R960"": 0.0, ""R964"": 0.0, ""R971"": 0.0, ""R987"": 0.0, ""R991"": 0.0, ""R992"": 0.0, ""R994"": 0.0, ""R995"": 0.0, ""R996"": 0.0, ""R999"": 0.0, ""R1003"": -0.00489, ""R1005"": 0.0, ""R1007"": 0.0, ""R1011"": 0.0, ""R1012"": 0.0, ""R1013"": 0.0, ""R1014"": 0.0, ""R1016"": -8.691859596367895, ""R1023"": 0.0, ""R1029"": 0.0, ""R1030"": 14.875063675536852, ""R1041"": 0.0, ""R1045"": 0.0, ""R1058"": 0.0, ""R1061"": 0.0, ""R1062"": 0.0, ""R1065"": 0.0, ""R1066"": 0.0, ""R1067"": 0.0, ""R1068"": 0.0, ""R1070"": -10.0, ""R1071"": 0.0, ""R1072"": 0.0, ""R1074"": 0.0, ""R1083"": 0.0, ""R1086"": 0.0, ""R1102"": 0.0, ""R1106"": 0.0, ""R1108"": 0.0, ""R1112"": 0.0, ""R1115"": 0.0, ""R1124"": 0.0, ""R1126"": 0.0, ""R1127"": 0.0, ""R1128"": 0.0, ""R1133"": 0.0, ""R1134"": 0.0, ""R1139"": 0.0, ""R1140"": 0.0, ""R1141"": 0.0, ""R1143"": 0.0, ""R1147"": 0.0, ""R1148"": 0.0, ""R1151"": 0.0, ""R1153"": 0.0, ""R1164"": 0.0, ""R1166"": 0.0, ""R1173"": 0.0, ""R1176"": 0.0, ""R1189"": 0.0, ""R1190"": 0.0, ""R1193"": 0.0, ""R1196"": 0.0, ""R1198"": 0.0, ""R1201"": 0.0, ""R1202"": -0.02586, ""R1203"": 0.0, ""R1204"": -0.05414, ""R1206"": 0.0, ""R1209"": 0.0, ""R1211"": 0.0, ""R1213"": 0.0, ""R1215"": -0.00859, ""R1216"": 0.0, ""R1217"": -0.03434, ""R1219"": 0.0, ""R1220"": -0.02466, ""R1222"": -0.01207, ""R1223"": -0.02727, ""R1224"": 0.0, ""R1226"": 0.0, ""R1229"": 0.0, ""R1231"": -0.07562, ""R1232"": -0.02205, ""R1233"": -0.02486, ""R1234"": -0.10765, ""R1235"": 0.0, ""R1236"": 0.0, ""R1249"": 0.0, ""R1263"": -0.00010731142994766896, ""R1268"": 0.018968013264042852, ""R1269"": 0.0, ""R1281"": 0.0, ""R1282"": 0.0, ""R1284"": 0.0, ""R1287"": -14.840326362363022, ""R1288"": 0.0, ""R1289"": 0.0, ""R1294"": 0.0, ""R1296"": -0.10785350343774153, ""R1298"": 0.0, ""R1301"": 0.0, ""R1305"": 0.0, ""R1310"": 0.0, ""R1314"": 0.0, ""R1319"": 0.0, ""R1320"": 0.0, ""R1322"": 0.0, ""R1323"": 0.0, ""R1325"": 0.0, ""R1326"": 0.0, ""R1329"": 0.0, ""R1330"": 0.0, ""R1332"": 0.0, ""R1333"": -0.08503118284540197, ""R1334"": 0.0, ""R1335"": 0.0, ""R1339"": 0.0, ""R1340"": 0.0, ""R1341"": 0.0, ""R1346"": 0.0, ""R1354"": -0.19654032591668796, ""R1355"": 0.0, ""R1356"": 0.0, ""R1364"": -26.34569706669347, ""R1366"": 0.0, ""R1368"": 0.0, ""R1369"": 0.0, ""R1373"": 1.4308202116792699, ""R1388"": 0.0, ""R1390"": 0.0, ""R1438"": 0.0, ""R1439"": 0.0, ""R1440"": 0.0, ""R1444"": 0.0, ""R1712"": 0.0, ""R1713"": 0.0, ""R1900"": 0.0, ""R1966"": 0.0, ""R1967"": 0.0, ""R1981"": 0.0, ""R1983"": 0.0, ""R1984"": 0.0, ""R1986"": 0.0, ""R1990"": 0.0, ""R1992"": 0.0, ""R1994"": 0.0, ""R1998"": 0.0, ""R2001"": 0.0, ""R2005"": 0.0, ""R2008"": 0.0, ""R2011"": 0.0, ""R2014"": 0.0, ""R2016"": 0.0, ""R2018"": 0.0, ""R2022"": 0.0, ""R2026"": 0.0, ""R2031"": 0.0, ""R2036"": 0.0, ""R2061"": 0.0, ""R2208"": 0.0, ""R2211"": 0.0, ""R2214"": 0.0, ""R2270"": 0.0, ""R2272"": 0.0, ""R2273"": 0.0, ""R2275"": 0.0, ""R2278"": 0.0, ""R2280"": 0.0, ""DIAG_GLYPRO_SOURCE"": 0.01}"	"{""growth_floor"": 1.4308202116792699, ""objective_is_total_flux"": true}"
O_CY_V_ONLY_hydro_max	O_CY	V_ONLY	optimal	0.01	1.4308202116792743	0.01	0.01	0.005	"{""DIAG_GLYPRO_SOURCE"": 0.01, ""HYP_GLYPRO_HYD_CY"": 0.0, ""R2039"": 0.01, ""R2038"": 0.01, ""R2037"": 0.0, ""R2030"": -0.01, ""R2040"": -0.01, ""R1363"": 0.01, ""R795"": 0.005, ""R871"": 0.0, ""R876"": 0.0, ""R2021"": 0.0, ""R2029"": 0.0, ""R2034"": 0.0, ""xMAINTENANCE"": 7.8625, ""R171"": 53.54068732129004}"	"{""R941"": 0.0, ""R943"": 0.0, ""R944"": 0.0, ""R945"": 0.0, ""R946"": 0.0, ""R947"": 0.0, ""R948"": 0.0, ""R949"": 0.0, ""R950"": 0.0, ""R951"": 0.0, ""R954"": 0.0, ""R955"": 0.0, ""R956"": 0.0, ""R957"": 0.0, ""R960"": 0.0, ""R964"": 0.0, ""R971"": 0.0, ""R987"": 0.0, ""R991"": 0.0, ""R992"": 0.0, ""R994"": 0.0, ""R995"": 0.0, ""R996"": 0.0, ""R999"": 0.0, ""R1003"": -0.00489, ""R1005"": 0.0, ""R1007"": 0.0, ""R1011"": 0.0, ""R1012"": 0.0, ""R1013"": 0.0, ""R1014"": 0.0, ""R1016"": -8.691859596367989, ""R1023"": 0.0, ""R1029"": 0.0, ""R1030"": 14.875063675536554, ""R1041"": 0.0, ""R1045"": 0.0, ""R1058"": 0.0, ""R1061"": 0.0, ""R1062"": 0.0, ""R1065"": 0.0, ""R1066"": 0.0, ""R1067"": 0.0, ""R1068"": 0.0, ""R1070"": -10.0, ""R1071"": 0.0, ""R1072"": 0.0, ""R1074"": 0.0, ""R1083"": 0.0, ""R1086"": 0.0, ""R1102"": 0.0, ""R1106"": 0.0, ""R1108"": 0.0, ""R1112"": 0.0, ""R1115"": 0.0, ""R1124"": 0.0, ""R1126"": 0.0, ""R1127"": 0.0, ""R1128"": 0.0, ""R1133"": 0.0, ""R1134"": 0.0, ""R1139"": 0.0, ""R1140"": 0.0, ""R1141"": 0.0, ""R1143"": 0.0, ""R1147"": 0.0, ""R1148"": 0.0, ""R1151"": 0.0, ""R1153"": 0.0, ""R1164"": 82.04564410777017, ""R1166"": 0.0, ""R1173"": 0.0, ""R1176"": 0.0, ""R1189"": 0.0, ""R1190"": 0.0, ""R1193"": 0.0, ""R1196"": 0.0, ""R1198"": 0.0, ""R1201"": 0.0, ""R1202"": -0.02586, ""R1203"": 0.0, ""R1204"": -0.05414, ""R1206"": 0.0, ""R1209"": 0.0, ""R1211"": 0.0, ""R1213"": 0.0, ""R1215"": -0.00859, ""R1216"": 0.0, ""R1217"": -0.03434, ""R1219"": 0.0, ""R1220"": -0.02466, ""R1222"": -0.01207, ""R1223"": -0.02727, ""R1224"": 0.0, ""R1226"": 0.0, ""R1229"": 0.0, ""R1231"": -0.07562, ""R1232"": -0.02205, ""R1233"": -0.02486, ""R1234"": -0.10765, ""R1235"": 0.0, ""R1236"": 0.0, ""R1249"": 0.0, ""R1263"": -0.00010731151587594556, ""R1268"": 0.018968013264042842, ""R1269"": 0.0, ""R1281"": 0.0, ""R1282"": 0.0, ""R1284"": 0.0, ""R1287"": -14.840326362362752, ""R1288"": 0.0, ""R1289"": 0.0, ""R1294"": 0.0, ""R1296"": -0.10785350343782413, ""R1298"": 0.0, ""R1301"": 0.0, ""R1305"": 0.0, ""R1310"": 0.0, ""R1314"": 0.0, ""R1319"": 0.0, ""R1320"": 0.0, ""R1322"": 0.0, ""R1323"": 0.0, ""R1325"": 0.0, ""R1326"": 0.0, ""R1329"": 0.0, ""R1330"": 0.0, ""R1332"": 0.0, ""R1333"": -0.08503118284540227, ""R1334"": 0.0, ""R1335"": 0.0, ""R1339"": 0.0, ""R1340"": 0.0, ""R1341"": 0.0, ""R1346"": 0.0, ""R1354"": -0.19654032591668838, ""R1355"": 0.0, ""R1356"": 0.0, ""R1364"": -26.345697066607787, ""R1366"": 0.0, ""R1368"": 0.0, ""R1369"": 0.0, ""R1373"": 1.4308202116792743, ""R1388"": 0.0, ""R1390"": 0.0, ""R1438"": 0.0, ""R1439"": 0.0, ""R1440"": 0.0, ""R1444"": 0.0, ""R1712"": 0.0, ""R1713"": 0.0, ""R1900"": 0.0, ""R1966"": 0.0, ""R1967"": 0.0, ""R1981"": 0.0, ""R1983"": 0.0, ""R1984"": 0.0, ""R1986"": 0.0, ""R1990"": 0.0, ""R1992"": 0.0, ""R1994"": 0.0, ""R1998"": 0.0, ""R2001"": 0.0, ""R2005"": 0.0, ""R2008"": 0.0, ""R2011"": 0.0, ""R2014"": 0.0, ""R2016"": 0.0, ""R2018"": 0.0, ""R2022"": 0.0, ""R2026"": 0.0, ""R2031"": 0.0, ""R2036"": 0.0, ""R2061"": 0.0, ""R2208"": 0.0, ""R2211"": 0.0, ""R2214"": 0.0, ""R2270"": 0.0, ""R2272"": 0.0, ""R2273"": 0.0, ""R2275"": 0.0, ""R2278"": 0.0, ""R2280"": 0.0, ""DIAG_GLYPRO_SOURCE"": 0.01}"	"{""growth_requirement"": ""no extra growth floor""}"
O_CY_NONE_growth	O_CY	NONE	optimal	1.4291778922791898	1.4291778922791898	0.0	0.0	0.0	"{""DIAG_GLYPRO_SOURCE"": 0.0, ""HYP_GLYPRO_HYD_CY"": 0.0, ""R2039"": 0.0, ""R2038"": 0.0, ""R2037"": 0.0, ""R2030"": 0.0, ""R2040"": 0.0, ""R1363"": 0.0, ""R795"": 0.0, ""R871"": 0.0, ""R876"": 0.0, ""R2021"": 0.0, ""R2029"": 0.0, ""R2034"": 0.0, ""xMAINTENANCE"": 7.8625, ""R171"": 53.48502090703165}"	"{""R941"": 0.0, ""R943"": 0.0, ""R944"": 0.0, ""R945"": 0.0, ""R946"": 0.0, ""R947"": 0.0, ""R948"": 0.0, ""R949"": 0.0, ""R950"": 0.0, ""R951"": 0.0, ""R954"": 0.0, ""R955"": 0.0, ""R956"": 0.0, ""R957"": 0.0, ""R960"": 0.0, ""R964"": 0.0, ""R971"": 0.0, ""R987"": 0.0, ""R991"": 0.0, ""R992"": 0.0, ""R994"": 0.0, ""R995"": 0.0, ""R996"": 0.0, ""R999"": 0.0, ""R1003"": -0.00489, ""R1005"": 0.0, ""R1007"": 0.0, ""R1011"": 0.0, ""R1012"": 0.0, ""R1013"": 0.0, ""R1014"": 0.0, ""R1016"": -8.701216075792473, ""R1023"": 0.0, ""R1029"": 0.0, ""R1030"": 14.859558739159953, ""R1041"": 0.0, ""R1045"": 0.0, ""R1058"": 0.0, ""R1061"": 0.0, ""R1062"": 0.0, ""R1065"": 0.0, ""R1066"": 0.0, ""R1067"": 0.0, ""R1068"": 0.0, ""R1070"": -10.0, ""R1071"": 0.0, ""R1072"": 0.0, ""R1074"": 0.0, ""R1083"": 0.0, ""R1086"": 0.0, ""R1102"": 0.0, ""R1106"": 0.0, ""R1108"": 0.0, ""R1112"": 0.0, ""R1115"": 0.0, ""R1124"": 0.0, ""R1126"": 0.0, ""R1127"": 0.0, ""R1128"": 0.0, ""R1133"": 0.0, ""R1134"": 0.0, ""R1139"": 0.0, ""R1140"": 0.0, ""R1141"": 0.0, ""R1143"": 0.0, ""R1147"": 0.0, ""R1148"": 0.0, ""R1151"": 0.0, ""R1153"": 0.0, ""R1164"": 81.95798401472236, ""R1166"": 0.0, ""R1173"": 0.0, ""R1176"": 0.0, ""R1189"": 0.0, ""R1190"": 0.0, ""R1193"": 0.0, ""R1196"": 0.0, ""R1198"": 0.0, ""R1201"": 0.0, ""R1202"": -0.02586, ""R1203"": 0.0, ""R1204"": -0.05414, ""R1206"": 0.0, ""R1209"": 0.0, ""R1211"": 0.0, ""R1213"": 0.0, ""R1215"": -0.00859, ""R1216"": 0.0, ""R1217"": -0.03434, ""R1219"": 0.0, ""R1220"": -0.02466, ""R1222"": -0.01207, ""R1223"": -0.02727, ""R1224"": 0.0, ""R1226"": 0.0, ""R1229"": 0.0, ""R1231"": -0.07562, ""R1232"": -0.02205, ""R1233"": -0.02486, ""R1234"": -0.10765, ""R1235"": 0.0, ""R1236"": 0.0, ""R1249"": 0.0, ""R1263"": -0.00010718834192093923, ""R1268"": 0.018971550820030623, ""R1269"": 0.0, ""R1281"": 0.0, ""R1282"": 0.0, ""R1284"": 0.0, ""R1287"": -14.825076926909961, ""R1288"": 0.0, ""R1289"": 0.0, ""R1294"": 0.0, ""R1296"": -0.10772970738044307, ""R1298"": 0.0, ""R1301"": 0.0, ""R1305"": 0.0, ""R1310"": 0.0, ""R1314"": 0.0, ""R1319"": 0.0, ""R1320"": 0.0, ""R1322"": 0.0, ""R1323"": 0.0, ""R1325"": 0.0, ""R1326"": 0.0, ""R1329"": 0.0, ""R1330"": 0.0, ""R1332"": 0.0, ""R1333"": -0.08491972848163494, ""R1334"": 0.0, ""R1335"": 0.0, ""R1339"": 0.0, ""R1340"": 0.0, ""R1341"": 0.0, ""R1346"": 0.0, ""R1354"": -0.19631473363925428, ""R1355"": 0.0, ""R1356"": 0.0, ""R1364"": -26.27503122272364, ""R1366"": 0.0, ""R1368"": 0.0, ""R1369"": 0.0, ""R1373"": 1.4291778922791898, ""R1388"": 0.0, ""R1390"": 0.0, ""R1438"": 0.0, ""R1439"": 0.0, ""R1440"": 0.0, ""R1444"": 0.0, ""R1712"": 0.0, ""R1713"": 0.0, ""R1900"": 0.0, ""R1966"": 0.0, ""R1967"": 0.0, ""R1981"": 0.0, ""R1983"": 0.0, ""R1984"": 0.0, ""R1986"": 0.0, ""R1990"": 0.0, ""R1992"": 0.0, ""R1994"": 0.0, ""R1998"": 0.0, ""R2001"": 0.0, ""R2005"": 0.0, ""R2008"": 0.0, ""R2011"": 0.0, ""R2014"": 0.0, ""R2016"": 0.0, ""R2018"": 0.0, ""R2022"": 0.0, ""R2026"": 0.0, ""R2031"": 0.0, ""R2036"": 0.0, ""R2061"": 0.0, ""R2208"": 0.0, ""R2211"": 0.0, ""R2214"": 0.0, ""R2270"": 0.0, ""R2272"": 0.0, ""R2273"": 0.0, ""R2275"": 0.0, ""R2278"": 0.0, ""R2280"": 0.0, ""DIAG_GLYPRO_SOURCE"": 0.0}"	{}
O_CY_NONE_pfba	O_CY	NONE	optimal	962.3548349647605	1.4291778922791898	0.0	0.0	0.0	"{""DIAG_GLYPRO_SOURCE"": 0.0, ""HYP_GLYPRO_HYD_CY"": 0.0, ""R2039"": 0.0, ""R2038"": 0.0, ""R2037"": 0.0, ""R2030"": 0.0, ""R2040"": 0.0, ""R1363"": 0.0, ""R795"": 0.0, ""R871"": 0.0, ""R876"": 0.0, ""R2021"": 0.0, ""R2029"": 0.0, ""R2034"": 0.0, ""xMAINTENANCE"": 7.8625, ""R171"": 53.48502090703232}"	"{""R941"": 0.0, ""R943"": 0.0, ""R944"": 0.0, ""R945"": 0.0, ""R946"": 0.0, ""R947"": 0.0, ""R948"": 0.0, ""R949"": 0.0, ""R950"": 0.0, ""R951"": 0.0, ""R954"": 0.0, ""R955"": 0.0, ""R956"": 0.0, ""R957"": 0.0, ""R960"": 0.0, ""R964"": 0.0, ""R971"": 0.0, ""R987"": 0.0, ""R991"": 0.0, ""R992"": 0.0, ""R994"": 0.0, ""R995"": 0.0, ""R996"": 0.0, ""R999"": 0.0, ""R1003"": -0.00489, ""R1005"": 0.0, ""R1007"": 0.0, ""R1011"": 0.0, ""R1012"": 0.0, ""R1013"": 0.0, ""R1014"": 0.0, ""R1016"": -8.701216075792399, ""R1023"": 0.0, ""R1029"": 0.0, ""R1030"": 14.859558739160125, ""R1041"": 0.0, ""R1045"": 0.0, ""R1058"": 0.0, ""R1061"": 0.0, ""R1062"": 0.0, ""R1065"": 0.0, ""R1066"": 0.0, ""R1067"": 0.0, ""R1068"": 0.0, ""R1070"": -10.0, ""R1071"": 0.0, ""R1072"": 0.0, ""R1074"": 0.0, ""R1083"": 0.0, ""R1086"": 0.0, ""R1102"": 0.0, ""R1106"": 0.0, ""R1108"": 0.0, ""R1112"": 0.0, ""R1115"": 0.0, ""R1124"": 0.0, ""R1126"": 0.0, ""R1127"": 0.0, ""R1128"": 0.0, ""R1133"": 0.0, ""R1134"": 0.0, ""R1139"": 0.0, ""R1140"": 0.0, ""R1141"": 0.0, ""R1143"": 0.0, ""R1147"": 0.0, ""R1148"": 0.0, ""R1151"": 0.0, ""R1153"": 0.0, ""R1164"": 0.0, ""R1166"": 0.0, ""R1173"": 0.0, ""R1176"": 0.0, ""R1189"": 0.0, ""R1190"": 0.0, ""R1193"": 0.0, ""R1196"": 0.0, ""R1198"": 0.0, ""R1201"": 0.0, ""R1202"": -0.02586, ""R1203"": 0.0, ""R1204"": -0.05414, ""R1206"": 0.0, ""R1209"": 0.0, ""R1211"": 0.0, ""R1213"": 0.0, ""R1215"": -0.00859, ""R1216"": 0.0, ""R1217"": -0.03434, ""R1219"": 0.0, ""R1220"": -0.02466, ""R1222"": -0.01207, ""R1223"": -0.02727, ""R1224"": 0.0, ""R1226"": 0.0, ""R1229"": 0.0, ""R1231"": -0.07562, ""R1232"": -0.02205, ""R1233"": -0.02486, ""R1234"": -0.10765, ""R1235"": 0.0, ""R1236"": 0.0, ""R1249"": 0.0, ""R1263"": -0.0001071883424216927, ""R1268"": 0.018971550820030623, ""R1269"": 0.0, ""R1281"": 0.0, ""R1282"": 0.0, ""R1284"": 0.0, ""R1287"": -14.8250769269101, ""R1288"": 0.0, ""R1289"": 0.0, ""R1294"": 0.0, ""R1296"": -0.10772970738071477, ""R1298"": 0.0, ""R1301"": 0.0, ""R1305"": 0.0, ""R1310"": 0.0, ""R1314"": 0.0, ""R1319"": 0.0, ""R1320"": 0.0, ""R1322"": 0.0, ""R1323"": 0.0, ""R1325"": 0.0, ""R1326"": 0.0, ""R1329"": 0.0, ""R1330"": 0.0, ""R1332"": 0.0, ""R1333"": -0.08491972848163495, ""R1334"": 0.0, ""R1335"": 0.0, ""R1339"": 0.0, ""R1340"": 0.0, ""R1341"": 0.0, ""R1346"": 0.0, ""R1354"": -0.19631473363925375, ""R1355"": 0.0, ""R1356"": 0.0, ""R1364"": -26.275031222722887, ""R1366"": 0.0, ""R1368"": 0.0, ""R1369"": 0.0, ""R1373"": 1.4291778922791898, ""R1388"": 0.0, ""R1390"": 0.0, ""R1438"": 0.0, ""R1439"": 0.0, ""R1440"": 0.0, ""R1444"": 0.0, ""R1712"": 0.0, ""R1713"": 0.0, ""R1900"": 0.0, ""R1966"": 0.0, ""R1967"": 0.0, ""R1981"": 0.0, ""R1983"": 0.0, ""R1984"": 0.0, ""R1986"": 0.0, ""R1990"": 0.0, ""R1992"": 0.0, ""R1994"": 0.0, ""R1998"": 0.0, ""R2001"": 0.0, ""R2005"": 0.0, ""R2008"": 0.0, ""R2011"": 0.0, ""R2014"": 0.0, ""R2016"": 0.0, ""R2018"": 0.0, ""R2022"": 0.0, ""R2026"": 0.0, ""R2031"": 0.0, ""R2036"": 0.0, ""R2061"": 0.0, ""R2208"": 0.0, ""R2211"": 0.0, ""R2214"": 0.0, ""R2270"": 0.0, ""R2272"": 0.0, ""R2273"": 0.0, ""R2275"": 0.0, ""R2278"": 0.0, ""R2280"": 0.0, ""DIAG_GLYPRO_SOURCE"": 0.0}"	"{""growth_floor"": 1.4291778922791898, ""objective_is_total_flux"": true}"
O_VA_C_ONLY_growth	O_VA	C_ONLY	optimal	1.4308202116792703	1.4308202116792703	0.01	0.01	0.005	"{""DIAG_GLYPRO_SOURCE"": 0.01, ""HYP_GLYPRO_HYD_CY"": 0.01, ""R2039"": 0.0, ""R2038"": -0.01, ""R2037"": 0.0, ""R2030"": 0.0, ""R2040"": 0.0, ""R1363"": 0.0, ""R795"": 0.005, ""R871"": 0.0, ""R876"": 0.0, ""R2021"": 0.0, ""R2029"": 0.0, ""R2034"": 0.0, ""xMAINTENANCE"": 7.8625, ""R171"": 53.540687321290115}"	"{""R941"": 0.0, ""R943"": 0.0, ""R944"": 0.0, ""R945"": 0.0, ""R946"": 0.0, ""R947"": 0.0, ""R948"": 0.0, ""R949"": 0.0, ""R950"": 0.0, ""R951"": 0.0, ""R954"": 0.0, ""R955"": 0.0, ""R956"": 0.0, ""R957"": 0.0, ""R960"": 0.0, ""R964"": 0.0, ""R971"": 0.0, ""R987"": 0.0, ""R991"": 0.0, ""R992"": 0.0, ""R994"": 0.0, ""R995"": 0.0, ""R996"": 0.0, ""R999"": 0.0, ""R1003"": -0.00489, ""R1005"": 0.0, ""R1007"": 0.0, ""R1011"": 0.0, ""R1012"": 0.0, ""R1013"": 0.0, ""R1014"": 0.0, ""R1016"": -8.691859596368063, ""R1023"": 0.0, ""R1029"": 0.0, ""R1030"": 14.875063675536527, ""R1041"": 0.0, ""R1045"": 0.0, ""R1058"": 0.0, ""R1061"": 0.0, ""R1062"": 0.0, ""R1065"": 0.0, ""R1066"": 0.0, ""R1067"": 0.0, ""R1068"": 0.0, ""R1070"": -10.0, ""R1071"": 0.0, ""R1072"": 0.0, ""R1074"": 0.0, ""R1083"": 0.0, ""R1086"": 0.0, ""R1102"": 0.0, ""R1106"": 0.0, ""R1108"": 0.0, ""R1112"": 0.0, ""R1115"": 0.0, ""R1124"": 0.0, ""R1126"": 0.0, ""R1127"": 0.0, ""R1128"": 0.0, ""R1133"": 0.0, ""R1134"": 0.0, ""R1139"": 0.0, ""R1140"": 0.0, ""R1141"": 0.0, ""R1143"": 0.0, ""R1147"": 0.0, ""R1148"": 0.0, ""R1151"": 0.0, ""R1153"": 0.0, ""R1164"": 82.04564410776962, ""R1166"": 0.0, ""R1173"": 0.0, ""R1176"": 0.0, ""R1189"": 0.0, ""R1190"": 0.0, ""R1193"": 0.0, ""R1196"": 0.0, ""R1198"": 0.0, ""R1201"": 0.0, ""R1202"": -0.02586, ""R1203"": 0.0, ""R1204"": -0.05414, ""R1206"": 0.0, ""R1209"": 0.0, ""R1211"": 0.0, ""R1213"": 0.0, ""R1215"": -0.00859, ""R1216"": 0.0, ""R1217"": -0.03434, ""R1219"": 0.0, ""R1220"": -0.02466, ""R1222"": -0.01207, ""R1223"": -0.02727, ""R1224"": 0.0, ""R1226"": 0.0, ""R1229"": 0.0, ""R1231"": -0.07562, ""R1232"": -0.02205, ""R1233"": -0.02486, ""R1234"": -0.10765, ""R1235"": 0.0, ""R1236"": 0.0, ""R1249"": 0.0, ""R1263"": -0.00010731151587594526, ""R1268"": 0.018968013264042852, ""R1269"": 0.0, ""R1281"": 0.0, ""R1282"": 0.0, ""R1284"": 0.0, ""R1287"": -14.840326362362775, ""R1288"": 0.0, ""R1289"": 0.0, ""R1294"": 0.0, ""R1296"": -0.10785350343780886, ""R1298"": 0.0, ""R1301"": 0.0, ""R1305"": 0.0, ""R1310"": 0.0, ""R1314"": 0.0, ""R1319"": 0.0, ""R1320"": 0.0, ""R1322"": 0.0, ""R1323"": 0.0, ""R1325"": 0.0, ""R1326"": 0.0, ""R1329"": 0.0, ""R1330"": 0.0, ""R1332"": 0.0, ""R1333"": -0.08503118284540201, ""R1334"": 0.0, ""R1335"": 0.0, ""R1339"": 0.0, ""R1340"": 0.0, ""R1341"": 0.0, ""R1346"": 0.0, ""R1354"": -0.19654032591668757, ""R1355"": 0.0, ""R1356"": 0.0, ""R1364"": -26.345697066607414, ""R1366"": 0.0, ""R1368"": 0.0, ""R1369"": 0.0, ""R1373"": 1.4308202116792703, ""R1388"": 0.0, ""R1390"": 0.0, ""R1438"": 0.0, ""R1439"": 0.0, ""R1440"": 0.0, ""R1444"": 0.0, ""R1712"": 0.0, ""R1713"": 0.0, ""R1900"": 0.0, ""R1966"": 0.0, ""R1967"": 0.0, ""R1981"": 0.0, ""R1983"": 0.0, ""R1984"": 0.0, ""R1986"": 0.0, ""R1990"": 0.0, ""R1992"": 0.0, ""R1994"": 0.0, ""R1998"": 0.0, ""R2001"": 0.0, ""R2005"": 0.0, ""R2008"": 0.0, ""R2011"": 0.0, ""R2014"": 0.0, ""R2016"": 0.0, ""R2018"": 0.0, ""R2022"": 0.0, ""R2026"": 0.0, ""R2031"": 0.0, ""R2036"": 0.0, ""R2061"": 0.0, ""R2208"": 0.0, ""R2211"": 0.0, ""R2214"": 0.0, ""R2270"": 0.0, ""R2272"": 0.0, ""R2273"": 0.0, ""R2275"": 0.0, ""R2278"": 0.0, ""R2280"": 0.0, ""DIAG_GLYPRO_SOURCE"": 0.01}"	{}
O_VA_C_ONLY_pfba	O_VA	C_ONLY	optimal	963.0072134036252	1.4308202116792703	0.01	0.01	0.005	"{""DIAG_GLYPRO_SOURCE"": 0.01, ""HYP_GLYPRO_HYD_CY"": 0.01, ""R2039"": 0.0, ""R2038"": -0.01, ""R2037"": 0.0, ""R2030"": 0.0, ""R2040"": 0.0, ""R1363"": 0.0, ""R795"": 0.005, ""R871"": 0.0, ""R876"": 0.0, ""R2021"": 0.0, ""R2029"": 0.0, ""R2034"": 0.0, ""xMAINTENANCE"": 7.8625, ""R171"": 53.540687321290896}"	"{""R941"": 0.0, ""R943"": 0.0, ""R944"": 0.0, ""R945"": 0.0, ""R946"": 0.0, ""R947"": 0.0, ""R948"": 0.0, ""R949"": 0.0, ""R950"": 0.0, ""R951"": 0.0, ""R954"": 0.0, ""R955"": 0.0, ""R956"": 0.0, ""R957"": 0.0, ""R960"": 0.0, ""R964"": 0.0, ""R971"": 0.0, ""R987"": 0.0, ""R991"": 0.0, ""R992"": 0.0, ""R994"": 0.0, ""R995"": 0.0, ""R996"": 0.0, ""R999"": 0.0, ""R1003"": -0.00489, ""R1005"": 0.0, ""R1007"": 0.0, ""R1011"": 0.0, ""R1012"": 0.0, ""R1013"": 0.0, ""R1014"": 0.0, ""R1016"": -8.691859596367916, ""R1023"": 0.0, ""R1029"": 0.0, ""R1030"": 14.87506367553677, ""R1041"": 0.0, ""R1045"": 0.0, ""R1058"": 0.0, ""R1061"": 0.0, ""R1062"": 0.0, ""R1065"": 0.0, ""R1066"": 0.0, ""R1067"": 0.0, ""R1068"": 0.0, ""R1070"": -10.0, ""R1071"": 0.0, ""R1072"": 0.0, ""R1074"": 0.0, ""R1083"": 0.0, ""R1086"": 0.0, ""R1102"": 0.0, ""R1106"": 0.0, ""R1108"": 0.0, ""R1112"": 0.0, ""R1115"": 0.0, ""R1124"": 0.0, ""R1126"": 0.0, ""R1127"": 0.0, ""R1128"": 0.0, ""R1133"": 0.0, ""R1134"": 0.0, ""R1139"": 0.0, ""R1140"": 0.0, ""R1141"": 0.0, ""R1143"": 0.0, ""R1147"": 0.0, ""R1148"": 0.0, ""R1151"": 0.0, ""R1153"": 0.0, ""R1164"": 0.0, ""R1166"": 0.0, ""R1173"": 0.0, ""R1176"": 0.0, ""R1189"": 0.0, ""R1190"": 0.0, ""R1193"": 0.0, ""R1196"": 0.0, ""R1198"": 0.0, ""R1201"": 0.0, ""R1202"": -0.02586, ""R1203"": 0.0, ""R1204"": -0.05414, ""R1206"": 0.0, ""R1209"": 0.0, ""R1211"": 0.0, ""R1213"": 0.0, ""R1215"": -0.00859, ""R1216"": 0.0, ""R1217"": -0.03434, ""R1219"": 0.0, ""R1220"": -0.02466, ""R1222"": -0.01207, ""R1223"": -0.02727, ""R1224"": 0.0, ""R1226"": 0.0, ""R1229"": 0.0, ""R1231"": -0.07562, ""R1232"": -0.02205, ""R1233"": -0.02486, ""R1234"": -0.10765, ""R1235"": 0.0, ""R1236"": 0.0, ""R1249"": 0.0, ""R1263"": -0.00010731151651886817, ""R1268"": 0.018968013264042852, ""R1269"": 0.0, ""R1281"": 0.0, ""R1282"": 0.0, ""R1284"": 0.0, ""R1287"": -14.840326362362942, ""R1288"": 0.0, ""R1289"": 0.0, ""R1294"": 0.0, ""R1296"": -0.10785350350205358, ""R1298"": 0.0, ""R1301"": 0.0, ""R1305"": 0.0, ""R1310"": 0.0, ""R1314"": 0.0, ""R1319"": 0.0, ""R1320"": 0.0, ""R1322"": 0.0, ""R1323"": 0.0, ""R1325"": 0.0, ""R1326"": 0.0, ""R1329"": 0.0, ""R1330"": 0.0, ""R1332"": 0.0, ""R1333"": -0.08503118284540205, ""R1334"": 0.0, ""R1335"": 0.0, ""R1339"": 0.0, ""R1340"": 0.0, ""R1341"": 0.0, ""R1346"": 0.0, ""R1354"": -0.1965403259166879, ""R1355"": 0.0, ""R1356"": 0.0, ""R1364"": -26.34569706654261, ""R1366"": 0.0, ""R1368"": 0.0, ""R1369"": 0.0, ""R1373"": 1.4308202116792703, ""R1388"": 0.0, ""R1390"": 0.0, ""R1438"": 0.0, ""R1439"": 0.0, ""R1440"": 0.0, ""R1444"": 0.0, ""R1712"": 0.0, ""R1713"": 0.0, ""R1900"": 0.0, ""R1966"": 0.0, ""R1967"": 0.0, ""R1981"": 0.0, ""R1983"": 0.0, ""R1984"": 0.0, ""R1986"": 0.0, ""R1990"": 0.0, ""R1992"": 0.0, ""R1994"": 0.0, ""R1998"": 0.0, ""R2001"": 0.0, ""R2005"": 0.0, ""R2008"": 0.0, ""R2011"": 0.0, ""R2014"": 0.0, ""R2016"": 0.0, ""R2018"": 0.0, ""R2022"": 0.0, ""R2026"": 0.0, ""R2031"": 0.0, ""R2036"": 0.0, ""R2061"": 0.0, ""R2208"": 0.0, ""R2211"": 0.0, ""R2214"": 0.0, ""R2270"": 0.0, ""R2272"": 0.0, ""R2273"": 0.0, ""R2275"": 0.0, ""R2278"": 0.0, ""R2280"": 0.0, ""DIAG_GLYPRO_SOURCE"": 0.01}"	"{""growth_floor"": 1.4308202116792703, ""objective_is_total_flux"": true}"
O_VA_C_ONLY_hydro_max	O_VA	C_ONLY	optimal	0.01	1.4308202116792716	0.01	0.01	0.005	"{""DIAG_GLYPRO_SOURCE"": 0.01, ""HYP_GLYPRO_HYD_CY"": 0.01, ""R2039"": 0.0, ""R2038"": -0.01, ""R2037"": 0.0, ""R2030"": 0.0, ""R2040"": 0.0, ""R1363"": 0.0, ""R795"": 0.005, ""R871"": 0.0, ""R876"": 0.0, ""R2021"": 0.0, ""R2029"": 0.0, ""R2034"": 0.0, ""xMAINTENANCE"": 7.8625, ""R171"": 53.540687321290065}"	"{""R941"": 0.0, ""R943"": 0.0, ""R944"": 0.0, ""R945"": 0.0, ""R946"": 0.0, ""R947"": 0.0, ""R948"": 0.0, ""R949"": 0.0, ""R950"": 0.0, ""R951"": 0.0, ""R954"": 0.0, ""R955"": 0.0, ""R956"": 0.0, ""R957"": 0.0, ""R960"": 0.0, ""R964"": 0.0, ""R971"": 0.0, ""R987"": 0.0, ""R991"": 0.0, ""R992"": 0.0, ""R994"": 0.0, ""R995"": 0.0, ""R996"": 0.0, ""R999"": 0.0, ""R1003"": -0.00489, ""R1005"": 0.0, ""R1007"": 0.0, ""R1011"": 0.0, ""R1012"": 0.0, ""R1013"": 0.0, ""R1014"": 0.0, ""R1016"": -8.69185959636802, ""R1023"": 0.0, ""R1029"": 0.0, ""R1030"": 14.875063675536541, ""R1041"": 0.0, ""R1045"": 0.0, ""R1058"": 0.0, ""R1061"": 0.0, ""R1062"": 0.0, ""R1065"": 0.0, ""R1066"": 0.0, ""R1067"": 0.0, ""R1068"": 0.0, ""R1070"": -10.0, ""R1071"": 0.0, ""R1072"": 0.0, ""R1074"": 0.0, ""R1083"": 0.0, ""R1086"": 0.0, ""R1102"": 0.0, ""R1106"": 0.0, ""R1108"": 0.0, ""R1112"": 0.0, ""R1115"": 0.0, ""R1124"": 0.0, ""R1126"": 0.0, ""R1127"": 0.0, ""R1128"": 0.0, ""R1133"": 0.0, ""R1134"": 0.0, ""R1139"": 0.0, ""R1140"": 0.0, ""R1141"": 0.0, ""R1143"": 0.0, ""R1147"": 0.0, ""R1148"": 0.0, ""R1151"": 0.0, ""R1153"": 0.0, ""R1164"": 82.04564410776972, ""R1166"": 0.0, ""R1173"": 0.0, ""R1176"": 0.0, ""R1189"": 0.0, ""R1190"": 0.0, ""R1193"": 0.0, ""R1196"": 0.0, ""R1198"": 0.0, ""R1201"": 0.0, ""R1202"": -0.02586, ""R1203"": 0.0, ""R1204"": -0.05414, ""R1206"": 0.0, ""R1209"": 0.0, ""R1211"": 0.0, ""R1213"": 0.0, ""R1215"": -0.00859, ""R1216"": 0.0, ""R1217"": -0.03434, ""R1219"": 0.0, ""R1220"": -0.02466, ""R1222"": -0.01207, ""R1223"": -0.02727, ""R1224"": 0.0, ""R1226"": 0.0, ""R1229"": 0.0, ""R1231"": -0.07562, ""R1232"": -0.02205, ""R1233"": -0.02486, ""R1234"": -0.10765, ""R1235"": 0.0, ""R1236"": 0.0, ""R1249"": 0.0, ""R1263"": -0.00010731151587594536, ""R1268"": 0.01896801326404285, ""R1269"": 0.0, ""R1281"": 0.0, ""R1282"": 0.0, ""R1284"": 0.0, ""R1287"": -14.840326362362765, ""R1288"": 0.0, ""R1289"": 0.0, ""R1294"": 0.0, ""R1296"": -0.10785350343782968, ""R1298"": 0.0, ""R1301"": 0.0, ""R1305"": 0.0, ""R1310"": 0.0, ""R1314"": 0.0, ""R1319"": 0.0, ""R1320"": 0.0, ""R1322"": 0.0, ""R1323"": 0.0, ""R1325"": 0.0, ""R1326"": 0.0, ""R1329"": 0.0, ""R1330"": 0.0, ""R1332"": 0.0, ""R1333"": -0.08503118284540209, ""R1334"": 0.0, ""R1335"": 0.0, ""R1339"": 0.0, ""R1340"": 0.0, ""R1341"": 0.0, ""R1346"": 0.0, ""R1354"": -0.19654032591668802, ""R1355"": 0.0, ""R1356"": 0.0, ""R1364"": -26.34569706660759, ""R1366"": 0.0, ""R1368"": 0.0, ""R1369"": 0.0, ""R1373"": 1.4308202116792716, ""R1388"": 0.0, ""R1390"": 0.0, ""R1438"": 0.0, ""R1439"": 0.0, ""R1440"": 0.0, ""R1444"": 0.0, ""R1712"": 0.0, ""R1713"": 0.0, ""R1900"": 0.0, ""R1966"": 0.0, ""R1967"": 0.0, ""R1981"": 0.0, ""R1983"": 0.0, ""R1984"": 0.0, ""R1986"": 0.0, ""R1990"": 0.0, ""R1992"": 0.0, ""R1994"": 0.0, ""R1998"": 0.0, ""R2001"": 0.0, ""R2005"": 0.0, ""R2008"": 0.0, ""R2011"": 0.0, ""R2014"": 0.0, ""R2016"": 0.0, ""R2018"": 0.0, ""R2022"": 0.0, ""R2026"": 0.0, ""R2031"": 0.0, ""R2036"": 0.0, ""R2061"": 0.0, ""R2208"": 0.0, ""R2211"": 0.0, ""R2214"": 0.0, ""R2270"": 0.0, ""R2272"": 0.0, ""R2273"": 0.0, ""R2275"": 0.0, ""R2278"": 0.0, ""R2280"": 0.0, ""DIAG_GLYPRO_SOURCE"": 0.01}"	"{""growth_requirement"": ""no extra growth floor""}"
O_VA_V_ONLY_growth	O_VA	V_ONLY	optimal	1.4307911954354546	1.4307911954354546	0.01	0.01	0.01	"{""DIAG_GLYPRO_SOURCE"": 0.01, ""HYP_GLYPRO_HYD_CY"": 0.0, ""R2039"": 0.01, ""R2038"": 0.0, ""R2037"": 0.0, ""R2030"": -0.01, ""R2040"": -0.01, ""R1363"": 0.01, ""R795"": 0.01, ""R871"": 0.0, ""R876"": 0.0, ""R2021"": 0.0, ""R2029"": 0.0, ""R2034"": 0.0, ""xMAINTENANCE"": 7.8625, ""R171"": 53.54390876273431}"	"{""R941"": 0.0, ""R943"": 0.0, ""R944"": 0.0, ""R945"": 0.0, ""R946"": 0.0, ""R947"": 0.0, ""R948"": 0.0, ""R949"": 0.0, ""R950"": 0.0, ""R951"": 0.0, ""R954"": 0.0, ""R955"": 0.0, ""R956"": 0.0, ""R957"": 0.0, ""R960"": 0.0, ""R964"": 0.0, ""R971"": 0.0, ""R987"": 0.0, ""R991"": 0.0, ""R992"": 0.0, ""R994"": 0.0, ""R995"": 0.0, ""R996"": 0.0, ""R999"": 0.0, ""R1003"": -0.00489, ""R1005"": 0.0, ""R1007"": 0.0, ""R1011"": 0.0, ""R1012"": 0.0, ""R1013"": 0.0, ""R1014"": 0.0, ""R1016"": -8.691671548301327, ""R1023"": 0.0, ""R1029"": 0.0, ""R1030"": 14.87602648584791, ""R1041"": 0.0, ""R1045"": 0.0, ""R1058"": 0.0, ""R1061"": 0.0, ""R1062"": 0.0, ""R1065"": 0.0, ""R1066"": 0.0, ""R1067"": 0.0, ""R1068"": 0.0, ""R1070"": -10.0, ""R1071"": 0.0, ""R1072"": 0.0, ""R1074"": 0.0, ""R1083"": 0.0, ""R1086"": 0.0, ""R1102"": 0.0, ""R1106"": 0.0, ""R1108"": 0.0, ""R1112"": 0.0, ""R1115"": 0.0, ""R1124"": 0.0, ""R1126"": 0.0, ""R1127"": 0.0, ""R1128"": 0.0, ""R1133"": 0.0, ""R1134"": 0.0, ""R1139"": 0.0, ""R1140"": 0.0, ""R1141"": 0.0, ""R1143"": 0.0, ""R1147"": 0.0, ""R1148"": 0.0, ""R1151"": 0.0, ""R1153"": 0.0, ""R1164"": 83.93803537164199, ""R1166"": 0.0, ""R1173"": 0.0, ""R1176"": 0.0, ""R1189"": 0.0, ""R1190"": 0.0, ""R1193"": 0.0, ""R1196"": 0.0, ""R1198"": 0.0, ""R1201"": 0.0, ""R1202"": -0.02586, ""R1203"": 0.0, ""R1204"": -0.05414, ""R1206"": 0.0, ""R1209"": 0.0, ""R1211"": 0.0, ""R1213"": 0.0, ""R1215"": -0.00859, ""R1216"": 0.0, ""R1217"": -0.03434, ""R1219"": 0.0, ""R1220"": -0.02466, ""R1222"": -0.01207, ""R1223"": -0.02727, ""R1224"": 0.0, ""R1226"": 0.0, ""R1229"": 0.0, ""R1231"": -0.07562, ""R1232"": -0.02205, ""R1233"": -0.02486, ""R1234"": -0.10765, ""R1235"": 0.0, ""R1236"": 0.0, ""R1249"": 0.0, ""R1263"": -0.0001073093396576591, ""R1268"": 0.01896807576503203, ""R1269"": 0.0, ""R1281"": 0.0, ""R1282"": 0.0, ""R1284"": 0.0, ""R1287"": -14.84129368682474, ""R1288"": 0.0, ""R1289"": 0.0, ""R1294"": 0.0, ""R1296"": -0.10785131622834143, ""R1298"": 0.0, ""R1301"": 0.0, ""R1305"": 0.0, ""R1310"": 0.0, ""R1314"": 0.0, ""R1319"": 0.0, ""R1320"": 0.0, ""R1322"": 0.0, ""R1323"": 0.0, ""R1325"": 0.0, ""R1326"": 0.0, ""R1329"": 0.0, ""R1330"": 0.0, ""R1332"": 0.0, ""R1333"": -0.0850292136870317, ""R1334"": 0.0, ""R1335"": 0.0, ""R1339"": 0.0, ""R1340"": 0.0, ""R1341"": 0.0, ""R1346"": 0.0, ""R1354"": -0.19653634018740496, ""R1355"": 0.0, ""R1356"": 0.0, ""R1364"": -26.343918518129094, ""R1366"": 0.0, ""R1368"": 0.0, ""R1369"": 0.0, ""R1373"": 1.4307911954354546, ""R1388"": 0.0, ""R1390"": 0.0, ""R1438"": 0.0, ""R1439"": 0.0, ""R1440"": 0.0, ""R1444"": 0.0, ""R1712"": 0.0, ""R1713"": 0.0, ""R1900"": 0.0, ""R1966"": 0.0, ""R1967"": 0.0, ""R1981"": 0.0, ""R1983"": 0.0, ""R1984"": 0.0, ""R1986"": 0.0, ""R1990"": 0.0, ""R1992"": 0.0, ""R1994"": 0.0, ""R1998"": 0.0, ""R2001"": 0.0, ""R2005"": 0.0, ""R2008"": 0.0, ""R2011"": 0.0, ""R2014"": 0.0, ""R2016"": 0.0, ""R2018"": 0.0, ""R2022"": 0.0, ""R2026"": 0.0, ""R2031"": 0.0, ""R2036"": 0.0, ""R2061"": 0.0, ""R2208"": 0.0, ""R2211"": 0.0, ""R2214"": 0.0, ""R2270"": 0.0, ""R2272"": 0.0, ""R2273"": 0.0, ""R2275"": 0.0, ""R2278"": 0.0, ""R2280"": 0.0, ""DIAG_GLYPRO_SOURCE"": 0.01}"	{}
O_VA_V_ONLY_pfba	O_VA	V_ONLY	optimal	963.047136046103	1.4307911954354546	0.01	0.01	0.01	"{""DIAG_GLYPRO_SOURCE"": 0.01, ""HYP_GLYPRO_HYD_CY"": 0.0, ""R2039"": 0.01, ""R2038"": 0.0, ""R2037"": 0.0, ""R2030"": -0.01, ""R2040"": -0.01, ""R1363"": 0.01, ""R795"": 0.01, ""R871"": 0.0, ""R876"": 0.0, ""R2021"": 0.0, ""R2029"": 0.0, ""R2034"": 0.0, ""xMAINTENANCE"": 7.8625, ""R171"": 53.543908762734574}"	"{""R941"": 0.0, ""R943"": 0.0, ""R944"": 0.0, ""R945"": 0.0, ""R946"": 0.0, ""R947"": 0.0, ""R948"": 0.0, ""R949"": 0.0, ""R950"": 0.0, ""R951"": 0.0, ""R954"": 0.0, ""R955"": 0.0, ""R956"": 0.0, ""R957"": 0.0, ""R960"": 0.0, ""R964"": 0.0, ""R971"": 0.0, ""R987"": 0.0, ""R991"": 0.0, ""R992"": 0.0, ""R994"": 0.0, ""R995"": 0.0, ""R996"": 0.0, ""R999"": 0.0, ""R1003"": -0.00489, ""R1005"": 0.0, ""R1007"": 0.0, ""R1011"": 0.0, ""R1012"": 0.0, ""R1013"": 0.0, ""R1014"": 0.0, ""R1016"": -8.691671548301265, ""R1023"": 0.0, ""R1029"": 0.0, ""R1030"": 14.876026485848001, ""R1041"": 0.0, ""R1045"": 0.0, ""R1058"": 0.0, ""R1061"": 0.0, ""R1062"": 0.0, ""R1065"": 0.0, ""R1066"": 0.0, ""R1067"": 0.0, ""R1068"": 0.0, ""R1070"": -10.0, ""R1071"": 0.0, ""R1072"": 0.0, ""R1074"": 0.0, ""R1083"": 0.0, ""R1086"": 0.0, ""R1102"": 0.0, ""R1106"": 0.0, ""R1108"": 0.0, ""R1112"": 0.0, ""R1115"": 0.0, ""R1124"": 0.0, ""R1126"": 0.0, ""R1127"": 0.0, ""R1128"": 0.0, ""R1133"": 0.0, ""R1134"": 0.0, ""R1139"": 0.0, ""R1140"": 0.0, ""R1141"": 0.0, ""R1143"": 0.0, ""R1147"": 0.0, ""R1148"": 0.0, ""R1151"": 0.0, ""R1153"": 0.0, ""R1164"": 0.0, ""R1166"": 0.0, ""R1173"": 0.0, ""R1176"": 0.0, ""R1189"": 0.0, ""R1190"": 0.0, ""R1193"": 0.0, ""R1196"": 0.0, ""R1198"": 0.0, ""R1201"": 0.0, ""R1202"": -0.02586, ""R1203"": 0.0, ""R1204"": -0.05414, ""R1206"": 0.0, ""R1209"": 0.0, ""R1211"": 0.0, ""R1213"": 0.0, ""R1215"": -0.00859, ""R1216"": 0.0, ""R1217"": -0.03434, ""R1219"": 0.0, ""R1220"": -0.02466, ""R1222"": -0.01207, ""R1223"": -0.02727, ""R1224"": 0.0, ""R1226"": 0.0, ""R1229"": 0.0, ""R1231"": -0.07562, ""R1232"": -0.02205, ""R1233"": -0.02486, ""R1234"": -0.10765, ""R1235"": 0.0, ""R1236"": 0.0, ""R1249"": 0.0, ""R1263"": -0.00010730933990589497, ""R1268"": 0.01896807576503203, ""R1269"": 0.0, ""R1281"": 0.0, ""R1282"": 0.0, ""R1284"": 0.0, ""R1287"": -14.841293686824795, ""R1288"": 0.0, ""R1289"": 0.0, ""R1294"": 0.0, ""R1296"": -0.10785131625312963, ""R1298"": 0.0, ""R1301"": 0.0, ""R1305"": 0.0, ""R1310"": 0.0, ""R1314"": 0.0, ""R1319"": 0.0, ""R1320"": 0.0, ""R1322"": 0.0, ""R1323"": 0.0, ""R1325"": 0.0, ""R1326"": 0.0, ""R1329"": 0.0, ""R1330"": 0.0, ""R1332"": 0.0, ""R1333"": -0.0850292136870317, ""R1334"": 0.0, ""R1335"": 0.0, ""R1339"": 0.0, ""R1340"": 0.0, ""R1341"": 0.0, ""R1346"": 0.0, ""R1354"": -0.1965363401874051, ""R1355"": 0.0, ""R1356"": 0.0, ""R1364"": -26.34391851810412, ""R1366"": 0.0, ""R1368"": 0.0, ""R1369"": 0.0, ""R1373"": 1.4307911954354546, ""R1388"": 0.0, ""R1390"": 0.0, ""R1438"": 0.0, ""R1439"": 0.0, ""R1440"": 0.0, ""R1444"": 0.0, ""R1712"": 0.0, ""R1713"": 0.0, ""R1900"": 0.0, ""R1966"": 0.0, ""R1967"": 0.0, ""R1981"": 0.0, ""R1983"": 0.0, ""R1984"": 0.0, ""R1986"": 0.0, ""R1990"": 0.0, ""R1992"": 0.0, ""R1994"": 0.0, ""R1998"": 0.0, ""R2001"": 0.0, ""R2005"": 0.0, ""R2008"": 0.0, ""R2011"": 0.0, ""R2014"": 0.0, ""R2016"": 0.0, ""R2018"": 0.0, ""R2022"": 0.0, ""R2026"": 0.0, ""R2031"": 0.0, ""R2036"": 0.0, ""R2061"": 0.0, ""R2208"": 0.0, ""R2211"": 0.0, ""R2214"": 0.0, ""R2270"": 0.0, ""R2272"": 0.0, ""R2273"": 0.0, ""R2275"": 0.0, ""R2278"": 0.0, ""R2280"": 0.0, ""DIAG_GLYPRO_SOURCE"": 0.01}"	"{""growth_floor"": 1.4307911954354546, ""objective_is_total_flux"": true}"
O_VA_V_ONLY_hydro_max	O_VA	V_ONLY	optimal	0.01	1.430791195435455	0.01	0.01	0.01	"{""DIAG_GLYPRO_SOURCE"": 0.01, ""HYP_GLYPRO_HYD_CY"": 0.0, ""R2039"": 0.01, ""R2038"": 0.0, ""R2037"": 0.0, ""R2030"": -0.01, ""R2040"": -0.01, ""R1363"": 0.01, ""R795"": 0.01, ""R871"": 0.0, ""R876"": 0.0, ""R2021"": 0.0, ""R2029"": 0.0, ""R2034"": 0.0, ""xMAINTENANCE"": 7.8625, ""R171"": 53.543908762734254}"	"{""R941"": 0.0, ""R943"": 0.0, ""R944"": 0.0, ""R945"": 0.0, ""R946"": 0.0, ""R947"": 0.0, ""R948"": 0.0, ""R949"": 0.0, ""R950"": 0.0, ""R951"": 0.0, ""R954"": 0.0, ""R955"": 0.0, ""R956"": 0.0, ""R957"": 0.0, ""R960"": 0.0, ""R964"": 0.0, ""R971"": 0.0, ""R987"": 0.0, ""R991"": 0.0, ""R992"": 0.0, ""R994"": 0.0, ""R995"": 0.0, ""R996"": 0.0, ""R999"": 0.0, ""R1003"": -0.00489, ""R1005"": 0.0, ""R1007"": 0.0, ""R1011"": 0.0, ""R1012"": 0.0, ""R1013"": 0.0, ""R1014"": 0.0, ""R1016"": -8.691671548301303, ""R1023"": 0.0, ""R1029"": 0.0, ""R1030"": 14.876026485847909, ""R1041"": 0.0, ""R1045"": 0.0, ""R1058"": 0.0, ""R1061"": 0.0, ""R1062"": 0.0, ""R1065"": 0.0, ""R1066"": 0.0, ""R1067"": 0.0, ""R1068"": 0.0, ""R1070"": -10.0, ""R1071"": 0.0, ""R1072"": 0.0, ""R1074"": 0.0, ""R1083"": 0.0, ""R1086"": 0.0, ""R1102"": 0.0, ""R1106"": 0.0, ""R1108"": 0.0, ""R1112"": 0.0, ""R1115"": 0.0, ""R1124"": 0.0, ""R1126"": 0.0, ""R1127"": 0.0, ""R1128"": 0.0, ""R1133"": 0.0, ""R1134"": 0.0, ""R1139"": 0.0, ""R1140"": 0.0, ""R1141"": 0.0, ""R1143"": 0.0, ""R1147"": 0.0, ""R1148"": 0.0, ""R1151"": 0.0, ""R1153"": 0.0, ""R1164"": 83.93803537164214, ""R1166"": 0.0, ""R1173"": 0.0, ""R1176"": 0.0, ""R1189"": 0.0, ""R1190"": 0.0, ""R1193"": 0.0, ""R1196"": 0.0, ""R1198"": 0.0, ""R1201"": 0.0, ""R1202"": -0.02586, ""R1203"": 0.0, ""R1204"": -0.05414, ""R1206"": 0.0, ""R1209"": 0.0, ""R1211"": 0.0, ""R1213"": 0.0, ""R1215"": -0.00859, ""R1216"": 0.0, ""R1217"": -0.03434, ""R1219"": 0.0, ""R1220"": -0.02466, ""R1222"": -0.01207, ""R1223"": -0.02727, ""R1224"": 0.0, ""R1226"": 0.0, ""R1229"": 0.0, ""R1231"": -0.07562, ""R1232"": -0.02205, ""R1233"": -0.02486, ""R1234"": -0.10765, ""R1235"": 0.0, ""R1236"": 0.0, ""R1249"": 0.0, ""R1263"": -0.00010730933965765912, ""R1268"": 0.018968075765032028, ""R1269"": 0.0, ""R1281"": 0.0, ""R1282"": 0.0, ""R1284"": 0.0, ""R1287"": -14.84129368682473, ""R1288"": 0.0, ""R1289"": 0.0, ""R1294"": 0.0, ""R1296"": -0.10785131622834249, ""R1298"": 0.0, ""R1301"": 0.0, ""R1305"": 0.0, ""R1310"": 0.0, ""R1314"": 0.0, ""R1319"": 0.0, ""R1320"": 0.0, ""R1322"": 0.0, ""R1323"": 0.0, ""R1325"": 0.0, ""R1326"": 0.0, ""R1329"": 0.0, ""R1330"": 0.0, ""R1332"": 0.0, ""R1333"": -0.08502921368703173, ""R1334"": 0.0, ""R1335"": 0.0, ""R1339"": 0.0, ""R1340"": 0.0, ""R1341"": 0.0, ""R1346"": 0.0, ""R1354"": -0.19653634018740496, ""R1355"": 0.0, ""R1356"": 0.0, ""R1364"": -26.343918518129172, ""R1366"": 0.0, ""R1368"": 0.0, ""R1369"": 0.0, ""R1373"": 1.430791195435455, ""R1388"": 0.0, ""R1390"": 0.0, ""R1438"": 0.0, ""R1439"": 0.0, ""R1440"": 0.0, ""R1444"": 0.0, ""R1712"": 0.0, ""R1713"": 0.0, ""R1900"": 0.0, ""R1966"": 0.0, ""R1967"": 0.0, ""R1981"": 0.0, ""R1983"": 0.0, ""R1984"": 0.0, ""R1986"": 0.0, ""R1990"": 0.0, ""R1992"": 0.0, ""R1994"": 0.0, ""R1998"": 0.0, ""R2001"": 0.0, ""R2005"": 0.0, ""R2008"": 0.0, ""R2011"": 0.0, ""R2014"": 0.0, ""R2016"": 0.0, ""R2018"": 0.0, ""R2022"": 0.0, ""R2026"": 0.0, ""R2031"": 0.0, ""R2036"": 0.0, ""R2061"": 0.0, ""R2208"": 0.0, ""R2211"": 0.0, ""R2214"": 0.0, ""R2270"": 0.0, ""R2272"": 0.0, ""R2273"": 0.0, ""R2275"": 0.0, ""R2278"": 0.0, ""R2280"": 0.0, ""DIAG_GLYPRO_SOURCE"": 0.01}"	"{""growth_requirement"": ""no extra growth floor""}"
O_VA_NONE_growth	O_VA	NONE	optimal	1.4291778922791887	1.4291778922791887	0.0	0.0	0.0	"{""DIAG_GLYPRO_SOURCE"": 0.0, ""HYP_GLYPRO_HYD_CY"": 0.0, ""R2039"": 0.0, ""R2038"": 0.0, ""R2037"": 0.0, ""R2030"": 0.0, ""R2040"": 0.0, ""R1363"": 0.0, ""R795"": 0.0, ""R871"": 0.0, ""R876"": 0.0, ""R2021"": 0.0, ""R2029"": 0.0, ""R2034"": 0.0, ""xMAINTENANCE"": 7.8625, ""R171"": 53.485020907031654}"	"{""R941"": 0.0, ""R943"": 0.0, ""R944"": 0.0, ""R945"": 0.0, ""R946"": 0.0, ""R947"": 0.0, ""R948"": 0.0, ""R949"": 0.0, ""R950"": 0.0, ""R951"": 0.0, ""R954"": 0.0, ""R955"": 0.0, ""R956"": 0.0, ""R957"": 0.0, ""R960"": 0.0, ""R964"": 0.0, ""R971"": 0.0, ""R987"": 0.0, ""R991"": 0.0, ""R992"": 0.0, ""R994"": 0.0, ""R995"": 0.0, ""R996"": 0.0, ""R999"": 0.0, ""R1003"": -0.00489, ""R1005"": 0.0, ""R1007"": 0.0, ""R1011"": 0.0, ""R1012"": 0.0, ""R1013"": 0.0, ""R1014"": 0.0, ""R1016"": -8.701216075792484, ""R1023"": 0.0, ""R1029"": 0.0, ""R1030"": 14.859558739159935, ""R1041"": 0.0, ""R1045"": 0.0, ""R1058"": 0.0, ""R1061"": 0.0, ""R1062"": 0.0, ""R1065"": 0.0, ""R1066"": 0.0, ""R1067"": 0.0, ""R1068"": 0.0, ""R1070"": -10.0, ""R1071"": 0.0, ""R1072"": 0.0, ""R1074"": 0.0, ""R1083"": 0.0, ""R1086"": 0.0, ""R1102"": 0.0, ""R1106"": 0.0, ""R1108"": 0.0, ""R1112"": 0.0, ""R1115"": 0.0, ""R1124"": 0.0, ""R1126"": 0.0, ""R1127"": 0.0, ""R1128"": 0.0, ""R1133"": 0.0, ""R1134"": 0.0, ""R1139"": 0.0, ""R1140"": 0.0, ""R1141"": 0.0, ""R1143"": 0.0, ""R1147"": 0.0, ""R1148"": 0.0, ""R1151"": 0.0, ""R1153"": 0.0, ""R1164"": 81.95798401472227, ""R1166"": 0.0, ""R1173"": 0.0, ""R1176"": 0.0, ""R1189"": 0.0, ""R1190"": 0.0, ""R1193"": 0.0, ""R1196"": 0.0, ""R1198"": 0.0, ""R1201"": 0.0, ""R1202"": -0.02586, ""R1203"": 0.0, ""R1204"": -0.05414, ""R1206"": 0.0, ""R1209"": 0.0, ""R1211"": 0.0, ""R1213"": 0.0, ""R1215"": -0.00859, ""R1216"": 0.0, ""R1217"": -0.03434, ""R1219"": 0.0, ""R1220"": -0.02466, ""R1222"": -0.01207, ""R1223"": -0.02727, ""R1224"": 0.0, ""R1226"": 0.0, ""R1229"": 0.0, ""R1231"": -0.07562, ""R1232"": -0.02205, ""R1233"": -0.02486, ""R1234"": -0.10765, ""R1235"": 0.0, ""R1236"": 0.0, ""R1249"": 0.0, ""R1263"": -0.00010718834192093914, ""R1268"": 0.018971550820030627, ""R1269"": 0.0, ""R1281"": 0.0, ""R1282"": 0.0, ""R1284"": 0.0, ""R1287"": -14.825076926909954, ""R1288"": 0.0, ""R1289"": 0.0, ""R1294"": 0.0, ""R1296"": -0.1077297073804715, ""R1298"": 0.0, ""R1301"": 0.0, ""R1305"": 0.0, ""R1310"": 0.0, ""R1314"": 0.0, ""R1319"": 0.0, ""R1320"": 0.0, ""R1322"": 0.0, ""R1323"": 0.0, ""R1325"": 0.0, ""R1326"": 0.0, ""R1329"": 0.0, ""R1330"": 0.0, ""R1332"": 0.0, ""R1333"": -0.08491972848163487, ""R1334"": 0.0, ""R1335"": 0.0, ""R1339"": 0.0, ""R1340"": 0.0, ""R1341"": 0.0, ""R1346"": 0.0, ""R1354"": -0.1963147336392539, ""R1355"": 0.0, ""R1356"": 0.0, ""R1364"": -26.275031222723623, ""R1366"": 0.0, ""R1368"": 0.0, ""R1369"": 0.0, ""R1373"": 1.4291778922791887, ""R1388"": 0.0, ""R1390"": 0.0, ""R1438"": 0.0, ""R1439"": 0.0, ""R1440"": 0.0, ""R1444"": 0.0, ""R1712"": 0.0, ""R1713"": 0.0, ""R1900"": 0.0, ""R1966"": 0.0, ""R1967"": 0.0, ""R1981"": 0.0, ""R1983"": 0.0, ""R1984"": 0.0, ""R1986"": 0.0, ""R1990"": 0.0, ""R1992"": 0.0, ""R1994"": 0.0, ""R1998"": 0.0, ""R2001"": 0.0, ""R2005"": 0.0, ""R2008"": 0.0, ""R2011"": 0.0, ""R2014"": 0.0, ""R2016"": 0.0, ""R2018"": 0.0, ""R2022"": 0.0, ""R2026"": 0.0, ""R2031"": 0.0, ""R2036"": 0.0, ""R2061"": 0.0, ""R2208"": 0.0, ""R2211"": 0.0, ""R2214"": 0.0, ""R2270"": 0.0, ""R2272"": 0.0, ""R2273"": 0.0, ""R2275"": 0.0, ""R2278"": 0.0, ""R2280"": 0.0, ""DIAG_GLYPRO_SOURCE"": 0.0}"	{}
O_VA_NONE_pfba	O_VA	NONE	optimal	962.3548349647539	1.4291778922791887	0.0	0.0	0.0	"{""DIAG_GLYPRO_SOURCE"": 0.0, ""HYP_GLYPRO_HYD_CY"": 0.0, ""R2039"": 0.0, ""R2038"": 0.0, ""R2037"": 0.0, ""R2030"": 0.0, ""R2040"": 0.0, ""R1363"": 0.0, ""R795"": 0.0, ""R871"": 0.0, ""R876"": 0.0, ""R2021"": 0.0, ""R2029"": 0.0, ""R2034"": 0.0, ""xMAINTENANCE"": 7.8625, ""R171"": 53.485020907032364}"	"{""R941"": 0.0, ""R943"": 0.0, ""R944"": 0.0, ""R945"": 0.0, ""R946"": 0.0, ""R947"": 0.0, ""R948"": 0.0, ""R949"": 0.0, ""R950"": 0.0, ""R951"": 0.0, ""R954"": 0.0, ""R955"": 0.0, ""R956"": 0.0, ""R957"": 0.0, ""R960"": 0.0, ""R964"": 0.0, ""R971"": 0.0, ""R987"": 0.0, ""R991"": 0.0, ""R992"": 0.0, ""R994"": 0.0, ""R995"": 0.0, ""R996"": 0.0, ""R999"": 0.0, ""R1003"": -0.00489, ""R1005"": 0.0, ""R1007"": 0.0, ""R1011"": 0.0, ""R1012"": 0.0, ""R1013"": 0.0, ""R1014"": 0.0, ""R1016"": -8.701216075792392, ""R1023"": 0.0, ""R1029"": 0.0, ""R1030"": 14.859558739160137, ""R1041"": 0.0, ""R1045"": 0.0, ""R1058"": 0.0, ""R1061"": 0.0, ""R1062"": 0.0, ""R1065"": 0.0, ""R1066"": 0.0, ""R1067"": 0.0, ""R1068"": 0.0, ""R1070"": -10.0, ""R1071"": 0.0, ""R1072"": 0.0, ""R1074"": 0.0, ""R1083"": 0.0, ""R1086"": 0.0, ""R1102"": 0.0, ""R1106"": 0.0, ""R1108"": 0.0, ""R1112"": 0.0, ""R1115"": 0.0, ""R1124"": 0.0, ""R1126"": 0.0, ""R1127"": 0.0, ""R1128"": 0.0, ""R1133"": 0.0, ""R1134"": 0.0, ""R1139"": 0.0, ""R1140"": 0.0, ""R1141"": 0.0, ""R1143"": 0.0, ""R1147"": 0.0, ""R1148"": 0.0, ""R1151"": 0.0, ""R1153"": 0.0, ""R1164"": 0.0, ""R1166"": 0.0, ""R1173"": 0.0, ""R1176"": 0.0, ""R1189"": 0.0, ""R1190"": 0.0, ""R1193"": 0.0, ""R1196"": 0.0, ""R1198"": 0.0, ""R1201"": 0.0, ""R1202"": -0.02586, ""R1203"": 0.0, ""R1204"": -0.05414, ""R1206"": 0.0, ""R1209"": 0.0, ""R1211"": 0.0, ""R1213"": 0.0, ""R1215"": -0.00859, ""R1216"": 0.0, ""R1217"": -0.03434, ""R1219"": 0.0, ""R1220"": -0.02466, ""R1222"": -0.01207, ""R1223"": -0.02727, ""R1224"": 0.0, ""R1226"": 0.0, ""R1229"": 0.0, ""R1231"": -0.07562, ""R1232"": -0.02205, ""R1233"": -0.02486, ""R1234"": -0.10765, ""R1235"": 0.0, ""R1236"": 0.0, ""R1249"": 0.0, ""R1263"": -0.00010718834246045694, ""R1268"": 0.018971550820030627, ""R1269"": 0.0, ""R1281"": 0.0, ""R1282"": 0.0, ""R1284"": 0.0, ""R1287"": -14.825076926910105, ""R1288"": 0.0, ""R1289"": 0.0, ""R1294"": 0.0, ""R1296"": -0.10772970743430091, ""R1298"": 0.0, ""R1301"": 0.0, ""R1305"": 0.0, ""R1310"": 0.0, ""R1314"": 0.0, ""R1319"": 0.0, ""R1320"": 0.0, ""R1322"": 0.0, ""R1323"": 0.0, ""R1325"": 0.0, ""R1326"": 0.0, ""R1329"": 0.0, ""R1330"": 0.0, ""R1332"": 0.0, ""R1333"": -0.08491972848163484, ""R1334"": 0.0, ""R1335"": 0.0, ""R1339"": 0.0, ""R1340"": 0.0, ""R1341"": 0.0, ""R1346"": 0.0, ""R1354"": -0.19631473363925397, ""R1355"": 0.0, ""R1356"": 0.0, ""R1364"": -26.275031222669234, ""R1366"": 0.0, ""R1368"": 0.0, ""R1369"": 0.0, ""R1373"": 1.4291778922791887, ""R1388"": 0.0, ""R1390"": 0.0, ""R1438"": 0.0, ""R1439"": 0.0, ""R1440"": 0.0, ""R1444"": 0.0, ""R1712"": 0.0, ""R1713"": 0.0, ""R1900"": 0.0, ""R1966"": 0.0, ""R1967"": 0.0, ""R1981"": 0.0, ""R1983"": 0.0, ""R1984"": 0.0, ""R1986"": 0.0, ""R1990"": 0.0, ""R1992"": 0.0, ""R1994"": 0.0, ""R1998"": 0.0, ""R2001"": 0.0, ""R2005"": 0.0, ""R2008"": 0.0, ""R2011"": 0.0, ""R2014"": 0.0, ""R2016"": 0.0, ""R2018"": 0.0, ""R2022"": 0.0, ""R2026"": 0.0, ""R2031"": 0.0, ""R2036"": 0.0, ""R2061"": 0.0, ""R2208"": 0.0, ""R2211"": 0.0, ""R2214"": 0.0, ""R2270"": 0.0, ""R2272"": 0.0, ""R2273"": 0.0, ""R2275"": 0.0, ""R2278"": 0.0, ""R2280"": 0.0, ""DIAG_GLYPRO_SOURCE"": 0.0}"	"{""growth_floor"": 1.4291778922791887, ""objective_is_total_flux"": true}"
