order	stage	reaction_id	field	before	after	field_source	effective_notes
0	before_gap_fill	R_PGAM1_PhosHydro	name	null	null	fixed current annotated species/GPR catalog; four target columns removed for bounded replay	{}
0	before_gap_fill	R_PGAM1_PhosHydro	stoichiometry	null	null	fixed current annotated species/GPR catalog; four target columns removed for bounded replay	{}
0	before_gap_fill	R_PGAM1_PhosHydro	bounds	null	null	fixed current annotated species/GPR catalog; four target columns removed for bounded replay	{}
0	before_gap_fill	R_PGAM1_PhosHydro	gpr	null	null	fixed current annotated species/GPR catalog; four target columns removed for bounded replay	{}
0	before_gap_fill	R_NTP3pp	name	null	null	fixed current annotated species/GPR catalog; four target columns removed for bounded replay	{}
0	before_gap_fill	R_NTP3pp	stoichiometry	null	null	fixed current annotated species/GPR catalog; four target columns removed for bounded replay	{}
0	before_gap_fill	R_NTP3pp	bounds	null	null	fixed current annotated species/GPR catalog; four target columns removed for bounded replay	{}
0	before_gap_fill	R_NTP3pp	gpr	null	null	fixed current annotated species/GPR catalog; four target columns removed for bounded replay	{}
0	before_gap_fill	R_NTP7	name	null	null	fixed current annotated species/GPR catalog; four target columns removed for bounded replay	{}
0	before_gap_fill	R_NTP7	stoichiometry	null	null	fixed current annotated species/GPR catalog; four target columns removed for bounded replay	{}
0	before_gap_fill	R_NTP7	bounds	null	null	fixed current annotated species/GPR catalog; four target columns removed for bounded replay	{}
0	before_gap_fill	R_NTP7	gpr	null	null	fixed current annotated species/GPR catalog; four target columns removed for bounded replay	{}
0	before_gap_fill	r0242	name	null	null	fixed current annotated species/GPR catalog; four target columns removed for bounded replay	{}
0	before_gap_fill	r0242	stoichiometry	null	null	fixed current annotated species/GPR catalog; four target columns removed for bounded replay	{}
0	before_gap_fill	r0242	bounds	null	null	fixed current annotated species/GPR catalog; four target columns removed for bounded replay	{}
0	before_gap_fill	r0242	gpr	null	null	fixed current annotated species/GPR catalog; four target columns removed for bounded replay	{}
0	before_gap_fill	R2010	name	null	"""Dihydroxyacetone kinase"""	fixed current annotated species/GPR catalog; four target columns removed for bounded replay	{}
0	before_gap_fill	R2010	stoichiometry	null	"{""m141[C_cy]"": -1.0, ""m1881[C_cy]"": -1.0, ""m10[C_cy]"": 2.0, ""m143[C_cy]"": 1.0, ""m456[C_cy]"": 1.0}"	fixed current annotated species/GPR catalog; four target columns removed for bounded replay	{}
0	before_gap_fill	R2010	bounds	null	[0.0, 1000.0]	fixed current annotated species/GPR catalog; four target columns removed for bounded replay	{}
0	before_gap_fill	R2010	gpr	null	""""""	fixed current annotated species/GPR catalog; four target columns removed for bounded replay	{}
1	after_gap_fill	R_PGAM1_PhosHydro	name	null	"""R_PGAM1_PhosHydro"""	gaps.add_gap_fill_reactions + exact scoped rows from gap_fill_prioritized.csv/direction_curation.csv	"{""gap_fill_direction_status"": ""active"", ""gap_fill_stoichiometry_action"": ""reverse"", ""gap_fill_direction_evidence"": ""https://www.kegg.jp/entry/R00208"", ""gap_fill_direction_rationale"": ""Encode phosphoenolpyruvate phosphatase in its hydrolysis direction; the generated candidate equation is reversed relative to KEGG R00208.""}"
1	after_gap_fill	R_PGAM1_PhosHydro	stoichiometry	null	"{""m4[C_cy]"": 1.0, ""m35[C_cy]"": 1.0, ""m107[C_cy]"": -1.0, ""m32[C_cy]"": -1.0}"	gaps.add_gap_fill_reactions + exact scoped rows from gap_fill_prioritized.csv/direction_curation.csv	"{""gap_fill_direction_status"": ""active"", ""gap_fill_stoichiometry_action"": ""reverse"", ""gap_fill_direction_evidence"": ""https://www.kegg.jp/entry/R00208"", ""gap_fill_direction_rationale"": ""Encode phosphoenolpyruvate phosphatase in its hydrolysis direction; the generated candidate equation is reversed relative to KEGG R00208.""}"
1	after_gap_fill	R_PGAM1_PhosHydro	bounds	null	[0.0, 1000.0]	gaps.add_gap_fill_reactions + exact scoped rows from gap_fill_prioritized.csv/direction_curation.csv	"{""gap_fill_direction_status"": ""active"", ""gap_fill_stoichiometry_action"": ""reverse"", ""gap_fill_direction_evidence"": ""https://www.kegg.jp/entry/R00208"", ""gap_fill_direction_rationale"": ""Encode phosphoenolpyruvate phosphatase in its hydrolysis direction; the generated candidate equation is reversed relative to KEGG R00208.""}"
1	after_gap_fill	R_PGAM1_PhosHydro	gpr	null	"""YALI1E41893g"""	gaps.add_gap_fill_reactions + exact scoped rows from gap_fill_prioritized.csv/direction_curation.csv	"{""gap_fill_direction_status"": ""active"", ""gap_fill_stoichiometry_action"": ""reverse"", ""gap_fill_direction_evidence"": ""https://www.kegg.jp/entry/R00208"", ""gap_fill_direction_rationale"": ""Encode phosphoenolpyruvate phosphatase in its hydrolysis direction; the generated candidate equation is reversed relative to KEGG R00208.""}"
1	after_gap_fill	R_NTP3pp	name	null	"""R_NTP3pp"""	gaps.add_gap_fill_reactions + exact scoped rows from gap_fill_prioritized.csv/direction_curation.csv	"{""gap_fill_direction_status"": ""active"", ""gap_fill_stoichiometry_action"": ""reverse"", ""gap_fill_direction_evidence"": ""https://www.kegg.jp/entry/R00335"", ""gap_fill_direction_rationale"": ""Encode GTP phosphohydrolase in its hydrolysis direction; the generated candidate equation is reversed relative to KEGG R00335.""}"
1	after_gap_fill	R_NTP3pp	stoichiometry	null	"{""m268[C_cy]"": 1.0, ""m10[C_cy]"": 1.0, ""m35[C_cy]"": 1.0, ""m266[C_cy]"": -1.0, ""m32[C_cy]"": -1.0}"	gaps.add_gap_fill_reactions + exact scoped rows from gap_fill_prioritized.csv/direction_curation.csv	"{""gap_fill_direction_status"": ""active"", ""gap_fill_stoichiometry_action"": ""reverse"", ""gap_fill_direction_evidence"": ""https://www.kegg.jp/entry/R00335"", ""gap_fill_direction_rationale"": ""Encode GTP phosphohydrolase in its hydrolysis direction; the generated candidate equation is reversed relative to KEGG R00335.""}"
1	after_gap_fill	R_NTP3pp	bounds	null	[0.0, 1000.0]	gaps.add_gap_fill_reactions + exact scoped rows from gap_fill_prioritized.csv/direction_curation.csv	"{""gap_fill_direction_status"": ""active"", ""gap_fill_stoichiometry_action"": ""reverse"", ""gap_fill_direction_evidence"": ""https://www.kegg.jp/entry/R00335"", ""gap_fill_direction_rationale"": ""Encode GTP phosphohydrolase in its hydrolysis direction; the generated candidate equation is reversed relative to KEGG R00335.""}"
1	after_gap_fill	R_NTP3pp	gpr	null	"""YALI1E41893g"""	gaps.add_gap_fill_reactions + exact scoped rows from gap_fill_prioritized.csv/direction_curation.csv	"{""gap_fill_direction_status"": ""active"", ""gap_fill_stoichiometry_action"": ""reverse"", ""gap_fill_direction_evidence"": ""https://www.kegg.jp/entry/R00335"", ""gap_fill_direction_rationale"": ""Encode GTP phosphohydrolase in its hydrolysis direction; the generated candidate equation is reversed relative to KEGG R00335.""}"
1	after_gap_fill	R_NTP7	name	null	"""R_NTP7"""	gaps.add_gap_fill_reactions + exact scoped rows from gap_fill_prioritized.csv/direction_curation.csv	"{""gap_fill_direction_status"": ""active"", ""gap_fill_stoichiometry_action"": ""keep"", ""gap_fill_direction_evidence"": ""https://www.kegg.jp/entry/R00159"", ""gap_fill_direction_rationale"": ""The generated equation already encodes UTP hydrolysis; disallow the thermodynamically unsupported reverse phosphorylation.""}"
1	after_gap_fill	R_NTP7	stoichiometry	null	"{""m439[C_cy]"": -1.0, ""m32[C_cy]"": -1.0, ""m11[C_cy]"": 1.0, ""m10[C_cy]"": 1.0, ""m35[C_cy]"": 1.0}"	gaps.add_gap_fill_reactions + exact scoped rows from gap_fill_prioritized.csv/direction_curation.csv	"{""gap_fill_direction_status"": ""active"", ""gap_fill_stoichiometry_action"": ""keep"", ""gap_fill_direction_evidence"": ""https://www.kegg.jp/entry/R00159"", ""gap_fill_direction_rationale"": ""The generated equation already encodes UTP hydrolysis; disallow the thermodynamically unsupported reverse phosphorylation.""}"
1	after_gap_fill	R_NTP7	bounds	null	[0.0, 1000.0]	gaps.add_gap_fill_reactions + exact scoped rows from gap_fill_prioritized.csv/direction_curation.csv	"{""gap_fill_direction_status"": ""active"", ""gap_fill_stoichiometry_action"": ""keep"", ""gap_fill_direction_evidence"": ""https://www.kegg.jp/entry/R00159"", ""gap_fill_direction_rationale"": ""The generated equation already encodes UTP hydrolysis; disallow the thermodynamically unsupported reverse phosphorylation.""}"
1	after_gap_fill	R_NTP7	gpr	null	"""YALI1E41893g"""	gaps.add_gap_fill_reactions + exact scoped rows from gap_fill_prioritized.csv/direction_curation.csv	"{""gap_fill_direction_status"": ""active"", ""gap_fill_stoichiometry_action"": ""keep"", ""gap_fill_direction_evidence"": ""https://www.kegg.jp/entry/R00159"", ""gap_fill_direction_rationale"": ""The generated equation already encodes UTP hydrolysis; disallow the thermodynamically unsupported reverse phosphorylation.""}"
1	after_gap_fill	r0242	name	null	"""r0242"""	gaps.add_gap_fill_reactions + exact scoped rows from gap_fill_prioritized.csv/direction_curation.csv	"{""gap_fill_direction_status"": ""legacy_unreviewed""}"
1	after_gap_fill	r0242	stoichiometry	null	"{""m1881[C_cy]"": -1.0, ""m35[C_cy]"": -1.0, ""m456[C_cy]"": 1.0, ""m32[C_cy]"": 1.0}"	gaps.add_gap_fill_reactions + exact scoped rows from gap_fill_prioritized.csv/direction_curation.csv	"{""gap_fill_direction_status"": ""legacy_unreviewed""}"
1	after_gap_fill	r0242	bounds	null	[-1000.0, 1000.0]	gaps.add_gap_fill_reactions + exact scoped rows from gap_fill_prioritized.csv/direction_curation.csv	"{""gap_fill_direction_status"": ""legacy_unreviewed""}"
1	after_gap_fill	r0242	gpr	null	"""YALI1E41893g"""	gaps.add_gap_fill_reactions + exact scoped rows from gap_fill_prioritized.csv/direction_curation.csv	"{""gap_fill_direction_status"": ""legacy_unreviewed""}"
1	after_gap_fill	R2010	name	"""Dihydroxyacetone kinase"""	"""Dihydroxyacetone kinase"""	gaps.add_gap_fill_reactions + exact scoped rows from gap_fill_prioritized.csv/direction_curation.csv	{}
1	after_gap_fill	R2010	stoichiometry	"{""m141[C_cy]"": -1.0, ""m1881[C_cy]"": -1.0, ""m10[C_cy]"": 2.0, ""m143[C_cy]"": 1.0, ""m456[C_cy]"": 1.0}"	"{""m141[C_cy]"": -1.0, ""m1881[C_cy]"": -1.0, ""m10[C_cy]"": 2.0, ""m143[C_cy]"": 1.0, ""m456[C_cy]"": 1.0}"	gaps.add_gap_fill_reactions + exact scoped rows from gap_fill_prioritized.csv/direction_curation.csv	{}
1	after_gap_fill	R2010	bounds	[0.0, 1000.0]	[0.0, 1000.0]	gaps.add_gap_fill_reactions + exact scoped rows from gap_fill_prioritized.csv/direction_curation.csv	{}
1	after_gap_fill	R2010	gpr	""""""	""""""	gaps.add_gap_fill_reactions + exact scoped rows from gap_fill_prioritized.csv/direction_curation.csv	{}
2	after_charge_aware_balance	R_PGAM1_PhosHydro	name	"""R_PGAM1_PhosHydro"""	"""R_PGAM1_PhosHydro"""	metabolites.fix_proton_water_balance on five-column scoped replay	"{""gap_fill_direction_status"": ""active"", ""gap_fill_stoichiometry_action"": ""reverse"", ""gap_fill_direction_evidence"": ""https://www.kegg.jp/entry/R00208"", ""gap_fill_direction_rationale"": ""Encode phosphoenolpyruvate phosphatase in its hydrolysis direction; the generated candidate equation is reversed relative to KEGG R00208.""}"
2	after_charge_aware_balance	R_PGAM1_PhosHydro	stoichiometry	"{""m4[C_cy]"": 1.0, ""m35[C_cy]"": 1.0, ""m107[C_cy]"": -1.0, ""m32[C_cy]"": -1.0}"	"{""m4[C_cy]"": 1.0, ""m35[C_cy]"": 1.0, ""m107[C_cy]"": -1.0, ""m32[C_cy]"": -1.0}"	metabolites.fix_proton_water_balance on five-column scoped replay	"{""gap_fill_direction_status"": ""active"", ""gap_fill_stoichiometry_action"": ""reverse"", ""gap_fill_direction_evidence"": ""https://www.kegg.jp/entry/R00208"", ""gap_fill_direction_rationale"": ""Encode phosphoenolpyruvate phosphatase in its hydrolysis direction; the generated candidate equation is reversed relative to KEGG R00208.""}"
2	after_charge_aware_balance	R_PGAM1_PhosHydro	bounds	[0.0, 1000.0]	[0.0, 1000.0]	metabolites.fix_proton_water_balance on five-column scoped replay	"{""gap_fill_direction_status"": ""active"", ""gap_fill_stoichiometry_action"": ""reverse"", ""gap_fill_direction_evidence"": ""https://www.kegg.jp/entry/R00208"", ""gap_fill_direction_rationale"": ""Encode phosphoenolpyruvate phosphatase in its hydrolysis direction; the generated candidate equation is reversed relative to KEGG R00208.""}"
2	after_charge_aware_balance	R_PGAM1_PhosHydro	gpr	"""YALI1E41893g"""	"""YALI1E41893g"""	metabolites.fix_proton_water_balance on five-column scoped replay	"{""gap_fill_direction_status"": ""active"", ""gap_fill_stoichiometry_action"": ""reverse"", ""gap_fill_direction_evidence"": ""https://www.kegg.jp/entry/R00208"", ""gap_fill_direction_rationale"": ""Encode phosphoenolpyruvate phosphatase in its hydrolysis direction; the generated candidate equation is reversed relative to KEGG R00208.""}"
2	after_charge_aware_balance	R_NTP3pp	name	"""R_NTP3pp"""	"""R_NTP3pp"""	metabolites.fix_proton_water_balance on five-column scoped replay	"{""gap_fill_direction_status"": ""active"", ""gap_fill_stoichiometry_action"": ""reverse"", ""gap_fill_direction_evidence"": ""https://www.kegg.jp/entry/R00335"", ""gap_fill_direction_rationale"": ""Encode GTP phosphohydrolase in its hydrolysis direction; the generated candidate equation is reversed relative to KEGG R00335.""}"
2	after_charge_aware_balance	R_NTP3pp	stoichiometry	"{""m268[C_cy]"": 1.0, ""m10[C_cy]"": 1.0, ""m35[C_cy]"": 1.0, ""m266[C_cy]"": -1.0, ""m32[C_cy]"": -1.0}"	"{""m268[C_cy]"": 1.0, ""m35[C_cy]"": 1.0, ""m266[C_cy]"": -1.0, ""m32[C_cy]"": -1.0}"	metabolites.fix_proton_water_balance on five-column scoped replay	"{""gap_fill_direction_status"": ""active"", ""gap_fill_stoichiometry_action"": ""reverse"", ""gap_fill_direction_evidence"": ""https://www.kegg.jp/entry/R00335"", ""gap_fill_direction_rationale"": ""Encode GTP phosphohydrolase in its hydrolysis direction; the generated candidate equation is reversed relative to KEGG R00335.""}"
2	after_charge_aware_balance	R_NTP3pp	bounds	[0.0, 1000.0]	[0.0, 1000.0]	metabolites.fix_proton_water_balance on five-column scoped replay	"{""gap_fill_direction_status"": ""active"", ""gap_fill_stoichiometry_action"": ""reverse"", ""gap_fill_direction_evidence"": ""https://www.kegg.jp/entry/R00335"", ""gap_fill_direction_rationale"": ""Encode GTP phosphohydrolase in its hydrolysis direction; the generated candidate equation is reversed relative to KEGG R00335.""}"
2	after_charge_aware_balance	R_NTP3pp	gpr	"""YALI1E41893g"""	"""YALI1E41893g"""	metabolites.fix_proton_water_balance on five-column scoped replay	"{""gap_fill_direction_status"": ""active"", ""gap_fill_stoichiometry_action"": ""reverse"", ""gap_fill_direction_evidence"": ""https://www.kegg.jp/entry/R00335"", ""gap_fill_direction_rationale"": ""Encode GTP phosphohydrolase in its hydrolysis direction; the generated candidate equation is reversed relative to KEGG R00335.""}"
2	after_charge_aware_balance	R_NTP7	name	"""R_NTP7"""	"""R_NTP7"""	metabolites.fix_proton_water_balance on five-column scoped replay	"{""gap_fill_direction_status"": ""active"", ""gap_fill_stoichiometry_action"": ""keep"", ""gap_fill_direction_evidence"": ""https://www.kegg.jp/entry/R00159"", ""gap_fill_direction_rationale"": ""The generated equation already encodes UTP hydrolysis; disallow the thermodynamically unsupported reverse phosphorylation.""}"
2	after_charge_aware_balance	R_NTP7	stoichiometry	"{""m439[C_cy]"": -1.0, ""m32[C_cy]"": -1.0, ""m11[C_cy]"": 1.0, ""m10[C_cy]"": 1.0, ""m35[C_cy]"": 1.0}"	"{""m439[C_cy]"": -1.0, ""m32[C_cy]"": -1.0, ""m11[C_cy]"": 1.0, ""m35[C_cy]"": 1.0}"	metabolites.fix_proton_water_balance on five-column scoped replay	"{""gap_fill_direction_status"": ""active"", ""gap_fill_stoichiometry_action"": ""keep"", ""gap_fill_direction_evidence"": ""https://www.kegg.jp/entry/R00159"", ""gap_fill_direction_rationale"": ""The generated equation already encodes UTP hydrolysis; disallow the thermodynamically unsupported reverse phosphorylation.""}"
2	after_charge_aware_balance	R_NTP7	bounds	[0.0, 1000.0]	[0.0, 1000.0]	metabolites.fix_proton_water_balance on five-column scoped replay	"{""gap_fill_direction_status"": ""active"", ""gap_fill_stoichiometry_action"": ""keep"", ""gap_fill_direction_evidence"": ""https://www.kegg.jp/entry/R00159"", ""gap_fill_direction_rationale"": ""The generated equation already encodes UTP hydrolysis; disallow the thermodynamically unsupported reverse phosphorylation.""}"
2	after_charge_aware_balance	R_NTP7	gpr	"""YALI1E41893g"""	"""YALI1E41893g"""	metabolites.fix_proton_water_balance on five-column scoped replay	"{""gap_fill_direction_status"": ""active"", ""gap_fill_stoichiometry_action"": ""keep"", ""gap_fill_direction_evidence"": ""https://www.kegg.jp/entry/R00159"", ""gap_fill_direction_rationale"": ""The generated equation already encodes UTP hydrolysis; disallow the thermodynamically unsupported reverse phosphorylation.""}"
2	after_charge_aware_balance	r0242	name	"""r0242"""	"""r0242"""	metabolites.fix_proton_water_balance on five-column scoped replay	"{""gap_fill_direction_status"": ""legacy_unreviewed""}"
2	after_charge_aware_balance	r0242	stoichiometry	"{""m1881[C_cy]"": -1.0, ""m35[C_cy]"": -1.0, ""m456[C_cy]"": 1.0, ""m32[C_cy]"": 1.0}"	"{""m1881[C_cy]"": -1.0, ""m35[C_cy]"": -1.0, ""m456[C_cy]"": 1.0, ""m32[C_cy]"": 1.0, ""m10[C_cy]"": 2.0}"	metabolites.fix_proton_water_balance on five-column scoped replay	"{""gap_fill_direction_status"": ""legacy_unreviewed""}"
2	after_charge_aware_balance	r0242	bounds	[-1000.0, 1000.0]	[-1000.0, 1000.0]	metabolites.fix_proton_water_balance on five-column scoped replay	"{""gap_fill_direction_status"": ""legacy_unreviewed""}"
2	after_charge_aware_balance	r0242	gpr	"""YALI1E41893g"""	"""YALI1E41893g"""	metabolites.fix_proton_water_balance on five-column scoped replay	"{""gap_fill_direction_status"": ""legacy_unreviewed""}"
2	after_charge_aware_balance	R2010	name	"""Dihydroxyacetone kinase"""	"""Dihydroxyacetone kinase"""	metabolites.fix_proton_water_balance on five-column scoped replay	{}
2	after_charge_aware_balance	R2010	stoichiometry	"{""m141[C_cy]"": -1.0, ""m1881[C_cy]"": -1.0, ""m10[C_cy]"": 2.0, ""m143[C_cy]"": 1.0, ""m456[C_cy]"": 1.0}"	"{""m141[C_cy]"": -1.0, ""m1881[C_cy]"": -1.0, ""m10[C_cy]"": 2.0, ""m143[C_cy]"": 1.0, ""m456[C_cy]"": 1.0}"	metabolites.fix_proton_water_balance on five-column scoped replay	{}
2	after_charge_aware_balance	R2010	bounds	[0.0, 1000.0]	[0.0, 1000.0]	metabolites.fix_proton_water_balance on five-column scoped replay	{}
2	after_charge_aware_balance	R2010	gpr	""""""	""""""	metabolites.fix_proton_water_balance on five-column scoped replay	{}
3	after_metadata_selection_E0	R_PGAM1_PhosHydro	name	"""R_PGAM1_PhosHydro"""	"""R_PGAM1_PhosHydro"""	data/metadata_reaction_selection.json: explicit bounds/stoichiometry fields	"{""metadata_previous_gap_fill_direction_status"": ""active"", ""metadata_previous_gap_fill_stoichiometry_action"": ""reverse"", ""metadata_previous_gap_fill_direction_evidence"": ""https://www.kegg.jp/entry/R00208"", ""metadata_previous_gap_fill_direction_rationale"": ""Encode phosphoenolpyruvate phosphatase in its hydrolysis direction; the generated candidate equation is reversed relative to KEGG R00208."", ""metadata_reaction_selection"": ""metadata_reaction_fields_preserve_trna_20260910"", ""metadata_selected_fields"": ""bounds; stoichiometry"", ""metadata_selection_source_sha256"": ""33c14f0c524197ec732e09ba86c4382d5b21bc25b4bd73b18eba5f452dd7e797"", ""metadata_selection_evidence_status"": ""User-selected model version; not new validation of chemistry or native gene function""}"
3	after_metadata_selection_E0	R_PGAM1_PhosHydro	stoichiometry	"{""m4[C_cy]"": 1.0, ""m35[C_cy]"": 1.0, ""m107[C_cy]"": -1.0, ""m32[C_cy]"": -1.0}"	"{""m4[C_cy]"": -1.0, ""m35[C_cy]"": -1.0, ""m107[C_cy]"": 1.0, ""m32[C_cy]"": 1.0}"	data/metadata_reaction_selection.json: explicit bounds/stoichiometry fields	"{""metadata_previous_gap_fill_direction_status"": ""active"", ""metadata_previous_gap_fill_stoichiometry_action"": ""reverse"", ""metadata_previous_gap_fill_direction_evidence"": ""https://www.kegg.jp/entry/R00208"", ""metadata_previous_gap_fill_direction_rationale"": ""Encode phosphoenolpyruvate phosphatase in its hydrolysis direction; the generated candidate equation is reversed relative to KEGG R00208."", ""metadata_reaction_selection"": ""metadata_reaction_fields_preserve_trna_20260910"", ""metadata_selected_fields"": ""bounds; stoichiometry"", ""metadata_selection_source_sha256"": ""33c14f0c524197ec732e09ba86c4382d5b21bc25b4bd73b18eba5f452dd7e797"", ""metadata_selection_evidence_status"": ""User-selected model version; not new validation of chemistry or native gene function""}"
3	after_metadata_selection_E0	R_PGAM1_PhosHydro	bounds	[0.0, 1000.0]	[-1000.0, 1000.0]	data/metadata_reaction_selection.json: explicit bounds/stoichiometry fields	"{""metadata_previous_gap_fill_direction_status"": ""active"", ""metadata_previous_gap_fill_stoichiometry_action"": ""reverse"", ""metadata_previous_gap_fill_direction_evidence"": ""https://www.kegg.jp/entry/R00208"", ""metadata_previous_gap_fill_direction_rationale"": ""Encode phosphoenolpyruvate phosphatase in its hydrolysis direction; the generated candidate equation is reversed relative to KEGG R00208."", ""metadata_reaction_selection"": ""metadata_reaction_fields_preserve_trna_20260910"", ""metadata_selected_fields"": ""bounds; stoichiometry"", ""metadata_selection_source_sha256"": ""33c14f0c524197ec732e09ba86c4382d5b21bc25b4bd73b18eba5f452dd7e797"", ""metadata_selection_evidence_status"": ""User-selected model version; not new validation of chemistry or native gene function""}"
3	after_metadata_selection_E0	R_PGAM1_PhosHydro	gpr	"""YALI1E41893g"""	"""YALI1E41893g"""	data/metadata_reaction_selection.json: explicit bounds/stoichiometry fields	"{""metadata_previous_gap_fill_direction_status"": ""active"", ""metadata_previous_gap_fill_stoichiometry_action"": ""reverse"", ""metadata_previous_gap_fill_direction_evidence"": ""https://www.kegg.jp/entry/R00208"", ""metadata_previous_gap_fill_direction_rationale"": ""Encode phosphoenolpyruvate phosphatase in its hydrolysis direction; the generated candidate equation is reversed relative to KEGG R00208."", ""metadata_reaction_selection"": ""metadata_reaction_fields_preserve_trna_20260910"", ""metadata_selected_fields"": ""bounds; stoichiometry"", ""metadata_selection_source_sha256"": ""33c14f0c524197ec732e09ba86c4382d5b21bc25b4bd73b18eba5f452dd7e797"", ""metadata_selection_evidence_status"": ""User-selected model version; not new validation of chemistry or native gene function""}"
3	after_metadata_selection_E0	R_NTP3pp	name	"""R_NTP3pp"""	"""R_NTP3pp"""	data/metadata_reaction_selection.json: explicit bounds/stoichiometry fields	"{""metadata_previous_gap_fill_direction_status"": ""active"", ""metadata_previous_gap_fill_stoichiometry_action"": ""reverse"", ""metadata_previous_gap_fill_direction_evidence"": ""https://www.kegg.jp/entry/R00335"", ""metadata_previous_gap_fill_direction_rationale"": ""Encode GTP phosphohydrolase in its hydrolysis direction; the generated candidate equation is reversed relative to KEGG R00335."", ""metadata_reaction_selection"": ""metadata_reaction_fields_preserve_trna_20260910"", ""metadata_selected_fields"": ""bounds; stoichiometry"", ""metadata_selection_source_sha256"": ""33c14f0c524197ec732e09ba86c4382d5b21bc25b4bd73b18eba5f452dd7e797"", ""metadata_selection_evidence_status"": ""User-selected model version; not new validation of chemistry or native gene function""}"
3	after_metadata_selection_E0	R_NTP3pp	stoichiometry	"{""m268[C_cy]"": 1.0, ""m35[C_cy]"": 1.0, ""m266[C_cy]"": -1.0, ""m32[C_cy]"": -1.0}"	"{""m268[C_cy]"": -1.0, ""m35[C_cy]"": -1.0, ""m266[C_cy]"": 1.0, ""m32[C_cy]"": 1.0, ""m10[C_cy]"": -1.0}"	data/metadata_reaction_selection.json: explicit bounds/stoichiometry fields	"{""metadata_previous_gap_fill_direction_status"": ""active"", ""metadata_previous_gap_fill_stoichiometry_action"": ""reverse"", ""metadata_previous_gap_fill_direction_evidence"": ""https://www.kegg.jp/entry/R00335"", ""metadata_previous_gap_fill_direction_rationale"": ""Encode GTP phosphohydrolase in its hydrolysis direction; the generated candidate equation is reversed relative to KEGG R00335."", ""metadata_reaction_selection"": ""metadata_reaction_fields_preserve_trna_20260910"", ""metadata_selected_fields"": ""bounds; stoichiometry"", ""metadata_selection_source_sha256"": ""33c14f0c524197ec732e09ba86c4382d5b21bc25b4bd73b18eba5f452dd7e797"", ""metadata_selection_evidence_status"": ""User-selected model version; not new validation of chemistry or native gene function""}"
3	after_metadata_selection_E0	R_NTP3pp	bounds	[0.0, 1000.0]	[-1000.0, 1000.0]	data/metadata_reaction_selection.json: explicit bounds/stoichiometry fields	"{""metadata_previous_gap_fill_direction_status"": ""active"", ""metadata_previous_gap_fill_stoichiometry_action"": ""reverse"", ""metadata_previous_gap_fill_direction_evidence"": ""https://www.kegg.jp/entry/R00335"", ""metadata_previous_gap_fill_direction_rationale"": ""Encode GTP phosphohydrolase in its hydrolysis direction; the generated candidate equation is reversed relative to KEGG R00335."", ""metadata_reaction_selection"": ""metadata_reaction_fields_preserve_trna_20260910"", ""metadata_selected_fields"": ""bounds; stoichiometry"", ""metadata_selection_source_sha256"": ""33c14f0c524197ec732e09ba86c4382d5b21bc25b4bd73b18eba5f452dd7e797"", ""metadata_selection_evidence_status"": ""User-selected model version; not new validation of chemistry or native gene function""}"
3	after_metadata_selection_E0	R_NTP3pp	gpr	"""YALI1E41893g"""	"""YALI1E41893g"""	data/metadata_reaction_selection.json: explicit bounds/stoichiometry fields	"{""metadata_previous_gap_fill_direction_status"": ""active"", ""metadata_previous_gap_fill_stoichiometry_action"": ""reverse"", ""metadata_previous_gap_fill_direction_evidence"": ""https://www.kegg.jp/entry/R00335"", ""metadata_previous_gap_fill_direction_rationale"": ""Encode GTP phosphohydrolase in its hydrolysis direction; the generated candidate equation is reversed relative to KEGG R00335."", ""metadata_reaction_selection"": ""metadata_reaction_fields_preserve_trna_20260910"", ""metadata_selected_fields"": ""bounds; stoichiometry"", ""metadata_selection_source_sha256"": ""33c14f0c524197ec732e09ba86c4382d5b21bc25b4bd73b18eba5f452dd7e797"", ""metadata_selection_evidence_status"": ""User-selected model version; not new validation of chemistry or native gene function""}"
3	after_metadata_selection_E0	R_NTP7	name	"""R_NTP7"""	"""R_NTP7"""	data/metadata_reaction_selection.json: explicit bounds/stoichiometry fields	"{""metadata_previous_gap_fill_direction_status"": ""active"", ""metadata_previous_gap_fill_stoichiometry_action"": ""keep"", ""metadata_previous_gap_fill_direction_evidence"": ""https://www.kegg.jp/entry/R00159"", ""metadata_previous_gap_fill_direction_rationale"": ""The generated equation already encodes UTP hydrolysis; disallow the thermodynamically unsupported reverse phosphorylation."", ""metadata_reaction_selection"": ""metadata_reaction_fields_preserve_trna_20260910"", ""metadata_selected_fields"": ""bounds; stoichiometry"", ""metadata_selection_source_sha256"": ""33c14f0c524197ec732e09ba86c4382d5b21bc25b4bd73b18eba5f452dd7e797"", ""metadata_selection_evidence_status"": ""User-selected model version; not new validation of chemistry or native gene function""}"
3	after_metadata_selection_E0	R_NTP7	stoichiometry	"{""m439[C_cy]"": -1.0, ""m32[C_cy]"": -1.0, ""m11[C_cy]"": 1.0, ""m35[C_cy]"": 1.0}"	"{""m439[C_cy]"": -1.0, ""m32[C_cy]"": -1.0, ""m11[C_cy]"": 1.0, ""m35[C_cy]"": 1.0, ""m10[C_cy]"": 1.0}"	data/metadata_reaction_selection.json: explicit bounds/stoichiometry fields	"{""metadata_previous_gap_fill_direction_status"": ""active"", ""metadata_previous_gap_fill_stoichiometry_action"": ""keep"", ""metadata_previous_gap_fill_direction_evidence"": ""https://www.kegg.jp/entry/R00159"", ""metadata_previous_gap_fill_direction_rationale"": ""The generated equation already encodes UTP hydrolysis; disallow the thermodynamically unsupported reverse phosphorylation."", ""metadata_reaction_selection"": ""metadata_reaction_fields_preserve_trna_20260910"", ""metadata_selected_fields"": ""bounds; stoichiometry"", ""metadata_selection_source_sha256"": ""33c14f0c524197ec732e09ba86c4382d5b21bc25b4bd73b18eba5f452dd7e797"", ""metadata_selection_evidence_status"": ""User-selected model version; not new validation of chemistry or native gene function""}"
3	after_metadata_selection_E0	R_NTP7	bounds	[0.0, 1000.0]	[-1000.0, 1000.0]	data/metadata_reaction_selection.json: explicit bounds/stoichiometry fields	"{""metadata_previous_gap_fill_direction_status"": ""active"", ""metadata_previous_gap_fill_stoichiometry_action"": ""keep"", ""metadata_previous_gap_fill_direction_evidence"": ""https://www.kegg.jp/entry/R00159"", ""metadata_previous_gap_fill_direction_rationale"": ""The generated equation already encodes UTP hydrolysis; disallow the thermodynamically unsupported reverse phosphorylation."", ""metadata_reaction_selection"": ""metadata_reaction_fields_preserve_trna_20260910"", ""metadata_selected_fields"": ""bounds; stoichiometry"", ""metadata_selection_source_sha256"": ""33c14f0c524197ec732e09ba86c4382d5b21bc25b4bd73b18eba5f452dd7e797"", ""metadata_selection_evidence_status"": ""User-selected model version; not new validation of chemistry or native gene function""}"
3	after_metadata_selection_E0	R_NTP7	gpr	"""YALI1E41893g"""	"""YALI1E41893g"""	data/metadata_reaction_selection.json: explicit bounds/stoichiometry fields	"{""metadata_previous_gap_fill_direction_status"": ""active"", ""metadata_previous_gap_fill_stoichiometry_action"": ""keep"", ""metadata_previous_gap_fill_direction_evidence"": ""https://www.kegg.jp/entry/R00159"", ""metadata_previous_gap_fill_direction_rationale"": ""The generated equation already encodes UTP hydrolysis; disallow the thermodynamically unsupported reverse phosphorylation."", ""metadata_reaction_selection"": ""metadata_reaction_fields_preserve_trna_20260910"", ""metadata_selected_fields"": ""bounds; stoichiometry"", ""metadata_selection_source_sha256"": ""33c14f0c524197ec732e09ba86c4382d5b21bc25b4bd73b18eba5f452dd7e797"", ""metadata_selection_evidence_status"": ""User-selected model version; not new validation of chemistry or native gene function""}"
3	after_metadata_selection_E0	r0242	name	"""r0242"""	"""r0242"""	data/metadata_reaction_selection.json: explicit bounds/stoichiometry fields	"{""metadata_previous_gap_fill_direction_status"": ""legacy_unreviewed"", ""metadata_reaction_selection"": ""metadata_reaction_fields_preserve_trna_20260910"", ""metadata_selected_fields"": ""stoichiometry"", ""metadata_selection_source_sha256"": ""33c14f0c524197ec732e09ba86c4382d5b21bc25b4bd73b18eba5f452dd7e797"", ""metadata_selection_evidence_status"": ""User-selected model version; not new validation of chemistry or native gene function""}"
3	after_metadata_selection_E0	r0242	stoichiometry	"{""m1881[C_cy]"": -1.0, ""m35[C_cy]"": -1.0, ""m456[C_cy]"": 1.0, ""m32[C_cy]"": 1.0, ""m10[C_cy]"": 2.0}"	"{""m1881[C_cy]"": -1.0, ""m35[C_cy]"": -1.0, ""m456[C_cy]"": 1.0, ""m32[C_cy]"": 1.0}"	data/metadata_reaction_selection.json: explicit bounds/stoichiometry fields	"{""metadata_previous_gap_fill_direction_status"": ""legacy_unreviewed"", ""metadata_reaction_selection"": ""metadata_reaction_fields_preserve_trna_20260910"", ""metadata_selected_fields"": ""stoichiometry"", ""metadata_selection_source_sha256"": ""33c14f0c524197ec732e09ba86c4382d5b21bc25b4bd73b18eba5f452dd7e797"", ""metadata_selection_evidence_status"": ""User-selected model version; not new validation of chemistry or native gene function""}"
3	after_metadata_selection_E0	r0242	bounds	[-1000.0, 1000.0]	[-1000.0, 1000.0]	data/metadata_reaction_selection.json: explicit bounds/stoichiometry fields	"{""metadata_previous_gap_fill_direction_status"": ""legacy_unreviewed"", ""metadata_reaction_selection"": ""metadata_reaction_fields_preserve_trna_20260910"", ""metadata_selected_fields"": ""stoichiometry"", ""metadata_selection_source_sha256"": ""33c14f0c524197ec732e09ba86c4382d5b21bc25b4bd73b18eba5f452dd7e797"", ""metadata_selection_evidence_status"": ""User-selected model version; not new validation of chemistry or native gene function""}"
3	after_metadata_selection_E0	r0242	gpr	"""YALI1E41893g"""	"""YALI1E41893g"""	data/metadata_reaction_selection.json: explicit bounds/stoichiometry fields	"{""metadata_previous_gap_fill_direction_status"": ""legacy_unreviewed"", ""metadata_reaction_selection"": ""metadata_reaction_fields_preserve_trna_20260910"", ""metadata_selected_fields"": ""stoichiometry"", ""metadata_selection_source_sha256"": ""33c14f0c524197ec732e09ba86c4382d5b21bc25b4bd73b18eba5f452dd7e797"", ""metadata_selection_evidence_status"": ""User-selected model version; not new validation of chemistry or native gene function""}"
3	after_metadata_selection_E0	R2010	name	"""Dihydroxyacetone kinase"""	"""Dihydroxyacetone kinase"""	data/metadata_reaction_selection.json: explicit bounds/stoichiometry fields	{}
3	after_metadata_selection_E0	R2010	stoichiometry	"{""m141[C_cy]"": -1.0, ""m1881[C_cy]"": -1.0, ""m10[C_cy]"": 2.0, ""m143[C_cy]"": 1.0, ""m456[C_cy]"": 1.0}"	"{""m141[C_cy]"": -1.0, ""m1881[C_cy]"": -1.0, ""m10[C_cy]"": 2.0, ""m143[C_cy]"": 1.0, ""m456[C_cy]"": 1.0}"	data/metadata_reaction_selection.json: explicit bounds/stoichiometry fields	{}
3	after_metadata_selection_E0	R2010	bounds	[0.0, 1000.0]	[0.0, 1000.0]	data/metadata_reaction_selection.json: explicit bounds/stoichiometry fields	{}
3	after_metadata_selection_E0	R2010	gpr	""""""	""""""	data/metadata_reaction_selection.json: explicit bounds/stoichiometry fields	{}
4	after_candidate_E3	R_PGAM1_PhosHydro	name	"""R_PGAM1_PhosHydro"""	"""R_PGAM1_PhosHydro"""	data/energy_candidate_repairs.json: explicit candidate priority	"{""metadata_previous_gap_fill_direction_status"": ""active"", ""metadata_previous_gap_fill_stoichiometry_action"": ""reverse"", ""metadata_previous_gap_fill_direction_evidence"": ""https://www.kegg.jp/entry/R00208"", ""metadata_previous_gap_fill_direction_rationale"": ""Encode phosphoenolpyruvate phosphatase in its hydrolysis direction; the generated candidate equation is reversed relative to KEGG R00208."", ""metadata_reaction_selection"": ""metadata_reaction_fields_preserve_trna_20260910"", ""metadata_selected_fields"": ""bounds; stoichiometry"", ""metadata_selection_source_sha256"": ""33c14f0c524197ec732e09ba86c4382d5b21bc25b4bd73b18eba5f452dd7e797"", ""metadata_selection_evidence_status"": ""User-selected model version; not new validation of chemistry or native gene function"", ""energy_candidate_protected_definition"": ""{\""curation_id\"": \""ATP-CANDIDATE-20260924\"", \""definition\"": {\""bounds\"": [-1000, 0], \""gpr\"": \""YALI1E41893g\"", \""stoichiometry\"": {\""m107[C_cy]\"": 1.0, \""m32[C_cy]\"": 1.0, \""m35[C_cy]\"": -1.0, \""m4[C_cy]\"": -1.0}}, \""reaction_id\"": \""R_PGAM1_PhosHydro\"", \""schema_version\"": 1, \""species\"": {\""m107[C_cy]\"": {\""charge\"": 0, \""compartment\"": \""C_cy\"", \""formula\"": \""C3H5O6P\"", \""name\"": \""phosphoenolpyruvate_C3H5O6P\""}, \""m32[C_cy]\"": {\""charge\"": 0, \""compartment\"": \""C_cy\"", \""formula\"": \""H2O\"", \""name\"": \""H2O_H2O\""}, \""m35[C_cy]\"": {\""charge\"": 0, \""compartment\"": \""C_cy\"", \""formula\"": \""H3O4P\"", \""name\"": \""phosphate_H3O4P\""}, \""m4[C_cy]\"": {\""charge\"": 0, \""compartment\"": \""C_cy\"", \""formula\"": \""C3H4O3\"", \""name\"": \""pyruvate_C3H4O3\""}}, \""variant\"": \""E3\""}"", ""energy_candidate_status"": ""user_authorized_candidate; representation-consistent chemistry; native function/compartment unverified"", ""energy_candidate_evidence"": ""https://iubmb.qmul.ac.uk/enzyme/EC3/1/3/60.html; https://www.kegg.jp/entry/R00208"", ""energy_candidate_rationale"": ""Conditional hydrolysis direction supported by enzyme chemistry; no extra reverse capacity added. Chemistry uses the existing neutral nucleotide/Pi and dianionic DHAP representations. No native enzyme/GPR/localization validation is claimed."", ""energy_candidate_precedence"": ""explicit candidate > metadata chemistry/bounds""}"
4	after_candidate_E3	R_PGAM1_PhosHydro	stoichiometry	"{""m4[C_cy]"": -1.0, ""m35[C_cy]"": -1.0, ""m107[C_cy]"": 1.0, ""m32[C_cy]"": 1.0}"	"{""m4[C_cy]"": -1.0, ""m35[C_cy]"": -1.0, ""m107[C_cy]"": 1.0, ""m32[C_cy]"": 1.0}"	data/energy_candidate_repairs.json: explicit candidate priority	"{""metadata_previous_gap_fill_direction_status"": ""active"", ""metadata_previous_gap_fill_stoichiometry_action"": ""reverse"", ""metadata_previous_gap_fill_direction_evidence"": ""https://www.kegg.jp/entry/R00208"", ""metadata_previous_gap_fill_direction_rationale"": ""Encode phosphoenolpyruvate phosphatase in its hydrolysis direction; the generated candidate equation is reversed relative to KEGG R00208."", ""metadata_reaction_selection"": ""metadata_reaction_fields_preserve_trna_20260910"", ""metadata_selected_fields"": ""bounds; stoichiometry"", ""metadata_selection_source_sha256"": ""33c14f0c524197ec732e09ba86c4382d5b21bc25b4bd73b18eba5f452dd7e797"", ""metadata_selection_evidence_status"": ""User-selected model version; not new validation of chemistry or native gene function"", ""energy_candidate_protected_definition"": ""{\""curation_id\"": \""ATP-CANDIDATE-20260924\"", \""definition\"": {\""bounds\"": [-1000, 0], \""gpr\"": \""YALI1E41893g\"", \""stoichiometry\"": {\""m107[C_cy]\"": 1.0, \""m32[C_cy]\"": 1.0, \""m35[C_cy]\"": -1.0, \""m4[C_cy]\"": -1.0}}, \""reaction_id\"": \""R_PGAM1_PhosHydro\"", \""schema_version\"": 1, \""species\"": {\""m107[C_cy]\"": {\""charge\"": 0, \""compartment\"": \""C_cy\"", \""formula\"": \""C3H5O6P\"", \""name\"": \""phosphoenolpyruvate_C3H5O6P\""}, \""m32[C_cy]\"": {\""charge\"": 0, \""compartment\"": \""C_cy\"", \""formula\"": \""H2O\"", \""name\"": \""H2O_H2O\""}, \""m35[C_cy]\"": {\""charge\"": 0, \""compartment\"": \""C_cy\"", \""formula\"": \""H3O4P\"", \""name\"": \""phosphate_H3O4P\""}, \""m4[C_cy]\"": {\""charge\"": 0, \""compartment\"": \""C_cy\"", \""formula\"": \""C3H4O3\"", \""name\"": \""pyruvate_C3H4O3\""}}, \""variant\"": \""E3\""}"", ""energy_candidate_status"": ""user_authorized_candidate; representation-consistent chemistry; native function/compartment unverified"", ""energy_candidate_evidence"": ""https://iubmb.qmul.ac.uk/enzyme/EC3/1/3/60.html; https://www.kegg.jp/entry/R00208"", ""energy_candidate_rationale"": ""Conditional hydrolysis direction supported by enzyme chemistry; no extra reverse capacity added. Chemistry uses the existing neutral nucleotide/Pi and dianionic DHAP representations. No native enzyme/GPR/localization validation is claimed."", ""energy_candidate_precedence"": ""explicit candidate > metadata chemistry/bounds""}"
4	after_candidate_E3	R_PGAM1_PhosHydro	bounds	[-1000.0, 1000.0]	[-1000, 0]	data/energy_candidate_repairs.json: explicit candidate priority	"{""metadata_previous_gap_fill_direction_status"": ""active"", ""metadata_previous_gap_fill_stoichiometry_action"": ""reverse"", ""metadata_previous_gap_fill_direction_evidence"": ""https://www.kegg.jp/entry/R00208"", ""metadata_previous_gap_fill_direction_rationale"": ""Encode phosphoenolpyruvate phosphatase in its hydrolysis direction; the generated candidate equation is reversed relative to KEGG R00208."", ""metadata_reaction_selection"": ""metadata_reaction_fields_preserve_trna_20260910"", ""metadata_selected_fields"": ""bounds; stoichiometry"", ""metadata_selection_source_sha256"": ""33c14f0c524197ec732e09ba86c4382d5b21bc25b4bd73b18eba5f452dd7e797"", ""metadata_selection_evidence_status"": ""User-selected model version; not new validation of chemistry or native gene function"", ""energy_candidate_protected_definition"": ""{\""curation_id\"": \""ATP-CANDIDATE-20260924\"", \""definition\"": {\""bounds\"": [-1000, 0], \""gpr\"": \""YALI1E41893g\"", \""stoichiometry\"": {\""m107[C_cy]\"": 1.0, \""m32[C_cy]\"": 1.0, \""m35[C_cy]\"": -1.0, \""m4[C_cy]\"": -1.0}}, \""reaction_id\"": \""R_PGAM1_PhosHydro\"", \""schema_version\"": 1, \""species\"": {\""m107[C_cy]\"": {\""charge\"": 0, \""compartment\"": \""C_cy\"", \""formula\"": \""C3H5O6P\"", \""name\"": \""phosphoenolpyruvate_C3H5O6P\""}, \""m32[C_cy]\"": {\""charge\"": 0, \""compartment\"": \""C_cy\"", \""formula\"": \""H2O\"", \""name\"": \""H2O_H2O\""}, \""m35[C_cy]\"": {\""charge\"": 0, \""compartment\"": \""C_cy\"", \""formula\"": \""H3O4P\"", \""name\"": \""phosphate_H3O4P\""}, \""m4[C_cy]\"": {\""charge\"": 0, \""compartment\"": \""C_cy\"", \""formula\"": \""C3H4O3\"", \""name\"": \""pyruvate_C3H4O3\""}}, \""variant\"": \""E3\""}"", ""energy_candidate_status"": ""user_authorized_candidate; representation-consistent chemistry; native function/compartment unverified"", ""energy_candidate_evidence"": ""https://iubmb.qmul.ac.uk/enzyme/EC3/1/3/60.html; https://www.kegg.jp/entry/R00208"", ""energy_candidate_rationale"": ""Conditional hydrolysis direction supported by enzyme chemistry; no extra reverse capacity added. Chemistry uses the existing neutral nucleotide/Pi and dianionic DHAP representations. No native enzyme/GPR/localization validation is claimed."", ""energy_candidate_precedence"": ""explicit candidate > metadata chemistry/bounds""}"
4	after_candidate_E3	R_PGAM1_PhosHydro	gpr	"""YALI1E41893g"""	"""YALI1E41893g"""	data/energy_candidate_repairs.json: explicit candidate priority	"{""metadata_previous_gap_fill_direction_status"": ""active"", ""metadata_previous_gap_fill_stoichiometry_action"": ""reverse"", ""metadata_previous_gap_fill_direction_evidence"": ""https://www.kegg.jp/entry/R00208"", ""metadata_previous_gap_fill_direction_rationale"": ""Encode phosphoenolpyruvate phosphatase in its hydrolysis direction; the generated candidate equation is reversed relative to KEGG R00208."", ""metadata_reaction_selection"": ""metadata_reaction_fields_preserve_trna_20260910"", ""metadata_selected_fields"": ""bounds; stoichiometry"", ""metadata_selection_source_sha256"": ""33c14f0c524197ec732e09ba86c4382d5b21bc25b4bd73b18eba5f452dd7e797"", ""metadata_selection_evidence_status"": ""User-selected model version; not new validation of chemistry or native gene function"", ""energy_candidate_protected_definition"": ""{\""curation_id\"": \""ATP-CANDIDATE-20260924\"", \""definition\"": {\""bounds\"": [-1000, 0], \""gpr\"": \""YALI1E41893g\"", \""stoichiometry\"": {\""m107[C_cy]\"": 1.0, \""m32[C_cy]\"": 1.0, \""m35[C_cy]\"": -1.0, \""m4[C_cy]\"": -1.0}}, \""reaction_id\"": \""R_PGAM1_PhosHydro\"", \""schema_version\"": 1, \""species\"": {\""m107[C_cy]\"": {\""charge\"": 0, \""compartment\"": \""C_cy\"", \""formula\"": \""C3H5O6P\"", \""name\"": \""phosphoenolpyruvate_C3H5O6P\""}, \""m32[C_cy]\"": {\""charge\"": 0, \""compartment\"": \""C_cy\"", \""formula\"": \""H2O\"", \""name\"": \""H2O_H2O\""}, \""m35[C_cy]\"": {\""charge\"": 0, \""compartment\"": \""C_cy\"", \""formula\"": \""H3O4P\"", \""name\"": \""phosphate_H3O4P\""}, \""m4[C_cy]\"": {\""charge\"": 0, \""compartment\"": \""C_cy\"", \""formula\"": \""C3H4O3\"", \""name\"": \""pyruvate_C3H4O3\""}}, \""variant\"": \""E3\""}"", ""energy_candidate_status"": ""user_authorized_candidate; representation-consistent chemistry; native function/compartment unverified"", ""energy_candidate_evidence"": ""https://iubmb.qmul.ac.uk/enzyme/EC3/1/3/60.html; https://www.kegg.jp/entry/R00208"", ""energy_candidate_rationale"": ""Conditional hydrolysis direction supported by enzyme chemistry; no extra reverse capacity added. Chemistry uses the existing neutral nucleotide/Pi and dianionic DHAP representations. No native enzyme/GPR/localization validation is claimed."", ""energy_candidate_precedence"": ""explicit candidate > metadata chemistry/bounds""}"
4	after_candidate_E3	R_NTP3pp	name	"""R_NTP3pp"""	"""R_NTP3pp"""	data/energy_candidate_repairs.json: explicit candidate priority	"{""metadata_previous_gap_fill_direction_status"": ""active"", ""metadata_previous_gap_fill_stoichiometry_action"": ""reverse"", ""metadata_previous_gap_fill_direction_evidence"": ""https://www.kegg.jp/entry/R00335"", ""metadata_previous_gap_fill_direction_rationale"": ""Encode GTP phosphohydrolase in its hydrolysis direction; the generated candidate equation is reversed relative to KEGG R00335."", ""metadata_reaction_selection"": ""metadata_reaction_fields_preserve_trna_20260910"", ""metadata_selected_fields"": ""bounds; stoichiometry"", ""metadata_selection_source_sha256"": ""33c14f0c524197ec732e09ba86c4382d5b21bc25b4bd73b18eba5f452dd7e797"", ""metadata_selection_evidence_status"": ""User-selected model version; not new validation of chemistry or native gene function"", ""energy_candidate_protected_definition"": ""{\""curation_id\"": \""ATP-CANDIDATE-20260924\"", \""definition\"": {\""bounds\"": [-1000, 0], \""gpr\"": \""YALI1E41893g\"", \""stoichiometry\"": {\""m266[C_cy]\"": 1.0, \""m268[C_cy]\"": -1.0, \""m32[C_cy]\"": 1.0, \""m35[C_cy]\"": -1.0}}, \""reaction_id\"": \""R_NTP3pp\"", \""schema_version\"": 1, \""species\"": {\""m10[C_cy]\"": {\""charge\"": 1, \""compartment\"": \""C_cy\"", \""formula\"": \""H\"", \""name\"": \""H+_p+1\""}, \""m266[C_cy]\"": {\""charge\"": 0, \""compartment\"": \""C_cy\"", \""formula\"": \""C10H16N5O14P3\"", \""name\"": \""GTP_C10H16N5O14P3\""}, \""m268[C_cy]\"": {\""charge\"": 0, \""compartment\"": \""C_cy\"", \""formula\"": \""C10H15N5O11P2\"", \""name\"": \""GDP_C10H15N5O11P2\""}, \""m32[C_cy]\"": {\""charge\"": 0, \""compartment\"": \""C_cy\"", \""formula\"": \""H2O\"", \""name\"": \""H2O_H2O\""}, \""m35[C_cy]\"": {\""charge\"": 0, \""compartment\"": \""C_cy\"", \""formula\"": \""H3O4P\"", \""name\"": \""phosphate_H3O4P\""}}, \""variant\"": \""E3\""}"", ""energy_candidate_status"": ""user_authorized_candidate; representation-consistent chemistry; native function/compartment unverified"", ""energy_candidate_evidence"": ""https://iubmb.qmul.ac.uk/enzyme/EC3/6/1/15.html; https://www.kegg.jp/entry/R00335"", ""energy_candidate_rationale"": ""Conditional hydrolysis direction supported by enzyme chemistry; no extra reverse capacity added. Chemistry uses the existing neutral nucleotide/Pi and dianionic DHAP representations. No native enzyme/GPR/localization validation is claimed."", ""energy_candidate_precedence"": ""explicit candidate > metadata chemistry/bounds""}"
4	after_candidate_E3	R_NTP3pp	stoichiometry	"{""m268[C_cy]"": -1.0, ""m35[C_cy]"": -1.0, ""m266[C_cy]"": 1.0, ""m32[C_cy]"": 1.0, ""m10[C_cy]"": -1.0}"	"{""m268[C_cy]"": -1.0, ""m35[C_cy]"": -1.0, ""m266[C_cy]"": 1.0, ""m32[C_cy]"": 1.0}"	data/energy_candidate_repairs.json: explicit candidate priority	"{""metadata_previous_gap_fill_direction_status"": ""active"", ""metadata_previous_gap_fill_stoichiometry_action"": ""reverse"", ""metadata_previous_gap_fill_direction_evidence"": ""https://www.kegg.jp/entry/R00335"", ""metadata_previous_gap_fill_direction_rationale"": ""Encode GTP phosphohydrolase in its hydrolysis direction; the generated candidate equation is reversed relative to KEGG R00335."", ""metadata_reaction_selection"": ""metadata_reaction_fields_preserve_trna_20260910"", ""metadata_selected_fields"": ""bounds; stoichiometry"", ""metadata_selection_source_sha256"": ""33c14f0c524197ec732e09ba86c4382d5b21bc25b4bd73b18eba5f452dd7e797"", ""metadata_selection_evidence_status"": ""User-selected model version; not new validation of chemistry or native gene function"", ""energy_candidate_protected_definition"": ""{\""curation_id\"": \""ATP-CANDIDATE-20260924\"", \""definition\"": {\""bounds\"": [-1000, 0], \""gpr\"": \""YALI1E41893g\"", \""stoichiometry\"": {\""m266[C_cy]\"": 1.0, \""m268[C_cy]\"": -1.0, \""m32[C_cy]\"": 1.0, \""m35[C_cy]\"": -1.0}}, \""reaction_id\"": \""R_NTP3pp\"", \""schema_version\"": 1, \""species\"": {\""m10[C_cy]\"": {\""charge\"": 1, \""compartment\"": \""C_cy\"", \""formula\"": \""H\"", \""name\"": \""H+_p+1\""}, \""m266[C_cy]\"": {\""charge\"": 0, \""compartment\"": \""C_cy\"", \""formula\"": \""C10H16N5O14P3\"", \""name\"": \""GTP_C10H16N5O14P3\""}, \""m268[C_cy]\"": {\""charge\"": 0, \""compartment\"": \""C_cy\"", \""formula\"": \""C10H15N5O11P2\"", \""name\"": \""GDP_C10H15N5O11P2\""}, \""m32[C_cy]\"": {\""charge\"": 0, \""compartment\"": \""C_cy\"", \""formula\"": \""H2O\"", \""name\"": \""H2O_H2O\""}, \""m35[C_cy]\"": {\""charge\"": 0, \""compartment\"": \""C_cy\"", \""formula\"": \""H3O4P\"", \""name\"": \""phosphate_H3O4P\""}}, \""variant\"": \""E3\""}"", ""energy_candidate_status"": ""user_authorized_candidate; representation-consistent chemistry; native function/compartment unverified"", ""energy_candidate_evidence"": ""https://iubmb.qmul.ac.uk/enzyme/EC3/6/1/15.html; https://www.kegg.jp/entry/R00335"", ""energy_candidate_rationale"": ""Conditional hydrolysis direction supported by enzyme chemistry; no extra reverse capacity added. Chemistry uses the existing neutral nucleotide/Pi and dianionic DHAP representations. No native enzyme/GPR/localization validation is claimed."", ""energy_candidate_precedence"": ""explicit candidate > metadata chemistry/bounds""}"
4	after_candidate_E3	R_NTP3pp	bounds	[-1000.0, 1000.0]	[-1000, 0]	data/energy_candidate_repairs.json: explicit candidate priority	"{""metadata_previous_gap_fill_direction_status"": ""active"", ""metadata_previous_gap_fill_stoichiometry_action"": ""reverse"", ""metadata_previous_gap_fill_direction_evidence"": ""https://www.kegg.jp/entry/R00335"", ""metadata_previous_gap_fill_direction_rationale"": ""Encode GTP phosphohydrolase in its hydrolysis direction; the generated candidate equation is reversed relative to KEGG R00335."", ""metadata_reaction_selection"": ""metadata_reaction_fields_preserve_trna_20260910"", ""metadata_selected_fields"": ""bounds; stoichiometry"", ""metadata_selection_source_sha256"": ""33c14f0c524197ec732e09ba86c4382d5b21bc25b4bd73b18eba5f452dd7e797"", ""metadata_selection_evidence_status"": ""User-selected model version; not new validation of chemistry or native gene function"", ""energy_candidate_protected_definition"": ""{\""curation_id\"": \""ATP-CANDIDATE-20260924\"", \""definition\"": {\""bounds\"": [-1000, 0], \""gpr\"": \""YALI1E41893g\"", \""stoichiometry\"": {\""m266[C_cy]\"": 1.0, \""m268[C_cy]\"": -1.0, \""m32[C_cy]\"": 1.0, \""m35[C_cy]\"": -1.0}}, \""reaction_id\"": \""R_NTP3pp\"", \""schema_version\"": 1, \""species\"": {\""m10[C_cy]\"": {\""charge\"": 1, \""compartment\"": \""C_cy\"", \""formula\"": \""H\"", \""name\"": \""H+_p+1\""}, \""m266[C_cy]\"": {\""charge\"": 0, \""compartment\"": \""C_cy\"", \""formula\"": \""C10H16N5O14P3\"", \""name\"": \""GTP_C10H16N5O14P3\""}, \""m268[C_cy]\"": {\""charge\"": 0, \""compartment\"": \""C_cy\"", \""formula\"": \""C10H15N5O11P2\"", \""name\"": \""GDP_C10H15N5O11P2\""}, \""m32[C_cy]\"": {\""charge\"": 0, \""compartment\"": \""C_cy\"", \""formula\"": \""H2O\"", \""name\"": \""H2O_H2O\""}, \""m35[C_cy]\"": {\""charge\"": 0, \""compartment\"": \""C_cy\"", \""formula\"": \""H3O4P\"", \""name\"": \""phosphate_H3O4P\""}}, \""variant\"": \""E3\""}"", ""energy_candidate_status"": ""user_authorized_candidate; representation-consistent chemistry; native function/compartment unverified"", ""energy_candidate_evidence"": ""https://iubmb.qmul.ac.uk/enzyme/EC3/6/1/15.html; https://www.kegg.jp/entry/R00335"", ""energy_candidate_rationale"": ""Conditional hydrolysis direction supported by enzyme chemistry; no extra reverse capacity added. Chemistry uses the existing neutral nucleotide/Pi and dianionic DHAP representations. No native enzyme/GPR/localization validation is claimed."", ""energy_candidate_precedence"": ""explicit candidate > metadata chemistry/bounds""}"
4	after_candidate_E3	R_NTP3pp	gpr	"""YALI1E41893g"""	"""YALI1E41893g"""	data/energy_candidate_repairs.json: explicit candidate priority	"{""metadata_previous_gap_fill_direction_status"": ""active"", ""metadata_previous_gap_fill_stoichiometry_action"": ""reverse"", ""metadata_previous_gap_fill_direction_evidence"": ""https://www.kegg.jp/entry/R00335"", ""metadata_previous_gap_fill_direction_rationale"": ""Encode GTP phosphohydrolase in its hydrolysis direction; the generated candidate equation is reversed relative to KEGG R00335."", ""metadata_reaction_selection"": ""metadata_reaction_fields_preserve_trna_20260910"", ""metadata_selected_fields"": ""bounds; stoichiometry"", ""metadata_selection_source_sha256"": ""33c14f0c524197ec732e09ba86c4382d5b21bc25b4bd73b18eba5f452dd7e797"", ""metadata_selection_evidence_status"": ""User-selected model version; not new validation of chemistry or native gene function"", ""energy_candidate_protected_definition"": ""{\""curation_id\"": \""ATP-CANDIDATE-20260924\"", \""definition\"": {\""bounds\"": [-1000, 0], \""gpr\"": \""YALI1E41893g\"", \""stoichiometry\"": {\""m266[C_cy]\"": 1.0, \""m268[C_cy]\"": -1.0, \""m32[C_cy]\"": 1.0, \""m35[C_cy]\"": -1.0}}, \""reaction_id\"": \""R_NTP3pp\"", \""schema_version\"": 1, \""species\"": {\""m10[C_cy]\"": {\""charge\"": 1, \""compartment\"": \""C_cy\"", \""formula\"": \""H\"", \""name\"": \""H+_p+1\""}, \""m266[C_cy]\"": {\""charge\"": 0, \""compartment\"": \""C_cy\"", \""formula\"": \""C10H16N5O14P3\"", \""name\"": \""GTP_C10H16N5O14P3\""}, \""m268[C_cy]\"": {\""charge\"": 0, \""compartment\"": \""C_cy\"", \""formula\"": \""C10H15N5O11P2\"", \""name\"": \""GDP_C10H15N5O11P2\""}, \""m32[C_cy]\"": {\""charge\"": 0, \""compartment\"": \""C_cy\"", \""formula\"": \""H2O\"", \""name\"": \""H2O_H2O\""}, \""m35[C_cy]\"": {\""charge\"": 0, \""compartment\"": \""C_cy\"", \""formula\"": \""H3O4P\"", \""name\"": \""phosphate_H3O4P\""}}, \""variant\"": \""E3\""}"", ""energy_candidate_status"": ""user_authorized_candidate; representation-consistent chemistry; native function/compartment unverified"", ""energy_candidate_evidence"": ""https://iubmb.qmul.ac.uk/enzyme/EC3/6/1/15.html; https://www.kegg.jp/entry/R00335"", ""energy_candidate_rationale"": ""Conditional hydrolysis direction supported by enzyme chemistry; no extra reverse capacity added. Chemistry uses the existing neutral nucleotide/Pi and dianionic DHAP representations. No native enzyme/GPR/localization validation is claimed."", ""energy_candidate_precedence"": ""explicit candidate > metadata chemistry/bounds""}"
4	after_candidate_E3	R_NTP7	name	"""R_NTP7"""	"""R_NTP7"""	data/energy_candidate_repairs.json: explicit candidate priority	"{""metadata_previous_gap_fill_direction_status"": ""active"", ""metadata_previous_gap_fill_stoichiometry_action"": ""keep"", ""metadata_previous_gap_fill_direction_evidence"": ""https://www.kegg.jp/entry/R00159"", ""metadata_previous_gap_fill_direction_rationale"": ""The generated equation already encodes UTP hydrolysis; disallow the thermodynamically unsupported reverse phosphorylation."", ""metadata_reaction_selection"": ""metadata_reaction_fields_preserve_trna_20260910"", ""metadata_selected_fields"": ""bounds; stoichiometry"", ""metadata_selection_source_sha256"": ""33c14f0c524197ec732e09ba86c4382d5b21bc25b4bd73b18eba5f452dd7e797"", ""metadata_selection_evidence_status"": ""User-selected model version; not new validation of chemistry or native gene function"", ""energy_candidate_protected_definition"": ""{\""curation_id\"": \""ATP-CANDIDATE-20260924\"", \""definition\"": {\""bounds\"": [0, 1000], \""gpr\"": \""YALI1E41893g\"", \""stoichiometry\"": {\""m11[C_cy]\"": 1.0, \""m32[C_cy]\"": -1.0, \""m35[C_cy]\"": 1.0, \""m439[C_cy]\"": -1.0}}, \""reaction_id\"": \""R_NTP7\"", \""schema_version\"": 1, \""species\"": {\""m10[C_cy]\"": {\""charge\"": 1, \""compartment\"": \""C_cy\"", \""formula\"": \""H\"", \""name\"": \""H+_p+1\""}, \""m11[C_cy]\"": {\""charge\"": 0, \""compartment\"": \""C_cy\"", \""formula\"": \""C9H14N2O12P2\"", \""name\"": \""UDP_C9H14N2O12P2\""}, \""m32[C_cy]\"": {\""charge\"": 0, \""compartment\"": \""C_cy\"", \""formula\"": \""H2O\"", \""name\"": \""H2O_H2O\""}, \""m35[C_cy]\"": {\""charge\"": 0, \""compartment\"": \""C_cy\"", \""formula\"": \""H3O4P\"", \""name\"": \""phosphate_H3O4P\""}, \""m439[C_cy]\"": {\""charge\"": 0, \""compartment\"": \""C_cy\"", \""formula\"": \""C9H15N2O15P3\"", \""name\"": \""UTP_C9H15N2O15P3\""}}, \""variant\"": \""E3\""}"", ""energy_candidate_status"": ""user_authorized_candidate; representation-consistent chemistry; native function/compartment unverified"", ""energy_candidate_evidence"": ""https://iubmb.qmul.ac.uk/enzyme/EC3/6/1/15.html; https://www.kegg.jp/entry/R00159"", ""energy_candidate_rationale"": ""Conditional hydrolysis direction supported by enzyme chemistry; no extra reverse capacity added. Chemistry uses the existing neutral nucleotide/Pi and dianionic DHAP representations. No native enzyme/GPR/localization validation is claimed."", ""energy_candidate_precedence"": ""explicit candidate > metadata chemistry/bounds""}"
4	after_candidate_E3	R_NTP7	stoichiometry	"{""m439[C_cy]"": -1.0, ""m32[C_cy]"": -1.0, ""m11[C_cy]"": 1.0, ""m35[C_cy]"": 1.0, ""m10[C_cy]"": 1.0}"	"{""m439[C_cy]"": -1.0, ""m32[C_cy]"": -1.0, ""m11[C_cy]"": 1.0, ""m35[C_cy]"": 1.0}"	data/energy_candidate_repairs.json: explicit candidate priority	"{""metadata_previous_gap_fill_direction_status"": ""active"", ""metadata_previous_gap_fill_stoichiometry_action"": ""keep"", ""metadata_previous_gap_fill_direction_evidence"": ""https://www.kegg.jp/entry/R00159"", ""metadata_previous_gap_fill_direction_rationale"": ""The generated equation already encodes UTP hydrolysis; disallow the thermodynamically unsupported reverse phosphorylation."", ""metadata_reaction_selection"": ""metadata_reaction_fields_preserve_trna_20260910"", ""metadata_selected_fields"": ""bounds; stoichiometry"", ""metadata_selection_source_sha256"": ""33c14f0c524197ec732e09ba86c4382d5b21bc25b4bd73b18eba5f452dd7e797"", ""metadata_selection_evidence_status"": ""User-selected model version; not new validation of chemistry or native gene function"", ""energy_candidate_protected_definition"": ""{\""curation_id\"": \""ATP-CANDIDATE-20260924\"", \""definition\"": {\""bounds\"": [0, 1000], \""gpr\"": \""YALI1E41893g\"", \""stoichiometry\"": {\""m11[C_cy]\"": 1.0, \""m32[C_cy]\"": -1.0, \""m35[C_cy]\"": 1.0, \""m439[C_cy]\"": -1.0}}, \""reaction_id\"": \""R_NTP7\"", \""schema_version\"": 1, \""species\"": {\""m10[C_cy]\"": {\""charge\"": 1, \""compartment\"": \""C_cy\"", \""formula\"": \""H\"", \""name\"": \""H+_p+1\""}, \""m11[C_cy]\"": {\""charge\"": 0, \""compartment\"": \""C_cy\"", \""formula\"": \""C9H14N2O12P2\"", \""name\"": \""UDP_C9H14N2O12P2\""}, \""m32[C_cy]\"": {\""charge\"": 0, \""compartment\"": \""C_cy\"", \""formula\"": \""H2O\"", \""name\"": \""H2O_H2O\""}, \""m35[C_cy]\"": {\""charge\"": 0, \""compartment\"": \""C_cy\"", \""formula\"": \""H3O4P\"", \""name\"": \""phosphate_H3O4P\""}, \""m439[C_cy]\"": {\""charge\"": 0, \""compartment\"": \""C_cy\"", \""formula\"": \""C9H15N2O15P3\"", \""name\"": \""UTP_C9H15N2O15P3\""}}, \""variant\"": \""E3\""}"", ""energy_candidate_status"": ""user_authorized_candidate; representation-consistent chemistry; native function/compartment unverified"", ""energy_candidate_evidence"": ""https://iubmb.qmul.ac.uk/enzyme/EC3/6/1/15.html; https://www.kegg.jp/entry/R00159"", ""energy_candidate_rationale"": ""Conditional hydrolysis direction supported by enzyme chemistry; no extra reverse capacity added. Chemistry uses the existing neutral nucleotide/Pi and dianionic DHAP representations. No native enzyme/GPR/localization validation is claimed."", ""energy_candidate_precedence"": ""explicit candidate > metadata chemistry/bounds""}"
4	after_candidate_E3	R_NTP7	bounds	[-1000.0, 1000.0]	[0, 1000]	data/energy_candidate_repairs.json: explicit candidate priority	"{""metadata_previous_gap_fill_direction_status"": ""active"", ""metadata_previous_gap_fill_stoichiometry_action"": ""keep"", ""metadata_previous_gap_fill_direction_evidence"": ""https://www.kegg.jp/entry/R00159"", ""metadata_previous_gap_fill_direction_rationale"": ""The generated equation already encodes UTP hydrolysis; disallow the thermodynamically unsupported reverse phosphorylation."", ""metadata_reaction_selection"": ""metadata_reaction_fields_preserve_trna_20260910"", ""metadata_selected_fields"": ""bounds; stoichiometry"", ""metadata_selection_source_sha256"": ""33c14f0c524197ec732e09ba86c4382d5b21bc25b4bd73b18eba5f452dd7e797"", ""metadata_selection_evidence_status"": ""User-selected model version; not new validation of chemistry or native gene function"", ""energy_candidate_protected_definition"": ""{\""curation_id\"": \""ATP-CANDIDATE-20260924\"", \""definition\"": {\""bounds\"": [0, 1000], \""gpr\"": \""YALI1E41893g\"", \""stoichiometry\"": {\""m11[C_cy]\"": 1.0, \""m32[C_cy]\"": -1.0, \""m35[C_cy]\"": 1.0, \""m439[C_cy]\"": -1.0}}, \""reaction_id\"": \""R_NTP7\"", \""schema_version\"": 1, \""species\"": {\""m10[C_cy]\"": {\""charge\"": 1, \""compartment\"": \""C_cy\"", \""formula\"": \""H\"", \""name\"": \""H+_p+1\""}, \""m11[C_cy]\"": {\""charge\"": 0, \""compartment\"": \""C_cy\"", \""formula\"": \""C9H14N2O12P2\"", \""name\"": \""UDP_C9H14N2O12P2\""}, \""m32[C_cy]\"": {\""charge\"": 0, \""compartment\"": \""C_cy\"", \""formula\"": \""H2O\"", \""name\"": \""H2O_H2O\""}, \""m35[C_cy]\"": {\""charge\"": 0, \""compartment\"": \""C_cy\"", \""formula\"": \""H3O4P\"", \""name\"": \""phosphate_H3O4P\""}, \""m439[C_cy]\"": {\""charge\"": 0, \""compartment\"": \""C_cy\"", \""formula\"": \""C9H15N2O15P3\"", \""name\"": \""UTP_C9H15N2O15P3\""}}, \""variant\"": \""E3\""}"", ""energy_candidate_status"": ""user_authorized_candidate; representation-consistent chemistry; native function/compartment unverified"", ""energy_candidate_evidence"": ""https://iubmb.qmul.ac.uk/enzyme/EC3/6/1/15.html; https://www.kegg.jp/entry/R00159"", ""energy_candidate_rationale"": ""Conditional hydrolysis direction supported by enzyme chemistry; no extra reverse capacity added. Chemistry uses the existing neutral nucleotide/Pi and dianionic DHAP representations. No native enzyme/GPR/localization validation is claimed."", ""energy_candidate_precedence"": ""explicit candidate > metadata chemistry/bounds""}"
4	after_candidate_E3	R_NTP7	gpr	"""YALI1E41893g"""	"""YALI1E41893g"""	data/energy_candidate_repairs.json: explicit candidate priority	"{""metadata_previous_gap_fill_direction_status"": ""active"", ""metadata_previous_gap_fill_stoichiometry_action"": ""keep"", ""metadata_previous_gap_fill_direction_evidence"": ""https://www.kegg.jp/entry/R00159"", ""metadata_previous_gap_fill_direction_rationale"": ""The generated equation already encodes UTP hydrolysis; disallow the thermodynamically unsupported reverse phosphorylation."", ""metadata_reaction_selection"": ""metadata_reaction_fields_preserve_trna_20260910"", ""metadata_selected_fields"": ""bounds; stoichiometry"", ""metadata_selection_source_sha256"": ""33c14f0c524197ec732e09ba86c4382d5b21bc25b4bd73b18eba5f452dd7e797"", ""metadata_selection_evidence_status"": ""User-selected model version; not new validation of chemistry or native gene function"", ""energy_candidate_protected_definition"": ""{\""curation_id\"": \""ATP-CANDIDATE-20260924\"", \""definition\"": {\""bounds\"": [0, 1000], \""gpr\"": \""YALI1E41893g\"", \""stoichiometry\"": {\""m11[C_cy]\"": 1.0, \""m32[C_cy]\"": -1.0, \""m35[C_cy]\"": 1.0, \""m439[C_cy]\"": -1.0}}, \""reaction_id\"": \""R_NTP7\"", \""schema_version\"": 1, \""species\"": {\""m10[C_cy]\"": {\""charge\"": 1, \""compartment\"": \""C_cy\"", \""formula\"": \""H\"", \""name\"": \""H+_p+1\""}, \""m11[C_cy]\"": {\""charge\"": 0, \""compartment\"": \""C_cy\"", \""formula\"": \""C9H14N2O12P2\"", \""name\"": \""UDP_C9H14N2O12P2\""}, \""m32[C_cy]\"": {\""charge\"": 0, \""compartment\"": \""C_cy\"", \""formula\"": \""H2O\"", \""name\"": \""H2O_H2O\""}, \""m35[C_cy]\"": {\""charge\"": 0, \""compartment\"": \""C_cy\"", \""formula\"": \""H3O4P\"", \""name\"": \""phosphate_H3O4P\""}, \""m439[C_cy]\"": {\""charge\"": 0, \""compartment\"": \""C_cy\"", \""formula\"": \""C9H15N2O15P3\"", \""name\"": \""UTP_C9H15N2O15P3\""}}, \""variant\"": \""E3\""}"", ""energy_candidate_status"": ""user_authorized_candidate; representation-consistent chemistry; native function/compartment unverified"", ""energy_candidate_evidence"": ""https://iubmb.qmul.ac.uk/enzyme/EC3/6/1/15.html; https://www.kegg.jp/entry/R00159"", ""energy_candidate_rationale"": ""Conditional hydrolysis direction supported by enzyme chemistry; no extra reverse capacity added. Chemistry uses the existing neutral nucleotide/Pi and dianionic DHAP representations. No native enzyme/GPR/localization validation is claimed."", ""energy_candidate_precedence"": ""explicit candidate > metadata chemistry/bounds""}"
4	after_candidate_E3	r0242	name	"""r0242"""	"""r0242"""	data/energy_candidate_repairs.json: explicit candidate priority	"{""metadata_previous_gap_fill_direction_status"": ""legacy_unreviewed"", ""metadata_reaction_selection"": ""metadata_reaction_fields_preserve_trna_20260910"", ""metadata_selected_fields"": ""stoichiometry"", ""metadata_selection_source_sha256"": ""33c14f0c524197ec732e09ba86c4382d5b21bc25b4bd73b18eba5f452dd7e797"", ""metadata_selection_evidence_status"": ""User-selected model version; not new validation of chemistry or native gene function"", ""energy_candidate_protected_definition"": ""{\""curation_id\"": \""ATP-CANDIDATE-20260924\"", \""definition\"": {\""bounds\"": [-1000.0, 1000.0], \""gpr\"": \""YALI1E41893g\"", \""stoichiometry\"": {\""m10[C_cy]\"": 2, \""m1881[C_cy]\"": -1.0, \""m32[C_cy]\"": 1.0, \""m35[C_cy]\"": -1.0, \""m456[C_cy]\"": 1.0}}, \""reaction_id\"": \""r0242\"", \""schema_version\"": 1, \""species\"": {\""m10[C_cy]\"": {\""charge\"": 1, \""compartment\"": \""C_cy\"", \""formula\"": \""H\"", \""name\"": \""H+_p+1\""}, \""m1881[C_cy]\"": {\""charge\"": 0, \""compartment\"": \""C_cy\"", \""formula\"": \""C3H6O3\"", \""name\"": \""Dihydroxy-Acetone\""}, \""m32[C_cy]\"": {\""charge\"": 0, \""compartment\"": \""C_cy\"", \""formula\"": \""H2O\"", \""name\"": \""H2O_H2O\""}, \""m35[C_cy]\"": {\""charge\"": 0, \""compartment\"": \""C_cy\"", \""formula\"": \""H3O4P\"", \""name\"": \""phosphate_H3O4P\""}, \""m456[C_cy]\"": {\""charge\"": -2, \""compartment\"": \""C_cy\"", \""formula\"": \""C3H5O6P\"", \""name\"": \""dihydroxyacetone phosphate_C3H5O6P\""}}, \""variant\"": \""E3\""}"", ""energy_candidate_status"": ""user_authorized_candidate; representation-consistent chemistry; native function/compartment unverified"", ""energy_candidate_evidence"": ""https://www.kegg.jp/entry/R01010; https://www.ebi.ac.uk/chebi/searchId.do?chebiId=CHEBI:57642"", ""energy_candidate_rationale"": ""Conditional hydrolysis direction supported by enzyme chemistry; no extra reverse capacity added. Chemistry uses the existing neutral nucleotide/Pi and dianionic DHAP representations. No native enzyme/GPR/localization validation is claimed."", ""energy_candidate_precedence"": ""explicit candidate > metadata chemistry/bounds""}"
4	after_candidate_E3	r0242	stoichiometry	"{""m1881[C_cy]"": -1.0, ""m35[C_cy]"": -1.0, ""m456[C_cy]"": 1.0, ""m32[C_cy]"": 1.0}"	"{""m1881[C_cy]"": -1.0, ""m35[C_cy]"": -1.0, ""m456[C_cy]"": 1.0, ""m32[C_cy]"": 1.0, ""m10[C_cy]"": 2}"	data/energy_candidate_repairs.json: explicit candidate priority	"{""metadata_previous_gap_fill_direction_status"": ""legacy_unreviewed"", ""metadata_reaction_selection"": ""metadata_reaction_fields_preserve_trna_20260910"", ""metadata_selected_fields"": ""stoichiometry"", ""metadata_selection_source_sha256"": ""33c14f0c524197ec732e09ba86c4382d5b21bc25b4bd73b18eba5f452dd7e797"", ""metadata_selection_evidence_status"": ""User-selected model version; not new validation of chemistry or native gene function"", ""energy_candidate_protected_definition"": ""{\""curation_id\"": \""ATP-CANDIDATE-20260924\"", \""definition\"": {\""bounds\"": [-1000.0, 1000.0], \""gpr\"": \""YALI1E41893g\"", \""stoichiometry\"": {\""m10[C_cy]\"": 2, \""m1881[C_cy]\"": -1.0, \""m32[C_cy]\"": 1.0, \""m35[C_cy]\"": -1.0, \""m456[C_cy]\"": 1.0}}, \""reaction_id\"": \""r0242\"", \""schema_version\"": 1, \""species\"": {\""m10[C_cy]\"": {\""charge\"": 1, \""compartment\"": \""C_cy\"", \""formula\"": \""H\"", \""name\"": \""H+_p+1\""}, \""m1881[C_cy]\"": {\""charge\"": 0, \""compartment\"": \""C_cy\"", \""formula\"": \""C3H6O3\"", \""name\"": \""Dihydroxy-Acetone\""}, \""m32[C_cy]\"": {\""charge\"": 0, \""compartment\"": \""C_cy\"", \""formula\"": \""H2O\"", \""name\"": \""H2O_H2O\""}, \""m35[C_cy]\"": {\""charge\"": 0, \""compartment\"": \""C_cy\"", \""formula\"": \""H3O4P\"", \""name\"": \""phosphate_H3O4P\""}, \""m456[C_cy]\"": {\""charge\"": -2, \""compartment\"": \""C_cy\"", \""formula\"": \""C3H5O6P\"", \""name\"": \""dihydroxyacetone phosphate_C3H5O6P\""}}, \""variant\"": \""E3\""}"", ""energy_candidate_status"": ""user_authorized_candidate; representation-consistent chemistry; native function/compartment unverified"", ""energy_candidate_evidence"": ""https://www.kegg.jp/entry/R01010; https://www.ebi.ac.uk/chebi/searchId.do?chebiId=CHEBI:57642"", ""energy_candidate_rationale"": ""Conditional hydrolysis direction supported by enzyme chemistry; no extra reverse capacity added. Chemistry uses the existing neutral nucleotide/Pi and dianionic DHAP representations. No native enzyme/GPR/localization validation is claimed."", ""energy_candidate_precedence"": ""explicit candidate > metadata chemistry/bounds""}"
4	after_candidate_E3	r0242	bounds	[-1000.0, 1000.0]	[-1000.0, 1000.0]	data/energy_candidate_repairs.json: explicit candidate priority	"{""metadata_previous_gap_fill_direction_status"": ""legacy_unreviewed"", ""metadata_reaction_selection"": ""metadata_reaction_fields_preserve_trna_20260910"", ""metadata_selected_fields"": ""stoichiometry"", ""metadata_selection_source_sha256"": ""33c14f0c524197ec732e09ba86c4382d5b21bc25b4bd73b18eba5f452dd7e797"", ""metadata_selection_evidence_status"": ""User-selected model version; not new validation of chemistry or native gene function"", ""energy_candidate_protected_definition"": ""{\""curation_id\"": \""ATP-CANDIDATE-20260924\"", \""definition\"": {\""bounds\"": [-1000.0, 1000.0], \""gpr\"": \""YALI1E41893g\"", \""stoichiometry\"": {\""m10[C_cy]\"": 2, \""m1881[C_cy]\"": -1.0, \""m32[C_cy]\"": 1.0, \""m35[C_cy]\"": -1.0, \""m456[C_cy]\"": 1.0}}, \""reaction_id\"": \""r0242\"", \""schema_version\"": 1, \""species\"": {\""m10[C_cy]\"": {\""charge\"": 1, \""compartment\"": \""C_cy\"", \""formula\"": \""H\"", \""name\"": \""H+_p+1\""}, \""m1881[C_cy]\"": {\""charge\"": 0, \""compartment\"": \""C_cy\"", \""formula\"": \""C3H6O3\"", \""name\"": \""Dihydroxy-Acetone\""}, \""m32[C_cy]\"": {\""charge\"": 0, \""compartment\"": \""C_cy\"", \""formula\"": \""H2O\"", \""name\"": \""H2O_H2O\""}, \""m35[C_cy]\"": {\""charge\"": 0, \""compartment\"": \""C_cy\"", \""formula\"": \""H3O4P\"", \""name\"": \""phosphate_H3O4P\""}, \""m456[C_cy]\"": {\""charge\"": -2, \""compartment\"": \""C_cy\"", \""formula\"": \""C3H5O6P\"", \""name\"": \""dihydroxyacetone phosphate_C3H5O6P\""}}, \""variant\"": \""E3\""}"", ""energy_candidate_status"": ""user_authorized_candidate; representation-consistent chemistry; native function/compartment unverified"", ""energy_candidate_evidence"": ""https://www.kegg.jp/entry/R01010; https://www.ebi.ac.uk/chebi/searchId.do?chebiId=CHEBI:57642"", ""energy_candidate_rationale"": ""Conditional hydrolysis direction supported by enzyme chemistry; no extra reverse capacity added. Chemistry uses the existing neutral nucleotide/Pi and dianionic DHAP representations. No native enzyme/GPR/localization validation is claimed."", ""energy_candidate_precedence"": ""explicit candidate > metadata chemistry/bounds""}"
4	after_candidate_E3	r0242	gpr	"""YALI1E41893g"""	"""YALI1E41893g"""	data/energy_candidate_repairs.json: explicit candidate priority	"{""metadata_previous_gap_fill_direction_status"": ""legacy_unreviewed"", ""metadata_reaction_selection"": ""metadata_reaction_fields_preserve_trna_20260910"", ""metadata_selected_fields"": ""stoichiometry"", ""metadata_selection_source_sha256"": ""33c14f0c524197ec732e09ba86c4382d5b21bc25b4bd73b18eba5f452dd7e797"", ""metadata_selection_evidence_status"": ""User-selected model version; not new validation of chemistry or native gene function"", ""energy_candidate_protected_definition"": ""{\""curation_id\"": \""ATP-CANDIDATE-20260924\"", \""definition\"": {\""bounds\"": [-1000.0, 1000.0], \""gpr\"": \""YALI1E41893g\"", \""stoichiometry\"": {\""m10[C_cy]\"": 2, \""m1881[C_cy]\"": -1.0, \""m32[C_cy]\"": 1.0, \""m35[C_cy]\"": -1.0, \""m456[C_cy]\"": 1.0}}, \""reaction_id\"": \""r0242\"", \""schema_version\"": 1, \""species\"": {\""m10[C_cy]\"": {\""charge\"": 1, \""compartment\"": \""C_cy\"", \""formula\"": \""H\"", \""name\"": \""H+_p+1\""}, \""m1881[C_cy]\"": {\""charge\"": 0, \""compartment\"": \""C_cy\"", \""formula\"": \""C3H6O3\"", \""name\"": \""Dihydroxy-Acetone\""}, \""m32[C_cy]\"": {\""charge\"": 0, \""compartment\"": \""C_cy\"", \""formula\"": \""H2O\"", \""name\"": \""H2O_H2O\""}, \""m35[C_cy]\"": {\""charge\"": 0, \""compartment\"": \""C_cy\"", \""formula\"": \""H3O4P\"", \""name\"": \""phosphate_H3O4P\""}, \""m456[C_cy]\"": {\""charge\"": -2, \""compartment\"": \""C_cy\"", \""formula\"": \""C3H5O6P\"", \""name\"": \""dihydroxyacetone phosphate_C3H5O6P\""}}, \""variant\"": \""E3\""}"", ""energy_candidate_status"": ""user_authorized_candidate; representation-consistent chemistry; native function/compartment unverified"", ""energy_candidate_evidence"": ""https://www.kegg.jp/entry/R01010; https://www.ebi.ac.uk/chebi/searchId.do?chebiId=CHEBI:57642"", ""energy_candidate_rationale"": ""Conditional hydrolysis direction supported by enzyme chemistry; no extra reverse capacity added. Chemistry uses the existing neutral nucleotide/Pi and dianionic DHAP representations. No native enzyme/GPR/localization validation is claimed."", ""energy_candidate_precedence"": ""explicit candidate > metadata chemistry/bounds""}"
4	after_candidate_E3	R2010	name	"""Dihydroxyacetone kinase"""	"""Dihydroxyacetone kinase"""	data/energy_candidate_repairs.json: explicit candidate priority	{}
4	after_candidate_E3	R2010	stoichiometry	"{""m141[C_cy]"": -1.0, ""m1881[C_cy]"": -1.0, ""m10[C_cy]"": 2.0, ""m143[C_cy]"": 1.0, ""m456[C_cy]"": 1.0}"	"{""m141[C_cy]"": -1.0, ""m1881[C_cy]"": -1.0, ""m10[C_cy]"": 2.0, ""m143[C_cy]"": 1.0, ""m456[C_cy]"": 1.0}"	data/energy_candidate_repairs.json: explicit candidate priority	{}
4	after_candidate_E3	R2010	bounds	[0.0, 1000.0]	[0.0, 1000.0]	data/energy_candidate_repairs.json: explicit candidate priority	{}
4	after_candidate_E3	R2010	gpr	""""""	""""""	data/energy_candidate_repairs.json: explicit candidate priority	{}
5	after_metadata_repeat	R_PGAM1_PhosHydro	name	"""R_PGAM1_PhosHydro"""	"""R_PGAM1_PhosHydro"""	metadata selection preserves candidate protected chemistry/direction	"{""metadata_previous_gap_fill_direction_status"": ""active"", ""metadata_previous_gap_fill_stoichiometry_action"": ""reverse"", ""metadata_previous_gap_fill_direction_evidence"": ""https://www.kegg.jp/entry/R00208"", ""metadata_previous_gap_fill_direction_rationale"": ""Encode phosphoenolpyruvate phosphatase in its hydrolysis direction; the generated candidate equation is reversed relative to KEGG R00208."", ""metadata_reaction_selection"": ""metadata_reaction_fields_preserve_trna_20260910"", ""metadata_selected_fields"": ""bounds; stoichiometry"", ""metadata_selection_source_sha256"": ""33c14f0c524197ec732e09ba86c4382d5b21bc25b4bd73b18eba5f452dd7e797"", ""metadata_selection_evidence_status"": ""User-selected model version; not new validation of chemistry or native gene function"", ""energy_candidate_protected_definition"": ""{\""curation_id\"": \""ATP-CANDIDATE-20260924\"", \""definition\"": {\""bounds\"": [-1000, 0], \""gpr\"": \""YALI1E41893g\"", \""stoichiometry\"": {\""m107[C_cy]\"": 1.0, \""m32[C_cy]\"": 1.0, \""m35[C_cy]\"": -1.0, \""m4[C_cy]\"": -1.0}}, \""reaction_id\"": \""R_PGAM1_PhosHydro\"", \""schema_version\"": 1, \""species\"": {\""m107[C_cy]\"": {\""charge\"": 0, \""compartment\"": \""C_cy\"", \""formula\"": \""C3H5O6P\"", \""name\"": \""phosphoenolpyruvate_C3H5O6P\""}, \""m32[C_cy]\"": {\""charge\"": 0, \""compartment\"": \""C_cy\"", \""formula\"": \""H2O\"", \""name\"": \""H2O_H2O\""}, \""m35[C_cy]\"": {\""charge\"": 0, \""compartment\"": \""C_cy\"", \""formula\"": \""H3O4P\"", \""name\"": \""phosphate_H3O4P\""}, \""m4[C_cy]\"": {\""charge\"": 0, \""compartment\"": \""C_cy\"", \""formula\"": \""C3H4O3\"", \""name\"": \""pyruvate_C3H4O3\""}}, \""variant\"": \""E3\""}"", ""energy_candidate_status"": ""user_authorized_candidate; representation-consistent chemistry; native function/compartment unverified"", ""energy_candidate_evidence"": ""https://iubmb.qmul.ac.uk/enzyme/EC3/1/3/60.html; https://www.kegg.jp/entry/R00208"", ""energy_candidate_rationale"": ""Conditional hydrolysis direction supported by enzyme chemistry; no extra reverse capacity added. Chemistry uses the existing neutral nucleotide/Pi and dianionic DHAP representations. No native enzyme/GPR/localization validation is claimed."", ""energy_candidate_precedence"": ""explicit candidate > metadata chemistry/bounds""}"
5	after_metadata_repeat	R_PGAM1_PhosHydro	stoichiometry	"{""m4[C_cy]"": -1.0, ""m35[C_cy]"": -1.0, ""m107[C_cy]"": 1.0, ""m32[C_cy]"": 1.0}"	"{""m4[C_cy]"": -1.0, ""m35[C_cy]"": -1.0, ""m107[C_cy]"": 1.0, ""m32[C_cy]"": 1.0}"	metadata selection preserves candidate protected chemistry/direction	"{""metadata_previous_gap_fill_direction_status"": ""active"", ""metadata_previous_gap_fill_stoichiometry_action"": ""reverse"", ""metadata_previous_gap_fill_direction_evidence"": ""https://www.kegg.jp/entry/R00208"", ""metadata_previous_gap_fill_direction_rationale"": ""Encode phosphoenolpyruvate phosphatase in its hydrolysis direction; the generated candidate equation is reversed relative to KEGG R00208."", ""metadata_reaction_selection"": ""metadata_reaction_fields_preserve_trna_20260910"", ""metadata_selected_fields"": ""bounds; stoichiometry"", ""metadata_selection_source_sha256"": ""33c14f0c524197ec732e09ba86c4382d5b21bc25b4bd73b18eba5f452dd7e797"", ""metadata_selection_evidence_status"": ""User-selected model version; not new validation of chemistry or native gene function"", ""energy_candidate_protected_definition"": ""{\""curation_id\"": \""ATP-CANDIDATE-20260924\"", \""definition\"": {\""bounds\"": [-1000, 0], \""gpr\"": \""YALI1E41893g\"", \""stoichiometry\"": {\""m107[C_cy]\"": 1.0, \""m32[C_cy]\"": 1.0, \""m35[C_cy]\"": -1.0, \""m4[C_cy]\"": -1.0}}, \""reaction_id\"": \""R_PGAM1_PhosHydro\"", \""schema_version\"": 1, \""species\"": {\""m107[C_cy]\"": {\""charge\"": 0, \""compartment\"": \""C_cy\"", \""formula\"": \""C3H5O6P\"", \""name\"": \""phosphoenolpyruvate_C3H5O6P\""}, \""m32[C_cy]\"": {\""charge\"": 0, \""compartment\"": \""C_cy\"", \""formula\"": \""H2O\"", \""name\"": \""H2O_H2O\""}, \""m35[C_cy]\"": {\""charge\"": 0, \""compartment\"": \""C_cy\"", \""formula\"": \""H3O4P\"", \""name\"": \""phosphate_H3O4P\""}, \""m4[C_cy]\"": {\""charge\"": 0, \""compartment\"": \""C_cy\"", \""formula\"": \""C3H4O3\"", \""name\"": \""pyruvate_C3H4O3\""}}, \""variant\"": \""E3\""}"", ""energy_candidate_status"": ""user_authorized_candidate; representation-consistent chemistry; native function/compartment unverified"", ""energy_candidate_evidence"": ""https://iubmb.qmul.ac.uk/enzyme/EC3/1/3/60.html; https://www.kegg.jp/entry/R00208"", ""energy_candidate_rationale"": ""Conditional hydrolysis direction supported by enzyme chemistry; no extra reverse capacity added. Chemistry uses the existing neutral nucleotide/Pi and dianionic DHAP representations. No native enzyme/GPR/localization validation is claimed."", ""energy_candidate_precedence"": ""explicit candidate > metadata chemistry/bounds""}"
5	after_metadata_repeat	R_PGAM1_PhosHydro	bounds	[-1000, 0]	[-1000, 0]	metadata selection preserves candidate protected chemistry/direction	"{""metadata_previous_gap_fill_direction_status"": ""active"", ""metadata_previous_gap_fill_stoichiometry_action"": ""reverse"", ""metadata_previous_gap_fill_direction_evidence"": ""https://www.kegg.jp/entry/R00208"", ""metadata_previous_gap_fill_direction_rationale"": ""Encode phosphoenolpyruvate phosphatase in its hydrolysis direction; the generated candidate equation is reversed relative to KEGG R00208."", ""metadata_reaction_selection"": ""metadata_reaction_fields_preserve_trna_20260910"", ""metadata_selected_fields"": ""bounds; stoichiometry"", ""metadata_selection_source_sha256"": ""33c14f0c524197ec732e09ba86c4382d5b21bc25b4bd73b18eba5f452dd7e797"", ""metadata_selection_evidence_status"": ""User-selected model version; not new validation of chemistry or native gene function"", ""energy_candidate_protected_definition"": ""{\""curation_id\"": \""ATP-CANDIDATE-20260924\"", \""definition\"": {\""bounds\"": [-1000, 0], \""gpr\"": \""YALI1E41893g\"", \""stoichiometry\"": {\""m107[C_cy]\"": 1.0, \""m32[C_cy]\"": 1.0, \""m35[C_cy]\"": -1.0, \""m4[C_cy]\"": -1.0}}, \""reaction_id\"": \""R_PGAM1_PhosHydro\"", \""schema_version\"": 1, \""species\"": {\""m107[C_cy]\"": {\""charge\"": 0, \""compartment\"": \""C_cy\"", \""formula\"": \""C3H5O6P\"", \""name\"": \""phosphoenolpyruvate_C3H5O6P\""}, \""m32[C_cy]\"": {\""charge\"": 0, \""compartment\"": \""C_cy\"", \""formula\"": \""H2O\"", \""name\"": \""H2O_H2O\""}, \""m35[C_cy]\"": {\""charge\"": 0, \""compartment\"": \""C_cy\"", \""formula\"": \""H3O4P\"", \""name\"": \""phosphate_H3O4P\""}, \""m4[C_cy]\"": {\""charge\"": 0, \""compartment\"": \""C_cy\"", \""formula\"": \""C3H4O3\"", \""name\"": \""pyruvate_C3H4O3\""}}, \""variant\"": \""E3\""}"", ""energy_candidate_status"": ""user_authorized_candidate; representation-consistent chemistry; native function/compartment unverified"", ""energy_candidate_evidence"": ""https://iubmb.qmul.ac.uk/enzyme/EC3/1/3/60.html; https://www.kegg.jp/entry/R00208"", ""energy_candidate_rationale"": ""Conditional hydrolysis direction supported by enzyme chemistry; no extra reverse capacity added. Chemistry uses the existing neutral nucleotide/Pi and dianionic DHAP representations. No native enzyme/GPR/localization validation is claimed."", ""energy_candidate_precedence"": ""explicit candidate > metadata chemistry/bounds""}"
5	after_metadata_repeat	R_PGAM1_PhosHydro	gpr	"""YALI1E41893g"""	"""YALI1E41893g"""	metadata selection preserves candidate protected chemistry/direction	"{""metadata_previous_gap_fill_direction_status"": ""active"", ""metadata_previous_gap_fill_stoichiometry_action"": ""reverse"", ""metadata_previous_gap_fill_direction_evidence"": ""https://www.kegg.jp/entry/R00208"", ""metadata_previous_gap_fill_direction_rationale"": ""Encode phosphoenolpyruvate phosphatase in its hydrolysis direction; the generated candidate equation is reversed relative to KEGG R00208."", ""metadata_reaction_selection"": ""metadata_reaction_fields_preserve_trna_20260910"", ""metadata_selected_fields"": ""bounds; stoichiometry"", ""metadata_selection_source_sha256"": ""33c14f0c524197ec732e09ba86c4382d5b21bc25b4bd73b18eba5f452dd7e797"", ""metadata_selection_evidence_status"": ""User-selected model version; not new validation of chemistry or native gene function"", ""energy_candidate_protected_definition"": ""{\""curation_id\"": \""ATP-CANDIDATE-20260924\"", \""definition\"": {\""bounds\"": [-1000, 0], \""gpr\"": \""YALI1E41893g\"", \""stoichiometry\"": {\""m107[C_cy]\"": 1.0, \""m32[C_cy]\"": 1.0, \""m35[C_cy]\"": -1.0, \""m4[C_cy]\"": -1.0}}, \""reaction_id\"": \""R_PGAM1_PhosHydro\"", \""schema_version\"": 1, \""species\"": {\""m107[C_cy]\"": {\""charge\"": 0, \""compartment\"": \""C_cy\"", \""formula\"": \""C3H5O6P\"", \""name\"": \""phosphoenolpyruvate_C3H5O6P\""}, \""m32[C_cy]\"": {\""charge\"": 0, \""compartment\"": \""C_cy\"", \""formula\"": \""H2O\"", \""name\"": \""H2O_H2O\""}, \""m35[C_cy]\"": {\""charge\"": 0, \""compartment\"": \""C_cy\"", \""formula\"": \""H3O4P\"", \""name\"": \""phosphate_H3O4P\""}, \""m4[C_cy]\"": {\""charge\"": 0, \""compartment\"": \""C_cy\"", \""formula\"": \""C3H4O3\"", \""name\"": \""pyruvate_C3H4O3\""}}, \""variant\"": \""E3\""}"", ""energy_candidate_status"": ""user_authorized_candidate; representation-consistent chemistry; native function/compartment unverified"", ""energy_candidate_evidence"": ""https://iubmb.qmul.ac.uk/enzyme/EC3/1/3/60.html; https://www.kegg.jp/entry/R00208"", ""energy_candidate_rationale"": ""Conditional hydrolysis direction supported by enzyme chemistry; no extra reverse capacity added. Chemistry uses the existing neutral nucleotide/Pi and dianionic DHAP representations. No native enzyme/GPR/localization validation is claimed."", ""energy_candidate_precedence"": ""explicit candidate > metadata chemistry/bounds""}"
5	after_metadata_repeat	R_NTP3pp	name	"""R_NTP3pp"""	"""R_NTP3pp"""	metadata selection preserves candidate protected chemistry/direction	"{""metadata_previous_gap_fill_direction_status"": ""active"", ""metadata_previous_gap_fill_stoichiometry_action"": ""reverse"", ""metadata_previous_gap_fill_direction_evidence"": ""https://www.kegg.jp/entry/R00335"", ""metadata_previous_gap_fill_direction_rationale"": ""Encode GTP phosphohydrolase in its hydrolysis direction; the generated candidate equation is reversed relative to KEGG R00335."", ""metadata_reaction_selection"": ""metadata_reaction_fields_preserve_trna_20260910"", ""metadata_selected_fields"": ""bounds; stoichiometry"", ""metadata_selection_source_sha256"": ""33c14f0c524197ec732e09ba86c4382d5b21bc25b4bd73b18eba5f452dd7e797"", ""metadata_selection_evidence_status"": ""User-selected model version; not new validation of chemistry or native gene function"", ""energy_candidate_protected_definition"": ""{\""curation_id\"": \""ATP-CANDIDATE-20260924\"", \""definition\"": {\""bounds\"": [-1000, 0], \""gpr\"": \""YALI1E41893g\"", \""stoichiometry\"": {\""m266[C_cy]\"": 1.0, \""m268[C_cy]\"": -1.0, \""m32[C_cy]\"": 1.0, \""m35[C_cy]\"": -1.0}}, \""reaction_id\"": \""R_NTP3pp\"", \""schema_version\"": 1, \""species\"": {\""m10[C_cy]\"": {\""charge\"": 1, \""compartment\"": \""C_cy\"", \""formula\"": \""H\"", \""name\"": \""H+_p+1\""}, \""m266[C_cy]\"": {\""charge\"": 0, \""compartment\"": \""C_cy\"", \""formula\"": \""C10H16N5O14P3\"", \""name\"": \""GTP_C10H16N5O14P3\""}, \""m268[C_cy]\"": {\""charge\"": 0, \""compartment\"": \""C_cy\"", \""formula\"": \""C10H15N5O11P2\"", \""name\"": \""GDP_C10H15N5O11P2\""}, \""m32[C_cy]\"": {\""charge\"": 0, \""compartment\"": \""C_cy\"", \""formula\"": \""H2O\"", \""name\"": \""H2O_H2O\""}, \""m35[C_cy]\"": {\""charge\"": 0, \""compartment\"": \""C_cy\"", \""formula\"": \""H3O4P\"", \""name\"": \""phosphate_H3O4P\""}}, \""variant\"": \""E3\""}"", ""energy_candidate_status"": ""user_authorized_candidate; representation-consistent chemistry; native function/compartment unverified"", ""energy_candidate_evidence"": ""https://iubmb.qmul.ac.uk/enzyme/EC3/6/1/15.html; https://www.kegg.jp/entry/R00335"", ""energy_candidate_rationale"": ""Conditional hydrolysis direction supported by enzyme chemistry; no extra reverse capacity added. Chemistry uses the existing neutral nucleotide/Pi and dianionic DHAP representations. No native enzyme/GPR/localization validation is claimed."", ""energy_candidate_precedence"": ""explicit candidate > metadata chemistry/bounds""}"
5	after_metadata_repeat	R_NTP3pp	stoichiometry	"{""m268[C_cy]"": -1.0, ""m35[C_cy]"": -1.0, ""m266[C_cy]"": 1.0, ""m32[C_cy]"": 1.0}"	"{""m268[C_cy]"": -1.0, ""m35[C_cy]"": -1.0, ""m266[C_cy]"": 1.0, ""m32[C_cy]"": 1.0}"	metadata selection preserves candidate protected chemistry/direction	"{""metadata_previous_gap_fill_direction_status"": ""active"", ""metadata_previous_gap_fill_stoichiometry_action"": ""reverse"", ""metadata_previous_gap_fill_direction_evidence"": ""https://www.kegg.jp/entry/R00335"", ""metadata_previous_gap_fill_direction_rationale"": ""Encode GTP phosphohydrolase in its hydrolysis direction; the generated candidate equation is reversed relative to KEGG R00335."", ""metadata_reaction_selection"": ""metadata_reaction_fields_preserve_trna_20260910"", ""metadata_selected_fields"": ""bounds; stoichiometry"", ""metadata_selection_source_sha256"": ""33c14f0c524197ec732e09ba86c4382d5b21bc25b4bd73b18eba5f452dd7e797"", ""metadata_selection_evidence_status"": ""User-selected model version; not new validation of chemistry or native gene function"", ""energy_candidate_protected_definition"": ""{\""curation_id\"": \""ATP-CANDIDATE-20260924\"", \""definition\"": {\""bounds\"": [-1000, 0], \""gpr\"": \""YALI1E41893g\"", \""stoichiometry\"": {\""m266[C_cy]\"": 1.0, \""m268[C_cy]\"": -1.0, \""m32[C_cy]\"": 1.0, \""m35[C_cy]\"": -1.0}}, \""reaction_id\"": \""R_NTP3pp\"", \""schema_version\"": 1, \""species\"": {\""m10[C_cy]\"": {\""charge\"": 1, \""compartment\"": \""C_cy\"", \""formula\"": \""H\"", \""name\"": \""H+_p+1\""}, \""m266[C_cy]\"": {\""charge\"": 0, \""compartment\"": \""C_cy\"", \""formula\"": \""C10H16N5O14P3\"", \""name\"": \""GTP_C10H16N5O14P3\""}, \""m268[C_cy]\"": {\""charge\"": 0, \""compartment\"": \""C_cy\"", \""formula\"": \""C10H15N5O11P2\"", \""name\"": \""GDP_C10H15N5O11P2\""}, \""m32[C_cy]\"": {\""charge\"": 0, \""compartment\"": \""C_cy\"", \""formula\"": \""H2O\"", \""name\"": \""H2O_H2O\""}, \""m35[C_cy]\"": {\""charge\"": 0, \""compartment\"": \""C_cy\"", \""formula\"": \""H3O4P\"", \""name\"": \""phosphate_H3O4P\""}}, \""variant\"": \""E3\""}"", ""energy_candidate_status"": ""user_authorized_candidate; representation-consistent chemistry; native function/compartment unverified"", ""energy_candidate_evidence"": ""https://iubmb.qmul.ac.uk/enzyme/EC3/6/1/15.html; https://www.kegg.jp/entry/R00335"", ""energy_candidate_rationale"": ""Conditional hydrolysis direction supported by enzyme chemistry; no extra reverse capacity added. Chemistry uses the existing neutral nucleotide/Pi and dianionic DHAP representations. No native enzyme/GPR/localization validation is claimed."", ""energy_candidate_precedence"": ""explicit candidate > metadata chemistry/bounds""}"
5	after_metadata_repeat	R_NTP3pp	bounds	[-1000, 0]	[-1000, 0]	metadata selection preserves candidate protected chemistry/direction	"{""metadata_previous_gap_fill_direction_status"": ""active"", ""metadata_previous_gap_fill_stoichiometry_action"": ""reverse"", ""metadata_previous_gap_fill_direction_evidence"": ""https://www.kegg.jp/entry/R00335"", ""metadata_previous_gap_fill_direction_rationale"": ""Encode GTP phosphohydrolase in its hydrolysis direction; the generated candidate equation is reversed relative to KEGG R00335."", ""metadata_reaction_selection"": ""metadata_reaction_fields_preserve_trna_20260910"", ""metadata_selected_fields"": ""bounds; stoichiometry"", ""metadata_selection_source_sha256"": ""33c14f0c524197ec732e09ba86c4382d5b21bc25b4bd73b18eba5f452dd7e797"", ""metadata_selection_evidence_status"": ""User-selected model version; not new validation of chemistry or native gene function"", ""energy_candidate_protected_definition"": ""{\""curation_id\"": \""ATP-CANDIDATE-20260924\"", \""definition\"": {\""bounds\"": [-1000, 0], \""gpr\"": \""YALI1E41893g\"", \""stoichiometry\"": {\""m266[C_cy]\"": 1.0, \""m268[C_cy]\"": -1.0, \""m32[C_cy]\"": 1.0, \""m35[C_cy]\"": -1.0}}, \""reaction_id\"": \""R_NTP3pp\"", \""schema_version\"": 1, \""species\"": {\""m10[C_cy]\"": {\""charge\"": 1, \""compartment\"": \""C_cy\"", \""formula\"": \""H\"", \""name\"": \""H+_p+1\""}, \""m266[C_cy]\"": {\""charge\"": 0, \""compartment\"": \""C_cy\"", \""formula\"": \""C10H16N5O14P3\"", \""name\"": \""GTP_C10H16N5O14P3\""}, \""m268[C_cy]\"": {\""charge\"": 0, \""compartment\"": \""C_cy\"", \""formula\"": \""C10H15N5O11P2\"", \""name\"": \""GDP_C10H15N5O11P2\""}, \""m32[C_cy]\"": {\""charge\"": 0, \""compartment\"": \""C_cy\"", \""formula\"": \""H2O\"", \""name\"": \""H2O_H2O\""}, \""m35[C_cy]\"": {\""charge\"": 0, \""compartment\"": \""C_cy\"", \""formula\"": \""H3O4P\"", \""name\"": \""phosphate_H3O4P\""}}, \""variant\"": \""E3\""}"", ""energy_candidate_status"": ""user_authorized_candidate; representation-consistent chemistry; native function/compartment unverified"", ""energy_candidate_evidence"": ""https://iubmb.qmul.ac.uk/enzyme/EC3/6/1/15.html; https://www.kegg.jp/entry/R00335"", ""energy_candidate_rationale"": ""Conditional hydrolysis direction supported by enzyme chemistry; no extra reverse capacity added. Chemistry uses the existing neutral nucleotide/Pi and dianionic DHAP representations. No native enzyme/GPR/localization validation is claimed."", ""energy_candidate_precedence"": ""explicit candidate > metadata chemistry/bounds""}"
5	after_metadata_repeat	R_NTP3pp	gpr	"""YALI1E41893g"""	"""YALI1E41893g"""	metadata selection preserves candidate protected chemistry/direction	"{""metadata_previous_gap_fill_direction_status"": ""active"", ""metadata_previous_gap_fill_stoichiometry_action"": ""reverse"", ""metadata_previous_gap_fill_direction_evidence"": ""https://www.kegg.jp/entry/R00335"", ""metadata_previous_gap_fill_direction_rationale"": ""Encode GTP phosphohydrolase in its hydrolysis direction; the generated candidate equation is reversed relative to KEGG R00335."", ""metadata_reaction_selection"": ""metadata_reaction_fields_preserve_trna_20260910"", ""metadata_selected_fields"": ""bounds; stoichiometry"", ""metadata_selection_source_sha256"": ""33c14f0c524197ec732e09ba86c4382d5b21bc25b4bd73b18eba5f452dd7e797"", ""metadata_selection_evidence_status"": ""User-selected model version; not new validation of chemistry or native gene function"", ""energy_candidate_protected_definition"": ""{\""curation_id\"": \""ATP-CANDIDATE-20260924\"", \""definition\"": {\""bounds\"": [-1000, 0], \""gpr\"": \""YALI1E41893g\"", \""stoichiometry\"": {\""m266[C_cy]\"": 1.0, \""m268[C_cy]\"": -1.0, \""m32[C_cy]\"": 1.0, \""m35[C_cy]\"": -1.0}}, \""reaction_id\"": \""R_NTP3pp\"", \""schema_version\"": 1, \""species\"": {\""m10[C_cy]\"": {\""charge\"": 1, \""compartment\"": \""C_cy\"", \""formula\"": \""H\"", \""name\"": \""H+_p+1\""}, \""m266[C_cy]\"": {\""charge\"": 0, \""compartment\"": \""C_cy\"", \""formula\"": \""C10H16N5O14P3\"", \""name\"": \""GTP_C10H16N5O14P3\""}, \""m268[C_cy]\"": {\""charge\"": 0, \""compartment\"": \""C_cy\"", \""formula\"": \""C10H15N5O11P2\"", \""name\"": \""GDP_C10H15N5O11P2\""}, \""m32[C_cy]\"": {\""charge\"": 0, \""compartment\"": \""C_cy\"", \""formula\"": \""H2O\"", \""name\"": \""H2O_H2O\""}, \""m35[C_cy]\"": {\""charge\"": 0, \""compartment\"": \""C_cy\"", \""formula\"": \""H3O4P\"", \""name\"": \""phosphate_H3O4P\""}}, \""variant\"": \""E3\""}"", ""energy_candidate_status"": ""user_authorized_candidate; representation-consistent chemistry; native function/compartment unverified"", ""energy_candidate_evidence"": ""https://iubmb.qmul.ac.uk/enzyme/EC3/6/1/15.html; https://www.kegg.jp/entry/R00335"", ""energy_candidate_rationale"": ""Conditional hydrolysis direction supported by enzyme chemistry; no extra reverse capacity added. Chemistry uses the existing neutral nucleotide/Pi and dianionic DHAP representations. No native enzyme/GPR/localization validation is claimed."", ""energy_candidate_precedence"": ""explicit candidate > metadata chemistry/bounds""}"
5	after_metadata_repeat	R_NTP7	name	"""R_NTP7"""	"""R_NTP7"""	metadata selection preserves candidate protected chemistry/direction	"{""metadata_previous_gap_fill_direction_status"": ""active"", ""metadata_previous_gap_fill_stoichiometry_action"": ""keep"", ""metadata_previous_gap_fill_direction_evidence"": ""https://www.kegg.jp/entry/R00159"", ""metadata_previous_gap_fill_direction_rationale"": ""The generated equation already encodes UTP hydrolysis; disallow the thermodynamically unsupported reverse phosphorylation."", ""metadata_reaction_selection"": ""metadata_reaction_fields_preserve_trna_20260910"", ""metadata_selected_fields"": ""bounds; stoichiometry"", ""metadata_selection_source_sha256"": ""33c14f0c524197ec732e09ba86c4382d5b21bc25b4bd73b18eba5f452dd7e797"", ""metadata_selection_evidence_status"": ""User-selected model version; not new validation of chemistry or native gene function"", ""energy_candidate_protected_definition"": ""{\""curation_id\"": \""ATP-CANDIDATE-20260924\"", \""definition\"": {\""bounds\"": [0, 1000], \""gpr\"": \""YALI1E41893g\"", \""stoichiometry\"": {\""m11[C_cy]\"": 1.0, \""m32[C_cy]\"": -1.0, \""m35[C_cy]\"": 1.0, \""m439[C_cy]\"": -1.0}}, \""reaction_id\"": \""R_NTP7\"", \""schema_version\"": 1, \""species\"": {\""m10[C_cy]\"": {\""charge\"": 1, \""compartment\"": \""C_cy\"", \""formula\"": \""H\"", \""name\"": \""H+_p+1\""}, \""m11[C_cy]\"": {\""charge\"": 0, \""compartment\"": \""C_cy\"", \""formula\"": \""C9H14N2O12P2\"", \""name\"": \""UDP_C9H14N2O12P2\""}, \""m32[C_cy]\"": {\""charge\"": 0, \""compartment\"": \""C_cy\"", \""formula\"": \""H2O\"", \""name\"": \""H2O_H2O\""}, \""m35[C_cy]\"": {\""charge\"": 0, \""compartment\"": \""C_cy\"", \""formula\"": \""H3O4P\"", \""name\"": \""phosphate_H3O4P\""}, \""m439[C_cy]\"": {\""charge\"": 0, \""compartment\"": \""C_cy\"", \""formula\"": \""C9H15N2O15P3\"", \""name\"": \""UTP_C9H15N2O15P3\""}}, \""variant\"": \""E3\""}"", ""energy_candidate_status"": ""user_authorized_candidate; representation-consistent chemistry; native function/compartment unverified"", ""energy_candidate_evidence"": ""https://iubmb.qmul.ac.uk/enzyme/EC3/6/1/15.html; https://www.kegg.jp/entry/R00159"", ""energy_candidate_rationale"": ""Conditional hydrolysis direction supported by enzyme chemistry; no extra reverse capacity added. Chemistry uses the existing neutral nucleotide/Pi and dianionic DHAP representations. No native enzyme/GPR/localization validation is claimed."", ""energy_candidate_precedence"": ""explicit candidate > metadata chemistry/bounds""}"
5	after_metadata_repeat	R_NTP7	stoichiometry	"{""m439[C_cy]"": -1.0, ""m32[C_cy]"": -1.0, ""m11[C_cy]"": 1.0, ""m35[C_cy]"": 1.0}"	"{""m439[C_cy]"": -1.0, ""m32[C_cy]"": -1.0, ""m11[C_cy]"": 1.0, ""m35[C_cy]"": 1.0}"	metadata selection preserves candidate protected chemistry/direction	"{""metadata_previous_gap_fill_direction_status"": ""active"", ""metadata_previous_gap_fill_stoichiometry_action"": ""keep"", ""metadata_previous_gap_fill_direction_evidence"": ""https://www.kegg.jp/entry/R00159"", ""metadata_previous_gap_fill_direction_rationale"": ""The generated equation already encodes UTP hydrolysis; disallow the thermodynamically unsupported reverse phosphorylation."", ""metadata_reaction_selection"": ""metadata_reaction_fields_preserve_trna_20260910"", ""metadata_selected_fields"": ""bounds; stoichiometry"", ""metadata_selection_source_sha256"": ""33c14f0c524197ec732e09ba86c4382d5b21bc25b4bd73b18eba5f452dd7e797"", ""metadata_selection_evidence_status"": ""User-selected model version; not new validation of chemistry or native gene function"", ""energy_candidate_protected_definition"": ""{\""curation_id\"": \""ATP-CANDIDATE-20260924\"", \""definition\"": {\""bounds\"": [0, 1000], \""gpr\"": \""YALI1E41893g\"", \""stoichiometry\"": {\""m11[C_cy]\"": 1.0, \""m32[C_cy]\"": -1.0, \""m35[C_cy]\"": 1.0, \""m439[C_cy]\"": -1.0}}, \""reaction_id\"": \""R_NTP7\"", \""schema_version\"": 1, \""species\"": {\""m10[C_cy]\"": {\""charge\"": 1, \""compartment\"": \""C_cy\"", \""formula\"": \""H\"", \""name\"": \""H+_p+1\""}, \""m11[C_cy]\"": {\""charge\"": 0, \""compartment\"": \""C_cy\"", \""formula\"": \""C9H14N2O12P2\"", \""name\"": \""UDP_C9H14N2O12P2\""}, \""m32[C_cy]\"": {\""charge\"": 0, \""compartment\"": \""C_cy\"", \""formula\"": \""H2O\"", \""name\"": \""H2O_H2O\""}, \""m35[C_cy]\"": {\""charge\"": 0, \""compartment\"": \""C_cy\"", \""formula\"": \""H3O4P\"", \""name\"": \""phosphate_H3O4P\""}, \""m439[C_cy]\"": {\""charge\"": 0, \""compartment\"": \""C_cy\"", \""formula\"": \""C9H15N2O15P3\"", \""name\"": \""UTP_C9H15N2O15P3\""}}, \""variant\"": \""E3\""}"", ""energy_candidate_status"": ""user_authorized_candidate; representation-consistent chemistry; native function/compartment unverified"", ""energy_candidate_evidence"": ""https://iubmb.qmul.ac.uk/enzyme/EC3/6/1/15.html; https://www.kegg.jp/entry/R00159"", ""energy_candidate_rationale"": ""Conditional hydrolysis direction supported by enzyme chemistry; no extra reverse capacity added. Chemistry uses the existing neutral nucleotide/Pi and dianionic DHAP representations. No native enzyme/GPR/localization validation is claimed."", ""energy_candidate_precedence"": ""explicit candidate > metadata chemistry/bounds""}"
5	after_metadata_repeat	R_NTP7	bounds	[0, 1000]	[0, 1000]	metadata selection preserves candidate protected chemistry/direction	"{""metadata_previous_gap_fill_direction_status"": ""active"", ""metadata_previous_gap_fill_stoichiometry_action"": ""keep"", ""metadata_previous_gap_fill_direction_evidence"": ""https://www.kegg.jp/entry/R00159"", ""metadata_previous_gap_fill_direction_rationale"": ""The generated equation already encodes UTP hydrolysis; disallow the thermodynamically unsupported reverse phosphorylation."", ""metadata_reaction_selection"": ""metadata_reaction_fields_preserve_trna_20260910"", ""metadata_selected_fields"": ""bounds; stoichiometry"", ""metadata_selection_source_sha256"": ""33c14f0c524197ec732e09ba86c4382d5b21bc25b4bd73b18eba5f452dd7e797"", ""metadata_selection_evidence_status"": ""User-selected model version; not new validation of chemistry or native gene function"", ""energy_candidate_protected_definition"": ""{\""curation_id\"": \""ATP-CANDIDATE-20260924\"", \""definition\"": {\""bounds\"": [0, 1000], \""gpr\"": \""YALI1E41893g\"", \""stoichiometry\"": {\""m11[C_cy]\"": 1.0, \""m32[C_cy]\"": -1.0, \""m35[C_cy]\"": 1.0, \""m439[C_cy]\"": -1.0}}, \""reaction_id\"": \""R_NTP7\"", \""schema_version\"": 1, \""species\"": {\""m10[C_cy]\"": {\""charge\"": 1, \""compartment\"": \""C_cy\"", \""formula\"": \""H\"", \""name\"": \""H+_p+1\""}, \""m11[C_cy]\"": {\""charge\"": 0, \""compartment\"": \""C_cy\"", \""formula\"": \""C9H14N2O12P2\"", \""name\"": \""UDP_C9H14N2O12P2\""}, \""m32[C_cy]\"": {\""charge\"": 0, \""compartment\"": \""C_cy\"", \""formula\"": \""H2O\"", \""name\"": \""H2O_H2O\""}, \""m35[C_cy]\"": {\""charge\"": 0, \""compartment\"": \""C_cy\"", \""formula\"": \""H3O4P\"", \""name\"": \""phosphate_H3O4P\""}, \""m439[C_cy]\"": {\""charge\"": 0, \""compartment\"": \""C_cy\"", \""formula\"": \""C9H15N2O15P3\"", \""name\"": \""UTP_C9H15N2O15P3\""}}, \""variant\"": \""E3\""}"", ""energy_candidate_status"": ""user_authorized_candidate; representation-consistent chemistry; native function/compartment unverified"", ""energy_candidate_evidence"": ""https://iubmb.qmul.ac.uk/enzyme/EC3/6/1/15.html; https://www.kegg.jp/entry/R00159"", ""energy_candidate_rationale"": ""Conditional hydrolysis direction supported by enzyme chemistry; no extra reverse capacity added. Chemistry uses the existing neutral nucleotide/Pi and dianionic DHAP representations. No native enzyme/GPR/localization validation is claimed."", ""energy_candidate_precedence"": ""explicit candidate > metadata chemistry/bounds""}"
5	after_metadata_repeat	R_NTP7	gpr	"""YALI1E41893g"""	"""YALI1E41893g"""	metadata selection preserves candidate protected chemistry/direction	"{""metadata_previous_gap_fill_direction_status"": ""active"", ""metadata_previous_gap_fill_stoichiometry_action"": ""keep"", ""metadata_previous_gap_fill_direction_evidence"": ""https://www.kegg.jp/entry/R00159"", ""metadata_previous_gap_fill_direction_rationale"": ""The generated equation already encodes UTP hydrolysis; disallow the thermodynamically unsupported reverse phosphorylation."", ""metadata_reaction_selection"": ""metadata_reaction_fields_preserve_trna_20260910"", ""metadata_selected_fields"": ""bounds; stoichiometry"", ""metadata_selection_source_sha256"": ""33c14f0c524197ec732e09ba86c4382d5b21bc25b4bd73b18eba5f452dd7e797"", ""metadata_selection_evidence_status"": ""User-selected model version; not new validation of chemistry or native gene function"", ""energy_candidate_protected_definition"": ""{\""curation_id\"": \""ATP-CANDIDATE-20260924\"", \""definition\"": {\""bounds\"": [0, 1000], \""gpr\"": \""YALI1E41893g\"", \""stoichiometry\"": {\""m11[C_cy]\"": 1.0, \""m32[C_cy]\"": -1.0, \""m35[C_cy]\"": 1.0, \""m439[C_cy]\"": -1.0}}, \""reaction_id\"": \""R_NTP7\"", \""schema_version\"": 1, \""species\"": {\""m10[C_cy]\"": {\""charge\"": 1, \""compartment\"": \""C_cy\"", \""formula\"": \""H\"", \""name\"": \""H+_p+1\""}, \""m11[C_cy]\"": {\""charge\"": 0, \""compartment\"": \""C_cy\"", \""formula\"": \""C9H14N2O12P2\"", \""name\"": \""UDP_C9H14N2O12P2\""}, \""m32[C_cy]\"": {\""charge\"": 0, \""compartment\"": \""C_cy\"", \""formula\"": \""H2O\"", \""name\"": \""H2O_H2O\""}, \""m35[C_cy]\"": {\""charge\"": 0, \""compartment\"": \""C_cy\"", \""formula\"": \""H3O4P\"", \""name\"": \""phosphate_H3O4P\""}, \""m439[C_cy]\"": {\""charge\"": 0, \""compartment\"": \""C_cy\"", \""formula\"": \""C9H15N2O15P3\"", \""name\"": \""UTP_C9H15N2O15P3\""}}, \""variant\"": \""E3\""}"", ""energy_candidate_status"": ""user_authorized_candidate; representation-consistent chemistry; native function/compartment unverified"", ""energy_candidate_evidence"": ""https://iubmb.qmul.ac.uk/enzyme/EC3/6/1/15.html; https://www.kegg.jp/entry/R00159"", ""energy_candidate_rationale"": ""Conditional hydrolysis direction supported by enzyme chemistry; no extra reverse capacity added. Chemistry uses the existing neutral nucleotide/Pi and dianionic DHAP representations. No native enzyme/GPR/localization validation is claimed."", ""energy_candidate_precedence"": ""explicit candidate > metadata chemistry/bounds""}"
5	after_metadata_repeat	r0242	name	"""r0242"""	"""r0242"""	metadata selection preserves candidate protected chemistry/direction	"{""metadata_previous_gap_fill_direction_status"": ""legacy_unreviewed"", ""metadata_reaction_selection"": ""metadata_reaction_fields_preserve_trna_20260910"", ""metadata_selected_fields"": ""stoichiometry"", ""metadata_selection_source_sha256"": ""33c14f0c524197ec732e09ba86c4382d5b21bc25b4bd73b18eba5f452dd7e797"", ""metadata_selection_evidence_status"": ""User-selected model version; not new validation of chemistry or native gene function"", ""energy_candidate_protected_definition"": ""{\""curation_id\"": \""ATP-CANDIDATE-20260924\"", \""definition\"": {\""bounds\"": [-1000.0, 1000.0], \""gpr\"": \""YALI1E41893g\"", \""stoichiometry\"": {\""m10[C_cy]\"": 2, \""m1881[C_cy]\"": -1.0, \""m32[C_cy]\"": 1.0, \""m35[C_cy]\"": -1.0, \""m456[C_cy]\"": 1.0}}, \""reaction_id\"": \""r0242\"", \""schema_version\"": 1, \""species\"": {\""m10[C_cy]\"": {\""charge\"": 1, \""compartment\"": \""C_cy\"", \""formula\"": \""H\"", \""name\"": \""H+_p+1\""}, \""m1881[C_cy]\"": {\""charge\"": 0, \""compartment\"": \""C_cy\"", \""formula\"": \""C3H6O3\"", \""name\"": \""Dihydroxy-Acetone\""}, \""m32[C_cy]\"": {\""charge\"": 0, \""compartment\"": \""C_cy\"", \""formula\"": \""H2O\"", \""name\"": \""H2O_H2O\""}, \""m35[C_cy]\"": {\""charge\"": 0, \""compartment\"": \""C_cy\"", \""formula\"": \""H3O4P\"", \""name\"": \""phosphate_H3O4P\""}, \""m456[C_cy]\"": {\""charge\"": -2, \""compartment\"": \""C_cy\"", \""formula\"": \""C3H5O6P\"", \""name\"": \""dihydroxyacetone phosphate_C3H5O6P\""}}, \""variant\"": \""E3\""}"", ""energy_candidate_status"": ""user_authorized_candidate; representation-consistent chemistry; native function/compartment unverified"", ""energy_candidate_evidence"": ""https://www.kegg.jp/entry/R01010; https://www.ebi.ac.uk/chebi/searchId.do?chebiId=CHEBI:57642"", ""energy_candidate_rationale"": ""Conditional hydrolysis direction supported by enzyme chemistry; no extra reverse capacity added. Chemistry uses the existing neutral nucleotide/Pi and dianionic DHAP representations. No native enzyme/GPR/localization validation is claimed."", ""energy_candidate_precedence"": ""explicit candidate > metadata chemistry/bounds""}"
5	after_metadata_repeat	r0242	stoichiometry	"{""m1881[C_cy]"": -1.0, ""m35[C_cy]"": -1.0, ""m456[C_cy]"": 1.0, ""m32[C_cy]"": 1.0, ""m10[C_cy]"": 2}"	"{""m1881[C_cy]"": -1.0, ""m35[C_cy]"": -1.0, ""m456[C_cy]"": 1.0, ""m32[C_cy]"": 1.0, ""m10[C_cy]"": 2}"	metadata selection preserves candidate protected chemistry/direction	"{""metadata_previous_gap_fill_direction_status"": ""legacy_unreviewed"", ""metadata_reaction_selection"": ""metadata_reaction_fields_preserve_trna_20260910"", ""metadata_selected_fields"": ""stoichiometry"", ""metadata_selection_source_sha256"": ""33c14f0c524197ec732e09ba86c4382d5b21bc25b4bd73b18eba5f452dd7e797"", ""metadata_selection_evidence_status"": ""User-selected model version; not new validation of chemistry or native gene function"", ""energy_candidate_protected_definition"": ""{\""curation_id\"": \""ATP-CANDIDATE-20260924\"", \""definition\"": {\""bounds\"": [-1000.0, 1000.0], \""gpr\"": \""YALI1E41893g\"", \""stoichiometry\"": {\""m10[C_cy]\"": 2, \""m1881[C_cy]\"": -1.0, \""m32[C_cy]\"": 1.0, \""m35[C_cy]\"": -1.0, \""m456[C_cy]\"": 1.0}}, \""reaction_id\"": \""r0242\"", \""schema_version\"": 1, \""species\"": {\""m10[C_cy]\"": {\""charge\"": 1, \""compartment\"": \""C_cy\"", \""formula\"": \""H\"", \""name\"": \""H+_p+1\""}, \""m1881[C_cy]\"": {\""charge\"": 0, \""compartment\"": \""C_cy\"", \""formula\"": \""C3H6O3\"", \""name\"": \""Dihydroxy-Acetone\""}, \""m32[C_cy]\"": {\""charge\"": 0, \""compartment\"": \""C_cy\"", \""formula\"": \""H2O\"", \""name\"": \""H2O_H2O\""}, \""m35[C_cy]\"": {\""charge\"": 0, \""compartment\"": \""C_cy\"", \""formula\"": \""H3O4P\"", \""name\"": \""phosphate_H3O4P\""}, \""m456[C_cy]\"": {\""charge\"": -2, \""compartment\"": \""C_cy\"", \""formula\"": \""C3H5O6P\"", \""name\"": \""dihydroxyacetone phosphate_C3H5O6P\""}}, \""variant\"": \""E3\""}"", ""energy_candidate_status"": ""user_authorized_candidate; representation-consistent chemistry; native function/compartment unverified"", ""energy_candidate_evidence"": ""https://www.kegg.jp/entry/R01010; https://www.ebi.ac.uk/chebi/searchId.do?chebiId=CHEBI:57642"", ""energy_candidate_rationale"": ""Conditional hydrolysis direction supported by enzyme chemistry; no extra reverse capacity added. Chemistry uses the existing neutral nucleotide/Pi and dianionic DHAP representations. No native enzyme/GPR/localization validation is claimed."", ""energy_candidate_precedence"": ""explicit candidate > metadata chemistry/bounds""}"
5	after_metadata_repeat	r0242	bounds	[-1000.0, 1000.0]	[-1000.0, 1000.0]	metadata selection preserves candidate protected chemistry/direction	"{""metadata_previous_gap_fill_direction_status"": ""legacy_unreviewed"", ""metadata_reaction_selection"": ""metadata_reaction_fields_preserve_trna_20260910"", ""metadata_selected_fields"": ""stoichiometry"", ""metadata_selection_source_sha256"": ""33c14f0c524197ec732e09ba86c4382d5b21bc25b4bd73b18eba5f452dd7e797"", ""metadata_selection_evidence_status"": ""User-selected model version; not new validation of chemistry or native gene function"", ""energy_candidate_protected_definition"": ""{\""curation_id\"": \""ATP-CANDIDATE-20260924\"", \""definition\"": {\""bounds\"": [-1000.0, 1000.0], \""gpr\"": \""YALI1E41893g\"", \""stoichiometry\"": {\""m10[C_cy]\"": 2, \""m1881[C_cy]\"": -1.0, \""m32[C_cy]\"": 1.0, \""m35[C_cy]\"": -1.0, \""m456[C_cy]\"": 1.0}}, \""reaction_id\"": \""r0242\"", \""schema_version\"": 1, \""species\"": {\""m10[C_cy]\"": {\""charge\"": 1, \""compartment\"": \""C_cy\"", \""formula\"": \""H\"", \""name\"": \""H+_p+1\""}, \""m1881[C_cy]\"": {\""charge\"": 0, \""compartment\"": \""C_cy\"", \""formula\"": \""C3H6O3\"", \""name\"": \""Dihydroxy-Acetone\""}, \""m32[C_cy]\"": {\""charge\"": 0, \""compartment\"": \""C_cy\"", \""formula\"": \""H2O\"", \""name\"": \""H2O_H2O\""}, \""m35[C_cy]\"": {\""charge\"": 0, \""compartment\"": \""C_cy\"", \""formula\"": \""H3O4P\"", \""name\"": \""phosphate_H3O4P\""}, \""m456[C_cy]\"": {\""charge\"": -2, \""compartment\"": \""C_cy\"", \""formula\"": \""C3H5O6P\"", \""name\"": \""dihydroxyacetone phosphate_C3H5O6P\""}}, \""variant\"": \""E3\""}"", ""energy_candidate_status"": ""user_authorized_candidate; representation-consistent chemistry; native function/compartment unverified"", ""energy_candidate_evidence"": ""https://www.kegg.jp/entry/R01010; https://www.ebi.ac.uk/chebi/searchId.do?chebiId=CHEBI:57642"", ""energy_candidate_rationale"": ""Conditional hydrolysis direction supported by enzyme chemistry; no extra reverse capacity added. Chemistry uses the existing neutral nucleotide/Pi and dianionic DHAP representations. No native enzyme/GPR/localization validation is claimed."", ""energy_candidate_precedence"": ""explicit candidate > metadata chemistry/bounds""}"
5	after_metadata_repeat	r0242	gpr	"""YALI1E41893g"""	"""YALI1E41893g"""	metadata selection preserves candidate protected chemistry/direction	"{""metadata_previous_gap_fill_direction_status"": ""legacy_unreviewed"", ""metadata_reaction_selection"": ""metadata_reaction_fields_preserve_trna_20260910"", ""metadata_selected_fields"": ""stoichiometry"", ""metadata_selection_source_sha256"": ""33c14f0c524197ec732e09ba86c4382d5b21bc25b4bd73b18eba5f452dd7e797"", ""metadata_selection_evidence_status"": ""User-selected model version; not new validation of chemistry or native gene function"", ""energy_candidate_protected_definition"": ""{\""curation_id\"": \""ATP-CANDIDATE-20260924\"", \""definition\"": {\""bounds\"": [-1000.0, 1000.0], \""gpr\"": \""YALI1E41893g\"", \""stoichiometry\"": {\""m10[C_cy]\"": 2, \""m1881[C_cy]\"": -1.0, \""m32[C_cy]\"": 1.0, \""m35[C_cy]\"": -1.0, \""m456[C_cy]\"": 1.0}}, \""reaction_id\"": \""r0242\"", \""schema_version\"": 1, \""species\"": {\""m10[C_cy]\"": {\""charge\"": 1, \""compartment\"": \""C_cy\"", \""formula\"": \""H\"", \""name\"": \""H+_p+1\""}, \""m1881[C_cy]\"": {\""charge\"": 0, \""compartment\"": \""C_cy\"", \""formula\"": \""C3H6O3\"", \""name\"": \""Dihydroxy-Acetone\""}, \""m32[C_cy]\"": {\""charge\"": 0, \""compartment\"": \""C_cy\"", \""formula\"": \""H2O\"", \""name\"": \""H2O_H2O\""}, \""m35[C_cy]\"": {\""charge\"": 0, \""compartment\"": \""C_cy\"", \""formula\"": \""H3O4P\"", \""name\"": \""phosphate_H3O4P\""}, \""m456[C_cy]\"": {\""charge\"": -2, \""compartment\"": \""C_cy\"", \""formula\"": \""C3H5O6P\"", \""name\"": \""dihydroxyacetone phosphate_C3H5O6P\""}}, \""variant\"": \""E3\""}"", ""energy_candidate_status"": ""user_authorized_candidate; representation-consistent chemistry; native function/compartment unverified"", ""energy_candidate_evidence"": ""https://www.kegg.jp/entry/R01010; https://www.ebi.ac.uk/chebi/searchId.do?chebiId=CHEBI:57642"", ""energy_candidate_rationale"": ""Conditional hydrolysis direction supported by enzyme chemistry; no extra reverse capacity added. Chemistry uses the existing neutral nucleotide/Pi and dianionic DHAP representations. No native enzyme/GPR/localization validation is claimed."", ""energy_candidate_precedence"": ""explicit candidate > metadata chemistry/bounds""}"
5	after_metadata_repeat	R2010	name	"""Dihydroxyacetone kinase"""	"""Dihydroxyacetone kinase"""	metadata selection preserves candidate protected chemistry/direction	{}
5	after_metadata_repeat	R2010	stoichiometry	"{""m141[C_cy]"": -1.0, ""m1881[C_cy]"": -1.0, ""m10[C_cy]"": 2.0, ""m143[C_cy]"": 1.0, ""m456[C_cy]"": 1.0}"	"{""m141[C_cy]"": -1.0, ""m1881[C_cy]"": -1.0, ""m10[C_cy]"": 2.0, ""m143[C_cy]"": 1.0, ""m456[C_cy]"": 1.0}"	metadata selection preserves candidate protected chemistry/direction	{}
5	after_metadata_repeat	R2010	bounds	[0.0, 1000.0]	[0.0, 1000.0]	metadata selection preserves candidate protected chemistry/direction	{}
5	after_metadata_repeat	R2010	gpr	""""""	""""""	metadata selection preserves candidate protected chemistry/direction	{}
6	after_export_reload	R_PGAM1_PhosHydro	name	"""R_PGAM1_PhosHydro"""	"""R_PGAM1_PhosHydro"""	SBML writer/readback; all definitions and protected notes match	"{""metadata_previous_gap_fill_direction_status"": ""active"", ""metadata_previous_gap_fill_stoichiometry_action"": ""reverse"", ""metadata_previous_gap_fill_direction_evidence"": ""https://www.kegg.jp/entry/R00208"", ""metadata_previous_gap_fill_direction_rationale"": ""Encode phosphoenolpyruvate phosphatase in its hydrolysis direction; the generated candidate equation is reversed relative to KEGG R00208."", ""metadata_reaction_selection"": ""metadata_reaction_fields_preserve_trna_20260910"", ""metadata_selected_fields"": ""bounds; stoichiometry"", ""metadata_selection_source_sha256"": ""33c14f0c524197ec732e09ba86c4382d5b21bc25b4bd73b18eba5f452dd7e797"", ""metadata_selection_evidence_status"": ""User-selected model version; not new validation of chemistry or native gene function"", ""energy_candidate_protected_definition"": ""{&quot;curation_id&quot;: &quot;ATP-CANDIDATE-20260924&quot;, &quot;definition&quot;: {&quot;bounds&quot;: [-1000, 0], &quot;gpr&quot;: &quot;YALI1E41893g&quot;, &quot;stoichiometry&quot;: {&quot;m107[C_cy]&quot;: 1.0, &quot;m32[C_cy]&quot;: 1.0, &quot;m35[C_cy]&quot;: -1.0, &quot;m4[C_cy]&quot;: -1.0}}, &quot;reaction_id&quot;: &quot;R_PGAM1_PhosHydro&quot;, &quot;schema_version&quot;: 1, &quot;species&quot;: {&quot;m107[C_cy]&quot;: {&quot;charge&quot;: 0, &quot;compartment&quot;: &quot;C_cy&quot;, &quot;formula&quot;: &quot;C3H5O6P&quot;, &quot;name&quot;: &quot;phosphoenolpyruvate_C3H5O6P&quot;}, &quot;m32[C_cy]&quot;: {&quot;charge&quot;: 0, &quot;compartment&quot;: &quot;C_cy&quot;, &quot;formula&quot;: &quot;H2O&quot;, &quot;name&quot;: &quot;H2O_H2O&quot;}, &quot;m35[C_cy]&quot;: {&quot;charge&quot;: 0, &quot;compartment&quot;: &quot;C_cy&quot;, &quot;formula&quot;: &quot;H3O4P&quot;, &quot;name&quot;: &quot;phosphate_H3O4P&quot;}, &quot;m4[C_cy]&quot;: {&quot;charge&quot;: 0, &quot;compartment&quot;: &quot;C_cy&quot;, &quot;formula&quot;: &quot;C3H4O3&quot;, &quot;name&quot;: &quot;pyruvate_C3H4O3&quot;}}, &quot;variant&quot;: &quot;E3&quot;}"", ""energy_candidate_status"": ""user_authorized_candidate; representation-consistent chemistry; native function/compartment unverified"", ""energy_candidate_evidence"": ""https://iubmb.qmul.ac.uk/enzyme/EC3/1/3/60.html; https://www.kegg.jp/entry/R00208"", ""energy_candidate_rationale"": ""Conditional hydrolysis direction supported by enzyme chemistry; no extra reverse capacity added. Chemistry uses the existing neutral nucleotide/Pi and dianionic DHAP representations. No native enzyme/GPR/localization validation is claimed."", ""energy_candidate_precedence"": ""explicit candidate &gt; metadata chemistry/bounds""}"
6	after_export_reload	R_PGAM1_PhosHydro	stoichiometry	"{""m4[C_cy]"": -1.0, ""m35[C_cy]"": -1.0, ""m107[C_cy]"": 1.0, ""m32[C_cy]"": 1.0}"	"{""m4[C_cy]"": -1.0, ""m35[C_cy]"": -1.0, ""m107[C_cy]"": 1.0, ""m32[C_cy]"": 1.0}"	SBML writer/readback; all definitions and protected notes match	"{""metadata_previous_gap_fill_direction_status"": ""active"", ""metadata_previous_gap_fill_stoichiometry_action"": ""reverse"", ""metadata_previous_gap_fill_direction_evidence"": ""https://www.kegg.jp/entry/R00208"", ""metadata_previous_gap_fill_direction_rationale"": ""Encode phosphoenolpyruvate phosphatase in its hydrolysis direction; the generated candidate equation is reversed relative to KEGG R00208."", ""metadata_reaction_selection"": ""metadata_reaction_fields_preserve_trna_20260910"", ""metadata_selected_fields"": ""bounds; stoichiometry"", ""metadata_selection_source_sha256"": ""33c14f0c524197ec732e09ba86c4382d5b21bc25b4bd73b18eba5f452dd7e797"", ""metadata_selection_evidence_status"": ""User-selected model version; not new validation of chemistry or native gene function"", ""energy_candidate_protected_definition"": ""{&quot;curation_id&quot;: &quot;ATP-CANDIDATE-20260924&quot;, &quot;definition&quot;: {&quot;bounds&quot;: [-1000, 0], &quot;gpr&quot;: &quot;YALI1E41893g&quot;, &quot;stoichiometry&quot;: {&quot;m107[C_cy]&quot;: 1.0, &quot;m32[C_cy]&quot;: 1.0, &quot;m35[C_cy]&quot;: -1.0, &quot;m4[C_cy]&quot;: -1.0}}, &quot;reaction_id&quot;: &quot;R_PGAM1_PhosHydro&quot;, &quot;schema_version&quot;: 1, &quot;species&quot;: {&quot;m107[C_cy]&quot;: {&quot;charge&quot;: 0, &quot;compartment&quot;: &quot;C_cy&quot;, &quot;formula&quot;: &quot;C3H5O6P&quot;, &quot;name&quot;: &quot;phosphoenolpyruvate_C3H5O6P&quot;}, &quot;m32[C_cy]&quot;: {&quot;charge&quot;: 0, &quot;compartment&quot;: &quot;C_cy&quot;, &quot;formula&quot;: &quot;H2O&quot;, &quot;name&quot;: &quot;H2O_H2O&quot;}, &quot;m35[C_cy]&quot;: {&quot;charge&quot;: 0, &quot;compartment&quot;: &quot;C_cy&quot;, &quot;formula&quot;: &quot;H3O4P&quot;, &quot;name&quot;: &quot;phosphate_H3O4P&quot;}, &quot;m4[C_cy]&quot;: {&quot;charge&quot;: 0, &quot;compartment&quot;: &quot;C_cy&quot;, &quot;formula&quot;: &quot;C3H4O3&quot;, &quot;name&quot;: &quot;pyruvate_C3H4O3&quot;}}, &quot;variant&quot;: &quot;E3&quot;}"", ""energy_candidate_status"": ""user_authorized_candidate; representation-consistent chemistry; native function/compartment unverified"", ""energy_candidate_evidence"": ""https://iubmb.qmul.ac.uk/enzyme/EC3/1/3/60.html; https://www.kegg.jp/entry/R00208"", ""energy_candidate_rationale"": ""Conditional hydrolysis direction supported by enzyme chemistry; no extra reverse capacity added. Chemistry uses the existing neutral nucleotide/Pi and dianionic DHAP representations. No native enzyme/GPR/localization validation is claimed."", ""energy_candidate_precedence"": ""explicit candidate &gt; metadata chemistry/bounds""}"
6	after_export_reload	R_PGAM1_PhosHydro	bounds	[-1000, 0]	[-1000.0, 0.0]	SBML writer/readback; all definitions and protected notes match	"{""metadata_previous_gap_fill_direction_status"": ""active"", ""metadata_previous_gap_fill_stoichiometry_action"": ""reverse"", ""metadata_previous_gap_fill_direction_evidence"": ""https://www.kegg.jp/entry/R00208"", ""metadata_previous_gap_fill_direction_rationale"": ""Encode phosphoenolpyruvate phosphatase in its hydrolysis direction; the generated candidate equation is reversed relative to KEGG R00208."", ""metadata_reaction_selection"": ""metadata_reaction_fields_preserve_trna_20260910"", ""metadata_selected_fields"": ""bounds; stoichiometry"", ""metadata_selection_source_sha256"": ""33c14f0c524197ec732e09ba86c4382d5b21bc25b4bd73b18eba5f452dd7e797"", ""metadata_selection_evidence_status"": ""User-selected model version; not new validation of chemistry or native gene function"", ""energy_candidate_protected_definition"": ""{&quot;curation_id&quot;: &quot;ATP-CANDIDATE-20260924&quot;, &quot;definition&quot;: {&quot;bounds&quot;: [-1000, 0], &quot;gpr&quot;: &quot;YALI1E41893g&quot;, &quot;stoichiometry&quot;: {&quot;m107[C_cy]&quot;: 1.0, &quot;m32[C_cy]&quot;: 1.0, &quot;m35[C_cy]&quot;: -1.0, &quot;m4[C_cy]&quot;: -1.0}}, &quot;reaction_id&quot;: &quot;R_PGAM1_PhosHydro&quot;, &quot;schema_version&quot;: 1, &quot;species&quot;: {&quot;m107[C_cy]&quot;: {&quot;charge&quot;: 0, &quot;compartment&quot;: &quot;C_cy&quot;, &quot;formula&quot;: &quot;C3H5O6P&quot;, &quot;name&quot;: &quot;phosphoenolpyruvate_C3H5O6P&quot;}, &quot;m32[C_cy]&quot;: {&quot;charge&quot;: 0, &quot;compartment&quot;: &quot;C_cy&quot;, &quot;formula&quot;: &quot;H2O&quot;, &quot;name&quot;: &quot;H2O_H2O&quot;}, &quot;m35[C_cy]&quot;: {&quot;charge&quot;: 0, &quot;compartment&quot;: &quot;C_cy&quot;, &quot;formula&quot;: &quot;H3O4P&quot;, &quot;name&quot;: &quot;phosphate_H3O4P&quot;}, &quot;m4[C_cy]&quot;: {&quot;charge&quot;: 0, &quot;compartment&quot;: &quot;C_cy&quot;, &quot;formula&quot;: &quot;C3H4O3&quot;, &quot;name&quot;: &quot;pyruvate_C3H4O3&quot;}}, &quot;variant&quot;: &quot;E3&quot;}"", ""energy_candidate_status"": ""user_authorized_candidate; representation-consistent chemistry; native function/compartment unverified"", ""energy_candidate_evidence"": ""https://iubmb.qmul.ac.uk/enzyme/EC3/1/3/60.html; https://www.kegg.jp/entry/R00208"", ""energy_candidate_rationale"": ""Conditional hydrolysis direction supported by enzyme chemistry; no extra reverse capacity added. Chemistry uses the existing neutral nucleotide/Pi and dianionic DHAP representations. No native enzyme/GPR/localization validation is claimed."", ""energy_candidate_precedence"": ""explicit candidate &gt; metadata chemistry/bounds""}"
6	after_export_reload	R_PGAM1_PhosHydro	gpr	"""YALI1E41893g"""	"""YALI1E41893g"""	SBML writer/readback; all definitions and protected notes match	"{""metadata_previous_gap_fill_direction_status"": ""active"", ""metadata_previous_gap_fill_stoichiometry_action"": ""reverse"", ""metadata_previous_gap_fill_direction_evidence"": ""https://www.kegg.jp/entry/R00208"", ""metadata_previous_gap_fill_direction_rationale"": ""Encode phosphoenolpyruvate phosphatase in its hydrolysis direction; the generated candidate equation is reversed relative to KEGG R00208."", ""metadata_reaction_selection"": ""metadata_reaction_fields_preserve_trna_20260910"", ""metadata_selected_fields"": ""bounds; stoichiometry"", ""metadata_selection_source_sha256"": ""33c14f0c524197ec732e09ba86c4382d5b21bc25b4bd73b18eba5f452dd7e797"", ""metadata_selection_evidence_status"": ""User-selected model version; not new validation of chemistry or native gene function"", ""energy_candidate_protected_definition"": ""{&quot;curation_id&quot;: &quot;ATP-CANDIDATE-20260924&quot;, &quot;definition&quot;: {&quot;bounds&quot;: [-1000, 0], &quot;gpr&quot;: &quot;YALI1E41893g&quot;, &quot;stoichiometry&quot;: {&quot;m107[C_cy]&quot;: 1.0, &quot;m32[C_cy]&quot;: 1.0, &quot;m35[C_cy]&quot;: -1.0, &quot;m4[C_cy]&quot;: -1.0}}, &quot;reaction_id&quot;: &quot;R_PGAM1_PhosHydro&quot;, &quot;schema_version&quot;: 1, &quot;species&quot;: {&quot;m107[C_cy]&quot;: {&quot;charge&quot;: 0, &quot;compartment&quot;: &quot;C_cy&quot;, &quot;formula&quot;: &quot;C3H5O6P&quot;, &quot;name&quot;: &quot;phosphoenolpyruvate_C3H5O6P&quot;}, &quot;m32[C_cy]&quot;: {&quot;charge&quot;: 0, &quot;compartment&quot;: &quot;C_cy&quot;, &quot;formula&quot;: &quot;H2O&quot;, &quot;name&quot;: &quot;H2O_H2O&quot;}, &quot;m35[C_cy]&quot;: {&quot;charge&quot;: 0, &quot;compartment&quot;: &quot;C_cy&quot;, &quot;formula&quot;: &quot;H3O4P&quot;, &quot;name&quot;: &quot;phosphate_H3O4P&quot;}, &quot;m4[C_cy]&quot;: {&quot;charge&quot;: 0, &quot;compartment&quot;: &quot;C_cy&quot;, &quot;formula&quot;: &quot;C3H4O3&quot;, &quot;name&quot;: &quot;pyruvate_C3H4O3&quot;}}, &quot;variant&quot;: &quot;E3&quot;}"", ""energy_candidate_status"": ""user_authorized_candidate; representation-consistent chemistry; native function/compartment unverified"", ""energy_candidate_evidence"": ""https://iubmb.qmul.ac.uk/enzyme/EC3/1/3/60.html; https://www.kegg.jp/entry/R00208"", ""energy_candidate_rationale"": ""Conditional hydrolysis direction supported by enzyme chemistry; no extra reverse capacity added. Chemistry uses the existing neutral nucleotide/Pi and dianionic DHAP representations. No native enzyme/GPR/localization validation is claimed."", ""energy_candidate_precedence"": ""explicit candidate &gt; metadata chemistry/bounds""}"
6	after_export_reload	R_NTP3pp	name	"""R_NTP3pp"""	"""R_NTP3pp"""	SBML writer/readback; all definitions and protected notes match	"{""metadata_previous_gap_fill_direction_status"": ""active"", ""metadata_previous_gap_fill_stoichiometry_action"": ""reverse"", ""metadata_previous_gap_fill_direction_evidence"": ""https://www.kegg.jp/entry/R00335"", ""metadata_previous_gap_fill_direction_rationale"": ""Encode GTP phosphohydrolase in its hydrolysis direction; the generated candidate equation is reversed relative to KEGG R00335."", ""metadata_reaction_selection"": ""metadata_reaction_fields_preserve_trna_20260910"", ""metadata_selected_fields"": ""bounds; stoichiometry"", ""metadata_selection_source_sha256"": ""33c14f0c524197ec732e09ba86c4382d5b21bc25b4bd73b18eba5f452dd7e797"", ""metadata_selection_evidence_status"": ""User-selected model version; not new validation of chemistry or native gene function"", ""energy_candidate_protected_definition"": ""{&quot;curation_id&quot;: &quot;ATP-CANDIDATE-20260924&quot;, &quot;definition&quot;: {&quot;bounds&quot;: [-1000, 0], &quot;gpr&quot;: &quot;YALI1E41893g&quot;, &quot;stoichiometry&quot;: {&quot;m266[C_cy]&quot;: 1.0, &quot;m268[C_cy]&quot;: -1.0, &quot;m32[C_cy]&quot;: 1.0, &quot;m35[C_cy]&quot;: -1.0}}, &quot;reaction_id&quot;: &quot;R_NTP3pp&quot;, &quot;schema_version&quot;: 1, &quot;species&quot;: {&quot;m10[C_cy]&quot;: {&quot;charge&quot;: 1, &quot;compartment&quot;: &quot;C_cy&quot;, &quot;formula&quot;: &quot;H&quot;, &quot;name&quot;: &quot;H+_p+1&quot;}, &quot;m266[C_cy]&quot;: {&quot;charge&quot;: 0, &quot;compartment&quot;: &quot;C_cy&quot;, &quot;formula&quot;: &quot;C10H16N5O14P3&quot;, &quot;name&quot;: &quot;GTP_C10H16N5O14P3&quot;}, &quot;m268[C_cy]&quot;: {&quot;charge&quot;: 0, &quot;compartment&quot;: &quot;C_cy&quot;, &quot;formula&quot;: &quot;C10H15N5O11P2&quot;, &quot;name&quot;: &quot;GDP_C10H15N5O11P2&quot;}, &quot;m32[C_cy]&quot;: {&quot;charge&quot;: 0, &quot;compartment&quot;: &quot;C_cy&quot;, &quot;formula&quot;: &quot;H2O&quot;, &quot;name&quot;: &quot;H2O_H2O&quot;}, &quot;m35[C_cy]&quot;: {&quot;charge&quot;: 0, &quot;compartment&quot;: &quot;C_cy&quot;, &quot;formula&quot;: &quot;H3O4P&quot;, &quot;name&quot;: &quot;phosphate_H3O4P&quot;}}, &quot;variant&quot;: &quot;E3&quot;}"", ""energy_candidate_status"": ""user_authorized_candidate; representation-consistent chemistry; native function/compartment unverified"", ""energy_candidate_evidence"": ""https://iubmb.qmul.ac.uk/enzyme/EC3/6/1/15.html; https://www.kegg.jp/entry/R00335"", ""energy_candidate_rationale"": ""Conditional hydrolysis direction supported by enzyme chemistry; no extra reverse capacity added. Chemistry uses the existing neutral nucleotide/Pi and dianionic DHAP representations. No native enzyme/GPR/localization validation is claimed."", ""energy_candidate_precedence"": ""explicit candidate &gt; metadata chemistry/bounds""}"
6	after_export_reload	R_NTP3pp	stoichiometry	"{""m268[C_cy]"": -1.0, ""m35[C_cy]"": -1.0, ""m266[C_cy]"": 1.0, ""m32[C_cy]"": 1.0}"	"{""m268[C_cy]"": -1.0, ""m35[C_cy]"": -1.0, ""m266[C_cy]"": 1.0, ""m32[C_cy]"": 1.0}"	SBML writer/readback; all definitions and protected notes match	"{""metadata_previous_gap_fill_direction_status"": ""active"", ""metadata_previous_gap_fill_stoichiometry_action"": ""reverse"", ""metadata_previous_gap_fill_direction_evidence"": ""https://www.kegg.jp/entry/R00335"", ""metadata_previous_gap_fill_direction_rationale"": ""Encode GTP phosphohydrolase in its hydrolysis direction; the generated candidate equation is reversed relative to KEGG R00335."", ""metadata_reaction_selection"": ""metadata_reaction_fields_preserve_trna_20260910"", ""metadata_selected_fields"": ""bounds; stoichiometry"", ""metadata_selection_source_sha256"": ""33c14f0c524197ec732e09ba86c4382d5b21bc25b4bd73b18eba5f452dd7e797"", ""metadata_selection_evidence_status"": ""User-selected model version; not new validation of chemistry or native gene function"", ""energy_candidate_protected_definition"": ""{&quot;curation_id&quot;: &quot;ATP-CANDIDATE-20260924&quot;, &quot;definition&quot;: {&quot;bounds&quot;: [-1000, 0], &quot;gpr&quot;: &quot;YALI1E41893g&quot;, &quot;stoichiometry&quot;: {&quot;m266[C_cy]&quot;: 1.0, &quot;m268[C_cy]&quot;: -1.0, &quot;m32[C_cy]&quot;: 1.0, &quot;m35[C_cy]&quot;: -1.0}}, &quot;reaction_id&quot;: &quot;R_NTP3pp&quot;, &quot;schema_version&quot;: 1, &quot;species&quot;: {&quot;m10[C_cy]&quot;: {&quot;charge&quot;: 1, &quot;compartment&quot;: &quot;C_cy&quot;, &quot;formula&quot;: &quot;H&quot;, &quot;name&quot;: &quot;H+_p+1&quot;}, &quot;m266[C_cy]&quot;: {&quot;charge&quot;: 0, &quot;compartment&quot;: &quot;C_cy&quot;, &quot;formula&quot;: &quot;C10H16N5O14P3&quot;, &quot;name&quot;: &quot;GTP_C10H16N5O14P3&quot;}, &quot;m268[C_cy]&quot;: {&quot;charge&quot;: 0, &quot;compartment&quot;: &quot;C_cy&quot;, &quot;formula&quot;: &quot;C10H15N5O11P2&quot;, &quot;name&quot;: &quot;GDP_C10H15N5O11P2&quot;}, &quot;m32[C_cy]&quot;: {&quot;charge&quot;: 0, &quot;compartment&quot;: &quot;C_cy&quot;, &quot;formula&quot;: &quot;H2O&quot;, &quot;name&quot;: &quot;H2O_H2O&quot;}, &quot;m35[C_cy]&quot;: {&quot;charge&quot;: 0, &quot;compartment&quot;: &quot;C_cy&quot;, &quot;formula&quot;: &quot;H3O4P&quot;, &quot;name&quot;: &quot;phosphate_H3O4P&quot;}}, &quot;variant&quot;: &quot;E3&quot;}"", ""energy_candidate_status"": ""user_authorized_candidate; representation-consistent chemistry; native function/compartment unverified"", ""energy_candidate_evidence"": ""https://iubmb.qmul.ac.uk/enzyme/EC3/6/1/15.html; https://www.kegg.jp/entry/R00335"", ""energy_candidate_rationale"": ""Conditional hydrolysis direction supported by enzyme chemistry; no extra reverse capacity added. Chemistry uses the existing neutral nucleotide/Pi and dianionic DHAP representations. No native enzyme/GPR/localization validation is claimed."", ""energy_candidate_precedence"": ""explicit candidate &gt; metadata chemistry/bounds""}"
6	after_export_reload	R_NTP3pp	bounds	[-1000, 0]	[-1000.0, 0.0]	SBML writer/readback; all definitions and protected notes match	"{""metadata_previous_gap_fill_direction_status"": ""active"", ""metadata_previous_gap_fill_stoichiometry_action"": ""reverse"", ""metadata_previous_gap_fill_direction_evidence"": ""https://www.kegg.jp/entry/R00335"", ""metadata_previous_gap_fill_direction_rationale"": ""Encode GTP phosphohydrolase in its hydrolysis direction; the generated candidate equation is reversed relative to KEGG R00335."", ""metadata_reaction_selection"": ""metadata_reaction_fields_preserve_trna_20260910"", ""metadata_selected_fields"": ""bounds; stoichiometry"", ""metadata_selection_source_sha256"": ""33c14f0c524197ec732e09ba86c4382d5b21bc25b4bd73b18eba5f452dd7e797"", ""metadata_selection_evidence_status"": ""User-selected model version; not new validation of chemistry or native gene function"", ""energy_candidate_protected_definition"": ""{&quot;curation_id&quot;: &quot;ATP-CANDIDATE-20260924&quot;, &quot;definition&quot;: {&quot;bounds&quot;: [-1000, 0], &quot;gpr&quot;: &quot;YALI1E41893g&quot;, &quot;stoichiometry&quot;: {&quot;m266[C_cy]&quot;: 1.0, &quot;m268[C_cy]&quot;: -1.0, &quot;m32[C_cy]&quot;: 1.0, &quot;m35[C_cy]&quot;: -1.0}}, &quot;reaction_id&quot;: &quot;R_NTP3pp&quot;, &quot;schema_version&quot;: 1, &quot;species&quot;: {&quot;m10[C_cy]&quot;: {&quot;charge&quot;: 1, &quot;compartment&quot;: &quot;C_cy&quot;, &quot;formula&quot;: &quot;H&quot;, &quot;name&quot;: &quot;H+_p+1&quot;}, &quot;m266[C_cy]&quot;: {&quot;charge&quot;: 0, &quot;compartment&quot;: &quot;C_cy&quot;, &quot;formula&quot;: &quot;C10H16N5O14P3&quot;, &quot;name&quot;: &quot;GTP_C10H16N5O14P3&quot;}, &quot;m268[C_cy]&quot;: {&quot;charge&quot;: 0, &quot;compartment&quot;: &quot;C_cy&quot;, &quot;formula&quot;: &quot;C10H15N5O11P2&quot;, &quot;name&quot;: &quot;GDP_C10H15N5O11P2&quot;}, &quot;m32[C_cy]&quot;: {&quot;charge&quot;: 0, &quot;compartment&quot;: &quot;C_cy&quot;, &quot;formula&quot;: &quot;H2O&quot;, &quot;name&quot;: &quot;H2O_H2O&quot;}, &quot;m35[C_cy]&quot;: {&quot;charge&quot;: 0, &quot;compartment&quot;: &quot;C_cy&quot;, &quot;formula&quot;: &quot;H3O4P&quot;, &quot;name&quot;: &quot;phosphate_H3O4P&quot;}}, &quot;variant&quot;: &quot;E3&quot;}"", ""energy_candidate_status"": ""user_authorized_candidate; representation-consistent chemistry; native function/compartment unverified"", ""energy_candidate_evidence"": ""https://iubmb.qmul.ac.uk/enzyme/EC3/6/1/15.html; https://www.kegg.jp/entry/R00335"", ""energy_candidate_rationale"": ""Conditional hydrolysis direction supported by enzyme chemistry; no extra reverse capacity added. Chemistry uses the existing neutral nucleotide/Pi and dianionic DHAP representations. No native enzyme/GPR/localization validation is claimed."", ""energy_candidate_precedence"": ""explicit candidate &gt; metadata chemistry/bounds""}"
6	after_export_reload	R_NTP3pp	gpr	"""YALI1E41893g"""	"""YALI1E41893g"""	SBML writer/readback; all definitions and protected notes match	"{""metadata_previous_gap_fill_direction_status"": ""active"", ""metadata_previous_gap_fill_stoichiometry_action"": ""reverse"", ""metadata_previous_gap_fill_direction_evidence"": ""https://www.kegg.jp/entry/R00335"", ""metadata_previous_gap_fill_direction_rationale"": ""Encode GTP phosphohydrolase in its hydrolysis direction; the generated candidate equation is reversed relative to KEGG R00335."", ""metadata_reaction_selection"": ""metadata_reaction_fields_preserve_trna_20260910"", ""metadata_selected_fields"": ""bounds; stoichiometry"", ""metadata_selection_source_sha256"": ""33c14f0c524197ec732e09ba86c4382d5b21bc25b4bd73b18eba5f452dd7e797"", ""metadata_selection_evidence_status"": ""User-selected model version; not new validation of chemistry or native gene function"", ""energy_candidate_protected_definition"": ""{&quot;curation_id&quot;: &quot;ATP-CANDIDATE-20260924&quot;, &quot;definition&quot;: {&quot;bounds&quot;: [-1000, 0], &quot;gpr&quot;: &quot;YALI1E41893g&quot;, &quot;stoichiometry&quot;: {&quot;m266[C_cy]&quot;: 1.0, &quot;m268[C_cy]&quot;: -1.0, &quot;m32[C_cy]&quot;: 1.0, &quot;m35[C_cy]&quot;: -1.0}}, &quot;reaction_id&quot;: &quot;R_NTP3pp&quot;, &quot;schema_version&quot;: 1, &quot;species&quot;: {&quot;m10[C_cy]&quot;: {&quot;charge&quot;: 1, &quot;compartment&quot;: &quot;C_cy&quot;, &quot;formula&quot;: &quot;H&quot;, &quot;name&quot;: &quot;H+_p+1&quot;}, &quot;m266[C_cy]&quot;: {&quot;charge&quot;: 0, &quot;compartment&quot;: &quot;C_cy&quot;, &quot;formula&quot;: &quot;C10H16N5O14P3&quot;, &quot;name&quot;: &quot;GTP_C10H16N5O14P3&quot;}, &quot;m268[C_cy]&quot;: {&quot;charge&quot;: 0, &quot;compartment&quot;: &quot;C_cy&quot;, &quot;formula&quot;: &quot;C10H15N5O11P2&quot;, &quot;name&quot;: &quot;GDP_C10H15N5O11P2&quot;}, &quot;m32[C_cy]&quot;: {&quot;charge&quot;: 0, &quot;compartment&quot;: &quot;C_cy&quot;, &quot;formula&quot;: &quot;H2O&quot;, &quot;name&quot;: &quot;H2O_H2O&quot;}, &quot;m35[C_cy]&quot;: {&quot;charge&quot;: 0, &quot;compartment&quot;: &quot;C_cy&quot;, &quot;formula&quot;: &quot;H3O4P&quot;, &quot;name&quot;: &quot;phosphate_H3O4P&quot;}}, &quot;variant&quot;: &quot;E3&quot;}"", ""energy_candidate_status"": ""user_authorized_candidate; representation-consistent chemistry; native function/compartment unverified"", ""energy_candidate_evidence"": ""https://iubmb.qmul.ac.uk/enzyme/EC3/6/1/15.html; https://www.kegg.jp/entry/R00335"", ""energy_candidate_rationale"": ""Conditional hydrolysis direction supported by enzyme chemistry; no extra reverse capacity added. Chemistry uses the existing neutral nucleotide/Pi and dianionic DHAP representations. No native enzyme/GPR/localization validation is claimed."", ""energy_candidate_precedence"": ""explicit candidate &gt; metadata chemistry/bounds""}"
6	after_export_reload	R_NTP7	name	"""R_NTP7"""	"""R_NTP7"""	SBML writer/readback; all definitions and protected notes match	"{""metadata_previous_gap_fill_direction_status"": ""active"", ""metadata_previous_gap_fill_stoichiometry_action"": ""keep"", ""metadata_previous_gap_fill_direction_evidence"": ""https://www.kegg.jp/entry/R00159"", ""metadata_previous_gap_fill_direction_rationale"": ""The generated equation already encodes UTP hydrolysis; disallow the thermodynamically unsupported reverse phosphorylation."", ""metadata_reaction_selection"": ""metadata_reaction_fields_preserve_trna_20260910"", ""metadata_selected_fields"": ""bounds; stoichiometry"", ""metadata_selection_source_sha256"": ""33c14f0c524197ec732e09ba86c4382d5b21bc25b4bd73b18eba5f452dd7e797"", ""metadata_selection_evidence_status"": ""User-selected model version; not new validation of chemistry or native gene function"", ""energy_candidate_protected_definition"": ""{&quot;curation_id&quot;: &quot;ATP-CANDIDATE-20260924&quot;, &quot;definition&quot;: {&quot;bounds&quot;: [0, 1000], &quot;gpr&quot;: &quot;YALI1E41893g&quot;, &quot;stoichiometry&quot;: {&quot;m11[C_cy]&quot;: 1.0, &quot;m32[C_cy]&quot;: -1.0, &quot;m35[C_cy]&quot;: 1.0, &quot;m439[C_cy]&quot;: -1.0}}, &quot;reaction_id&quot;: &quot;R_NTP7&quot;, &quot;schema_version&quot;: 1, &quot;species&quot;: {&quot;m10[C_cy]&quot;: {&quot;charge&quot;: 1, &quot;compartment&quot;: &quot;C_cy&quot;, &quot;formula&quot;: &quot;H&quot;, &quot;name&quot;: &quot;H+_p+1&quot;}, &quot;m11[C_cy]&quot;: {&quot;charge&quot;: 0, &quot;compartment&quot;: &quot;C_cy&quot;, &quot;formula&quot;: &quot;C9H14N2O12P2&quot;, &quot;name&quot;: &quot;UDP_C9H14N2O12P2&quot;}, &quot;m32[C_cy]&quot;: {&quot;charge&quot;: 0, &quot;compartment&quot;: &quot;C_cy&quot;, &quot;formula&quot;: &quot;H2O&quot;, &quot;name&quot;: &quot;H2O_H2O&quot;}, &quot;m35[C_cy]&quot;: {&quot;charge&quot;: 0, &quot;compartment&quot;: &quot;C_cy&quot;, &quot;formula&quot;: &quot;H3O4P&quot;, &quot;name&quot;: &quot;phosphate_H3O4P&quot;}, &quot;m439[C_cy]&quot;: {&quot;charge&quot;: 0, &quot;compartment&quot;: &quot;C_cy&quot;, &quot;formula&quot;: &quot;C9H15N2O15P3&quot;, &quot;name&quot;: &quot;UTP_C9H15N2O15P3&quot;}}, &quot;variant&quot;: &quot;E3&quot;}"", ""energy_candidate_status"": ""user_authorized_candidate; representation-consistent chemistry; native function/compartment unverified"", ""energy_candidate_evidence"": ""https://iubmb.qmul.ac.uk/enzyme/EC3/6/1/15.html; https://www.kegg.jp/entry/R00159"", ""energy_candidate_rationale"": ""Conditional hydrolysis direction supported by enzyme chemistry; no extra reverse capacity added. Chemistry uses the existing neutral nucleotide/Pi and dianionic DHAP representations. No native enzyme/GPR/localization validation is claimed."", ""energy_candidate_precedence"": ""explicit candidate &gt; metadata chemistry/bounds""}"
6	after_export_reload	R_NTP7	stoichiometry	"{""m439[C_cy]"": -1.0, ""m32[C_cy]"": -1.0, ""m11[C_cy]"": 1.0, ""m35[C_cy]"": 1.0}"	"{""m439[C_cy]"": -1.0, ""m32[C_cy]"": -1.0, ""m11[C_cy]"": 1.0, ""m35[C_cy]"": 1.0}"	SBML writer/readback; all definitions and protected notes match	"{""metadata_previous_gap_fill_direction_status"": ""active"", ""metadata_previous_gap_fill_stoichiometry_action"": ""keep"", ""metadata_previous_gap_fill_direction_evidence"": ""https://www.kegg.jp/entry/R00159"", ""metadata_previous_gap_fill_direction_rationale"": ""The generated equation already encodes UTP hydrolysis; disallow the thermodynamically unsupported reverse phosphorylation."", ""metadata_reaction_selection"": ""metadata_reaction_fields_preserve_trna_20260910"", ""metadata_selected_fields"": ""bounds; stoichiometry"", ""metadata_selection_source_sha256"": ""33c14f0c524197ec732e09ba86c4382d5b21bc25b4bd73b18eba5f452dd7e797"", ""metadata_selection_evidence_status"": ""User-selected model version; not new validation of chemistry or native gene function"", ""energy_candidate_protected_definition"": ""{&quot;curation_id&quot;: &quot;ATP-CANDIDATE-20260924&quot;, &quot;definition&quot;: {&quot;bounds&quot;: [0, 1000], &quot;gpr&quot;: &quot;YALI1E41893g&quot;, &quot;stoichiometry&quot;: {&quot;m11[C_cy]&quot;: 1.0, &quot;m32[C_cy]&quot;: -1.0, &quot;m35[C_cy]&quot;: 1.0, &quot;m439[C_cy]&quot;: -1.0}}, &quot;reaction_id&quot;: &quot;R_NTP7&quot;, &quot;schema_version&quot;: 1, &quot;species&quot;: {&quot;m10[C_cy]&quot;: {&quot;charge&quot;: 1, &quot;compartment&quot;: &quot;C_cy&quot;, &quot;formula&quot;: &quot;H&quot;, &quot;name&quot;: &quot;H+_p+1&quot;}, &quot;m11[C_cy]&quot;: {&quot;charge&quot;: 0, &quot;compartment&quot;: &quot;C_cy&quot;, &quot;formula&quot;: &quot;C9H14N2O12P2&quot;, &quot;name&quot;: &quot;UDP_C9H14N2O12P2&quot;}, &quot;m32[C_cy]&quot;: {&quot;charge&quot;: 0, &quot;compartment&quot;: &quot;C_cy&quot;, &quot;formula&quot;: &quot;H2O&quot;, &quot;name&quot;: &quot;H2O_H2O&quot;}, &quot;m35[C_cy]&quot;: {&quot;charge&quot;: 0, &quot;compartment&quot;: &quot;C_cy&quot;, &quot;formula&quot;: &quot;H3O4P&quot;, &quot;name&quot;: &quot;phosphate_H3O4P&quot;}, &quot;m439[C_cy]&quot;: {&quot;charge&quot;: 0, &quot;compartment&quot;: &quot;C_cy&quot;, &quot;formula&quot;: &quot;C9H15N2O15P3&quot;, &quot;name&quot;: &quot;UTP_C9H15N2O15P3&quot;}}, &quot;variant&quot;: &quot;E3&quot;}"", ""energy_candidate_status"": ""user_authorized_candidate; representation-consistent chemistry; native function/compartment unverified"", ""energy_candidate_evidence"": ""https://iubmb.qmul.ac.uk/enzyme/EC3/6/1/15.html; https://www.kegg.jp/entry/R00159"", ""energy_candidate_rationale"": ""Conditional hydrolysis direction supported by enzyme chemistry; no extra reverse capacity added. Chemistry uses the existing neutral nucleotide/Pi and dianionic DHAP representations. No native enzyme/GPR/localization validation is claimed."", ""energy_candidate_precedence"": ""explicit candidate &gt; metadata chemistry/bounds""}"
6	after_export_reload	R_NTP7	bounds	[0, 1000]	[0.0, 1000.0]	SBML writer/readback; all definitions and protected notes match	"{""metadata_previous_gap_fill_direction_status"": ""active"", ""metadata_previous_gap_fill_stoichiometry_action"": ""keep"", ""metadata_previous_gap_fill_direction_evidence"": ""https://www.kegg.jp/entry/R00159"", ""metadata_previous_gap_fill_direction_rationale"": ""The generated equation already encodes UTP hydrolysis; disallow the thermodynamically unsupported reverse phosphorylation."", ""metadata_reaction_selection"": ""metadata_reaction_fields_preserve_trna_20260910"", ""metadata_selected_fields"": ""bounds; stoichiometry"", ""metadata_selection_source_sha256"": ""33c14f0c524197ec732e09ba86c4382d5b21bc25b4bd73b18eba5f452dd7e797"", ""metadata_selection_evidence_status"": ""User-selected model version; not new validation of chemistry or native gene function"", ""energy_candidate_protected_definition"": ""{&quot;curation_id&quot;: &quot;ATP-CANDIDATE-20260924&quot;, &quot;definition&quot;: {&quot;bounds&quot;: [0, 1000], &quot;gpr&quot;: &quot;YALI1E41893g&quot;, &quot;stoichiometry&quot;: {&quot;m11[C_cy]&quot;: 1.0, &quot;m32[C_cy]&quot;: -1.0, &quot;m35[C_cy]&quot;: 1.0, &quot;m439[C_cy]&quot;: -1.0}}, &quot;reaction_id&quot;: &quot;R_NTP7&quot;, &quot;schema_version&quot;: 1, &quot;species&quot;: {&quot;m10[C_cy]&quot;: {&quot;charge&quot;: 1, &quot;compartment&quot;: &quot;C_cy&quot;, &quot;formula&quot;: &quot;H&quot;, &quot;name&quot;: &quot;H+_p+1&quot;}, &quot;m11[C_cy]&quot;: {&quot;charge&quot;: 0, &quot;compartment&quot;: &quot;C_cy&quot;, &quot;formula&quot;: &quot;C9H14N2O12P2&quot;, &quot;name&quot;: &quot;UDP_C9H14N2O12P2&quot;}, &quot;m32[C_cy]&quot;: {&quot;charge&quot;: 0, &quot;compartment&quot;: &quot;C_cy&quot;, &quot;formula&quot;: &quot;H2O&quot;, &quot;name&quot;: &quot;H2O_H2O&quot;}, &quot;m35[C_cy]&quot;: {&quot;charge&quot;: 0, &quot;compartment&quot;: &quot;C_cy&quot;, &quot;formula&quot;: &quot;H3O4P&quot;, &quot;name&quot;: &quot;phosphate_H3O4P&quot;}, &quot;m439[C_cy]&quot;: {&quot;charge&quot;: 0, &quot;compartment&quot;: &quot;C_cy&quot;, &quot;formula&quot;: &quot;C9H15N2O15P3&quot;, &quot;name&quot;: &quot;UTP_C9H15N2O15P3&quot;}}, &quot;variant&quot;: &quot;E3&quot;}"", ""energy_candidate_status"": ""user_authorized_candidate; representation-consistent chemistry; native function/compartment unverified"", ""energy_candidate_evidence"": ""https://iubmb.qmul.ac.uk/enzyme/EC3/6/1/15.html; https://www.kegg.jp/entry/R00159"", ""energy_candidate_rationale"": ""Conditional hydrolysis direction supported by enzyme chemistry; no extra reverse capacity added. Chemistry uses the existing neutral nucleotide/Pi and dianionic DHAP representations. No native enzyme/GPR/localization validation is claimed."", ""energy_candidate_precedence"": ""explicit candidate &gt; metadata chemistry/bounds""}"
6	after_export_reload	R_NTP7	gpr	"""YALI1E41893g"""	"""YALI1E41893g"""	SBML writer/readback; all definitions and protected notes match	"{""metadata_previous_gap_fill_direction_status"": ""active"", ""metadata_previous_gap_fill_stoichiometry_action"": ""keep"", ""metadata_previous_gap_fill_direction_evidence"": ""https://www.kegg.jp/entry/R00159"", ""metadata_previous_gap_fill_direction_rationale"": ""The generated equation already encodes UTP hydrolysis; disallow the thermodynamically unsupported reverse phosphorylation."", ""metadata_reaction_selection"": ""metadata_reaction_fields_preserve_trna_20260910"", ""metadata_selected_fields"": ""bounds; stoichiometry"", ""metadata_selection_source_sha256"": ""33c14f0c524197ec732e09ba86c4382d5b21bc25b4bd73b18eba5f452dd7e797"", ""metadata_selection_evidence_status"": ""User-selected model version; not new validation of chemistry or native gene function"", ""energy_candidate_protected_definition"": ""{&quot;curation_id&quot;: &quot;ATP-CANDIDATE-20260924&quot;, &quot;definition&quot;: {&quot;bounds&quot;: [0, 1000], &quot;gpr&quot;: &quot;YALI1E41893g&quot;, &quot;stoichiometry&quot;: {&quot;m11[C_cy]&quot;: 1.0, &quot;m32[C_cy]&quot;: -1.0, &quot;m35[C_cy]&quot;: 1.0, &quot;m439[C_cy]&quot;: -1.0}}, &quot;reaction_id&quot;: &quot;R_NTP7&quot;, &quot;schema_version&quot;: 1, &quot;species&quot;: {&quot;m10[C_cy]&quot;: {&quot;charge&quot;: 1, &quot;compartment&quot;: &quot;C_cy&quot;, &quot;formula&quot;: &quot;H&quot;, &quot;name&quot;: &quot;H+_p+1&quot;}, &quot;m11[C_cy]&quot;: {&quot;charge&quot;: 0, &quot;compartment&quot;: &quot;C_cy&quot;, &quot;formula&quot;: &quot;C9H14N2O12P2&quot;, &quot;name&quot;: &quot;UDP_C9H14N2O12P2&quot;}, &quot;m32[C_cy]&quot;: {&quot;charge&quot;: 0, &quot;compartment&quot;: &quot;C_cy&quot;, &quot;formula&quot;: &quot;H2O&quot;, &quot;name&quot;: &quot;H2O_H2O&quot;}, &quot;m35[C_cy]&quot;: {&quot;charge&quot;: 0, &quot;compartment&quot;: &quot;C_cy&quot;, &quot;formula&quot;: &quot;H3O4P&quot;, &quot;name&quot;: &quot;phosphate_H3O4P&quot;}, &quot;m439[C_cy]&quot;: {&quot;charge&quot;: 0, &quot;compartment&quot;: &quot;C_cy&quot;, &quot;formula&quot;: &quot;C9H15N2O15P3&quot;, &quot;name&quot;: &quot;UTP_C9H15N2O15P3&quot;}}, &quot;variant&quot;: &quot;E3&quot;}"", ""energy_candidate_status"": ""user_authorized_candidate; representation-consistent chemistry; native function/compartment unverified"", ""energy_candidate_evidence"": ""https://iubmb.qmul.ac.uk/enzyme/EC3/6/1/15.html; https://www.kegg.jp/entry/R00159"", ""energy_candidate_rationale"": ""Conditional hydrolysis direction supported by enzyme chemistry; no extra reverse capacity added. Chemistry uses the existing neutral nucleotide/Pi and dianionic DHAP representations. No native enzyme/GPR/localization validation is claimed."", ""energy_candidate_precedence"": ""explicit candidate &gt; metadata chemistry/bounds""}"
6	after_export_reload	r0242	name	"""r0242"""	"""r0242"""	SBML writer/readback; all definitions and protected notes match	"{""metadata_previous_gap_fill_direction_status"": ""legacy_unreviewed"", ""metadata_reaction_selection"": ""metadata_reaction_fields_preserve_trna_20260910"", ""metadata_selected_fields"": ""stoichiometry"", ""metadata_selection_source_sha256"": ""33c14f0c524197ec732e09ba86c4382d5b21bc25b4bd73b18eba5f452dd7e797"", ""metadata_selection_evidence_status"": ""User-selected model version; not new validation of chemistry or native gene function"", ""energy_candidate_protected_definition"": ""{&quot;curation_id&quot;: &quot;ATP-CANDIDATE-20260924&quot;, &quot;definition&quot;: {&quot;bounds&quot;: [-1000.0, 1000.0], &quot;gpr&quot;: &quot;YALI1E41893g&quot;, &quot;stoichiometry&quot;: {&quot;m10[C_cy]&quot;: 2, &quot;m1881[C_cy]&quot;: -1.0, &quot;m32[C_cy]&quot;: 1.0, &quot;m35[C_cy]&quot;: -1.0, &quot;m456[C_cy]&quot;: 1.0}}, &quot;reaction_id&quot;: &quot;r0242&quot;, &quot;schema_version&quot;: 1, &quot;species&quot;: {&quot;m10[C_cy]&quot;: {&quot;charge&quot;: 1, &quot;compartment&quot;: &quot;C_cy&quot;, &quot;formula&quot;: &quot;H&quot;, &quot;name&quot;: &quot;H+_p+1&quot;}, &quot;m1881[C_cy]&quot;: {&quot;charge&quot;: 0, &quot;compartment&quot;: &quot;C_cy&quot;, &quot;formula&quot;: &quot;C3H6O3&quot;, &quot;name&quot;: &quot;Dihydroxy-Acetone&quot;}, &quot;m32[C_cy]&quot;: {&quot;charge&quot;: 0, &quot;compartment&quot;: &quot;C_cy&quot;, &quot;formula&quot;: &quot;H2O&quot;, &quot;name&quot;: &quot;H2O_H2O&quot;}, &quot;m35[C_cy]&quot;: {&quot;charge&quot;: 0, &quot;compartment&quot;: &quot;C_cy&quot;, &quot;formula&quot;: &quot;H3O4P&quot;, &quot;name&quot;: &quot;phosphate_H3O4P&quot;}, &quot;m456[C_cy]&quot;: {&quot;charge&quot;: -2, &quot;compartment&quot;: &quot;C_cy&quot;, &quot;formula&quot;: &quot;C3H5O6P&quot;, &quot;name&quot;: &quot;dihydroxyacetone phosphate_C3H5O6P&quot;}}, &quot;variant&quot;: &quot;E3&quot;}"", ""energy_candidate_status"": ""user_authorized_candidate; representation-consistent chemistry; native function/compartment unverified"", ""energy_candidate_evidence"": ""https://www.kegg.jp/entry/R01010; https://www.ebi.ac.uk/chebi/searchId.do?chebiId=CHEBI:57642"", ""energy_candidate_rationale"": ""Conditional hydrolysis direction supported by enzyme chemistry; no extra reverse capacity added. Chemistry uses the existing neutral nucleotide/Pi and dianionic DHAP representations. No native enzyme/GPR/localization validation is claimed."", ""energy_candidate_precedence"": ""explicit candidate &gt; metadata chemistry/bounds""}"
6	after_export_reload	r0242	stoichiometry	"{""m1881[C_cy]"": -1.0, ""m35[C_cy]"": -1.0, ""m456[C_cy]"": 1.0, ""m32[C_cy]"": 1.0, ""m10[C_cy]"": 2}"	"{""m1881[C_cy]"": -1.0, ""m35[C_cy]"": -1.0, ""m456[C_cy]"": 1.0, ""m32[C_cy]"": 1.0, ""m10[C_cy]"": 2.0}"	SBML writer/readback; all definitions and protected notes match	"{""metadata_previous_gap_fill_direction_status"": ""legacy_unreviewed"", ""metadata_reaction_selection"": ""metadata_reaction_fields_preserve_trna_20260910"", ""metadata_selected_fields"": ""stoichiometry"", ""metadata_selection_source_sha256"": ""33c14f0c524197ec732e09ba86c4382d5b21bc25b4bd73b18eba5f452dd7e797"", ""metadata_selection_evidence_status"": ""User-selected model version; not new validation of chemistry or native gene function"", ""energy_candidate_protected_definition"": ""{&quot;curation_id&quot;: &quot;ATP-CANDIDATE-20260924&quot;, &quot;definition&quot;: {&quot;bounds&quot;: [-1000.0, 1000.0], &quot;gpr&quot;: &quot;YALI1E41893g&quot;, &quot;stoichiometry&quot;: {&quot;m10[C_cy]&quot;: 2, &quot;m1881[C_cy]&quot;: -1.0, &quot;m32[C_cy]&quot;: 1.0, &quot;m35[C_cy]&quot;: -1.0, &quot;m456[C_cy]&quot;: 1.0}}, &quot;reaction_id&quot;: &quot;r0242&quot;, &quot;schema_version&quot;: 1, &quot;species&quot;: {&quot;m10[C_cy]&quot;: {&quot;charge&quot;: 1, &quot;compartment&quot;: &quot;C_cy&quot;, &quot;formula&quot;: &quot;H&quot;, &quot;name&quot;: &quot;H+_p+1&quot;}, &quot;m1881[C_cy]&quot;: {&quot;charge&quot;: 0, &quot;compartment&quot;: &quot;C_cy&quot;, &quot;formula&quot;: &quot;C3H6O3&quot;, &quot;name&quot;: &quot;Dihydroxy-Acetone&quot;}, &quot;m32[C_cy]&quot;: {&quot;charge&quot;: 0, &quot;compartment&quot;: &quot;C_cy&quot;, &quot;formula&quot;: &quot;H2O&quot;, &quot;name&quot;: &quot;H2O_H2O&quot;}, &quot;m35[C_cy]&quot;: {&quot;charge&quot;: 0, &quot;compartment&quot;: &quot;C_cy&quot;, &quot;formula&quot;: &quot;H3O4P&quot;, &quot;name&quot;: &quot;phosphate_H3O4P&quot;}, &quot;m456[C_cy]&quot;: {&quot;charge&quot;: -2, &quot;compartment&quot;: &quot;C_cy&quot;, &quot;formula&quot;: &quot;C3H5O6P&quot;, &quot;name&quot;: &quot;dihydroxyacetone phosphate_C3H5O6P&quot;}}, &quot;variant&quot;: &quot;E3&quot;}"", ""energy_candidate_status"": ""user_authorized_candidate; representation-consistent chemistry; native function/compartment unverified"", ""energy_candidate_evidence"": ""https://www.kegg.jp/entry/R01010; https://www.ebi.ac.uk/chebi/searchId.do?chebiId=CHEBI:57642"", ""energy_candidate_rationale"": ""Conditional hydrolysis direction supported by enzyme chemistry; no extra reverse capacity added. Chemistry uses the existing neutral nucleotide/Pi and dianionic DHAP representations. No native enzyme/GPR/localization validation is claimed."", ""energy_candidate_precedence"": ""explicit candidate &gt; metadata chemistry/bounds""}"
6	after_export_reload	r0242	bounds	[-1000.0, 1000.0]	[-1000.0, 1000.0]	SBML writer/readback; all definitions and protected notes match	"{""metadata_previous_gap_fill_direction_status"": ""legacy_unreviewed"", ""metadata_reaction_selection"": ""metadata_reaction_fields_preserve_trna_20260910"", ""metadata_selected_fields"": ""stoichiometry"", ""metadata_selection_source_sha256"": ""33c14f0c524197ec732e09ba86c4382d5b21bc25b4bd73b18eba5f452dd7e797"", ""metadata_selection_evidence_status"": ""User-selected model version; not new validation of chemistry or native gene function"", ""energy_candidate_protected_definition"": ""{&quot;curation_id&quot;: &quot;ATP-CANDIDATE-20260924&quot;, &quot;definition&quot;: {&quot;bounds&quot;: [-1000.0, 1000.0], &quot;gpr&quot;: &quot;YALI1E41893g&quot;, &quot;stoichiometry&quot;: {&quot;m10[C_cy]&quot;: 2, &quot;m1881[C_cy]&quot;: -1.0, &quot;m32[C_cy]&quot;: 1.0, &quot;m35[C_cy]&quot;: -1.0, &quot;m456[C_cy]&quot;: 1.0}}, &quot;reaction_id&quot;: &quot;r0242&quot;, &quot;schema_version&quot;: 1, &quot;species&quot;: {&quot;m10[C_cy]&quot;: {&quot;charge&quot;: 1, &quot;compartment&quot;: &quot;C_cy&quot;, &quot;formula&quot;: &quot;H&quot;, &quot;name&quot;: &quot;H+_p+1&quot;}, &quot;m1881[C_cy]&quot;: {&quot;charge&quot;: 0, &quot;compartment&quot;: &quot;C_cy&quot;, &quot;formula&quot;: &quot;C3H6O3&quot;, &quot;name&quot;: &quot;Dihydroxy-Acetone&quot;}, &quot;m32[C_cy]&quot;: {&quot;charge&quot;: 0, &quot;compartment&quot;: &quot;C_cy&quot;, &quot;formula&quot;: &quot;H2O&quot;, &quot;name&quot;: &quot;H2O_H2O&quot;}, &quot;m35[C_cy]&quot;: {&quot;charge&quot;: 0, &quot;compartment&quot;: &quot;C_cy&quot;, &quot;formula&quot;: &quot;H3O4P&quot;, &quot;name&quot;: &quot;phosphate_H3O4P&quot;}, &quot;m456[C_cy]&quot;: {&quot;charge&quot;: -2, &quot;compartment&quot;: &quot;C_cy&quot;, &quot;formula&quot;: &quot;C3H5O6P&quot;, &quot;name&quot;: &quot;dihydroxyacetone phosphate_C3H5O6P&quot;}}, &quot;variant&quot;: &quot;E3&quot;}"", ""energy_candidate_status"": ""user_authorized_candidate; representation-consistent chemistry; native function/compartment unverified"", ""energy_candidate_evidence"": ""https://www.kegg.jp/entry/R01010; https://www.ebi.ac.uk/chebi/searchId.do?chebiId=CHEBI:57642"", ""energy_candidate_rationale"": ""Conditional hydrolysis direction supported by enzyme chemistry; no extra reverse capacity added. Chemistry uses the existing neutral nucleotide/Pi and dianionic DHAP representations. No native enzyme/GPR/localization validation is claimed."", ""energy_candidate_precedence"": ""explicit candidate &gt; metadata chemistry/bounds""}"
6	after_export_reload	r0242	gpr	"""YALI1E41893g"""	"""YALI1E41893g"""	SBML writer/readback; all definitions and protected notes match	"{""metadata_previous_gap_fill_direction_status"": ""legacy_unreviewed"", ""metadata_reaction_selection"": ""metadata_reaction_fields_preserve_trna_20260910"", ""metadata_selected_fields"": ""stoichiometry"", ""metadata_selection_source_sha256"": ""33c14f0c524197ec732e09ba86c4382d5b21bc25b4bd73b18eba5f452dd7e797"", ""metadata_selection_evidence_status"": ""User-selected model version; not new validation of chemistry or native gene function"", ""energy_candidate_protected_definition"": ""{&quot;curation_id&quot;: &quot;ATP-CANDIDATE-20260924&quot;, &quot;definition&quot;: {&quot;bounds&quot;: [-1000.0, 1000.0], &quot;gpr&quot;: &quot;YALI1E41893g&quot;, &quot;stoichiometry&quot;: {&quot;m10[C_cy]&quot;: 2, &quot;m1881[C_cy]&quot;: -1.0, &quot;m32[C_cy]&quot;: 1.0, &quot;m35[C_cy]&quot;: -1.0, &quot;m456[C_cy]&quot;: 1.0}}, &quot;reaction_id&quot;: &quot;r0242&quot;, &quot;schema_version&quot;: 1, &quot;species&quot;: {&quot;m10[C_cy]&quot;: {&quot;charge&quot;: 1, &quot;compartment&quot;: &quot;C_cy&quot;, &quot;formula&quot;: &quot;H&quot;, &quot;name&quot;: &quot;H+_p+1&quot;}, &quot;m1881[C_cy]&quot;: {&quot;charge&quot;: 0, &quot;compartment&quot;: &quot;C_cy&quot;, &quot;formula&quot;: &quot;C3H6O3&quot;, &quot;name&quot;: &quot;Dihydroxy-Acetone&quot;}, &quot;m32[C_cy]&quot;: {&quot;charge&quot;: 0, &quot;compartment&quot;: &quot;C_cy&quot;, &quot;formula&quot;: &quot;H2O&quot;, &quot;name&quot;: &quot;H2O_H2O&quot;}, &quot;m35[C_cy]&quot;: {&quot;charge&quot;: 0, &quot;compartment&quot;: &quot;C_cy&quot;, &quot;formula&quot;: &quot;H3O4P&quot;, &quot;name&quot;: &quot;phosphate_H3O4P&quot;}, &quot;m456[C_cy]&quot;: {&quot;charge&quot;: -2, &quot;compartment&quot;: &quot;C_cy&quot;, &quot;formula&quot;: &quot;C3H5O6P&quot;, &quot;name&quot;: &quot;dihydroxyacetone phosphate_C3H5O6P&quot;}}, &quot;variant&quot;: &quot;E3&quot;}"", ""energy_candidate_status"": ""user_authorized_candidate; representation-consistent chemistry; native function/compartment unverified"", ""energy_candidate_evidence"": ""https://www.kegg.jp/entry/R01010; https://www.ebi.ac.uk/chebi/searchId.do?chebiId=CHEBI:57642"", ""energy_candidate_rationale"": ""Conditional hydrolysis direction supported by enzyme chemistry; no extra reverse capacity added. Chemistry uses the existing neutral nucleotide/Pi and dianionic DHAP representations. No native enzyme/GPR/localization validation is claimed."", ""energy_candidate_precedence"": ""explicit candidate &gt; metadata chemistry/bounds""}"
6	after_export_reload	R2010	name	"""Dihydroxyacetone kinase"""	"""Dihydroxyacetone kinase"""	SBML writer/readback; all definitions and protected notes match	{}
6	after_export_reload	R2010	stoichiometry	"{""m141[C_cy]"": -1.0, ""m1881[C_cy]"": -1.0, ""m10[C_cy]"": 2.0, ""m143[C_cy]"": 1.0, ""m456[C_cy]"": 1.0}"	"{""m141[C_cy]"": -1.0, ""m1881[C_cy]"": -1.0, ""m10[C_cy]"": 2.0, ""m143[C_cy]"": 1.0, ""m456[C_cy]"": 1.0}"	SBML writer/readback; all definitions and protected notes match	{}
6	after_export_reload	R2010	bounds	[0.0, 1000.0]	[0.0, 1000.0]	SBML writer/readback; all definitions and protected notes match	{}
6	after_export_reload	R2010	gpr	""""""	""""""	SBML writer/readback; all definitions and protected notes match	{}
