gene_id	verified_native_symbol	existing_function	function_evidence	experimental_status	original_experimental_row	old_KO_WT	new_KO_WT	new_growth	old_essential_15pct	new_essential_15pct	classification_at_15pct	disabled_gprs	newly_closed_reactions
YALI0B10406g	not newly verified	not established by this analysis	existing putative annotation; native function not newly verified	unlabelled_unknown	null	0.9999999999999988	0.9999999999999984	1.8718823069402968	False	False	unlabelled	"[""R2283""]"	"[""R2283""]"
YALI0D12573g	not newly verified	not established by this analysis	existing putative annotation; native function not newly verified	unlabelled_unknown	null	0.9999999999999988	0.9999999999999984	1.8718823069402968	False	False	unlabelled	"[""R1971""]"	"[""R1971""]"
YALI0D17490g	not newly verified	not established by this analysis	existing putative annotation; native function not newly verified	unlabelled_unknown	null	0.9999999999999988	0.9999999999999984	1.8718823069402968	False	False	unlabelled	[]	[]
YALI0D27654g	not newly verified	not established by this analysis	existing putative annotation; native function not newly verified	unlabelled_unknown	null	0.9999999999999988	0.9999999999999984	1.8718823069402968	False	False	unlabelled	[]	[]
YALI0E07787g	not newly verified	not established by this analysis	existing putative annotation; native function not newly verified	unlabelled_unknown	null	0.9999999999999988	0.9999999999999984	1.8718823069402968	False	False	unlabelled	[]	[]
YALI0E12442g	not newly verified	not established by this analysis	existing putative annotation; native function not newly verified	unlabelled_unknown	null	0.9999999999999988	0.9999999999999984	1.8718823069402968	False	False	unlabelled	"[""R2187""]"	"[""R2187""]"
YALI0E16192g	not newly verified	not established by this analysis	existing putative annotation; native function not newly verified	unlabelled_unknown	null	0.9999999999999988	0.9999999999999984	1.8718823069402968	False	False	unlabelled	[]	[]
YALI0E18568g	not newly verified	not established by this analysis	existing putative annotation; native function not newly verified	unlabelled_unknown	null	0.9999999999999988	0.9999999999999984	1.8718823069402968	False	False	unlabelled	"[""R2285""]"	"[""R2285""]"
YALI0F04114g	not newly verified	not established by this analysis	existing putative annotation; native function not newly verified	unlabelled_unknown	null	0.9999999999999988	0.9999999999999984	1.8718823069402968	False	False	unlabelled	"[""R304""]"	"[""R304""]"
YALI1A00309g	not newly verified	similar to Saccharomyces cerevisiae ILS1 (YBL076C)%3B ancestral locus Anc_7.398,  similar to uniprot|P09436 Saccharomyces cerevisiae YBL076c ILS1 isoleucyl-tRNA synthetase	existing putative annotation; native function not newly verified	reference_positive	"{""gene_id"": ""YALI1A00309g"", ""source_gene_id"": ""YALI1_A00309g"", ""function"": ""similar to Saccharomyces cerevisiae ILS1 (YBL076C)%3B ancestral locus Anc_7.398,  similar to uniprot|P09436 Saccharomyces cerevisiae YBL076c ILS1 isoleucyl-tRNA synthetase"", ""source"": ""https://doi.org/10.1038/s42003-023-04996-8"", ""confidence"": ""consensus_essential_in_at_least_2_of_3_screens""}"	0.0	0.0	0.0	True	True	TP	"[""R493""]"	"[""R493""]"
YALI1A00538g	not newly verified	not established by this analysis	existing putative annotation; native function not newly verified	unlabelled_unknown	null	1.0000000000000009	1.0000000000000007	1.8718823069403008	False	False	unlabelled	"[""R1995""]"	"[""R1995""]"
YALI1A00661g	not newly verified	  weakly similar to uniprot|P53389 Saccharomyces cerevisiae YNR055c HOL1 member of major facilitator superfamily multidrug-resistance protein subfamily	existing putative annotation; native function not newly verified	reference_positive	"{""gene_id"": ""YALI1A00661g"", ""source_gene_id"": ""YALI1_A00661g"", ""function"": ""  weakly similar to uniprot|P53389 Saccharomyces cerevisiae YNR055c HOL1 member of major facilitator superfamily multidrug-resistance protein subfamily"", ""source"": ""https://doi.org/10.1038/s42003-023-04996-8"", ""confidence"": ""consensus_essential_in_at_least_2_of_3_screens""}"	1.000000000000001	1.0000000000000007	1.8718823069403008	False	False	FN	[]	[]
YALI1A01198g	not newly verified	not established by this analysis	existing putative annotation; native function not newly verified	unlabelled_unknown	null	1.000000000000001	1.0000000000000007	1.8718823069403008	False	False	unlabelled	[]	[]
YALI1A01577g	not newly verified	not established by this analysis	existing putative annotation; native function not newly verified	unlabelled_unknown	null	1.0000000000000002	1.0000000000000007	1.8718823069403008	False	False	unlabelled	"[""R1956""]"	"[""R1956""]"
YALI1A01602g	not newly verified	not established by this analysis	existing putative annotation; native function not newly verified	unlabelled_unknown	null	1.0000000000000002	1.0000000000000007	1.8718823069403008	False	False	unlabelled	"[""R791""]"	"[""R791""]"
YALI1A02198g	not newly verified	not established by this analysis	existing putative annotation; native function not newly verified	unlabelled_unknown	null	1.0000000000000002	1.0000000000000007	1.8718823069403008	False	False	unlabelled	[]	[]
YALI1A02335g	not newly verified	not established by this analysis	existing putative annotation; native function not newly verified	unlabelled_unknown	null	1.0000000000000002	1.0000000000000007	1.8718823069403008	False	False	unlabelled	[]	[]
YALI1A02653g	not newly verified	not established by this analysis	existing putative annotation; native function not newly verified	unlabelled_unknown	null	1.0000000000000002	1.0000000000000007	1.8718823069403008	False	False	unlabelled	[]	[]
YALI1A02775g	not newly verified	  highly similar to uniprot|P32861 Saccharomyces cerevisiae YKL035w UGP1 UTP--glucose-1-phosphate uridylyltransferase,similar to Saccharomyces cerevisiae YHL012W and UGP1 (YKL035W)%3B ancestral locus Anc_2.546	existing putative annotation; native function not newly verified	reference_positive	"{""gene_id"": ""YALI1A02775g"", ""source_gene_id"": ""YALI1_A02775g"", ""function"": ""  highly similar to uniprot|P32861 Saccharomyces cerevisiae YKL035w UGP1 UTP--glucose-1-phosphate uridylyltransferase,similar to Saccharomyces cerevisiae YHL012W and UGP1 (YKL035W)%3B ancestral locus Anc_2.546"", ""source"": ""https://doi.org/10.1038/s42003-023-04996-8"", ""confidence"": ""consensus_essential_in_at_least_2_of_3_screens""}"	1.0000000000000022	0.9999999999999994	1.8718823069402986	False	False	FN	"[""R793""]"	"[""R793""]"
YALI1A02974g	not newly verified	not established by this analysis	existing putative annotation; native function not newly verified	unlabelled_unknown	null	1.0000000000000013	1.0000000000000002	1.8718823069403	False	False	unlabelled	"[""R1716""]"	"[""R1716""]"
YALI1A03069g	not newly verified	similar to Saccharomyces cerevisiae FOL1 (YNL256W)%3B ancestral locus Anc_1.104,  similar to uniprot|P53848 Saccharomyces cerevisiae YNL256w FOL1 Dihydroneopterin aldolase dihydro-6- hydroxymethylpterin pyrophosphokinase dihydropteroate synthetase	existing putative annotation; native function not newly verified	reference_positive	"{""gene_id"": ""YALI1A03069g"", ""source_gene_id"": ""YALI1_A03069g"", ""function"": ""similar to Saccharomyces cerevisiae FOL1 (YNL256W)%3B ancestral locus Anc_1.104,  similar to uniprot|P53848 Saccharomyces cerevisiae YNL256w FOL1 Dihydroneopterin aldolase dihydro-6- hydroxymethylpterin pyrophosphokinase dihydropteroate synthetase"", ""source"": ""https://doi.org/10.1038/s42003-023-04996-8"", ""confidence"": ""consensus_essential_in_at_least_2_of_3_screens""}"	1.0000000000000013	1.0000000000000002	1.8718823069403	False	False	FN	"[""R14"", ""R274"", ""R277"", ""R278""]"	"[""R14"", ""R274"", ""R277"", ""R278""]"
YALI1A03210g	not newly verified	not established by this analysis	existing putative annotation; native function not newly verified	unlabelled_unknown	null	1.0000000000000013	1.0000000000000002	1.8718823069403	False	False	unlabelled	"[""R2093""]"	"[""R2093""]"
YALI1A03322g	not newly verified	  similar to uniprot|P08067 Saccharomyces cerevisiae YEL024w RIP1 ubiquinol--cytochrome-c reductase iron-sulfur protein precursor singleton,similar to Saccharomyces cerevisiae RIP1 (YEL024W)%3B ancestral locus Anc_1.461	existing putative annotation; native function not newly verified	reference_positive	"{""gene_id"": ""YALI1A03322g"", ""source_gene_id"": ""YALI1_A03322g"", ""function"": ""  similar to uniprot|P08067 Saccharomyces cerevisiae YEL024w RIP1 ubiquinol--cytochrome-c reductase iron-sulfur protein precursor singleton,similar to Saccharomyces cerevisiae RIP1 (YEL024W)%3B ancestral locus Anc_1.461"", ""source"": ""https://doi.org/10.1038/s42003-023-04996-8"", ""confidence"": ""consensus_essential_in_at_least_2_of_3_screens""}"	0.9999999999999973	1.0000000000000016	1.8718823069403028	False	False	FN	"[""R305""]"	"[""R305""]"
YALI1A03512g	not newly verified	not established by this analysis	existing putative annotation; native function not newly verified	unlabelled_unknown	null	1.000000000000002	1.0000000000000016	1.8718823069403026	False	False	unlabelled	[]	[]
YALI1A04817g	not newly verified	not established by this analysis	existing putative annotation; native function not newly verified	unlabelled_unknown	null	0.9999999999999994	1.0000000000000016	1.8718823069403028	False	False	unlabelled	"[""R284"", ""R62""]"	"[""R284"", ""R62""]"
YALI1A05116g	not newly verified	similar to Saccharomyces cerevisiae TSC13 (YDL015C)%3B ancestral locus Anc_3.184,  similar to uniprot|O94511 Schizosaccharomyces pombe 3- oxo-5-alpha-steroid 4-dehydrogenase	existing putative annotation; native function not newly verified	reference_positive	"{""gene_id"": ""YALI1A05116g"", ""source_gene_id"": ""YALI1_A05116g"", ""function"": ""similar to Saccharomyces cerevisiae TSC13 (YDL015C)%3B ancestral locus Anc_3.184,  similar to uniprot|O94511 Schizosaccharomyces pombe 3- oxo-5-alpha-steroid 4-dehydrogenase"", ""source"": ""https://doi.org/10.1038/s42003-023-04996-8"", ""confidence"": ""consensus_essential_in_at_least_2_of_3_screens""}"	0.9999999999999994	0.9999999999999986	1.871882306940297	False	False	FN	"[""R1427"", ""R1428"", ""R1429"", ""R1430"", ""R1431"", ""R1432"", ""R1433""]"	"[""R1427"", ""R1428"", ""R1429"", ""R1430"", ""R1431"", ""R1432"", ""R1433""]"
YALI1A05459g	not newly verified	not established by this analysis	existing putative annotation; native function not newly verified	unlabelled_unknown	null	0.9999999999999994	0.9999999999999986	1.871882306940297	False	False	unlabelled	"[""R48""]"	"[""R48""]"
YALI1A06229g	not newly verified	not established by this analysis	existing putative annotation; native function not newly verified	unlabelled_unknown	null	0.9999999999999994	0.9999999999999986	1.871882306940297	False	False	unlabelled	[]	[]
YALI1A06361g	not newly verified	not established by this analysis	existing putative annotation; native function not newly verified	unlabelled_unknown	null	1.0000000000000016	0.9999999999999983	1.8718823069402966	False	False	unlabelled	"[""R1470"", ""R1471"", ""R1472"", ""R1473"", ""R1474"", ""R1475"", ""R1476"", ""R1477"", ""R1478"", ""R1479"", ""R1874""]"	"[""R1470"", ""R1471"", ""R1472"", ""R1473"", ""R1474"", ""R1475"", ""R1476"", ""R1477"", ""R1478"", ""R1479"", ""R1874""]"
YALI1A06453g	not newly verified	not established by this analysis	existing putative annotation; native function not newly verified	unlabelled_unknown	null	1.0000000000000016	1.0	1.8718823069402997	False	False	unlabelled	"[""R1413"", ""R1414"", ""R1415"", ""R1416"", ""R1417"", ""R1418"", ""R1419""]"	"[""R1413"", ""R1414"", ""R1415"", ""R1416"", ""R1417"", ""R1418"", ""R1419""]"
YALI1A06640g	not newly verified	not established by this analysis	existing putative annotation; native function not newly verified	unlabelled_unknown	null	1.0000000000000016	0.999999999999997	1.8718823069402941	False	False	unlabelled	"[""R1953""]"	"[""R1953""]"
YALI1A06873g	not newly verified	not established by this analysis	existing putative annotation; native function not newly verified	unlabelled_unknown	null	1.0000000000000016	0.999999999999997	1.8718823069402941	False	False	unlabelled	[]	[]
YALI1A07014g	not newly verified	not established by this analysis	existing putative annotation; native function not newly verified	unlabelled_unknown	null	1.0000000000000016	0.999999999999997	1.8718823069402941	False	False	unlabelled	[]	[]
YALI1A07103g	not newly verified	not established by this analysis	existing putative annotation; native function not newly verified	unlabelled_unknown	null	1.0000000000000016	0.999999999999997	1.8718823069402941	False	False	unlabelled	[]	[]
YALI1A07575g	not newly verified	not established by this analysis	existing putative annotation; native function not newly verified	unlabelled_unknown	null	1.0000000000000016	0.999999999999997	1.8718823069402941	False	False	unlabelled	"[""R30"", ""R31"", ""R32"", ""R33""]"	"[""R30"", ""R31"", ""R32"", ""R33""]"
YALI1A07887g	not newly verified	not established by this analysis	existing putative annotation; native function not newly verified	unlabelled_unknown	null	1.0000000000000016	0.999999999999997	1.8718823069402941	False	False	unlabelled	[]	[]
YALI1A08512g	not newly verified	not established by this analysis	existing putative annotation; native function not newly verified	unlabelled_unknown	null	1.0000000000000016	0.999999999999997	1.8718823069402941	False	False	unlabelled	"[""R1306""]"	"[""R1306""]"
YALI1A08546g	not newly verified	not established by this analysis	existing putative annotation; native function not newly verified	unlabelled_unknown	null	1.0000000000000016	0.999999999999997	1.8718823069402941	False	False	unlabelled	[]	[]
YALI1A08672g	not newly verified	not established by this analysis	existing putative annotation; native function not newly verified	unlabelled_unknown	null	1.0000000000000016	0.999999999999997	1.8718823069402941	False	False	unlabelled	[]	[]
YALI1A08781g	not newly verified	similar to Saccharomyces cerevisiae COQ6 (YGR255C)%3B ancestral locus Anc_1.103,  uniprot|Q6H9P2 Yarrowia lipolytica Putative ubiquitin monooxygenase and similar to uniprot|P53318 Saccharomyces cerevisiae YGR255C Ubiquinone biosynthesis monooxgenase COQ6	existing putative annotation; native function not newly verified	reference_positive	"{""gene_id"": ""YALI1A08781g"", ""source_gene_id"": ""YALI1_A08781g"", ""function"": ""similar to Saccharomyces cerevisiae COQ6 (YGR255C)%3B ancestral locus Anc_1.103,  uniprot|Q6H9P2 Yarrowia lipolytica Putative ubiquitin monooxygenase and similar to uniprot|P53318 Saccharomyces cerevisiae YGR255C Ubiquinone biosynthesis monooxgenase COQ6"", ""source"": ""https://doi.org/10.1038/s42003-023-04996-8"", ""confidence"": ""consensus_essential_in_at_least_2_of_3_screens""}"	1.0000000000000016	0.999999999999997	1.8718823069402941	False	False	FN	[]	[]
YALI1A09121g	not newly verified	similar to Saccharomyces cerevisiae MST1 (YKL194C)%3B ancestral locus Anc_4.299,  uniprot|Q6H9P8 Yarrowia lipolytica Mitochondrial threonyl tRNA synthase	existing putative annotation; native function not newly verified	reference_positive	"{""gene_id"": ""YALI1A09121g"", ""source_gene_id"": ""YALI1_A09121g"", ""function"": ""similar to Saccharomyces cerevisiae MST1 (YKL194C)%3B ancestral locus Anc_4.299,  uniprot|Q6H9P8 Yarrowia lipolytica Mitochondrial threonyl tRNA synthase"", ""source"": ""https://doi.org/10.1038/s42003-023-04996-8"", ""confidence"": ""consensus_essential_in_at_least_2_of_3_screens""}"	1.0000000000000016	0.999999999999997	1.8718823069402941	False	False	FN	[]	[]
YALI1A09408g	not newly verified	not established by this analysis	existing putative annotation; native function not newly verified	unlabelled_unknown	null	1.0000000000000016	0.999999999999997	1.8718823069402941	False	False	unlabelled	"[""R577""]"	"[""R577""]"
YALI1A09553g	not newly verified	not established by this analysis	existing putative annotation; native function not newly verified	unlabelled_unknown	null	1.0000000000000016	0.999999999999997	1.8718823069402941	False	False	unlabelled	"[""R1343""]"	"[""R1343""]"
YALI1A09694g	not newly verified	not established by this analysis	existing putative annotation; native function not newly verified	unlabelled_unknown	null	1.0000000000000016	0.999999999999997	1.8718823069402941	False	False	unlabelled	"[""R357"", ""R360"", ""R361"", ""R362"", ""R365""]"	"[""R357"", ""R360"", ""R361"", ""R362"", ""R365""]"
YALI1A09766g	not newly verified	  highly similar to uniprot|Q9UVJ8 Ashbya gossypii Vacuolar ATP synthase catalytic subunit A (V-ATPase 69 kDa subunit),similar to Saccharomyces cerevisiae TFP1 (YDL185W)%3B ancestral locus Anc_7.300	existing putative annotation; native function not newly verified	reference_positive	"{""gene_id"": ""YALI1A09766g"", ""source_gene_id"": ""YALI1_A09766g"", ""function"": ""  highly similar to uniprot|Q9UVJ8 Ashbya gossypii Vacuolar ATP synthase catalytic subunit A (V-ATPase 69 kDa subunit),similar to Saccharomyces cerevisiae TFP1 (YDL185W)%3B ancestral locus Anc_7.300"", ""source"": ""https://doi.org/10.1038/s42003-023-04996-8"", ""confidence"": ""consensus_essential_in_at_least_2_of_3_screens""}"	1.0000000000000016	0.999999999999997	1.8718823069402941	False	False	FN	[]	[]
YALI1A09911g	not newly verified	  similar to uniprot|Q12676 Saccharomyces cerevisiae YMR113w FOL3 dihydrofolate synthetase,similar to Saccharomyces cerevisiae RMA1 (YKL132C) and FOL3 (YMR113W)%3B ancestral locus Anc_2.435	existing putative annotation; native function not newly verified	reference_positive	"{""gene_id"": ""YALI1A09911g"", ""source_gene_id"": ""YALI1_A09911g"", ""function"": ""  similar to uniprot|Q12676 Saccharomyces cerevisiae YMR113w FOL3 dihydrofolate synthetase,similar to Saccharomyces cerevisiae RMA1 (YKL132C) and FOL3 (YMR113W)%3B ancestral locus Anc_2.435"", ""source"": ""https://doi.org/10.1038/s42003-023-04996-8"", ""confidence"": ""consensus_essential_in_at_least_2_of_3_screens""}"	1.0000000000000016	0.999999999999997	1.8718823069402941	False	False	FN	[]	[]
YALI1A09939g	not newly verified	similar to Saccharomyces cerevisiae ERG9 (YHR190W)%3B ancestral locus Anc_8.857,  uniprot|Q9Y753 Yarrowia lipolytica Squalene synthase	existing putative annotation; native function not newly verified	reference_positive	"{""gene_id"": ""YALI1A09939g"", ""source_gene_id"": ""YALI1_A09939g"", ""function"": ""similar to Saccharomyces cerevisiae ERG9 (YHR190W)%3B ancestral locus Anc_8.857,  uniprot|Q9Y753 Yarrowia lipolytica Squalene synthase"", ""source"": ""https://doi.org/10.1038/s42003-023-04996-8"", ""confidence"": ""consensus_essential_in_at_least_2_of_3_screens""}"	0.0	0.0	0.0	True	True	TP	"[""R739""]"	"[""R739""]"
YALI1A10254g	not newly verified	  similar to uniprot|P51601 Saccharomyces cerevisiae YGR267c FOL2 GTP cyclohydrolase I,similar to Saccharomyces cerevisiae FOL2 (YGR267C)%3B ancestral locus Anc_5.37	existing putative annotation; native function not newly verified	reference_positive	"{""gene_id"": ""YALI1A10254g"", ""source_gene_id"": ""YALI1_A10254g"", ""function"": ""  similar to uniprot|P51601 Saccharomyces cerevisiae YGR267c FOL2 GTP cyclohydrolase I,similar to Saccharomyces cerevisiae FOL2 (YGR267C)%3B ancestral locus Anc_5.37"", ""source"": ""https://doi.org/10.1038/s42003-023-04996-8"", ""confidence"": ""consensus_essential_in_at_least_2_of_3_screens""}"	1.0000000000000022	0.9999999999999989	1.8718823069402977	False	False	FN	"[""R377""]"	"[""R377""]"
YALI1A10708g	not newly verified	  uniprot|Q8J0M2 Yarrowia lipolytica ADP/ATP carrier protein	existing putative annotation; native function not newly verified	reference_positive	"{""gene_id"": ""YALI1A10708g"", ""source_gene_id"": ""YALI1_A10708g"", ""function"": ""  uniprot|Q8J0M2 Yarrowia lipolytica ADP/ATP carrier protein"", ""source"": ""https://doi.org/10.1038/s42003-023-04996-8"", ""confidence"": ""consensus_essential_in_at_least_2_of_3_screens""}"	1.0000000000000022	0.9999999999999989	1.8718823069402977	False	False	FN	[]	[]
YALI1A11258g	not newly verified	similar to Saccharomyces cerevisiae VMA5 (YKL080W)%3B ancestral locus Anc_2.634,  similar to uniprot|P31412 Saccharomyces cerevisiae YKL080w VMA5 H+-ATPase V1 domain 42 KD subunit vacuolar	existing putative annotation; native function not newly verified	reference_positive	"{""gene_id"": ""YALI1A11258g"", ""source_gene_id"": ""YALI1_A11258g"", ""function"": ""similar to Saccharomyces cerevisiae VMA5 (YKL080W)%3B ancestral locus Anc_2.634,  similar to uniprot|P31412 Saccharomyces cerevisiae YKL080w VMA5 H+-ATPase V1 domain 42 KD subunit vacuolar"", ""source"": ""https://doi.org/10.1038/s42003-023-04996-8"", ""confidence"": ""consensus_essential_in_at_least_2_of_3_screens""}"	1.0000000000000022	0.9999999999999989	1.8718823069402977	False	False	FN	[]	[]
YALI1A11654g	not newly verified	not established by this analysis	existing putative annotation; native function not newly verified	unlabelled_unknown	null	1.0000000000000022	0.9999999999999989	1.8718823069402977	False	False	unlabelled	[]	[]
YALI1A12284g	not newly verified	  similar to uniprot|P50861 Saccharomyces cerevisiae YOL143c RIB4 6 7-dimethyl -8-ribityllumazine synthase,similar to Saccharomyces cerevisiae RIB4 (YOL143C)%3B ancestral locus Anc_3.7	existing putative annotation; native function not newly verified	reference_positive	"{""gene_id"": ""YALI1A12284g"", ""source_gene_id"": ""YALI1_A12284g"", ""function"": ""  similar to uniprot|P50861 Saccharomyces cerevisiae YOL143c RIB4 6 7-dimethyl -8-ribityllumazine synthase,similar to Saccharomyces cerevisiae RIB4 (YOL143C)%3B ancestral locus Anc_3.7"", ""source"": ""https://doi.org/10.1038/s42003-023-04996-8"", ""confidence"": ""consensus_essential_in_at_least_2_of_3_screens""}"	1.0000000000000022	0.9999999999999989	1.8718823069402977	False	False	FN	"[""R699""]"	"[""R699""]"
YALI1A12540g	not newly verified	not established by this analysis	existing putative annotation; native function not newly verified	unlabelled_unknown	null	1.0000000000000022	0.9999999999999989	1.8718823069402977	False	False	unlabelled	[]	[]
YALI1A12688g	not newly verified	not established by this analysis	existing putative annotation; native function not newly verified	unlabelled_unknown	null	1.0000000000000022	0.9999999999999989	1.8718823069402977	False	False	unlabelled	[]	[]
YALI1A13454g	not newly verified	similar to Saccharomyces cerevisiae ASN2 (YGR124W) and ASN1 (YPR145W)%3B ancestral locus Anc_3.483,  highly similar to uniprot|P49090 Saccharomyces cerevisiae YGR124w ASN2 asparagine synthetase	existing putative annotation; native function not newly verified	reference_positive	"{""gene_id"": ""YALI1A13454g"", ""source_gene_id"": ""YALI1_A13454g"", ""function"": ""similar to Saccharomyces cerevisiae ASN2 (YGR124W) and ASN1 (YPR145W)%3B ancestral locus Anc_3.483,  highly similar to uniprot|P49090 Saccharomyces cerevisiae YGR124w ASN2 asparagine synthetase"", ""source"": ""https://doi.org/10.1038/s42003-023-04996-8"", ""confidence"": ""consensus_essential_in_at_least_2_of_3_screens""}"	1.0000000000000022	0.9999999999999989	1.8718823069402977	False	False	FN	[]	[]
YALI1A13994g	not newly verified	not established by this analysis	existing putative annotation; native function not newly verified	unlabelled_unknown	null	1.0000000000000022	0.9999999999999989	1.8718823069402977	False	False	unlabelled	"[""R1722""]"	"[""R1722""]"
YALI1A14024g	not newly verified	not established by this analysis	existing putative annotation; native function not newly verified	unlabelled_unknown	null	1.0000000000000022	0.9999999999999989	1.8718823069402977	False	False	unlabelled	[]	[]
YALI1A14287g	not newly verified	not established by this analysis	existing putative annotation; native function not newly verified	unlabelled_unknown	null	1.0000000000000022	0.9999999999999989	1.8718823069402977	False	False	unlabelled	"[""R10""]"	"[""R10""]"
YALI1A14721g	not newly verified	similar to Saccharomyces cerevisiae TIM18 (YOR297C)%3B ancestral locus Anc_8.767,  some similarities with uniprot|P37298 Saccharomyces cerevisiae YDR178w SDH4 succinate dehydrogenase membrane anchor subunit for SDH2P	existing putative annotation; native function not newly verified	reference_positive	"{""gene_id"": ""YALI1A14721g"", ""source_gene_id"": ""YALI1_A14721g"", ""function"": ""similar to Saccharomyces cerevisiae TIM18 (YOR297C)%3B ancestral locus Anc_8.767,  some similarities with uniprot|P37298 Saccharomyces cerevisiae YDR178w SDH4 succinate dehydrogenase membrane anchor subunit for SDH2P"", ""source"": ""https://doi.org/10.1038/s42003-023-04996-8"", ""confidence"": ""consensus_essential_in_at_least_2_of_3_screens""}"	1.0000000000000022	0.9999999999999989	1.8718823069402977	False	False	FN	"[""R740""]"	"[""R740""]"
YALI1A14736g	not newly verified	  similar to uniprot|P11913 Neurospora crassa Mitochondrial processing peptidase beta subunit	existing putative annotation; native function not newly verified	reference_positive	"{""gene_id"": ""YALI1A14736g"", ""source_gene_id"": ""YALI1_A14736g"", ""function"": ""  similar to uniprot|P11913 Neurospora crassa Mitochondrial processing peptidase beta subunit"", ""source"": ""https://doi.org/10.1038/s42003-023-04996-8"", ""confidence"": ""consensus_essential_in_at_least_2_of_3_screens""}"	1.0000000000000022	0.9999999999999989	1.8718823069402977	False	False	FN	"[""R305""]"	"[""R305""]"
YALI1A15132g	not newly verified	not established by this analysis	existing putative annotation; native function not newly verified	unlabelled_unknown	null	1.0000000000000022	0.9999999999999989	1.8718823069402977	False	False	unlabelled	[]	[]
YALI1A15227g	not newly verified	not established by this analysis	existing putative annotation; native function not newly verified	unlabelled_unknown	null	1.0000000000000022	0.9999999999999989	1.8718823069402977	False	False	unlabelled	[]	[]
YALI1A15624g	not newly verified	not established by this analysis	existing putative annotation; native function not newly verified	unlabelled_unknown	null	1.0000000000000022	0.9999999999999989	1.8718823069402977	False	False	unlabelled	[]	[]
YALI1A15863g	not newly verified	not established by this analysis	existing putative annotation; native function not newly verified	unlabelled_unknown	null	1.0000000000000022	0.9999999999999989	1.8718823069402977	False	False	unlabelled	[]	[]
YALI1A15879g	not newly verified	similar to Saccharomyces cerevisiae HIS4 (YCL030C)%3B ancestral locus Anc_1.45,  similar to uniprot|P00815 Saccharomyces cerevisiae YCL030c HIS4 phosphoribosyl-AMP cyclohydrolase/phosphoribosyl-ATP pyrophosphatase/histidinol dehydrogenase	existing putative annotation; native function not newly verified	reference_positive	"{""gene_id"": ""YALI1A15879g"", ""source_gene_id"": ""YALI1_A15879g"", ""function"": ""similar to Saccharomyces cerevisiae HIS4 (YCL030C)%3B ancestral locus Anc_1.45,  similar to uniprot|P00815 Saccharomyces cerevisiae YCL030c HIS4 phosphoribosyl-AMP cyclohydrolase/phosphoribosyl-ATP pyrophosphatase/histidinol dehydrogenase"", ""source"": ""https://doi.org/10.1038/s42003-023-04996-8"", ""confidence"": ""consensus_essential_in_at_least_2_of_3_screens""}"	0.08516849581212897	0.08516849581212878	0.15942540041944286	True	True	TP	"[""R389"", ""R651"", ""R652""]"	"[""R389"", ""R651"", ""R652""]"
YALI1A15925g	not newly verified	not established by this analysis	existing putative annotation; native function not newly verified	unlabelled_unknown	null	0.999999999999999	0.9999999999999972	1.8718823069402946	False	False	unlabelled	"[""R312""]"	"[""R312""]"
YALI1A16292g	not newly verified	not established by this analysis	existing putative annotation; native function not newly verified	unlabelled_unknown	null	0.999999999999999	0.9999999999999972	1.8718823069402946	False	False	unlabelled	[]	[]
YALI1A16422g	not newly verified	not established by this analysis	existing putative annotation; native function not newly verified	unlabelled_unknown	null	0.999999999999999	0.9999999999999972	1.8718823069402946	False	False	unlabelled	"[""R145""]"	"[""R145""]"
YALI1A16642g	not newly verified	not established by this analysis	existing putative annotation; native function not newly verified	unlabelled_unknown	null	0.999999999999999	0.9999999999999972	1.8718823069402946	False	False	unlabelled	"[""R67""]"	"[""R67""]"
YALI1A16988g	not newly verified	not established by this analysis	existing putative annotation; native function not newly verified	unlabelled_unknown	null	0.999999999999999	0.9999999999999972	1.8718823069402946	False	False	unlabelled	"[""R847""]"	"[""R847""]"
YALI1A17289g	not newly verified	not established by this analysis	existing putative annotation; native function not newly verified	unlabelled_unknown	null	0.999999999999999	0.9999999999999972	1.8718823069402946	False	False	unlabelled	[]	[]
YALI1A17570g	not newly verified	not established by this analysis	existing putative annotation; native function not newly verified	unlabelled_unknown	null	0.999999999999999	0.9999999999999972	1.8718823069402946	False	False	unlabelled	"[""R305""]"	"[""R305""]"
YALI1A17640g	not newly verified	not established by this analysis	existing putative annotation; native function not newly verified	unlabelled_unknown	null	0.999999999999999	0.9999999999999972	1.8718823069402946	False	False	unlabelled	[]	[]
YALI1A18062g	not newly verified	not established by this analysis	existing putative annotation; native function not newly verified	unlabelled_unknown	null	0.999999999999999	0.9999999999999972	1.8718823069402946	False	False	unlabelled	"[""R2253"", ""R2257"", ""R2261""]"	"[""R2253"", ""R2257"", ""R2261""]"
YALI1A18344g	not newly verified	not established by this analysis	existing putative annotation; native function not newly verified	unlabelled_unknown	null	0.0	0.0	0.0	True	True	unlabelled	"[""R177""]"	"[""R177""]"
YALI1A18514g	not newly verified	not established by this analysis	existing putative annotation; native function not newly verified	unlabelled_unknown	null	1.0000000000000018	0.9999999999999999	1.8718823069402994	False	False	unlabelled	"[""R830""]"	"[""R830""]"
YALI1A19526g	not newly verified	not established by this analysis	existing putative annotation; native function not newly verified	unlabelled_unknown	null	0.0	0.0	0.0	True	True	unlabelled	"[""R2102"", ""R288""]"	"[""R2102"", ""R288""]"
YALI1A19862g	not newly verified	not established by this analysis	existing putative annotation; native function not newly verified	unlabelled_unknown	null	0.9999999999999983	1.0000000000000018	1.871882306940303	False	False	unlabelled	[]	[]
YALI1A20063g	not newly verified	not established by this analysis	existing putative annotation; native function not newly verified	unlabelled_unknown	null	0.9999999999999983	1.0000000000000002	1.8718823069403	False	False	unlabelled	"[""R323""]"	"[""R323""]"
YALI1A20089g	not newly verified	similar to Saccharomyces cerevisiae HTD2 (YHR067W)%3B ancestral locus Anc_5.341,  weakly similar to to uniprot|Q89E40 Bradyrhizobium japonicum Hypothetical cytosolic protein	existing putative annotation; native function not newly verified	reference_positive	"{""gene_id"": ""YALI1A20089g"", ""source_gene_id"": ""YALI1_A20089g"", ""function"": ""similar to Saccharomyces cerevisiae HTD2 (YHR067W)%3B ancestral locus Anc_5.341,  weakly similar to to uniprot|Q89E40 Bradyrhizobium japonicum Hypothetical cytosolic protein"", ""source"": ""https://doi.org/10.1038/s42003-023-04996-8"", ""confidence"": ""consensus_essential_in_at_least_2_of_3_screens""}"	0.9999999999999983	1.0000000000000002	1.8718823069403	False	False	FN	"[""R1400"", ""R1401"", ""R1402""]"	"[""R1400"", ""R1401"", ""R1402""]"
YALI1A20176g	not newly verified	similar to Saccharomyces cerevisiae PRO1 (YDR300C) and YHR033W%3B ancestral locus Anc_5.318,  similar to uniprot|P32264 Saccharomyces cerevisiae YDR300c PRO1 glutamate 5-kinase	existing putative annotation; native function not newly verified	reference_positive	"{""gene_id"": ""YALI1A20176g"", ""source_gene_id"": ""YALI1_A20176g"", ""function"": ""similar to Saccharomyces cerevisiae PRO1 (YDR300C) and YHR033W%3B ancestral locus Anc_5.318,  similar to uniprot|P32264 Saccharomyces cerevisiae YDR300c PRO1 glutamate 5-kinase"", ""source"": ""https://doi.org/10.1038/s42003-023-04996-8"", ""confidence"": ""consensus_essential_in_at_least_2_of_3_screens""}"	0.9999999999999983	0.999750249232021	1.8714148028965751	False	False	FN	"[""R327""]"	"[""R327""]"
YALI1A20201g	not newly verified	not established by this analysis	existing putative annotation; native function not newly verified	unlabelled_unknown	null	0.9999999999999983	1.0000000000000022	1.8718823069403037	False	False	unlabelled	[]	[]
YALI1A20528g	not newly verified	not established by this analysis	existing putative annotation; native function not newly verified	unlabelled_unknown	null	0.9999999999999983	1.0000000000000022	1.8718823069403037	False	False	unlabelled	[]	[]
YALI1A20558g	not newly verified	not established by this analysis	existing putative annotation; native function not newly verified	unlabelled_unknown	null	0.9999999999999983	1.0000000000000022	1.8718823069403037	False	False	unlabelled	[]	[]
YALI1A20611g	not newly verified	not established by this analysis	existing putative annotation; native function not newly verified	unlabelled_unknown	null	0.9999999999999983	1.0000000000000022	1.8718823069403037	False	False	unlabelled	[]	[]
YALI1A21000g	not newly verified	not established by this analysis	existing putative annotation; native function not newly verified	unlabelled_unknown	null	0.9999999999999983	1.0000000000000022	1.8718823069403037	False	False	unlabelled	[]	[]
YALI1A21156g	not newly verified	similar to Saccharomyces cerevisiae QNS1 (YHR074W)%3B ancestral locus Anc_5.357,  highly similar to uniprot|P38795 Saccharomyces cerevisiae YHR074w QNS1 Putative glutamine-dependent NAD(+) synthetase	existing putative annotation; native function not newly verified	reference_positive	"{""gene_id"": ""YALI1A21156g"", ""source_gene_id"": ""YALI1_A21156g"", ""function"": ""similar to Saccharomyces cerevisiae QNS1 (YHR074W)%3B ancestral locus Anc_5.357,  highly similar to uniprot|P38795 Saccharomyces cerevisiae YHR074w QNS1 Putative glutamine-dependent NAD(+) synthetase"", ""source"": ""https://doi.org/10.1038/s42003-023-04996-8"", ""confidence"": ""consensus_essential_in_at_least_2_of_3_screens""}"	0.9999999999999983	1.0000000000000029	1.8718823069403052	False	False	FN	"[""R568"", ""R569""]"	"[""R568"", ""R569""]"
YALI1A21372g	not newly verified	not established by this analysis	existing putative annotation; native function not newly verified	unlabelled_unknown	null	0.9999999999999983	1.0000000000000029	1.8718823069403052	False	False	unlabelled	"[""R1895"", ""R1896""]"	"[""R1895"", ""R1896""]"
YALI1A21711g	not newly verified	  similar to uniprot|P21976 Neurospora crassa NADH- ubiquinone oxidoreductase 20.8 kDa subunit	existing putative annotation; native function not newly verified	reference_positive	"{""gene_id"": ""YALI1A21711g"", ""source_gene_id"": ""YALI1_A21711g"", ""function"": ""  similar to uniprot|P21976 Neurospora crassa NADH- ubiquinone oxidoreductase 20.8 kDa subunit"", ""source"": ""https://doi.org/10.1038/s42003-023-04996-8"", ""confidence"": ""consensus_essential_in_at_least_2_of_3_screens""}"	0.9999999999999983	1.0000000000000029	1.8718823069403052	False	False	FN	"[""R2062""]"	"[""R2062""]"
YALI1A21970g	not newly verified	similar to Saccharomyces cerevisiae GPI14 (YJR013W)%3B ancestral locus Anc_5.147,  similar to wi|NCU06057.1 Neurospora crassa NCU06057. 1	existing putative annotation; native function not newly verified	reference_positive	"{""gene_id"": ""YALI1A21970g"", ""source_gene_id"": ""YALI1_A21970g"", ""function"": ""similar to Saccharomyces cerevisiae GPI14 (YJR013W)%3B ancestral locus Anc_5.147,  similar to wi|NCU06057.1 Neurospora crassa NCU06057. 1"", ""source"": ""https://doi.org/10.1038/s42003-023-04996-8"", ""confidence"": ""consensus_essential_in_at_least_2_of_3_screens""}"	0.9999999999999983	1.0000000000000029	1.8718823069403052	False	False	FN	"[""R372""]"	"[""R372""]"
YALI1A22129g	not newly verified	not established by this analysis	existing putative annotation; native function not newly verified	unlabelled_unknown	null	0.9999999999999983	1.0000000000000029	1.8718823069403052	False	False	unlabelled	"[""R576""]"	"[""R576""]"
YALI1A22228g	not newly verified	not established by this analysis	existing putative annotation; native function not newly verified	unlabelled_unknown	null	0.9999999999999983	1.0000000000000029	1.8718823069403052	False	False	unlabelled	"[""R253""]"	"[""R253""]"
YALI1A22275g	not newly verified	not established by this analysis	existing putative annotation; native function not newly verified	unlabelled_unknown	null	0.9999999999999983	1.0000000000000029	1.8718823069403052	False	False	unlabelled	[]	[]
YALI1A22440g	not newly verified	not established by this analysis	existing putative annotation; native function not newly verified	unlabelled_unknown	null	0.9002387963365984	0.9002387963365981	1.68514107488371	False	False	unlabelled	"[""R503"", ""R757""]"	"[""R503"", ""R757""]"
YALI1B00214g	not newly verified	not established by this analysis	existing putative annotation; native function not newly verified	unlabelled_unknown	null	0.9999999999999987	0.9999999999999986	1.871882306940297	False	False	unlabelled	"[""R574"", ""R575""]"	"[""R574"", ""R575""]"
YALI1B00357g	not newly verified	not established by this analysis	existing putative annotation; native function not newly verified	unlabelled_unknown	null	0.9999999999999987	0.9999999999999986	1.871882306940297	False	False	unlabelled	[]	[]
YALI1B00578g	not newly verified	  similar to uniprot|P53128 Saccharomyces cerevisiae YGL125W Methylenetetrahydrofolate reductase 2	existing putative annotation; native function not newly verified	reference_positive	"{""gene_id"": ""YALI1B00578g"", ""source_gene_id"": ""YALI1_B00578g"", ""function"": ""  similar to uniprot|P53128 Saccharomyces cerevisiae YGL125W Methylenetetrahydrofolate reductase 2"", ""source"": ""https://doi.org/10.1038/s42003-023-04996-8"", ""confidence"": ""consensus_essential_in_at_least_2_of_3_screens""}"	0.9999999999999987	0.9999999999999986	1.871882306940297	False	False	FN	[]	[]
YALI1B00908g	not newly verified	  uniprot|Q6CG53 Yarrowia lipolytica YALI0B00792g NADH- ubiquinone reductase accessory subunit 18.5 kDa (complex I)	existing putative annotation; native function not newly verified	reference_positive	"{""gene_id"": ""YALI1B00908g"", ""source_gene_id"": ""YALI1_B00908g"", ""function"": ""  uniprot|Q6CG53 Yarrowia lipolytica YALI0B00792g NADH- ubiquinone reductase accessory subunit 18.5 kDa (complex I)"", ""source"": ""https://doi.org/10.1038/s42003-023-04996-8"", ""confidence"": ""consensus_essential_in_at_least_2_of_3_screens""}"	0.9999999999999987	0.9999999999999986	1.871882306940297	False	False	FN	"[""R2062""]"	"[""R2062""]"
YALI1B01084g	not newly verified	  highly similar to uniprot|P38791 Saccharomyces cerevisiae YHR068w DYS1 Deoxyhypusine synthase (EC 2.5.1. 46) (DHS),similar to Saccharomyces cerevisiae DYS1 (YHR068W)%3B ancestral locus Anc_5.343	existing putative annotation; native function not newly verified	reference_positive	"{""gene_id"": ""YALI1B01084g"", ""source_gene_id"": ""YALI1_B01084g"", ""function"": ""  highly similar to uniprot|P38791 Saccharomyces cerevisiae YHR068w DYS1 Deoxyhypusine synthase (EC 2.5.1. 46) (DHS),similar to Saccharomyces cerevisiae DYS1 (YHR068W)%3B ancestral locus Anc_5.343"", ""source"": ""https://doi.org/10.1038/s42003-023-04996-8"", ""confidence"": ""consensus_essential_in_at_least_2_of_3_screens""}"	0.9999999999999987	0.9999999999999986	1.871882306940297	False	False	FN	"[""R2065"", ""R262""]"	"[""R2065"", ""R262""]"
YALI1B01136g	not newly verified	  highly similar to uniprot|P07170 Saccharomyces cerevisiae YDR226W Adenylate kinase cytosolic (EC 2.7.4.3) (ATP-AMP transphosphorylase),similar to Saccharomyces cerevisiae ADK1 (YDR226W)%3B ancestral locus Anc_8.441	existing putative annotation; native function not newly verified	reference_positive	"{""gene_id"": ""YALI1B01136g"", ""source_gene_id"": ""YALI1_B01136g"", ""function"": ""  highly similar to uniprot|P07170 Saccharomyces cerevisiae YDR226W Adenylate kinase cytosolic (EC 2.7.4.3) (ATP-AMP transphosphorylase),similar to Saccharomyces cerevisiae ADK1 (YDR226W)%3B ancestral locus Anc_8.441"", ""source"": ""https://doi.org/10.1038/s42003-023-04996-8"", ""confidence"": ""consensus_essential_in_at_least_2_of_3_screens""}"	0.9999999999999987	0.9999999999999986	1.871882306940297	False	False	FN	[]	[]
YALI1B01428g	not newly verified	not established by this analysis	existing putative annotation; native function not newly verified	unlabelled_unknown	null	0.020804215451503308	0.02080421545150897	0.03894304281345364	True	True	unlabelled	"[""R658""]"	"[""R658""]"
YALI1B02194g	not newly verified	not established by this analysis	existing putative annotation; native function not newly verified	unlabelled_unknown	null	1.0000000000000002	0.9999999999999992	1.8718823069402981	False	False	unlabelled	"[""R2253"", ""R2257"", ""R2261""]"	"[""R2253"", ""R2257"", ""R2261""]"
YALI1B02283g	not newly verified	not established by this analysis	existing putative annotation; native function not newly verified	unlabelled_unknown	null	1.0000000000000002	0.9999999999999992	1.8718823069402981	False	False	unlabelled	[]	[]
YALI1B02345g	not newly verified	  uniprot|Q9P3Y5 Yarrowia lipolytica 3- isopropylmalate dehydratase,similar to Saccharomyces cerevisiae LEU1 (YGL009C)%3B ancestral locus Anc_4.107	existing putative annotation; native function not newly verified	reference_positive	"{""gene_id"": ""YALI1B02345g"", ""source_gene_id"": ""YALI1_B02345g"", ""function"": ""  uniprot|Q9P3Y5 Yarrowia lipolytica 3- isopropylmalate dehydratase,similar to Saccharomyces cerevisiae LEU1 (YGL009C)%3B ancestral locus Anc_4.107"", ""source"": ""https://doi.org/10.1038/s42003-023-04996-8"", ""confidence"": ""consensus_essential_in_at_least_2_of_3_screens""}"	0.0	0.0	0.0	True	True	TP	"[""R20"", ""R44""]"	"[""R20"", ""R44""]"
YALI1B02487g	not newly verified	  similar to uniprot|P22289 Saccharomyces cerevisiae YGR183c QCR9 ubiquinol--cytochrome-c reductase subunit 9,similar to Saccharomyces cerevisiae QCR9 (YGR183C)%3B ancestral locus Anc_5.189	existing putative annotation; native function not newly verified	reference_positive	"{""gene_id"": ""YALI1B02487g"", ""source_gene_id"": ""YALI1_B02487g"", ""function"": ""  similar to uniprot|P22289 Saccharomyces cerevisiae YGR183c QCR9 ubiquinol--cytochrome-c reductase subunit 9,similar to Saccharomyces cerevisiae QCR9 (YGR183C)%3B ancestral locus Anc_5.189"", ""source"": ""https://doi.org/10.1038/s42003-023-04996-8"", ""confidence"": ""consensus_essential_in_at_least_2_of_3_screens""}"	1.0000000000000007	0.9999999999999988	1.8718823069402974	False	False	FN	"[""R305""]"	"[""R305""]"
YALI1B02637g	not newly verified	not established by this analysis	existing putative annotation; native function not newly verified	unlabelled_unknown	null	1.0000000000000007	1.0	1.8718823069402997	False	False	unlabelled	[]	[]
YALI1B02733g	not newly verified	not established by this analysis	existing putative annotation; native function not newly verified	unlabelled_unknown	null	1.0000000000000007	1.0	1.8718823069402997	False	False	unlabelled	[]	[]
YALI1B02806g	not newly verified	similar to Saccharomyces cerevisiae FMN1 (YDR236C)%3B ancestral locus Anc_8.459,  weakly similar to uniprot|Q03778 Saccharomyces cerevisiae YDR236C Hypothetical 24.5 kDa protein	existing putative annotation; native function not newly verified	reference_positive	"{""gene_id"": ""YALI1B02806g"", ""source_gene_id"": ""YALI1_B02806g"", ""function"": ""similar to Saccharomyces cerevisiae FMN1 (YDR236C)%3B ancestral locus Anc_8.459,  weakly similar to uniprot|Q03778 Saccharomyces cerevisiae YDR236C Hypothetical 24.5 kDa protein"", ""source"": ""https://doi.org/10.1038/s42003-023-04996-8"", ""confidence"": ""consensus_essential_in_at_least_2_of_3_screens""}"	1.0000000000000044	0.9999999999999988	1.8718823069402974	False	False	FN	"[""R697"", ""R698""]"	"[""R697"", ""R698""]"
YALI1B02833g	not newly verified	not established by this analysis	existing putative annotation; native function not newly verified	unlabelled_unknown	null	1.0000000000000044	0.9999999999999988	1.8718823069402974	False	False	unlabelled	[]	[]
YALI1B03198g	not newly verified	not established by this analysis	existing putative annotation; native function not newly verified	unlabelled_unknown	null	1.0000000000000044	0.9999999999999988	1.8718823069402974	False	False	unlabelled	[]	[]
YALI1B03314g	not newly verified	not established by this analysis	existing putative annotation; native function not newly verified	unlabelled_unknown	null	1.0000000000000044	0.9999999999999988	1.8718823069402974	False	False	unlabelled	"[""R383""]"	"[""R383""]"
YALI1B03719g	not newly verified	similar to Saccharomyces cerevisiae PIK1 (YNL267W)%3B ancestral locus Anc_1.85,  similar to uniprot|P39104 Saccharomyces cerevisiae YNL267w PIK1 phosphatidylinositol 4-kinase	existing putative annotation; native function not newly verified	reference_positive	"{""gene_id"": ""YALI1B03719g"", ""source_gene_id"": ""YALI1_B03719g"", ""function"": ""similar to Saccharomyces cerevisiae PIK1 (YNL267W)%3B ancestral locus Anc_1.85,  similar to uniprot|P39104 Saccharomyces cerevisiae YNL267w PIK1 phosphatidylinositol 4-kinase"", ""source"": ""https://doi.org/10.1038/s42003-023-04996-8"", ""confidence"": ""consensus_essential_in_at_least_2_of_3_screens""}"	1.0000000000000044	0.9999999999999988	1.8718823069402974	False	False	FN	"[""R1838""]"	"[""R1838""]"
YALI1B03910g	not newly verified	not established by this analysis	existing putative annotation; native function not newly verified	unlabelled_unknown	null	1.0000000000000044	0.9999999999999988	1.8718823069402974	False	False	unlabelled	[]	[]
YALI1B04138g	not newly verified	similar to Saccharomyces cerevisiae GPM1 (YKL152C)%3B ancestral locus Anc_5.257,  highly similar to uniprot|P00950 Saccharomyces cerevisiae YKL152C Phosphoglycerate mutase 1 (EC 5.4.2.1) (Phosphoglyceromutase 1) (PGAM 1) (MPGM 1) (BPG-dependent PGAM 1)	existing putative annotation; native function not newly verified	reference_positive	"{""gene_id"": ""YALI1B04138g"", ""source_gene_id"": ""YALI1_B04138g"", ""function"": ""similar to Saccharomyces cerevisiae GPM1 (YKL152C)%3B ancestral locus Anc_5.257,  highly similar to uniprot|P00950 Saccharomyces cerevisiae YKL152C Phosphoglycerate mutase 1 (EC 5.4.2.1) (Phosphoglyceromutase 1) (PGAM 1) (MPGM 1) (BPG-dependent PGAM 1)"", ""source"": ""https://doi.org/10.1038/s42003-023-04996-8"", ""confidence"": ""consensus_essential_in_at_least_2_of_3_screens""}"	1.0000000000000002	0.9999999999999988	1.8718823069402974	False	False	FN	"[""R283"", ""R643""]"	"[""R283"", ""R643""]"
YALI1B04309g	not newly verified	not established by this analysis	existing putative annotation; native function not newly verified	unlabelled_unknown	null	0.998553922814041	0.9985539228140377	1.8691754206414268	False	False	unlabelled	"[""R43""]"	"[""R43""]"
YALI1B04433g	not newly verified	similar to Saccharomyces cerevisiae GPD1 (YDL022W) and GPD2 (YOL059W)%3B ancestral locus Anc_3.169,  uniprot|Q9UVF4 Yarrowia lipolytica Glycerol-3- phosphate dehydrogenase [NAD ]	existing putative annotation; native function not newly verified	reference_positive	"{""gene_id"": ""YALI1B04433g"", ""source_gene_id"": ""YALI1_B04433g"", ""function"": ""similar to Saccharomyces cerevisiae GPD1 (YDL022W) and GPD2 (YOL059W)%3B ancestral locus Anc_3.169,  uniprot|Q9UVF4 Yarrowia lipolytica Glycerol-3- phosphate dehydrogenase [NAD ]"", ""source"": ""https://doi.org/10.1038/s42003-023-04996-8"", ""confidence"": ""consensus_essential_in_at_least_2_of_3_screens""}"	1.0000000000000044	0.9999999999999999	1.8718823069402994	False	False	FN	"[""R348"", ""R349""]"	"[""R348"", ""R349""]"
YALI1B04589g	not newly verified	not established by this analysis	existing putative annotation; native function not newly verified	unlabelled_unknown	null	1.0000000000000042	1.0	1.8718823069402997	False	False	unlabelled	"[""R2094"", ""R2097"", ""R2098""]"	"[""R2094"", ""R2097"", ""R2098""]"
YALI1B04831g	not newly verified	not established by this analysis	existing putative annotation; native function not newly verified	unlabelled_unknown	null	1.0000000000000042	1.0	1.8718823069402997	False	False	unlabelled	"[""R902"", ""R928""]"	"[""R902"", ""R928""]"
YALI1B05024g	not newly verified	not established by this analysis	existing putative annotation; native function not newly verified	unlabelled_unknown	null	1.0000000000000042	0.9999999999999989	1.8718823069402977	False	False	unlabelled	[]	[]
YALI1B05072g	not newly verified	  highly similar to uniprot|Q9HEW8 Emericella nidulans Ribonucleotide reductase	existing putative annotation; native function not newly verified	reference_positive	"{""gene_id"": ""YALI1B05072g"", ""source_gene_id"": ""YALI1_B05072g"", ""function"": ""  highly similar to uniprot|Q9HEW8 Emericella nidulans Ribonucleotide reductase"", ""source"": ""https://doi.org/10.1038/s42003-023-04996-8"", ""confidence"": ""consensus_essential_in_at_least_2_of_3_screens""}"	1.0000000000000042	0.9999999999999989	1.8718823069402977	False	False	FN	[]	[]
YALI1B05364g	not newly verified	  highly similar to uniprot|P00830 Saccharomyces cerevisiae YJR121W ATP synthase beta chain mitochondrial precursor (EC 3.6.3.14),similar to Saccharomyces cerevisiae ATP2 (YJR121W)%3B ancestral locus Anc_7.507	existing putative annotation; native function not newly verified	reference_positive	"{""gene_id"": ""YALI1B05364g"", ""source_gene_id"": ""YALI1_B05364g"", ""function"": ""  highly similar to uniprot|P00830 Saccharomyces cerevisiae YJR121W ATP synthase beta chain mitochondrial precursor (EC 3.6.3.14),similar to Saccharomyces cerevisiae ATP2 (YJR121W)%3B ancestral locus Anc_7.507"", ""source"": ""https://doi.org/10.1038/s42003-023-04996-8"", ""confidence"": ""consensus_essential_in_at_least_2_of_3_screens""}"	1.0000000000000042	0.9999999999999989	1.8718823069402977	False	False	FN	[]	[]
YALI1B05571g	not newly verified	similar to Saccharomyces cerevisiae ALA1 (YOR335C)%3B ancestral locus Anc_7.58,  similar to uniprot|P40825 Saccharomyces cerevisiae YOR335C Alanyl-tRNA synthetase cytoplasmic (EC 6.1.1.7) (Alanine--tRNA ligase)	existing putative annotation; native function not newly verified	reference_positive	"{""gene_id"": ""YALI1B05571g"", ""source_gene_id"": ""YALI1_B05571g"", ""function"": ""similar to Saccharomyces cerevisiae ALA1 (YOR335C)%3B ancestral locus Anc_7.58,  similar to uniprot|P40825 Saccharomyces cerevisiae YOR335C Alanyl-tRNA synthetase cytoplasmic (EC 6.1.1.7) (Alanine--tRNA ligase)"", ""source"": ""https://doi.org/10.1038/s42003-023-04996-8"", ""confidence"": ""consensus_essential_in_at_least_2_of_3_screens""}"	0.0	0.0	0.0	True	True	TP	"[""R129""]"	"[""R129""]"
YALI1B05609g	not newly verified	not established by this analysis	existing putative annotation; native function not newly verified	unlabelled_unknown	null	1.0000000000000036	0.9999999999999978	1.8718823069402954	False	False	unlabelled	[]	[]
YALI1B05798g	not newly verified	similar to Saccharomyces cerevisiae INO1 (YJL153C)%3B ancestral locus Anc_1.195,  similar to uniprot|O74247 Pichia pastoris and to uniprot|P11986 Saccharomyces cerevisiae YJL153c INO1 myo- inositol-1-phosphate synthase	existing putative annotation; native function not newly verified	reference_positive	"{""gene_id"": ""YALI1B05798g"", ""source_gene_id"": ""YALI1_B05798g"", ""function"": ""similar to Saccharomyces cerevisiae INO1 (YJL153C)%3B ancestral locus Anc_1.195,  similar to uniprot|O74247 Pichia pastoris and to uniprot|P11986 Saccharomyces cerevisiae YJL153c INO1 myo- inositol-1-phosphate synthase"", ""source"": ""https://doi.org/10.1038/s42003-023-04996-8"", ""confidence"": ""consensus_essential_in_at_least_2_of_3_screens""}"	1.0000000000000036	0.9999999999999977	1.8718823069402952	False	False	FN	"[""R559""]"	"[""R559""]"
YALI1B07094g	not newly verified	similar to Saccharomyces cerevisiae ERG11 (YHR007C)%3B ancestral locus Anc_5.588,  similar to uniprot|P10614 Saccharomyces cerevisiae YHR007C Cytochrome P450 51 (EC 1.14.14.-) (CYPL1) (P450- L1A1) (Sterol 14- alpha demethylase)	existing putative annotation; native function not newly verified	reference_positive	"{""gene_id"": ""YALI1B07094g"", ""source_gene_id"": ""YALI1_B07094g"", ""function"": ""similar to Saccharomyces cerevisiae ERG11 (YHR007C)%3B ancestral locus Anc_5.588,  similar to uniprot|P10614 Saccharomyces cerevisiae YHR007C Cytochrome P450 51 (EC 1.14.14.-) (CYPL1) (P450- L1A1) (Sterol 14- alpha demethylase)"", ""source"": ""https://doi.org/10.1038/s42003-023-04996-8"", ""confidence"": ""consensus_essential_in_at_least_2_of_3_screens""}"	0.0	0.0	0.0	True	True	TP	"[""R251""]"	"[""R251""]"
YALI1B07366g	not newly verified	similar to Saccharomyces cerevisiae URA7 (YBL039C) and URA8 (YJR103W)%3B ancestral locus Anc_7.476,  highly similar to uniprot|P28274 Saccharomyces cerevisiae YBL039C CTP synthase 1 (EC 6.3.4.2) (UTP-- ammonia ligase 1)	existing putative annotation; native function not newly verified	reference_positive	"{""gene_id"": ""YALI1B07366g"", ""source_gene_id"": ""YALI1_B07366g"", ""function"": ""similar to Saccharomyces cerevisiae URA7 (YBL039C) and URA8 (YJR103W)%3B ancestral locus Anc_7.476,  highly similar to uniprot|P28274 Saccharomyces cerevisiae YBL039C CTP synthase 1 (EC 6.3.4.2) (UTP-- ammonia ligase 1)"", ""source"": ""https://doi.org/10.1038/s42003-023-04996-8"", ""confidence"": ""consensus_essential_in_at_least_2_of_3_screens""}"	0.0	0.0	0.0	True	True	TP	"[""R241"", ""R242""]"	"[""R241"", ""R242""]"
YALI1B07538g	not newly verified	similar to Saccharomyces cerevisiae RPL20A (YMR242C) and RPL20B (YOR312C)%3B ancestral locus Anc_8.789,  highly similar to uniprot|P47913 Saccharomyces cerevisiae YOR312c RPL18B 60S large subunit ribosomal protein and highly similar to uniprot|P47913 Saccharomyces cerevisiae YMR242c RPL18A 60s large subunit ribosomal protein	existing putative annotation; native function not newly verified	reference_positive	"{""gene_id"": ""YALI1B07538g"", ""source_gene_id"": ""YALI1_B07538g"", ""function"": ""similar to Saccharomyces cerevisiae RPL20A (YMR242C) and RPL20B (YOR312C)%3B ancestral locus Anc_8.789,  highly similar to uniprot|P47913 Saccharomyces cerevisiae YOR312c RPL18B 60S large subunit ribosomal protein and highly similar to uniprot|P47913 Saccharomyces cerevisiae YMR242c RPL18A 60s large subunit ribosomal protein"", ""source"": ""https://doi.org/10.1038/s42003-023-04996-8"", ""confidence"": ""consensus_essential_in_at_least_2_of_3_screens""}"	0.0	0.0	0.0	True	True	TP	"[""R2102"", ""R288""]"	"[""R2102"", ""R288""]"
YALI1B07957g	not newly verified	similar to Saccharomyces cerevisiae DIA4 (YHR011W)%3B ancestral locus Anc_5.598,  similar to uniprot|P38705 Saccharomyces cerevisiae Putative seryl-tRNA synthetase YHR011W (EC 6.1.1.11)	existing putative annotation; native function not newly verified	reference_positive	"{""gene_id"": ""YALI1B07957g"", ""source_gene_id"": ""YALI1_B07957g"", ""function"": ""similar to Saccharomyces cerevisiae DIA4 (YHR011W)%3B ancestral locus Anc_5.598,  similar to uniprot|P38705 Saccharomyces cerevisiae Putative seryl-tRNA synthetase YHR011W (EC 6.1.1.11)"", ""source"": ""https://doi.org/10.1038/s42003-023-04996-8"", ""confidence"": ""consensus_essential_in_at_least_2_of_3_screens""}"	1.0000000000000007	1.0000000000000002	1.8718823069403	False	False	FN	[]	[]
YALI1B08123g	not newly verified	not established by this analysis	existing putative annotation; native function not newly verified	unlabelled_unknown	null	1.0000000000000024	1.0000000000000002	1.8718823069403001	False	False	unlabelled	"[""R617""]"	"[""R617""]"
YALI1B08461g	not newly verified	not established by this analysis	existing putative annotation; native function not newly verified	unlabelled_unknown	null	1.0000000000000024	1.0000000000000002	1.8718823069403001	False	False	unlabelled	[]	[]
YALI1B08885g	not newly verified	  highly similar to uniprot|O13350 Kluyveromyces lactis ATP synthase D chain mitochondrial	existing putative annotation; native function not newly verified	reference_positive	"{""gene_id"": ""YALI1B08885g"", ""source_gene_id"": ""YALI1_B08885g"", ""function"": ""  highly similar to uniprot|O13350 Kluyveromyces lactis ATP synthase D chain mitochondrial"", ""source"": ""https://doi.org/10.1038/s42003-023-04996-8"", ""confidence"": ""consensus_essential_in_at_least_2_of_3_screens""}"	1.0000000000000024	1.0000000000000002	1.8718823069403001	False	False	FN	[]	[]
YALI1B09025g	not newly verified	  similar to uniprot|Q12189 Saccharomyces cerevisiae YOR095c RKI1 D-ribose-5-phosphate ketol-isomerase,similar to Saccharomyces cerevisiae RKI1 (YOR095C)%3B ancestral locus Anc_2.189	existing putative annotation; native function not newly verified	reference_positive	"{""gene_id"": ""YALI1B09025g"", ""source_gene_id"": ""YALI1_B09025g"", ""function"": ""  similar to uniprot|Q12189 Saccharomyces cerevisiae YOR095c RKI1 D-ribose-5-phosphate ketol-isomerase,similar to Saccharomyces cerevisiae RKI1 (YOR095C)%3B ancestral locus Anc_2.189"", ""source"": ""https://doi.org/10.1038/s42003-023-04996-8"", ""confidence"": ""consensus_essential_in_at_least_2_of_3_screens""}"	1.0000000000000024	1.0000000000000002	1.8718823069403001	False	False	FN	[]	[]
YALI1B09211g	not newly verified	not established by this analysis	existing putative annotation; native function not newly verified	unlabelled_unknown	null	1.0000000000000024	1.0000000000000002	1.8718823069403001	False	False	unlabelled	[]	[]
YALI1B09367g	not newly verified	not established by this analysis	existing putative annotation; native function not newly verified	unlabelled_unknown	null	1.0000000000000024	1.0000000000000002	1.8718823069403001	False	False	unlabelled	[]	[]
YALI1B09592g	not newly verified	  similar to uniprot|P06208 Saccharomyces cerevisiae YNL104C 2-isopropylmalate synthase (EC 4.1.3.12) (Alpha- isopropylmalate synthase) (Alpha-IPM synthetase)	existing putative annotation; native function not newly verified	reference_positive	"{""gene_id"": ""YALI1B09592g"", ""source_gene_id"": ""YALI1_B09592g"", ""function"": ""  similar to uniprot|P06208 Saccharomyces cerevisiae YNL104C 2-isopropylmalate synthase (EC 4.1.3.12) (Alpha- isopropylmalate synthase) (Alpha-IPM synthetase)"", ""source"": ""https://doi.org/10.1038/s42003-023-04996-8"", ""confidence"": ""consensus_essential_in_at_least_2_of_3_screens""}"	0.0	0.0	0.0	True	True	TP	"[""R21"", ""R22""]"	"[""R21"", ""R22""]"
YALI1B10130g	not newly verified	not established by this analysis	existing putative annotation; native function not newly verified	unlabelled_unknown	null	0.9598958091812481	0.9598958091812476	1.7968119817125194	False	False	unlabelled	"[""R655""]"	"[""R655""]"
YALI1B10635g	not newly verified	not established by this analysis	existing putative annotation; native function not newly verified	unlabelled_unknown	null	0.13471617422928947	0.13471617422928894	0.25217282299849275	True	True	unlabelled	"[""R633""]"	"[""R633""]"
YALI1B10813g	not newly verified	not established by this analysis	existing putative annotation; native function not newly verified	unlabelled_unknown	null	1.0000000000000007	1.0000000000000009	1.8718823069403014	False	False	unlabelled	"[""R743""]"	"[""R743""]"
YALI1B11402g	not newly verified	not established by this analysis	existing putative annotation; native function not newly verified	unlabelled_unknown	null	1.0000000000000038	1.0000000000000007	1.8718823069403008	False	False	unlabelled	[]	[]
YALI1B11448g	not newly verified	not established by this analysis	existing putative annotation; native function not newly verified	unlabelled_unknown	null	1.0000000000000038	1.0000000000000007	1.8718823069403008	False	False	unlabelled	[]	[]
YALI1B11532g	not newly verified	  similar to uniprot|Q04677 Candida tropicalis Acetyl- CoA acetyltransferase IB (EC 2.3.1.9) Peroxisomal acetoacetyl- CoA thiolase Thiolase IB,similar to Saccharomyces cerevisiae ERG10 (YPL028W)%3B ancestral locus Anc_8.479	existing putative annotation; native function not newly verified	reference_positive	"{""gene_id"": ""YALI1B11532g"", ""source_gene_id"": ""YALI1_B11532g"", ""function"": ""  similar to uniprot|Q04677 Candida tropicalis Acetyl- CoA acetyltransferase IB (EC 2.3.1.9) Peroxisomal acetoacetyl- CoA thiolase Thiolase IB,similar to Saccharomyces cerevisiae ERG10 (YPL028W)%3B ancestral locus Anc_8.479"", ""source"": ""https://doi.org/10.1038/s42003-023-04996-8"", ""confidence"": ""consensus_essential_in_at_least_2_of_3_screens""}"	1.0000000000000038	0.999999999999998	1.871882306940296	False	False	FN	"[""R82""]"	"[""R82""]"
YALI1B12010g	not newly verified	not established by this analysis	existing putative annotation; native function not newly verified	unlabelled_unknown	null	0.0	0.0	0.0	True	True	unlabelled	"[""R771""]"	"[""R771""]"
YALI1B12042g	not newly verified	  similar to uniprot|Q99258 Saccharomyces cerevisiae YDR487c RIB3 3 4-dihydroxy-2-butanone 4-phosphate synthase,similar to Saccharomyces cerevisiae RIB3 (YDR487C)%3B ancestral locus Anc_3.96	existing putative annotation; native function not newly verified	reference_positive	"{""gene_id"": ""YALI1B12042g"", ""source_gene_id"": ""YALI1_B12042g"", ""function"": ""  similar to uniprot|Q99258 Saccharomyces cerevisiae YDR487c RIB3 3 4-dihydroxy-2-butanone 4-phosphate synthase,similar to Saccharomyces cerevisiae RIB3 (YDR487C)%3B ancestral locus Anc_3.96"", ""source"": ""https://doi.org/10.1038/s42003-023-04996-8"", ""confidence"": ""consensus_essential_in_at_least_2_of_3_screens""}"	1.0000000000000042	0.9999999999999997	1.871882306940299	False	False	FN	"[""R34""]"	"[""R34""]"
YALI1B12489g	not newly verified	not established by this analysis	existing putative annotation; native function not newly verified	unlabelled_unknown	null	1.0000000000000042	0.9999999999999994	1.8718823069402986	False	False	unlabelled	"[""R1897""]"	"[""R1897""]"
YALI1B12742g	not newly verified	not established by this analysis	existing putative annotation; native function not newly verified	unlabelled_unknown	null	1.0000000000000042	0.9999999999999994	1.8718823069402986	False	False	unlabelled	"[""R2080""]"	"[""R2080""]"
YALI1B12781g	not newly verified	not established by this analysis	existing putative annotation; native function not newly verified	unlabelled_unknown	null	1.0000000000000042	0.9999999999999994	1.8718823069402986	False	False	unlabelled	[]	[]
YALI1B12966g	not newly verified	not established by this analysis	existing putative annotation; native function not newly verified	unlabelled_unknown	null	1.0000000000000042	0.9999999999999994	1.8718823069402986	False	False	unlabelled	"[""R672""]"	"[""R672""]"
YALI1B12993g	not newly verified	not established by this analysis	existing putative annotation; native function not newly verified	unlabelled_unknown	null	1.0000000000000042	0.9999999999999994	1.8718823069402986	False	False	unlabelled	"[""R1931"", ""R500"", ""R501"", ""R9""]"	"[""R1931"", ""R500"", ""R501"", ""R9""]"
YALI1B13179g	not newly verified	not established by this analysis	existing putative annotation; native function not newly verified	unlabelled_unknown	null	1.0000000000000042	0.9999999999999994	1.8718823069402986	False	False	unlabelled	"[""R693""]"	"[""R693""]"
YALI1B13948g	not newly verified	not established by this analysis	existing putative annotation; native function not newly verified	unlabelled_unknown	null	1.0000000000000042	0.9999999999999994	1.8718823069402986	False	False	unlabelled	"[""R192"", ""R193""]"	"[""R192"", ""R193""]"
YALI1B14044g	not newly verified	not established by this analysis	existing putative annotation; native function not newly verified	unlabelled_unknown	null	1.0000000000000042	0.9999999999999994	1.8718823069402986	False	False	unlabelled	"[""R1546"", ""R1547"", ""R1548"", ""R1549"", ""R1550"", ""R1551"", ""R1552"", ""R1553"", ""R1978"", ""R2116"", ""R2141""]"	"[""R1546"", ""R1547"", ""R1548"", ""R1549"", ""R1550"", ""R1551"", ""R1552"", ""R1553"", ""R1978"", ""R2116"", ""R2141""]"
YALI1B14382g	not newly verified	not established by this analysis	existing putative annotation; native function not newly verified	unlabelled_unknown	null	1.0000000000000004	0.9999999999999994	1.8718823069402986	False	False	unlabelled	"[""R817""]"	"[""R817""]"
YALI1B14733g	not newly verified	not established by this analysis	existing putative annotation; native function not newly verified	unlabelled_unknown	null	1.0000000000000004	0.9999999999999994	1.8718823069402986	False	False	unlabelled	"[""R1730"", ""R1731""]"	"[""R1730"", ""R1731""]"
YALI1B14826g	not newly verified	not established by this analysis	existing putative annotation; native function not newly verified	unlabelled_unknown	null	1.0000000000000004	1.0000000000000018	1.871882306940303	False	False	unlabelled	"[""R733"", ""R734""]"	"[""R733"", ""R734""]"
YALI1B14978g	not newly verified	similar to Saccharomyces cerevisiae ARG82 (YDR173C)%3B ancestral locus Anc_8.371,  weakly similar to uniprot|P07250 Saccharomyces cerevisiae YDR173c ARG82 arginine metabolism transcription factor singleton	existing putative annotation; native function not newly verified	reference_positive	"{""gene_id"": ""YALI1B14978g"", ""source_gene_id"": ""YALI1_B14978g"", ""function"": ""similar to Saccharomyces cerevisiae ARG82 (YDR173C)%3B ancestral locus Anc_8.371,  weakly similar to uniprot|P07250 Saccharomyces cerevisiae YDR173c ARG82 arginine metabolism transcription factor singleton"", ""source"": ""https://doi.org/10.1038/s42003-023-04996-8"", ""confidence"": ""consensus_essential_in_at_least_2_of_3_screens""}"	1.0000000000000004	1.0000000000000024	1.8718823069403043	False	False	FN	"[""R423"", ""R424"", ""R425"", ""R426""]"	"[""R423"", ""R424"", ""R425"", ""R426""]"
YALI1B15015g	not newly verified	similar to Saccharomyces cerevisiae SPE1 (YKL184W)%3B ancestral locus Anc_4.282,  uniprot|Q8WZM1 Yarrowia lipolytica Ornithine decarboxylase	existing putative annotation; native function not newly verified	reference_positive	"{""gene_id"": ""YALI1B15015g"", ""source_gene_id"": ""YALI1_B15015g"", ""function"": ""similar to Saccharomyces cerevisiae SPE1 (YKL184W)%3B ancestral locus Anc_4.282,  uniprot|Q8WZM1 Yarrowia lipolytica Ornithine decarboxylase"", ""source"": ""https://doi.org/10.1038/s42003-023-04996-8"", ""confidence"": ""consensus_essential_in_at_least_2_of_3_screens""}"	1.0000000000000004	1.0000000000000024	1.8718823069403043	False	False	FN	"[""R608""]"	"[""R608""]"
YALI1B15180g	not newly verified	  weakly similar to uniprot|P38242 Saccharomyces cerevisiae YBR070c SAT2 osmotolerance protein,similar to Saccharomyces cerevisiae ALG14 (YBR070C)%3B ancestral locus Anc_3.289	existing putative annotation; native function not newly verified	reference_positive	"{""gene_id"": ""YALI1B15180g"", ""source_gene_id"": ""YALI1_B15180g"", ""function"": ""  weakly similar to uniprot|P38242 Saccharomyces cerevisiae YBR070c SAT2 osmotolerance protein,similar to Saccharomyces cerevisiae ALG14 (YBR070C)%3B ancestral locus Anc_3.289"", ""source"": ""https://doi.org/10.1038/s42003-023-04996-8"", ""confidence"": ""consensus_essential_in_at_least_2_of_3_screens""}"	1.0000000000000004	1.0000000000000024	1.8718823069403043	False	False	FN	[]	[]
YALI1B15440g	not newly verified	not established by this analysis	existing putative annotation; native function not newly verified	unlabelled_unknown	null	1.0000000000000004	1.0000000000000024	1.8718823069403043	False	False	unlabelled	"[""R2060""]"	"[""R2060""]"
YALI1B15733g	not newly verified	not established by this analysis	existing putative annotation; native function not newly verified	unlabelled_unknown	null	1.0000000000000004	1.0000000000000024	1.8718823069403043	False	False	unlabelled	[]	[]
YALI1B15928g	not newly verified	not established by this analysis	existing putative annotation; native function not newly verified	unlabelled_unknown	null	1.0000000000000004	1.0000000000000024	1.8718823069403043	False	False	unlabelled	"[""R549""]"	"[""R549""]"
YALI1B17155g	not newly verified	not established by this analysis	existing putative annotation; native function not newly verified	unlabelled_unknown	null	1.0000000000000004	1.0000000000000024	1.8718823069403043	False	False	unlabelled	[]	[]
YALI1B17838g	not newly verified	similar to Saccharomyces cerevisiae GRX3 (YDR098C) and GRX4 (YER174C)%3B ancestral locus Anc_8.240,  similar to uniprot|P32642 Saccharomyces cerevisiae YER174c GRX4 member of the subfamily of yeast glutaredoxins (Grx3 GRX4 and Grx5) P3.19.f3.1 or uniprot|Q03835 Saccharomyces cerevisiae YDR098c GRX3	existing putative annotation; native function not newly verified	reference_positive	"{""gene_id"": ""YALI1B17838g"", ""source_gene_id"": ""YALI1_B17838g"", ""function"": ""similar to Saccharomyces cerevisiae GRX3 (YDR098C) and GRX4 (YER174C)%3B ancestral locus Anc_8.240,  similar to uniprot|P32642 Saccharomyces cerevisiae YER174c GRX4 member of the subfamily of yeast glutaredoxins (Grx3 GRX4 and Grx5) P3.19.f3.1 or uniprot|Q03835 Saccharomyces cerevisiae YDR098c GRX3"", ""source"": ""https://doi.org/10.1038/s42003-023-04996-8"", ""confidence"": ""consensus_essential_in_at_least_2_of_3_screens""}"	1.0000000000000004	1.0000000000000024	1.8718823069403043	False	False	FN	[]	[]
YALI1B17871g	not newly verified	not established by this analysis	existing putative annotation; native function not newly verified	unlabelled_unknown	null	1.0000000000000004	1.0000000000000024	1.8718823069403043	False	False	unlabelled	"[""R55"", ""R675""]"	"[""R55"", ""R675""]"
YALI1B17927g	not newly verified	similar to Saccharomyces cerevisiae VIP1 (YLR410W)%3B ancestral locus Anc_4.276,  similar to uniprot|Q06685 Saccharomyces cerevisiae YLR410w VIP1	existing putative annotation; native function not newly verified	reference_positive	"{""gene_id"": ""YALI1B17927g"", ""source_gene_id"": ""YALI1_B17927g"", ""function"": ""similar to Saccharomyces cerevisiae VIP1 (YLR410W)%3B ancestral locus Anc_4.276,  similar to uniprot|Q06685 Saccharomyces cerevisiae YLR410w VIP1"", ""source"": ""https://doi.org/10.1038/s42003-023-04996-8"", ""confidence"": ""consensus_essential_in_at_least_2_of_3_screens""}"	1.0000000000000004	1.0000000000000024	1.8718823069403043	False	False	FN	"[""R68"", ""R69""]"	"[""R68"", ""R69""]"
YALI1B18012g	not newly verified	not established by this analysis	existing putative annotation; native function not newly verified	unlabelled_unknown	null	1.0000000000000004	1.0000000000000024	1.8718823069403043	False	False	unlabelled	[]	[]
YALI1B18292g	not newly verified	not established by this analysis	existing putative annotation; native function not newly verified	unlabelled_unknown	null	1.0000000000000004	1.0000000000000024	1.8718823069403043	False	False	unlabelled	[]	[]
YALI1B18311g	not newly verified	not established by this analysis	existing putative annotation; native function not newly verified	unlabelled_unknown	null	1.0000000000000004	1.0000000000000024	1.8718823069403043	False	False	unlabelled	[]	[]
YALI1B18499g	not newly verified	not established by this analysis	existing putative annotation; native function not newly verified	unlabelled_unknown	null	1.0000000000000004	1.0000000000000024	1.8718823069403043	False	False	unlabelled	"[""R347""]"	"[""R347""]"
YALI1B18572g	not newly verified	not established by this analysis	existing putative annotation; native function not newly verified	unlabelled_unknown	null	1.0000000000000049	1.0000000000000024	1.8718823069403043	False	False	unlabelled	"[""R1882"", ""R1883"", ""R1884"", ""R2255"", ""R2259"", ""R2263""]"	"[""R1882"", ""R1883"", ""R1884"", ""R2255"", ""R2259"", ""R2263""]"
YALI1B18845g	not newly verified	not established by this analysis	existing putative annotation; native function not newly verified	unlabelled_unknown	null	1.0000000000000049	1.0000000000000024	1.8718823069403043	False	False	unlabelled	[]	[]
YALI1B18955g	not newly verified	  similar to uniprot|Q12740 Zalerion arboricola Pyrroline- 5-carboxylate reductase PRO3 (P5C reductase),similar to Saccharomyces cerevisiae PRO3 (YER023W)%3B ancestral locus Anc_7.506	existing putative annotation; native function not newly verified	reference_positive	"{""gene_id"": ""YALI1B18955g"", ""source_gene_id"": ""YALI1_B18955g"", ""function"": ""  similar to uniprot|Q12740 Zalerion arboricola Pyrroline- 5-carboxylate reductase PRO3 (P5C reductase),similar to Saccharomyces cerevisiae PRO3 (YER023W)%3B ancestral locus Anc_7.506"", ""source"": ""https://doi.org/10.1038/s42003-023-04996-8"", ""confidence"": ""consensus_essential_in_at_least_2_of_3_screens""}"	0.0	0.0	0.0	True	True	TP	"[""R509"", ""R689""]"	"[""R509"", ""R689""]"
YALI1B19021g	not newly verified	not established by this analysis	existing putative annotation; native function not newly verified	unlabelled_unknown	null	1.0000000000000042	0.9999999999999964	1.871882306940293	False	False	unlabelled	[]	[]
YALI1B19079g	not newly verified	  highly similar to uniprot|Q9P842 Candida albicans S- adenosylmethionine synthetase 2 (CaSAM2),similar to Saccharomyces cerevisiae SAM2 (YDR502C) and SAM1 (YLR180W)%3B ancestral locus Anc_1.58	existing putative annotation; native function not newly verified	reference_positive	"{""gene_id"": ""YALI1B19079g"", ""source_gene_id"": ""YALI1_B19079g"", ""function"": ""  highly similar to uniprot|Q9P842 Candida albicans S- adenosylmethionine synthetase 2 (CaSAM2),similar to Saccharomyces cerevisiae SAM2 (YDR502C) and SAM1 (YLR180W)%3B ancestral locus Anc_1.58"", ""source"": ""https://doi.org/10.1038/s42003-023-04996-8"", ""confidence"": ""consensus_essential_in_at_least_2_of_3_screens""}"	0.0	0.0	0.0	True	True	TP	"[""R544""]"	"[""R544""]"
YALI1B19107g	not newly verified	not established by this analysis	existing putative annotation; native function not newly verified	unlabelled_unknown	null	1.000000000000001	0.9999999999999958	1.8718823069402917	False	False	unlabelled	"[""R1758"", ""R1759"", ""R1761"", ""R1762"", ""R1774"", ""R1775""]"	"[""R1758"", ""R1759"", ""R1761"", ""R1762"", ""R1774""]"
YALI1B19217g	not newly verified	not established by this analysis	existing putative annotation; native function not newly verified	unlabelled_unknown	null	1.000000000000007	0.9999999999999944	1.8718823069402892	False	False	unlabelled	"[""R1972""]"	"[""R1972""]"
YALI1B19348g	not newly verified	not established by this analysis	existing putative annotation; native function not newly verified	unlabelled_unknown	null	1.000000000000007	0.9999999999999944	1.8718823069402892	False	False	unlabelled	"[""R1906"", ""R713""]"	"[""R1906"", ""R713""]"
YALI1B19490g	not newly verified	similar to Saccharomyces cerevisiae ARH1 (YDR376W)%3B ancestral locus Anc_5.450,  similar to uniprot|P48360 Saccharomyces cerevisiae YDR376w ARH1 mitochondrial protein with similarity to human adrenodoxin reductase and ferredoxin-NADP+ reductase singleton	existing putative annotation; native function not newly verified	reference_positive	"{""gene_id"": ""YALI1B19490g"", ""source_gene_id"": ""YALI1_B19490g"", ""function"": ""similar to Saccharomyces cerevisiae ARH1 (YDR376W)%3B ancestral locus Anc_5.450,  similar to uniprot|P48360 Saccharomyces cerevisiae YDR376w ARH1 mitochondrial protein with similarity to human adrenodoxin reductase and ferredoxin-NADP+ reductase singleton"", ""source"": ""https://doi.org/10.1038/s42003-023-04996-8"", ""confidence"": ""consensus_essential_in_at_least_2_of_3_screens""}"	1.000000000000007	0.9999999999999944	1.8718823069402892	False	False	FN	"[""R383""]"	"[""R383""]"
YALI1B19507g	not newly verified	not established by this analysis	existing putative annotation; native function not newly verified	unlabelled_unknown	null	1.000000000000007	1.0000000000000016	1.8718823069403026	False	False	unlabelled	"[""R2062""]"	"[""R2062""]"
YALI1B19576g	not newly verified	not established by this analysis	existing putative annotation; native function not newly verified	unlabelled_unknown	null	1.000000000000007	1.0000000000000016	1.8718823069403026	False	False	unlabelled	"[""R263"", ""R701""]"	"[""R263"", ""R701""]"
YALI1B19844g	not newly verified	  uniprot|P34229 Yarrowia lipolytica Fatty acid synthase subunit beta (EC 2.3.1.86),similar to Saccharomyces cerevisiae FAS1 (YKL182W)%3B ancestral locus Anc_4.280	existing putative annotation; native function not newly verified	reference_positive	"{""gene_id"": ""YALI1B19844g"", ""source_gene_id"": ""YALI1_B19844g"", ""function"": ""  uniprot|P34229 Yarrowia lipolytica Fatty acid synthase subunit beta (EC 2.3.1.86),similar to Saccharomyces cerevisiae FAS1 (YKL182W)%3B ancestral locus Anc_4.280"", ""source"": ""https://doi.org/10.1038/s42003-023-04996-8"", ""confidence"": ""consensus_essential_in_at_least_2_of_3_screens""}"	0.0	0.0	0.0	True	True	TP	"[""R1392"", ""R1393"", ""R2217"", ""R2220"", ""R2223"", ""R2226"", ""R2229"", ""R2232"", ""R2235"", ""R2237"", ""R2239"", ""R2241""]"	"[""R1392"", ""R1393"", ""R2217"", ""R2220"", ""R2223"", ""R2226"", ""R2229"", ""R2232"", ""R2235"", ""R2237"", ""R2239"", ""R2241""]"
YALI1B19932g	not newly verified	not established by this analysis	existing putative annotation; native function not newly verified	unlabelled_unknown	null	1.0000000000000004	0.9999999999999992	1.8718823069402981	False	False	unlabelled	"[""R402""]"	"[""R402""]"
YALI1B20108g	not newly verified	not established by this analysis	existing putative annotation; native function not newly verified	unlabelled_unknown	null	1.0000000000000004	0.9999999999999992	1.8718823069402981	False	False	unlabelled	[]	[]
YALI1B20153g	not newly verified	similar to Saccharomyces cerevisiae ADE4 (YMR300C)%3B ancestral locus Anc_5.21,  similar to uniprot|P04046 Saccharomyces cerevisiae YMR300c ADE4 amidophosphoribosyltransferase	existing putative annotation; native function not newly verified	reference_positive	"{""gene_id"": ""YALI1B20153g"", ""source_gene_id"": ""YALI1_B20153g"", ""function"": ""similar to Saccharomyces cerevisiae ADE4 (YMR300C)%3B ancestral locus Anc_5.21,  similar to uniprot|P04046 Saccharomyces cerevisiae YMR300c ADE4 amidophosphoribosyltransferase"", ""source"": ""https://doi.org/10.1038/s42003-023-04996-8"", ""confidence"": ""consensus_essential_in_at_least_2_of_3_screens""}"	0.020804215451510993	0.02080421545151186	0.03894304281345905	True	True	TP	"[""R657""]"	"[""R657""]"
YALI1B20289g	not newly verified	similar to Saccharomyces cerevisiae LYS1 (YIR034C)%3B ancestral locus Anc_2.664,  uniprot|P38997 Yarrowia lipolytica Saccharopine dehydrogenase	existing putative annotation; native function not newly verified	reference_positive	"{""gene_id"": ""YALI1B20289g"", ""source_gene_id"": ""YALI1_B20289g"", ""function"": ""similar to Saccharomyces cerevisiae LYS1 (YIR034C)%3B ancestral locus Anc_2.664,  uniprot|P38997 Yarrowia lipolytica Saccharopine dehydrogenase"", ""source"": ""https://doi.org/10.1038/s42003-023-04996-8"", ""confidence"": ""consensus_essential_in_at_least_2_of_3_screens""}"	0.04790423872092701	0.047904238720926896	0.08967109688914747	True	True	TP	"[""R718""]"	"[""R718""]"
YALI1B20462g	not newly verified	similar to Saccharomyces cerevisiae GND2 (YGR256W) and GND1 (YHR183W)%3B ancestral locus Anc_5.55,  highly similar to uniprot|P38720 Saccharomyces cerevisiae YHR183w GND1 6-phosphogluconate dehydrogenase P2.360.f2.1 or uniprot|P53319 Saccharomyces cerevisiae YGR256w GND2 phosphogluconate dehydrogenase P2.360.f2.1	existing putative annotation; native function not newly verified	reference_positive	"{""gene_id"": ""YALI1B20462g"", ""source_gene_id"": ""YALI1_B20462g"", ""function"": ""similar to Saccharomyces cerevisiae GND2 (YGR256W) and GND1 (YHR183W)%3B ancestral locus Anc_5.55,  highly similar to uniprot|P38720 Saccharomyces cerevisiae YHR183w GND1 6-phosphogluconate dehydrogenase P2.360.f2.1 or uniprot|P53319 Saccharomyces cerevisiae YGR256w GND2 phosphogluconate dehydrogenase P2.360.f2.1"", ""source"": ""https://doi.org/10.1038/s42003-023-04996-8"", ""confidence"": ""consensus_essential_in_at_least_2_of_3_screens""}"	0.9999999999999993	0.999999999999997	1.8718823069402941	False	False	FN	"[""R639""]"	"[""R639""]"
YALI1B20527g	not newly verified	similar to Saccharomyces cerevisiae ABC1 (YGL119W)%3B ancestral locus Anc_6.133,  similar to uniprot|P27697 Saccharomyces cerevisiae YGL119w ABC1 ubiquinol--cytochrome-c reductase complex assembly protein singleton	existing putative annotation; native function not newly verified	reference_positive	"{""gene_id"": ""YALI1B20527g"", ""source_gene_id"": ""YALI1_B20527g"", ""function"": ""similar to Saccharomyces cerevisiae ABC1 (YGL119W)%3B ancestral locus Anc_6.133,  similar to uniprot|P27697 Saccharomyces cerevisiae YGL119w ABC1 ubiquinol--cytochrome-c reductase complex assembly protein singleton"", ""source"": ""https://doi.org/10.1038/s42003-023-04996-8"", ""confidence"": ""consensus_essential_in_at_least_2_of_3_screens""}"	1.000000000000002	0.9999999999999968	1.8718823069402937	False	False	FN	[]	[]
YALI1B20835g	not newly verified	not established by this analysis	existing putative annotation; native function not newly verified	unlabelled_unknown	null	0.9999999999999993	0.999999999999997	1.8718823069402941	False	False	unlabelled	"[""R385"", ""R715""]"	"[""R385"", ""R715""]"
YALI1B21004g	not newly verified	  similar to uniprot|P07277 Saccharomyces cerevisiae YMR208w ERG12 mevalonate kinase singleton,similar to Saccharomyces cerevisiae ERG12 (YMR208W)%3B ancestral locus Anc_8.719	existing putative annotation; native function not newly verified	reference_positive	"{""gene_id"": ""YALI1B21004g"", ""source_gene_id"": ""YALI1_B21004g"", ""function"": ""  similar to uniprot|P07277 Saccharomyces cerevisiae YMR208w ERG12 mevalonate kinase singleton,similar to Saccharomyces cerevisiae ERG12 (YMR208W)%3B ancestral locus Anc_8.719"", ""source"": ""https://doi.org/10.1038/s42003-023-04996-8"", ""confidence"": ""consensus_essential_in_at_least_2_of_3_screens""}"	0.0	0.0	0.0	True	True	TP	"[""R553"", ""R554"", ""R555"", ""R556""]"	"[""R553"", ""R554"", ""R555"", ""R556""]"
YALI1B21070g	not newly verified	similar to Saccharomyces cerevisiae GUA1 (YMR217W)%3B ancestral locus Anc_8.733,  highly similar to uniprot|P38625 Saccharomyces cerevisiae YMR217w GUA1 GMP synthase (glutamine- hydrolyzing) singleton	existing putative annotation; native function not newly verified	reference_positive	"{""gene_id"": ""YALI1B21070g"", ""source_gene_id"": ""YALI1_B21070g"", ""function"": ""similar to Saccharomyces cerevisiae GUA1 (YMR217W)%3B ancestral locus Anc_8.733,  highly similar to uniprot|P38625 Saccharomyces cerevisiae YMR217w GUA1 GMP synthase (glutamine- hydrolyzing) singleton"", ""source"": ""https://doi.org/10.1038/s42003-023-04996-8"", ""confidence"": ""consensus_essential_in_at_least_2_of_3_screens""}"	0.0	0.0	0.0	True	True	TP	"[""R369""]"	"[""R369""]"
YALI1B21088g	not newly verified	similar to Saccharomyces cerevisiae RAM2 (YKL019W)%3B ancestral locus Anc_2.661,  similar to uniprot|P29703 Saccharomyces cerevisiae YKL019w RAM2 protein farnesyltransferase alpha subunit P2. 311.f2.1	existing putative annotation; native function not newly verified	reference_positive	"{""gene_id"": ""YALI1B21088g"", ""source_gene_id"": ""YALI1_B21088g"", ""function"": ""similar to Saccharomyces cerevisiae RAM2 (YKL019W)%3B ancestral locus Anc_2.661,  similar to uniprot|P29703 Saccharomyces cerevisiae YKL019w RAM2 protein farnesyltransferase alpha subunit P2. 311.f2.1"", ""source"": ""https://doi.org/10.1038/s42003-023-04996-8"", ""confidence"": ""consensus_essential_in_at_least_2_of_3_screens""}"	1.0000000000000027	1.0000000000000009	1.8718823069403012	False	False	FN	[]	[]
YALI1B21134g	not newly verified	not established by this analysis	existing putative annotation; native function not newly verified	unlabelled_unknown	null	1.0000000000000007	1.0000000000000013	1.8718823069403023	False	False	unlabelled	"[""R1893""]"	"[""R1893""]"
YALI1B21155g	not newly verified	not established by this analysis	existing putative annotation; native function not newly verified	unlabelled_unknown	null	1.0000000000000007	1.0000000000000013	1.8718823069403023	False	False	unlabelled	[]	[]
YALI1B21313g	not newly verified	  similar to uniprot|Q8NJ48 ericoid mycorrhizal Putative chitin synthase	existing putative annotation; native function not newly verified	reference_positive	"{""gene_id"": ""YALI1B21313g"", ""source_gene_id"": ""YALI1_B21313g"", ""function"": ""  similar to uniprot|Q8NJ48 ericoid mycorrhizal Putative chitin synthase"", ""source"": ""https://doi.org/10.1038/s42003-023-04996-8"", ""confidence"": ""consensus_essential_in_at_least_2_of_3_screens""}"	1.0000000000000007	1.0000000000000013	1.8718823069403023	False	False	FN	[]	[]
YALI1B21356g	not newly verified	similar to Saccharomyces cerevisiae ARG2 (YJL071W)%3B ancestral locus Anc_1.301,  weakly similar to uniprot|P40360 Saccharomyces cerevisiae YJL071w ARG2 acetylglutamate synthase	existing putative annotation; native function not newly verified	reference_positive	"{""gene_id"": ""YALI1B21356g"", ""source_gene_id"": ""YALI1_B21356g"", ""function"": ""similar to Saccharomyces cerevisiae ARG2 (YJL071W)%3B ancestral locus Anc_1.301,  weakly similar to uniprot|P40360 Saccharomyces cerevisiae YJL071w ARG2 acetylglutamate synthase"", ""source"": ""https://doi.org/10.1038/s42003-023-04996-8"", ""confidence"": ""consensus_essential_in_at_least_2_of_3_screens""}"	1.0000000000000007	1.0000000000000013	1.8718823069403023	False	False	FN	[]	[]
YALI1B21538g	not newly verified	not established by this analysis	existing putative annotation; native function not newly verified	unlabelled_unknown	null	1.0000000000000007	1.0000000000000013	1.8718823069403023	False	False	unlabelled	[]	[]
YALI1B21618g	not newly verified	  similar to uniprot|P07286 Saccharomyces cerevisiae YBR243c ALG7 UDP-N-acetylglucosamine-1-phosphate transferase,similar to Saccharomyces cerevisiae ALG7 (YBR243C)%3B ancestral locus Anc_6.158	existing putative annotation; native function not newly verified	reference_positive	"{""gene_id"": ""YALI1B21618g"", ""source_gene_id"": ""YALI1_B21618g"", ""function"": ""  similar to uniprot|P07286 Saccharomyces cerevisiae YBR243c ALG7 UDP-N-acetylglucosamine-1-phosphate transferase,similar to Saccharomyces cerevisiae ALG7 (YBR243C)%3B ancestral locus Anc_6.158"", ""source"": ""https://doi.org/10.1038/s42003-023-04996-8"", ""confidence"": ""consensus_essential_in_at_least_2_of_3_screens""}"	1.0000000000000007	1.0000000000000013	1.8718823069403023	False	False	FN	"[""R2106""]"	"[""R2106""]"
YALI1B22321g	not newly verified	not established by this analysis	existing putative annotation; native function not newly verified	unlabelled_unknown	null	1.0000000000000007	1.0000000000000013	1.8718823069403023	False	False	unlabelled	[]	[]
YALI1B22375g	not newly verified	not established by this analysis	existing putative annotation; native function not newly verified	unlabelled_unknown	null	1.0000000000000007	1.0000000000000013	1.8718823069403023	False	False	unlabelled	[]	[]
YALI1B22549g	not newly verified	not established by this analysis	existing putative annotation; native function not newly verified	unlabelled_unknown	null	0.1764326894405012	0.17643268944050078	0.33026122972956606	False	False	unlabelled	"[""R670""]"	"[""R670""]"
YALI1B22614g	not newly verified	similar to Saccharomyces cerevisiae ADE13 (YLR359W)%3B ancestral locus Anc_4.197,  highly similar to uniprot|Q05911 Saccharomyces cerevisiae YLR359w ADE13 adenylosuccinate lyase	existing putative annotation; native function not newly verified	reference_positive	"{""gene_id"": ""YALI1B22614g"", ""source_gene_id"": ""YALI1_B22614g"", ""function"": ""similar to Saccharomyces cerevisiae ADE13 (YLR359W)%3B ancestral locus Anc_4.197,  highly similar to uniprot|Q05911 Saccharomyces cerevisiae YLR359w ADE13 adenylosuccinate lyase"", ""source"": ""https://doi.org/10.1038/s42003-023-04996-8"", ""confidence"": ""consensus_essential_in_at_least_2_of_3_screens""}"	0.020804215451246912	0.020804215451509008	0.03894304281345371	True	True	TP	"[""R124"", ""R125""]"	"[""R124"", ""R125""]"
YALI1B22820g	not newly verified	similar to Saccharomyces cerevisiae ERG27 (YLR100W)%3B ancestral locus Anc_8.289,  similar to uniprot|Q12452 Saccharomyces cerevisiae ORF YLR100W ERG27 3-keto sterol reductase singleton	existing putative annotation; native function not newly verified	reference_positive	"{""gene_id"": ""YALI1B22820g"", ""source_gene_id"": ""YALI1_B22820g"", ""function"": ""similar to Saccharomyces cerevisiae ERG27 (YLR100W)%3B ancestral locus Anc_8.289,  similar to uniprot|Q12452 Saccharomyces cerevisiae ORF YLR100W ERG27 3-keto sterol reductase singleton"", ""source"": ""https://doi.org/10.1038/s42003-023-04996-8"", ""confidence"": ""consensus_essential_in_at_least_2_of_3_screens""}"	0.0	0.0	0.0	True	True	TP	"[""R180"", ""R181""]"	"[""R180"", ""R181""]"
YALI1B22853g	not newly verified	  similar to uniprot|Q01217 Saccharomyces cerevisiae YER069w ARG5_6 acetylglutamate kinase and acetylglutamyl- phosphate reductase,similar to Saccharomyces cerevisiae ARG5%2C6 (YER069W)%3B ancestral locus Anc_7.251	existing putative annotation; native function not newly verified	reference_positive	"{""gene_id"": ""YALI1B22853g"", ""source_gene_id"": ""YALI1_B22853g"", ""function"": ""  similar to uniprot|Q01217 Saccharomyces cerevisiae YER069w ARG5_6 acetylglutamate kinase and acetylglutamyl- phosphate reductase,similar to Saccharomyces cerevisiae ARG5%2C6 (YER069W)%3B ancestral locus Anc_7.251"", ""source"": ""https://doi.org/10.1038/s42003-023-04996-8"", ""confidence"": ""consensus_essential_in_at_least_2_of_3_screens""}"	0.11002421982935945	0.1100242198293592	0.20595239043348756	True	True	TP	"[""R560"", ""R93""]"	"[""R560"", ""R93""]"
YALI1B22883g	not newly verified	similar to Saccharomyces cerevisiae TSC10 (YBR265W)%3B ancestral locus Anc_1.315,  weakly similar to uniprot|Q9Y7P2 Schizosaccharomyces pombe Putative short-chain dehydrogenase and uniprot|P38342 Saccharomyces cerevisiae YBR265w TSC10 3-ketosphinganine reductase singleton	existing putative annotation; native function not newly verified	reference_positive	"{""gene_id"": ""YALI1B22883g"", ""source_gene_id"": ""YALI1_B22883g"", ""function"": ""similar to Saccharomyces cerevisiae TSC10 (YBR265W)%3B ancestral locus Anc_1.315,  weakly similar to uniprot|Q9Y7P2 Schizosaccharomyces pombe Putative short-chain dehydrogenase and uniprot|P38342 Saccharomyces cerevisiae YBR265w TSC10 3-ketosphinganine reductase singleton"", ""source"": ""https://doi.org/10.1038/s42003-023-04996-8"", ""confidence"": ""consensus_essential_in_at_least_2_of_3_screens""}"	1.000000000000026	1.0000000000000004	1.8718823069403003	False	False	FN	"[""R37""]"	"[""R37""]"
YALI1B23017g	not newly verified	not established by this analysis	existing putative annotation; native function not newly verified	unlabelled_unknown	null	1.000000000000026	1.0000000000000004	1.8718823069403003	False	False	unlabelled	[]	[]
YALI1B23153g	not newly verified	not established by this analysis	existing putative annotation; native function not newly verified	unlabelled_unknown	null	1.000000000000026	1.0000000000000004	1.8718823069403003	False	False	unlabelled	"[""R916""]"	"[""R916""]"
YALI1B23237g	not newly verified	not established by this analysis	existing putative annotation; native function not newly verified	unlabelled_unknown	null	1.000000000000026	1.0000000000000004	1.8718823069403003	False	False	unlabelled	[]	[]
YALI1B23300g	not newly verified	not established by this analysis	existing putative annotation; native function not newly verified	unlabelled_unknown	null	1.000000000000026	1.0000000000000004	1.8718823069403003	False	False	unlabelled	[]	[]
YALI1B23834g	not newly verified	similar to Saccharomyces cerevisiae PMI40 (YER003C)%3B ancestral locus Anc_7.147,  similar to uniprot|P29952 Saccharomyces cerevisiae YER003c PMI40 mannose-6-phosphate isomerase	existing putative annotation; native function not newly verified	reference_positive	"{""gene_id"": ""YALI1B23834g"", ""source_gene_id"": ""YALI1_B23834g"", ""function"": ""similar to Saccharomyces cerevisiae PMI40 (YER003C)%3B ancestral locus Anc_7.147,  similar to uniprot|P29952 Saccharomyces cerevisiae YER003c PMI40 mannose-6-phosphate isomerase"", ""source"": ""https://doi.org/10.1038/s42003-023-04996-8"", ""confidence"": ""consensus_essential_in_at_least_2_of_3_screens""}"	0.0	0.0	0.0	True	True	TP	"[""R541""]"	"[""R541""]"
YALI1B24424g	not newly verified	not established by this analysis	existing putative annotation; native function not newly verified	unlabelled_unknown	null	1.0000000000000129	0.9999999999999967	1.8718823069402935	False	False	unlabelled	"[""R120"", ""R1935""]"	"[""R120"", ""R1935""]"
YALI1B24638g	not newly verified	not established by this analysis	existing putative annotation; native function not newly verified	unlabelled_unknown	null	1.0000000000000129	1.0000000000000002	1.8718823069403	False	False	unlabelled	"[""R46""]"	"[""R46""]"
YALI1B25360g	not newly verified	not established by this analysis	existing putative annotation; native function not newly verified	unlabelled_unknown	null	1.0000000000000129	1.0000000000000002	1.8718823069403	False	False	unlabelled	[]	[]
YALI1B25395g	not newly verified	not established by this analysis	existing putative annotation; native function not newly verified	unlabelled_unknown	null	1.0000000000000129	1.0000000000000002	1.8718823069403	False	False	unlabelled	"[""R1941""]"	"[""R1941""]"
YALI1B25427g	not newly verified	  similar to uniprot|P43098 Candida albicans Fatty acid synthase subunit alpha (EC 2.3.1.86)	existing putative annotation; native function not newly verified	reference_positive	"{""gene_id"": ""YALI1B25427g"", ""source_gene_id"": ""YALI1_B25427g"", ""function"": ""  similar to uniprot|P43098 Candida albicans Fatty acid synthase subunit alpha (EC 2.3.1.86)"", ""source"": ""https://doi.org/10.1038/s42003-023-04996-8"", ""confidence"": ""consensus_essential_in_at_least_2_of_3_screens""}"	0.0	0.0	0.0	True	True	TP	"[""R1392"", ""R1393"", ""R2217"", ""R2220"", ""R2223"", ""R2226"", ""R2229"", ""R2232"", ""R2235"", ""R2237"", ""R2239"", ""R2241""]"	"[""R1392"", ""R1393"", ""R2217"", ""R2220"", ""R2223"", ""R2226"", ""R2229"", ""R2232"", ""R2235"", ""R2237"", ""R2239"", ""R2241""]"
YALI1B25506g	not newly verified	not established by this analysis	existing putative annotation; native function not newly verified	unlabelled_unknown	null	1.000000000000011	0.9999999999999987	1.8718823069402972	False	False	unlabelled	[]	[]
YALI1B25553g	not newly verified	not established by this analysis	existing putative annotation; native function not newly verified	unlabelled_unknown	null	1.000000000000011	0.9999999999999987	1.8718823069402972	False	False	unlabelled	[]	[]
YALI1B25906g	not newly verified	not established by this analysis	existing putative annotation; native function not newly verified	unlabelled_unknown	null	1.000000000000011	0.9999999999999987	1.8718823069402972	False	False	unlabelled	[]	[]
YALI1B26033g	not newly verified	not established by this analysis	existing putative annotation; native function not newly verified	unlabelled_unknown	null	1.000000000000011	0.9999999999999987	1.8718823069402972	False	False	unlabelled	[]	[]
YALI1B26112g	not newly verified	not established by this analysis	existing putative annotation; native function not newly verified	unlabelled_unknown	null	0.9999999999999807	0.9999999999999987	1.8718823069402972	False	False	unlabelled	"[""R331""]"	"[""R331""]"
YALI1B26153g	not newly verified	not established by this analysis	existing putative annotation; native function not newly verified	unlabelled_unknown	null	0.9999999999999799	0.9999999999999987	1.8718823069402972	False	False	unlabelled	[]	[]
YALI1B26205g	not newly verified	not established by this analysis	existing putative annotation; native function not newly verified	unlabelled_unknown	null	0.9999999999999799	0.9999999999999987	1.8718823069402972	False	False	unlabelled	[]	[]
YALI1B26350g	not newly verified	  similar to uniprot|P25358 Saccharomyces cerevisiae YCR034w GNS1 fatty acid elongase required for sphingolipid formation,similar to Saccharomyces cerevisiae SUR4 (YLR372W)%3B ancestral locus Anc_4.220	existing putative annotation; native function not newly verified	reference_positive	"{""gene_id"": ""YALI1B26350g"", ""source_gene_id"": ""YALI1_B26350g"", ""function"": ""  similar to uniprot|P25358 Saccharomyces cerevisiae YCR034w GNS1 fatty acid elongase required for sphingolipid formation,similar to Saccharomyces cerevisiae SUR4 (YLR372W)%3B ancestral locus Anc_4.220"", ""source"": ""https://doi.org/10.1038/s42003-023-04996-8"", ""confidence"": ""consensus_essential_in_at_least_2_of_3_screens""}"	0.9999999999999799	0.9999999999999978	1.8718823069402954	False	False	FN	"[""R1406"", ""R1407"", ""R1408"", ""R1409"", ""R1410"", ""R1411"", ""R1412""]"	"[""R1406"", ""R1407"", ""R1408"", ""R1409"", ""R1410"", ""R1411"", ""R1412""]"
YALI1B26679g	not newly verified	  uniprot|Q9UVT9 Yarrowia lipolytica NADH:ubiquinone oxidoreductase 51 kDa subunit nucleotide-binding subunit of NADH:ubiquinone oxidoreductase	existing putative annotation; native function not newly verified	reference_positive	"{""gene_id"": ""YALI1B26679g"", ""source_gene_id"": ""YALI1_B26679g"", ""function"": ""  uniprot|Q9UVT9 Yarrowia lipolytica NADH:ubiquinone oxidoreductase 51 kDa subunit nucleotide-binding subunit of NADH:ubiquinone oxidoreductase"", ""source"": ""https://doi.org/10.1038/s42003-023-04996-8"", ""confidence"": ""consensus_essential_in_at_least_2_of_3_screens""}"	0.9999999999999727	1.0000000000000056	1.8718823069403099	False	False	FN	"[""R2062""]"	"[""R2062""]"
YALI1B26749g	not newly verified	similar to Saccharomyces cerevisiae SER2 (YGR208W)%3B ancestral locus Anc_5.125,  similar to uniprot|P42941 Saccharomyces cerevisiae YGR208W Phosphoserine phosphatase (EC 3.1.3.3)	existing putative annotation; native function not newly verified	reference_positive	"{""gene_id"": ""YALI1B26749g"", ""source_gene_id"": ""YALI1_B26749g"", ""function"": ""similar to Saccharomyces cerevisiae SER2 (YGR208W)%3B ancestral locus Anc_5.125,  similar to uniprot|P42941 Saccharomyces cerevisiae YGR208W Phosphoserine phosphatase (EC 3.1.3.3)"", ""source"": ""https://doi.org/10.1038/s42003-023-04996-8"", ""confidence"": ""consensus_essential_in_at_least_2_of_3_screens""}"	0.9999999999999895	1.0000000000000013	1.871882306940302	False	False	FN	"[""R659""]"	"[""R659""]"
YALI1B27564g	not newly verified	not established by this analysis	existing putative annotation; native function not newly verified	unlabelled_unknown	null	0.9999999999999895	0.9999999999999999	1.8718823069402994	False	False	unlabelled	[]	[]
YALI1B27645g	not newly verified	not established by this analysis	existing putative annotation; native function not newly verified	unlabelled_unknown	null	0.9999999999999895	0.9999999999999999	1.8718823069402994	False	False	unlabelled	[]	[]
YALI1B27874g	not newly verified	similar to Saccharomyces cerevisiae GFA1 (YKL104C) and YMR085W%3B ancestral locus Anc_2.477,  highly similar to uniprot|P14742 Saccharomyces cerevisiae YKL104C Glucosamine--fructose-6-phosphate aminotransferase	existing putative annotation; native function not newly verified	reference_positive	"{""gene_id"": ""YALI1B27874g"", ""source_gene_id"": ""YALI1_B27874g"", ""function"": ""similar to Saccharomyces cerevisiae GFA1 (YKL104C) and YMR085W%3B ancestral locus Anc_2.477,  highly similar to uniprot|P14742 Saccharomyces cerevisiae YKL104C Glucosamine--fructose-6-phosphate aminotransferase"", ""source"": ""https://doi.org/10.1038/s42003-023-04996-8"", ""confidence"": ""consensus_essential_in_at_least_2_of_3_screens""}"	0.0	0.0	0.0	True	True	TP	"[""R335""]"	"[""R335""]"
YALI1B28025g	not newly verified	not established by this analysis	existing putative annotation; native function not newly verified	unlabelled_unknown	null	0.9999999999999877	0.9999999999999972	1.8718823069402946	False	False	unlabelled	[]	[]
YALI1B28349g	not newly verified	not established by this analysis	existing putative annotation; native function not newly verified	unlabelled_unknown	null	0.9999999999999877	0.9999999999999972	1.8718823069402946	False	False	unlabelled	[]	[]
YALI1B28394g	not newly verified	not established by this analysis	existing putative annotation; native function not newly verified	unlabelled_unknown	null	0.9999999999999877	0.9999999999999972	1.8718823069402946	False	False	unlabelled	[]	[]
YALI1B28454g	not newly verified	not established by this analysis	existing putative annotation; native function not newly verified	unlabelled_unknown	null	0.99999999999999	0.9999999999999972	1.8718823069402946	False	False	unlabelled	"[""R1957""]"	"[""R1957""]"
YALI1B28659g	not newly verified	  highly similar to uniprot|P05030 Saccharomyces cerevisiae YGL008c PMA1 H+-transporting P-type ATPase major isoform plasma membrane	existing putative annotation; native function not newly verified	reference_positive	"{""gene_id"": ""YALI1B28659g"", ""source_gene_id"": ""YALI1_B28659g"", ""function"": ""  highly similar to uniprot|P05030 Saccharomyces cerevisiae YGL008c PMA1 H+-transporting P-type ATPase major isoform plasma membrane"", ""source"": ""https://doi.org/10.1038/s42003-023-04996-8"", ""confidence"": ""consensus_essential_in_at_least_2_of_3_screens""}"	0.99999999999999	0.9999999999999972	1.8718823069402946	False	False	FN	"[""R172""]"	"[""R172""]"
YALI1B29133g	not newly verified	not established by this analysis	existing putative annotation; native function not newly verified	unlabelled_unknown	null	0.99999999999999	0.9999999999999972	1.8718823069402946	False	False	unlabelled	"[""R386"", ""R388""]"	"[""R386"", ""R388""]"
YALI1B29243g	not newly verified	not established by this analysis	existing putative annotation; native function not newly verified	unlabelled_unknown	null	0.99999999999999	0.9999999999999972	1.8718823069402946	False	False	unlabelled	[]	[]
YALI1B29419g	not newly verified	not established by this analysis	existing putative annotation; native function not newly verified	unlabelled_unknown	null	0.99999999999999	0.9999999999999972	1.8718823069402946	False	False	unlabelled	[]	[]
YALI1B29483g	not newly verified	not established by this analysis	existing putative annotation; native function not newly verified	unlabelled_unknown	null	0.99999999999999	0.9999999999999972	1.8718823069402946	False	False	unlabelled	"[""R1974""]"	"[""R1974""]"
YALI1B29562g	not newly verified	not established by this analysis	existing putative annotation; native function not newly verified	unlabelled_unknown	null	0.99999999999999	0.9999999999999972	1.8718823069402946	False	False	unlabelled	"[""R1757""]"	"[""R1757""]"
YALI1B29867g	not newly verified	not established by this analysis	existing putative annotation; native function not newly verified	unlabelled_unknown	null	0.9583567031848145	0.9583567031848053	1.7939309564292734	False	False	unlabelled	"[""R41"", ""R498""]"	"[""R41"", ""R498""]"
YALI1B29883g	not newly verified	not established by this analysis	existing putative annotation; native function not newly verified	unlabelled_unknown	null	1.0	0.9999999999999986	1.871882306940297	False	False	unlabelled	"[""R1934"", ""R1943"", ""R1944"", ""R1945"", ""R1952""]"	"[""R1934"", ""R1943"", ""R1944"", ""R1945"", ""R1952""]"
YALI1B29895g	not newly verified	  similar to uniprot|Q8TG40 Candida albicans Hemoglobin and proliferation regulated protein,similar to Saccharomyces cerevisiae FAP7 (YDL166C)%3B ancestral locus Anc_7.348	existing putative annotation; native function not newly verified	reference_positive	"{""gene_id"": ""YALI1B29895g"", ""source_gene_id"": ""YALI1_B29895g"", ""function"": ""  similar to uniprot|Q8TG40 Candida albicans Hemoglobin and proliferation regulated protein,similar to Saccharomyces cerevisiae FAP7 (YDL166C)%3B ancestral locus Anc_7.348"", ""source"": ""https://doi.org/10.1038/s42003-023-04996-8"", ""confidence"": ""consensus_essential_in_at_least_2_of_3_screens""}"	1.0	0.9999999999999994	1.8718823069402986	False	False	FN	[]	[]
YALI1B30090g	not newly verified	similar to Saccharomyces cerevisiae ADE2 (YOR128C)%3B ancestral locus Anc_5.455,  highly similar to uniprot|Q9P4V1 Candida boidinii Phosphoribosyl-5-aminoimidazole carboxylase	existing putative annotation; native function not newly verified	reference_positive	"{""gene_id"": ""YALI1B30090g"", ""source_gene_id"": ""YALI1_B30090g"", ""function"": ""similar to Saccharomyces cerevisiae ADE2 (YOR128C)%3B ancestral locus Anc_5.455,  highly similar to uniprot|Q9P4V1 Candida boidinii Phosphoribosyl-5-aminoimidazole carboxylase"", ""source"": ""https://doi.org/10.1038/s42003-023-04996-8"", ""confidence"": ""consensus_essential_in_at_least_2_of_3_screens""}"	0.020804215451705854	0.020804215451510573	0.03894304281345664	True	True	TP	"[""R1892"", ""R653""]"	"[""R1892"", ""R653""]"
YALI1B30181g	not newly verified	similar to Saccharomyces cerevisiae ERG24 (YNL280C)%3B ancestral locus Anc_3.81,  similar to uniprot|P32462 Saccharomyces cerevisiae YNL280c Delta(14)-sterol reductase (EC 1.3.1.70)	existing putative annotation; native function not newly verified	reference_positive	"{""gene_id"": ""YALI1B30181g"", ""source_gene_id"": ""YALI1_B30181g"", ""function"": ""similar to Saccharomyces cerevisiae ERG24 (YNL280C)%3B ancestral locus Anc_3.81,  similar to uniprot|P32462 Saccharomyces cerevisiae YNL280c Delta(14)-sterol reductase (EC 1.3.1.70)"", ""source"": ""https://doi.org/10.1038/s42003-023-04996-8"", ""confidence"": ""consensus_essential_in_at_least_2_of_3_screens""}"	0.0	0.0	0.0	True	True	TP	"[""R176""]"	"[""R176""]"
YALI1B30275g	not newly verified	not established by this analysis	existing putative annotation; native function not newly verified	unlabelled_unknown	null	0.9999999999999567	0.9999999999999992	1.8718823069402981	False	False	unlabelled	"[""R666"", ""R668"", ""R669""]"	"[""R666"", ""R668"", ""R669""]"
YALI1C00230g	not newly verified	not established by this analysis	existing putative annotation; native function not newly verified	unlabelled_unknown	null	0.0	0.0	0.0	True	True	unlabelled	"[""R350"", ""R351"", ""R352"", ""R353""]"	"[""R350"", ""R351"", ""R353""]"
YALI1C00293g	not newly verified	not established by this analysis	existing putative annotation; native function not newly verified	unlabelled_unknown	null	0.1565623646801107	0.15656236468011037	0.29306632037743346	False	False	unlabelled	"[""R13"", ""R77""]"	"[""R13"", ""R77""]"
YALI1C00464g	not newly verified	not established by this analysis	existing putative annotation; native function not newly verified	unlabelled_unknown	null	1.0000000000000089	1.0000000000000024	1.871882306940304	False	False	unlabelled	[]	[]
YALI1C00550g	not newly verified	not established by this analysis	existing putative annotation; native function not newly verified	unlabelled_unknown	null	1.0000000000000089	1.0000000000000024	1.871882306940304	False	False	unlabelled	[]	[]
YALI1C00694g	not newly verified	not established by this analysis	existing putative annotation; native function not newly verified	unlabelled_unknown	null	1.0000000000000089	1.0000000000000024	1.871882306940304	False	False	unlabelled	"[""R2050"", ""R2051"", ""R2052""]"	"[""R2050"", ""R2051"", ""R2052""]"
YALI1C00826g	not newly verified	not established by this analysis	existing putative annotation; native function not newly verified	unlabelled_unknown	null	1.0000000000000089	1.0000000000000024	1.871882306940304	False	False	unlabelled	[]	[]
YALI1C00999g	not newly verified	not established by this analysis	existing putative annotation; native function not newly verified	unlabelled_unknown	null	1.0000000000000089	1.0000000000000024	1.871882306940304	False	False	unlabelled	[]	[]
YALI1C01129g	not newly verified	not established by this analysis	existing putative annotation; native function not newly verified	unlabelled_unknown	null	1.0000000000000089	1.0000000000000024	1.871882306940304	False	False	unlabelled	[]	[]
YALI1C01520g	not newly verified	not established by this analysis	existing putative annotation; native function not newly verified	unlabelled_unknown	null	1.0000000000000089	1.0000000000000024	1.871882306940304	False	False	unlabelled	"[""R700""]"	"[""R700""]"
YALI1C01944g	not newly verified	not established by this analysis	existing putative annotation; native function not newly verified	unlabelled_unknown	null	1.0000000000000089	1.0000000000000024	1.871882306940304	False	False	unlabelled	[]	[]
YALI1C01965g	not newly verified	not established by this analysis	existing putative annotation; native function not newly verified	unlabelled_unknown	null	1.0000000000000089	1.0000000000000024	1.871882306940304	False	False	unlabelled	"[""R324""]"	"[""R324""]"
YALI1C02391g	not newly verified	similar to Saccharomyces cerevisiae HEM12 (YDR047W)%3B ancestral locus Anc_3.294,  similar to uniprot|P32347 Saccharomyces cerevisiae YDR047W Uroporphyrinogen decarboxylase (EC 4.1.1.37) (URO- D) (UPD)	existing putative annotation; native function not newly verified	reference_positive	"{""gene_id"": ""YALI1C02391g"", ""source_gene_id"": ""YALI1_C02391g"", ""function"": ""similar to Saccharomyces cerevisiae HEM12 (YDR047W)%3B ancestral locus Anc_3.294,  similar to uniprot|P32347 Saccharomyces cerevisiae YDR047W Uroporphyrinogen decarboxylase (EC 4.1.1.37) (URO- D) (UPD)"", ""source"": ""https://doi.org/10.1038/s42003-023-04996-8"", ""confidence"": ""consensus_essential_in_at_least_2_of_3_screens""}"	1.0000000000000089	1.0000000000000024	1.871882306940304	False	False	FN	"[""R790""]"	"[""R790""]"
YALI1C02550g	not newly verified	not established by this analysis	existing putative annotation; native function not newly verified	unlabelled_unknown	null	1.0000000000000089	1.0000000000000024	1.871882306940304	False	False	unlabelled	"[""R2112"", ""R2119"", ""R2121""]"	"[""R2112"", ""R2119"", ""R2121""]"
YALI1C03415g	not newly verified	not established by this analysis	existing putative annotation; native function not newly verified	unlabelled_unknown	null	1.0000000000000089	1.0000000000000024	1.871882306940304	False	False	unlabelled	"[""R825""]"	"[""R825""]"
YALI1C03848g	not newly verified	not established by this analysis	existing putative annotation; native function not newly verified	unlabelled_unknown	null	1.0000000000000089	1.0000000000000024	1.871882306940304	False	False	unlabelled	[]	[]
YALI1C04067g	not newly verified	not established by this analysis	existing putative annotation; native function not newly verified	unlabelled_unknown	null	1.0000000000000089	1.0000000000000024	1.871882306940304	False	False	unlabelled	[]	[]
YALI1C04093g	not newly verified	not established by this analysis	existing putative annotation; native function not newly verified	unlabelled_unknown	null	1.0000000000000089	1.0000000000000024	1.871882306940304	False	False	unlabelled	[]	[]
YALI1C04265g	not newly verified	similar to Saccharomyces cerevisiae LCB1 (YMR296C)%3B ancestral locus Anc_5.28,  similar to uniprot|Q96VQ7 Emericella nidulans Serine palmitoyl CoA transferase subunit LCBA	existing putative annotation; native function not newly verified	reference_positive	"{""gene_id"": ""YALI1C04265g"", ""source_gene_id"": ""YALI1_C04265g"", ""function"": ""similar to Saccharomyces cerevisiae LCB1 (YMR296C)%3B ancestral locus Anc_5.28,  similar to uniprot|Q96VQ7 Emericella nidulans Serine palmitoyl CoA transferase subunit LCBA"", ""source"": ""https://doi.org/10.1038/s42003-023-04996-8"", ""confidence"": ""consensus_essential_in_at_least_2_of_3_screens""}"	1.0000000000000089	1.0000000000000024	1.871882306940304	False	False	FN	"[""R722""]"	"[""R722""]"
YALI1C04281g	not newly verified	uniprot|Q6CD73 Yarrowia lipolytica NADH-ubiquinone reductase complex accessory subunit 8 7 kDa	existing putative annotation; native function not newly verified	reference_positive	"{""gene_id"": ""YALI1C04281g"", ""source_gene_id"": ""YALI1_C04281g"", ""function"": ""uniprot|Q6CD73 Yarrowia lipolytica NADH-ubiquinone reductase complex accessory subunit 8 7 kDa"", ""source"": ""https://doi.org/10.1038/s42003-023-04996-8"", ""confidence"": ""consensus_essential_in_at_least_2_of_3_screens""}"	1.0000000000000089	1.0000000000000024	1.871882306940304	False	False	FN	"[""R2062""]"	"[""R2062""]"
YALI1C04798g	not newly verified	not established by this analysis	existing putative annotation; native function not newly verified	unlabelled_unknown	null	1.0000000000000089	1.0000000000000024	1.871882306940304	False	False	unlabelled	[]	[]
YALI1C04882g	not newly verified	not established by this analysis	existing putative annotation; native function not newly verified	unlabelled_unknown	null	0.0	0.0	0.0	True	True	unlabelled	"[""R336""]"	"[""R336""]"
YALI1C05386g	not newly verified	not established by this analysis	existing putative annotation; native function not newly verified	unlabelled_unknown	null	1.000000000000011	1.0000000000000002	1.8718823069403001	False	False	unlabelled	"[""R1117"", ""R1118"", ""R1119"", ""R1120"", ""R1121"", ""R1122"", ""R1480"", ""R1482"", ""R1877""]"	"[""R1117"", ""R1118"", ""R1119"", ""R1120"", ""R1121"", ""R1122"", ""R1480"", ""R1482"", ""R1877""]"
YALI1C05570g	not newly verified	not established by this analysis	existing putative annotation; native function not newly verified	unlabelled_unknown	null	0.9999999999999929	0.9999999999999984	1.8718823069402968	False	False	unlabelled	"[""R1740"", ""R1741""]"	"[""R1740"", ""R1741""]"
YALI1C05908g	not newly verified	not established by this analysis	existing putative annotation; native function not newly verified	unlabelled_unknown	null	1.0000000000000129	1.0000000000000002	1.8718823069403	False	False	unlabelled	"[""R610""]"	"[""R610""]"
YALI1C05972g	not newly verified	not established by this analysis	existing putative annotation; native function not newly verified	unlabelled_unknown	null	1.0000000000000129	0.9999999999999996	1.8718823069402988	False	False	unlabelled	[]	[]
YALI1C06006g	not newly verified	not established by this analysis	existing putative annotation; native function not newly verified	unlabelled_unknown	null	1.0000000000000129	0.9999999999999996	1.8718823069402988	False	False	unlabelled	[]	[]
YALI1C06222g	not newly verified	not established by this analysis	existing putative annotation; native function not newly verified	unlabelled_unknown	null	1.0000000000000129	0.9999999999999996	1.8718823069402988	False	False	unlabelled	[]	[]
YALI1C06626g	not newly verified	similar to Saccharomyces cerevisiae HIS1 (YER055C)%3B ancestral locus Anc_7.232,  uniprot|Q99145 Yarrowia lipolytica ATP phosphoribosyltransferase (EC 2.4.2.17)	existing putative annotation; native function not newly verified	reference_positive	"{""gene_id"": ""YALI1C06626g"", ""source_gene_id"": ""YALI1_C06626g"", ""function"": ""similar to Saccharomyces cerevisiae HIS1 (YER055C)%3B ancestral locus Anc_7.232,  uniprot|Q99145 Yarrowia lipolytica ATP phosphoribosyltransferase (EC 2.4.2.17)"", ""source"": ""https://doi.org/10.1038/s42003-023-04996-8"", ""confidence"": ""consensus_essential_in_at_least_2_of_3_screens""}"	0.08516849581212897	0.08516849581212878	0.15942540041944286	True	True	TP	"[""R170""]"	"[""R170""]"
YALI1C06681g	not newly verified	not established by this analysis	existing putative annotation; native function not newly verified	unlabelled_unknown	null	1.0000000000000067	0.9999999999999986	1.871882306940297	False	False	unlabelled	"[""R1379"", ""R1380"", ""R1381""]"	"[""R1379"", ""R1380"", ""R1381""]"
YALI1C06951g	not newly verified	not established by this analysis	existing putative annotation; native function not newly verified	unlabelled_unknown	null	1.0000000000000118	0.9999999999999986	1.871882306940297	False	False	unlabelled	[]	[]
YALI1C07360g	not newly verified	not established by this analysis	existing putative annotation; native function not newly verified	unlabelled_unknown	null	1.0000000000000118	0.9999999999999986	1.871882306940297	False	False	unlabelled	[]	[]
YALI1C07423g	not newly verified	not established by this analysis	existing putative annotation; native function not newly verified	unlabelled_unknown	null	1.0000000000000118	0.9999999999999986	1.871882306940297	False	False	unlabelled	[]	[]
YALI1C07638g	not newly verified	  similar to uniprot|Q12618 Ajellomyces capsulata Delta-9 fatty acid desaturase (EC 1.14.99.5) (Acyl-CoA desaturase) (Stearoyl-CoA desaturase) (Delta(9)- desaturase)	existing putative annotation; native function not newly verified	reference_positive	"{""gene_id"": ""YALI1C07638g"", ""source_gene_id"": ""YALI1_C07638g"", ""function"": ""  similar to uniprot|Q12618 Ajellomyces capsulata Delta-9 fatty acid desaturase (EC 1.14.99.5) (Acyl-CoA desaturase) (Stearoyl-CoA desaturase) (Delta(9)- desaturase)"", ""source"": ""https://doi.org/10.1038/s42003-023-04996-8"", ""confidence"": ""consensus_essential_in_at_least_2_of_3_screens""}"	1.0000000000000118	0.9999999999999987	1.8718823069402972	False	False	FN	"[""R1434"", ""R1435"", ""R1869""]"	"[""R1434"", ""R1435"", ""R1869""]"
YALI1C07816g	not newly verified	  similar to uniprot|Q9Y8A4 Aspergillus oryzae 5- aminolevulinic acid synthase (HEM1p homologue),similar to Saccharomyces cerevisiae HEM1 (YDR232W)%3B ancestral locus Anc_8.453	existing putative annotation; native function not newly verified	reference_positive	"{""gene_id"": ""YALI1C07816g"", ""source_gene_id"": ""YALI1_C07816g"", ""function"": ""  similar to uniprot|Q9Y8A4 Aspergillus oryzae 5- aminolevulinic acid synthase (HEM1p homologue),similar to Saccharomyces cerevisiae HEM1 (YDR232W)%3B ancestral locus Anc_8.453"", ""source"": ""https://doi.org/10.1038/s42003-023-04996-8"", ""confidence"": ""consensus_essential_in_at_least_2_of_3_screens""}"	1.0000000000000118	0.9999999999999987	1.8718823069402972	False	False	FN	"[""R61""]"	"[""R61""]"
YALI1C08017g	not newly verified	not established by this analysis	existing putative annotation; native function not newly verified	unlabelled_unknown	null	1.0000000000000118	0.9999999999999987	1.8718823069402972	False	False	unlabelled	[]	[]
YALI1C08173g	not newly verified	not established by this analysis	existing putative annotation; native function not newly verified	unlabelled_unknown	null	1.0000000000000118	0.9999999999999987	1.8718823069402972	False	False	unlabelled	"[""R648""]"	"[""R648""]"
YALI1C08197g	not newly verified	not established by this analysis	existing putative annotation; native function not newly verified	unlabelled_unknown	null	1.0000000000000118	0.9999999999999987	1.8718823069402972	False	False	unlabelled	"[""R635""]"	"[""R635""]"
YALI1C08262g	not newly verified	  highly similar to uniprot|Q9Y796 Cryptococcus curvatus Glyceraldehyde 3-phosphate dehydrogenase (EC 1.2. 1.12) (GAPDH)	existing putative annotation; native function not newly verified	reference_positive	"{""gene_id"": ""YALI1C08262g"", ""source_gene_id"": ""YALI1_C08262g"", ""function"": ""  highly similar to uniprot|Q9Y796 Cryptococcus curvatus Glyceraldehyde 3-phosphate dehydrogenase (EC 1.2. 1.12) (GAPDH)"", ""source"": ""https://doi.org/10.1038/s42003-023-04996-8"", ""confidence"": ""consensus_essential_in_at_least_2_of_3_screens""}"	0.9999999999999839	0.9999999999999987	1.8718823069402972	False	False	FN	"[""R344""]"	"[""R344""]"
YALI1C08523g	not newly verified	not established by this analysis	existing putative annotation; native function not newly verified	unlabelled_unknown	null	0.9999999999999839	0.9999999999999987	1.8718823069402972	False	False	unlabelled	[]	[]
YALI1C08548g	not newly verified	not established by this analysis	existing putative annotation; native function not newly verified	unlabelled_unknown	null	0.9999999999999839	0.9999999999999987	1.8718823069402972	False	False	unlabelled	[]	[]
YALI1C08702g	not newly verified	  highly similar to uniprot|O93827 Candida albicans CaPSA1 Mannose-1-phosphate guanyltransferase (EC 2.7.7.13),similar to Saccharomyces cerevisiae PSA1 (YDL055C)%3B ancestral locus Anc_4.231	existing putative annotation; native function not newly verified	reference_positive	"{""gene_id"": ""YALI1C08702g"", ""source_gene_id"": ""YALI1_C08702g"", ""function"": ""  highly similar to uniprot|O93827 Candida albicans CaPSA1 Mannose-1-phosphate guanyltransferase (EC 2.7.7.13),similar to Saccharomyces cerevisiae PSA1 (YDL055C)%3B ancestral locus Anc_4.231"", ""source"": ""https://doi.org/10.1038/s42003-023-04996-8"", ""confidence"": ""consensus_essential_in_at_least_2_of_3_screens""}"	0.9999999999999839	0.9999999999999987	1.8718823069402972	False	False	FN	[]	[]
YALI1C09033g	not newly verified	  highly similar to uniprot|P55250 Rhizopus oryzae Fumarate hydratase mitochondrial precursor (EC 4.2.1.2) (Fumarase),similar to Saccharomyces cerevisiae FUM1 (YPL262W)%3B ancestral locus Anc_6.13	existing putative annotation; native function not newly verified	reference_positive	"{""gene_id"": ""YALI1C09033g"", ""source_gene_id"": ""YALI1_C09033g"", ""function"": ""  highly similar to uniprot|P55250 Rhizopus oryzae Fumarate hydratase mitochondrial precursor (EC 4.2.1.2) (Fumarase),similar to Saccharomyces cerevisiae FUM1 (YPL262W)%3B ancestral locus Anc_6.13"", ""source"": ""https://doi.org/10.1038/s42003-023-04996-8"", ""confidence"": ""consensus_essential_in_at_least_2_of_3_screens""}"	0.969754533590944	0.9697545335909346	1.815266353504013	False	False	FN	"[""R314"", ""R315""]"	"[""R314"", ""R315""]"
YALI1C09072g	not newly verified	not established by this analysis	existing putative annotation; native function not newly verified	unlabelled_unknown	null	1.0000000000000107	1.000000000000001	1.8718823069403017	False	False	unlabelled	"[""R2185""]"	"[""R2185""]"
YALI1C09285g	not newly verified	not established by this analysis	existing putative annotation; native function not newly verified	unlabelled_unknown	null	1.0000000000000107	1.000000000000001	1.8718823069403017	False	False	unlabelled	[]	[]
YALI1C09308g	not newly verified	not established by this analysis	existing putative annotation; native function not newly verified	unlabelled_unknown	null	1.0000000000000107	1.000000000000001	1.8718823069403017	False	False	unlabelled	[]	[]
YALI1C09380g	not newly verified	  similar to DEHA0A10175g Debaryomyces hansenii IPF 7084.1,similar to Saccharomyces cerevisiae YIL083C%3B ancestral locus Anc_2.305	existing putative annotation; native function not newly verified	reference_positive	"{""gene_id"": ""YALI1C09380g"", ""source_gene_id"": ""YALI1_C09380g"", ""function"": ""  similar to DEHA0A10175g Debaryomyces hansenii IPF 7084.1,similar to Saccharomyces cerevisiae YIL083C%3B ancestral locus Anc_2.305"", ""source"": ""https://doi.org/10.1038/s42003-023-04996-8"", ""confidence"": ""consensus_essential_in_at_least_2_of_3_screens""}"	1.0000000000000107	1.000000000000001	1.8718823069403017	False	False	FN	"[""R647""]"	"[""R647""]"
YALI1C09467g	not newly verified	similar to Saccharomyces cerevisiae HIS7 (YBR248C)%3B ancestral locus Anc_6.167,  similar to uniprot|P33734 Saccharomyces cerevisiae YBR248C Imidazole glycerol phosphate synthase hisHF (IGP synthase) (ImGP synthase) (IGPS) [Includes: Glutamine amidotransferase (EC 2.4.2.-)	existing putative annotation; native function not newly verified	reference_positive	"{""gene_id"": ""YALI1C09467g"", ""source_gene_id"": ""YALI1_C09467g"", ""function"": ""similar to Saccharomyces cerevisiae HIS7 (YBR248C)%3B ancestral locus Anc_6.167,  similar to uniprot|P33734 Saccharomyces cerevisiae YBR248C Imidazole glycerol phosphate synthase hisHF (IGP synthase) (ImGP synthase) (IGPS) [Includes: Glutamine amidotransferase (EC 2.4.2.-)"", ""source"": ""https://doi.org/10.1038/s42003-023-04996-8"", ""confidence"": ""consensus_essential_in_at_least_2_of_3_screens""}"	0.08516849581212897	0.08516849581212878	0.15942540041944286	True	True	TP	"[""R415""]"	"[""R415""]"
YALI1C09773g	not newly verified	not established by this analysis	existing putative annotation; native function not newly verified	unlabelled_unknown	null	1.0000000000000073	0.9999999999999986	1.871882306940297	False	False	unlabelled	"[""R504"", ""R512""]"	"[""R504"", ""R512""]"
YALI1C10232g	not newly verified	not established by this analysis	existing putative annotation; native function not newly verified	unlabelled_unknown	null	1.0000000000000073	0.9999999999999986	1.871882306940297	False	False	unlabelled	"[""R873""]"	"[""R873""]"
YALI1C10293g	not newly verified	not established by this analysis	existing putative annotation; native function not newly verified	unlabelled_unknown	null	1.0000000000000073	0.9999999999999986	1.871882306940297	False	False	unlabelled	[]	[]
YALI1C10762g	not newly verified	not established by this analysis	existing putative annotation; native function not newly verified	unlabelled_unknown	null	1.0000000000000073	0.9999999999999986	1.871882306940297	False	False	unlabelled	[]	[]
YALI1C11773g	not newly verified	not established by this analysis	existing putative annotation; native function not newly verified	unlabelled_unknown	null	1.0000000000000073	0.9999999999999986	1.871882306940297	False	False	unlabelled	[]	[]
YALI1C12024g	not newly verified	  similar to uniprot|Q9K6C9 Bacillus halodurans 3- hydroxybutyryl-CoA dehydrogenase	existing putative annotation; native function not newly verified	reference_positive	"{""gene_id"": ""YALI1C12024g"", ""source_gene_id"": ""YALI1_C12024g"", ""function"": ""  similar to uniprot|Q9K6C9 Bacillus halodurans 3- hydroxybutyryl-CoA dehydrogenase"", ""source"": ""https://doi.org/10.1038/s42003-023-04996-8"", ""confidence"": ""consensus_essential_in_at_least_2_of_3_screens""}"	1.0000000000000073	0.9999999999999986	1.871882306940297	False	False	FN	"[""R1979""]"	"[""R1979""]"
YALI1C12220g	not newly verified	not established by this analysis	existing putative annotation; native function not newly verified	unlabelled_unknown	null	1.0000000000000073	0.9999999999999986	1.871882306940297	False	False	unlabelled	[]	[]
YALI1C12619g	not newly verified	not established by this analysis	existing putative annotation; native function not newly verified	unlabelled_unknown	null	1.0000000000000073	0.9999999999999986	1.871882306940297	False	False	unlabelled	[]	[]
YALI1C13355g	not newly verified	not established by this analysis	existing putative annotation; native function not newly verified	unlabelled_unknown	null	1.0000000000000073	0.9999999999999986	1.871882306940297	False	False	unlabelled	[]	[]
YALI1C13768g	not newly verified	not established by this analysis	existing putative annotation; native function not newly verified	unlabelled_unknown	null	1.0000000000000073	0.9999999999999986	1.871882306940297	False	False	unlabelled	[]	[]
YALI1C15048g	not newly verified	not established by this analysis	existing putative annotation; native function not newly verified	unlabelled_unknown	null	1.0000000000000073	0.9999999999999986	1.871882306940297	False	False	unlabelled	[]	[]
YALI1C15180g	not newly verified	not established by this analysis	existing putative annotation; native function not newly verified	unlabelled_unknown	null	1.0000000000000073	0.9999999999999986	1.871882306940297	False	False	unlabelled	"[""R494""]"	"[""R494""]"
YALI1C15297g	not newly verified	  highly similar to uniprot|P06785 Saccharomyces cerevisiae YOR074c CDC21 thymidylate synthase,similar to Saccharomyces cerevisiae CDC21 (YOR074C)%3B ancestral locus Anc_5.678	existing putative annotation; native function not newly verified	reference_positive	"{""gene_id"": ""YALI1C15297g"", ""source_gene_id"": ""YALI1_C15297g"", ""function"": ""  highly similar to uniprot|P06785 Saccharomyces cerevisiae YOR074c CDC21 thymidylate synthase,similar to Saccharomyces cerevisiae CDC21 (YOR074C)%3B ancestral locus Anc_5.678"", ""source"": ""https://doi.org/10.1038/s42003-023-04996-8"", ""confidence"": ""consensus_essential_in_at_least_2_of_3_screens""}"	0.0	0.0	0.0	True	True	TP	"[""R762""]"	"[""R762""]"
YALI1C15420g	not newly verified	not established by this analysis	existing putative annotation; native function not newly verified	unlabelled_unknown	null	1.0000000000000229	1.000000000000002	1.8718823069403032	False	False	unlabelled	"[""R1725"", ""R1726""]"	[]
YALI1C15526g	not newly verified	not established by this analysis	existing putative annotation; native function not newly verified	unlabelled_unknown	null	1.000000000000001	0.999999999999995	1.8718823069402903	False	False	unlabelled	"[""R2058""]"	"[""R2058""]"
YALI1C15776g	not newly verified	not established by this analysis	existing putative annotation; native function not newly verified	unlabelled_unknown	null	1.000000000000001	0.999999999999995	1.8718823069402903	False	False	unlabelled	[]	[]
YALI1C15945g	not newly verified	not established by this analysis	existing putative annotation; native function not newly verified	unlabelled_unknown	null	1.000000000000001	0.999999999999995	1.8718823069402903	False	False	unlabelled	"[""R317""]"	"[""R317""]"
YALI1C15991g	not newly verified	  similar to uniprot|Q00955 Saccharomyces cerevisiae YNR016C Acetyl-CoA carboxylase	existing putative annotation; native function not newly verified	reference_positive	"{""gene_id"": ""YALI1C15991g"", ""source_gene_id"": ""YALI1_C15991g"", ""function"": ""  similar to uniprot|Q00955 Saccharomyces cerevisiae YNR016C Acetyl-CoA carboxylase"", ""source"": ""https://doi.org/10.1038/s42003-023-04996-8"", ""confidence"": ""consensus_essential_in_at_least_2_of_3_screens""}"	1.000000000000027	0.999999999999995	1.8718823069402903	False	False	FN	"[""R1393"", ""R87"", ""R88""]"	"[""R1393"", ""R87"", ""R88""]"
YALI1C16485g	not newly verified	not established by this analysis	existing putative annotation; native function not newly verified	unlabelled_unknown	null	1.000000000000027	0.999999999999995	1.8718823069402903	False	False	unlabelled	[]	[]
YALI1C16621g	not newly verified	similar to Saccharomyces cerevisiae RPE1 (YJL121C)%3B ancestral locus Anc_1.234,  similar to uniprot|P46969 Saccharomyces cerevisiae YJL121c POS18 Ribulose-phosphate 3-epimerase	existing putative annotation; native function not newly verified	reference_positive	"{""gene_id"": ""YALI1C16621g"", ""source_gene_id"": ""YALI1_C16621g"", ""function"": ""similar to Saccharomyces cerevisiae RPE1 (YJL121C)%3B ancestral locus Anc_1.234,  similar to uniprot|P46969 Saccharomyces cerevisiae YJL121c POS18 Ribulose-phosphate 3-epimerase"", ""source"": ""https://doi.org/10.1038/s42003-023-04996-8"", ""confidence"": ""consensus_essential_in_at_least_2_of_3_screens""}"	0.9138898891379059	0.9138898891378916	1.7106943139688513	False	False	FN	"[""R714""]"	"[""R714""]"
YALI1C16932g	not newly verified	not established by this analysis	existing putative annotation; native function not newly verified	unlabelled_unknown	null	0.9999999999999883	0.9999999999999999	1.8718823069402994	False	False	unlabelled	[]	[]
YALI1C17100g	not newly verified	not established by this analysis	existing putative annotation; native function not newly verified	unlabelled_unknown	null	1.0000000000000222	0.9999999999999986	1.871882306940297	False	False	unlabelled	"[""R305""]"	"[""R305""]"
YALI1C17932g	not newly verified	not established by this analysis	existing putative annotation; native function not newly verified	unlabelled_unknown	null	1.000000000000025	1.0000000000000007	1.871882306940301	False	False	unlabelled	[]	[]
YALI1C17947g	not newly verified	similar to Saccharomyces cerevisiae DFR1 (YOR236W)%3B ancestral locus Anc_8.657,  similar to uniprot|P07807 Saccharomyces cerevisiae YOR236w DFR1 dihydrofolate reductase	existing putative annotation; native function not newly verified	reference_positive	"{""gene_id"": ""YALI1C17947g"", ""source_gene_id"": ""YALI1_C17947g"", ""function"": ""similar to Saccharomyces cerevisiae DFR1 (YOR236W)%3B ancestral locus Anc_8.657,  similar to uniprot|P07807 Saccharomyces cerevisiae YOR236w DFR1 dihydrofolate reductase"", ""source"": ""https://doi.org/10.1038/s42003-023-04996-8"", ""confidence"": ""consensus_essential_in_at_least_2_of_3_screens""}"	0.0	0.0	0.0	True	True	TP	"[""R1950"", ""R1951"", ""R271"", ""R272""]"	"[""R271"", ""R272""]"
YALI1C18258g	not newly verified	not established by this analysis	existing putative annotation; native function not newly verified	unlabelled_unknown	null	0.9999999999999966	1.0000000000000002	1.8718823069403001	False	False	unlabelled	"[""R318""]"	"[""R318""]"
YALI1C18590g	not newly verified	not established by this analysis	existing putative annotation; native function not newly verified	unlabelled_unknown	null	0.9999999999999865	1.0000000000000007	1.8718823069403008	False	False	unlabelled	"[""R290""]"	"[""R290""]"
YALI1C18771g	not newly verified	not established by this analysis	existing putative annotation; native function not newly verified	unlabelled_unknown	null	0.9999999999999865	1.0000000000000007	1.8718823069403008	False	False	unlabelled	[]	[]
YALI1C18872g	not newly verified	not established by this analysis	existing putative annotation; native function not newly verified	unlabelled_unknown	null	0.9999999999999865	1.0000000000000007	1.8718823069403008	False	False	unlabelled	[]	[]
YALI1C19814g	not newly verified	similar to Saccharomyces cerevisiae TAZ1 (YPR140W)%3B ancestral locus Anc_3.478,  similar to uniprot|Q06510 Saccharomyces cerevisiae YPR140w similarity to human BTHS gene involved in Barth syndrome	existing putative annotation; native function not newly verified	reference_positive	"{""gene_id"": ""YALI1C19814g"", ""source_gene_id"": ""YALI1_C19814g"", ""function"": ""similar to Saccharomyces cerevisiae TAZ1 (YPR140W)%3B ancestral locus Anc_3.478,  similar to uniprot|Q06510 Saccharomyces cerevisiae YPR140w similarity to human BTHS gene involved in Barth syndrome"", ""source"": ""https://doi.org/10.1038/s42003-023-04996-8"", ""confidence"": ""consensus_essential_in_at_least_2_of_3_screens""}"	0.9999999999999865	1.0000000000000007	1.8718823069403008	False	False	FN	"[""R1724""]"	"[""R1724""]"
YALI1C19943g	not newly verified	not established by this analysis	existing putative annotation; native function not newly verified	unlabelled_unknown	null	0.9999999999999865	1.0000000000000007	1.8718823069403008	False	False	unlabelled	"[""R5""]"	"[""R5""]"
YALI1C20054g	not newly verified	not established by this analysis	existing putative annotation; native function not newly verified	unlabelled_unknown	null	0.9999999999999865	1.0000000000000007	1.8718823069403008	False	False	unlabelled	[]	[]
YALI1C20198g	not newly verified	not established by this analysis	existing putative annotation; native function not newly verified	unlabelled_unknown	null	0.9999999999999865	0.9999999999999982	1.8718823069402963	False	False	unlabelled	"[""R860""]"	"[""R860""]"
YALI1C20224g	not newly verified	not established by this analysis	existing putative annotation; native function not newly verified	unlabelled_unknown	null	0.9992990543253916	0.9992990543254009	1.8705702191338913	False	False	unlabelled	"[""R1765""]"	"[""R1765""]"
YALI1C21487g	not newly verified	  highly similar to uniprot|P36421 Saccharomyces cerevisiae YGR185C Tyrosyl-tRNA synthetase cytoplasmic (EC 6.1.1.1) (Tyrosyl--tRNA ligase) (TyrRS),similar to Saccharomyces cerevisiae TYS1 (YGR185C)%3B ancestral locus Anc_5.192	existing putative annotation; native function not newly verified	reference_positive	"{""gene_id"": ""YALI1C21487g"", ""source_gene_id"": ""YALI1_C21487g"", ""function"": ""  highly similar to uniprot|P36421 Saccharomyces cerevisiae YGR185C Tyrosyl-tRNA synthetase cytoplasmic (EC 6.1.1.1) (Tyrosyl--tRNA ligase) (TyrRS),similar to Saccharomyces cerevisiae TYS1 (YGR185C)%3B ancestral locus Anc_5.192"", ""source"": ""https://doi.org/10.1038/s42003-023-04996-8"", ""confidence"": ""consensus_essential_in_at_least_2_of_3_screens""}"	0.0	0.0	0.0	True	True	TP	"[""R775""]"	"[""R775""]"
YALI1C21946g	not newly verified	not established by this analysis	existing putative annotation; native function not newly verified	unlabelled_unknown	null	0.9999999999999762	1.0000000000000002	1.8718823069403	False	False	unlabelled	[]	[]
YALI1C22186g	not newly verified	not established by this analysis	existing putative annotation; native function not newly verified	unlabelled_unknown	null	0.9999999999999762	1.0000000000000002	1.8718823069403	False	False	unlabelled	"[""R408"", ""R754""]"	"[""R408"", ""R754""]"
YALI1C22751g	not newly verified	not established by this analysis	existing putative annotation; native function not newly verified	unlabelled_unknown	null	0.9999999999999762	1.0000000000000002	1.8718823069403	False	False	unlabelled	[]	[]
YALI1C23511g	not newly verified	not established by this analysis	existing putative annotation; native function not newly verified	unlabelled_unknown	null	0.0	0.0	0.0	True	True	unlabelled	"[""R261"", ""R381"", ""R382""]"	"[""R261"", ""R381"", ""R382""]"
YALI1C23601g	not newly verified	not established by this analysis	existing putative annotation; native function not newly verified	unlabelled_unknown	null	0.9999999999999983	0.9999999999999999	1.8718823069402994	False	False	unlabelled	[]	[]
YALI1C23902g	not newly verified	not established by this analysis	existing putative annotation; native function not newly verified	unlabelled_unknown	null	0.9999999999999983	0.9999999999999999	1.8718823069402994	False	False	unlabelled	[]	[]
YALI1C24124g	not newly verified	not established by this analysis	existing putative annotation; native function not newly verified	unlabelled_unknown	null	0.9999999999999983	0.9999999999999999	1.8718823069402994	False	False	unlabelled	[]	[]
YALI1C24165g	not newly verified	not established by this analysis	existing putative annotation; native function not newly verified	unlabelled_unknown	null	0.9999999999999983	0.9999999999999999	1.8718823069402994	False	False	unlabelled	[]	[]
YALI1C24367g	not newly verified	not established by this analysis	existing putative annotation; native function not newly verified	unlabelled_unknown	null	0.9999999999999951	1.0000000000000013	1.8718823069403023	False	False	unlabelled	"[""R634""]"	"[""R634""]"
YALI1C24488g	not newly verified	not established by this analysis	existing putative annotation; native function not newly verified	unlabelled_unknown	null	0.9999999999999951	1.0000000000000013	1.8718823069403023	False	False	unlabelled	[]	[]
YALI1C24567g	not newly verified	not established by this analysis	existing putative annotation; native function not newly verified	unlabelled_unknown	null	0.9999999999999951	1.0000000000000013	1.8718823069403023	False	False	unlabelled	[]	[]
YALI1C24611g	not newly verified	not established by this analysis	existing putative annotation; native function not newly verified	unlabelled_unknown	null	0.9999999999999951	1.0000000000000013	1.8718823069403023	False	False	unlabelled	[]	[]
YALI1C24647g	not newly verified	not established by this analysis	existing putative annotation; native function not newly verified	unlabelled_unknown	null	0.9999999999999951	1.0000000000000013	1.8718823069403023	False	False	unlabelled	[]	[]
YALI1C25029g	not newly verified	  similar to uniprot|Q08220 Saccharomyces cerevisiae YOL049w GSH2 Glutathione synthetase,similar to Saccharomyces cerevisiae GSH2 (YOL049W)%3B ancestral locus Anc_7.82	existing putative annotation; native function not newly verified	reference_positive	"{""gene_id"": ""YALI1C25029g"", ""source_gene_id"": ""YALI1_C25029g"", ""function"": ""  similar to uniprot|Q08220 Saccharomyces cerevisiae YOL049w GSH2 Glutathione synthetase,similar to Saccharomyces cerevisiae GSH2 (YOL049W)%3B ancestral locus Anc_7.82"", ""source"": ""https://doi.org/10.1038/s42003-023-04996-8"", ""confidence"": ""consensus_essential_in_at_least_2_of_3_screens""}"	0.9999999999999951	1.0000000000000013	1.8718823069403023	False	False	FN	"[""R343""]"	"[""R343""]"
YALI1C25093g	not newly verified	not established by this analysis	existing putative annotation; native function not newly verified	unlabelled_unknown	null	0.9999999999999951	1.0000000000000013	1.8718823069403023	False	False	unlabelled	"[""R586"", ""R602""]"	"[""R586"", ""R602""]"
YALI1C25190g	not newly verified	not established by this analysis	existing putative annotation; native function not newly verified	unlabelled_unknown	null	0.9999999999999951	1.0000000000000013	1.8718823069403023	False	False	unlabelled	[]	[]
YALI1C25352g	not newly verified	not established by this analysis	existing putative annotation; native function not newly verified	unlabelled_unknown	null	0.9999999999999951	1.0000000000000013	1.8718823069403023	False	False	unlabelled	"[""R18""]"	"[""R18""]"
YALI1C25512g	not newly verified	not established by this analysis	existing putative annotation; native function not newly verified	unlabelled_unknown	null	0.9999999999999951	1.0000000000000013	1.8718823069403023	False	False	unlabelled	[]	[]
YALI1C25598g	not newly verified	not established by this analysis	existing putative annotation; native function not newly verified	unlabelled_unknown	null	0.9999999999999951	1.0000000000000013	1.8718823069403023	False	False	unlabelled	"[""R772""]"	"[""R772""]"
YALI1C25782g	not newly verified	  similar to uniprot|P08425 Saccharomyces cerevisiae YPR047w MSF1 phenylalanine--tRNA ligase alpha chain mitochondrial,similar to Saccharomyces cerevisiae MSF1 (YPR047W)%3B ancestral locus Anc_3.328	existing putative annotation; native function not newly verified	reference_positive	"{""gene_id"": ""YALI1C25782g"", ""source_gene_id"": ""YALI1_C25782g"", ""function"": ""  similar to uniprot|P08425 Saccharomyces cerevisiae YPR047w MSF1 phenylalanine--tRNA ligase alpha chain mitochondrial,similar to Saccharomyces cerevisiae MSF1 (YPR047W)%3B ancestral locus Anc_3.328"", ""source"": ""https://doi.org/10.1038/s42003-023-04996-8"", ""confidence"": ""consensus_essential_in_at_least_2_of_3_screens""}"	0.9999999999999951	1.0000000000000013	1.8718823069403023	False	False	FN	"[""R626""]"	"[""R626""]"
YALI1C26017g	not newly verified	  similar to uniprot|P18900 Saccharomyces cerevisiae YBR003w COQ1 hexaprenyl pyrophosphate synthetase precursor,similar to Saccharomyces cerevisiae COQ1 (YBR003W)%3B ancestral locus Anc_3.202	existing putative annotation; native function not newly verified	reference_positive	"{""gene_id"": ""YALI1C26017g"", ""source_gene_id"": ""YALI1_C26017g"", ""function"": ""  similar to uniprot|P18900 Saccharomyces cerevisiae YBR003w COQ1 hexaprenyl pyrophosphate synthetase precursor,similar to Saccharomyces cerevisiae COQ1 (YBR003W)%3B ancestral locus Anc_3.202"", ""source"": ""https://doi.org/10.1038/s42003-023-04996-8"", ""confidence"": ""consensus_essential_in_at_least_2_of_3_screens""}"	0.9999999999999951	1.0000000000000013	1.8718823069403023	False	False	FN	"[""R763""]"	"[""R763""]"
YALI1C26036g	not newly verified	  similar to uniprot|P35196 Saccharomyces cerevisiae YBR002C Dehydrodolichyl diphosphate synthetase (EC 2.5.1.- ),similar to Saccharomyces cerevisiae RER2 (YBR002C)%3B ancestral locus Anc_3.203	existing putative annotation; native function not newly verified	reference_positive	"{""gene_id"": ""YALI1C26036g"", ""source_gene_id"": ""YALI1_C26036g"", ""function"": ""  similar to uniprot|P35196 Saccharomyces cerevisiae YBR002C Dehydrodolichyl diphosphate synthetase (EC 2.5.1.- ),similar to Saccharomyces cerevisiae RER2 (YBR002C)%3B ancestral locus Anc_3.203"", ""source"": ""https://doi.org/10.1038/s42003-023-04996-8"", ""confidence"": ""consensus_essential_in_at_least_2_of_3_screens""}"	0.9999999999999951	1.0000000000000013	1.8718823069403023	False	False	FN	[]	[]
YALI1C26276g	not newly verified	not established by this analysis	existing putative annotation; native function not newly verified	unlabelled_unknown	null	0.9999999999999951	1.0000000000000013	1.8718823069403023	False	False	unlabelled	[]	[]
YALI1C26544g	not newly verified	similar to Saccharomyces cerevisiae PET8 (YNL003C)%3B ancestral locus Anc_1.404,  similar to uniprot|P38921 Saccharomyces cerevisiae YNL003c PET8 member of the mitochondrial carrier (MCF)	existing putative annotation; native function not newly verified	reference_positive	"{""gene_id"": ""YALI1C26544g"", ""source_gene_id"": ""YALI1_C26544g"", ""function"": ""similar to Saccharomyces cerevisiae PET8 (YNL003C)%3B ancestral locus Anc_1.404,  similar to uniprot|P38921 Saccharomyces cerevisiae YNL003c PET8 member of the mitochondrial carrier (MCF)"", ""source"": ""https://doi.org/10.1038/s42003-023-04996-8"", ""confidence"": ""consensus_essential_in_at_least_2_of_3_screens""}"	0.9999999999999951	1.0000000000000013	1.8718823069403023	False	False	FN	"[""R921""]"	"[""R921""]"
YALI1C26939g	not newly verified	not established by this analysis	existing putative annotation; native function not newly verified	unlabelled_unknown	null	0.9999999999999951	1.0000000000000013	1.8718823069403023	False	False	unlabelled	"[""R1403"", ""R1404"", ""R1405""]"	"[""R1403"", ""R1404"", ""R1405""]"
YALI1C27061g	not newly verified	not established by this analysis	existing putative annotation; native function not newly verified	unlabelled_unknown	null	0.9999999999999953	0.9999999999999999	1.8718823069402994	False	False	unlabelled	"[""R583"", ""R585"", ""R587"", ""R588"", ""R598"", ""R599"", ""R600"", ""R601""]"	"[""R583"", ""R585"", ""R587"", ""R588"", ""R598"", ""R599"", ""R600"", ""R601""]"
YALI1C27229g	not newly verified	not established by this analysis	existing putative annotation; native function not newly verified	unlabelled_unknown	null	0.9999999999999953	1.0000000000000013	1.8718823069403023	False	False	unlabelled	[]	[]
YALI1C27933g	not newly verified	  some similarities with uniprot|Q02207 Saccharomyces cerevisiae YKR009c FOX2 hydratase-dehydrogenase-epimerase peroxisomal	existing putative annotation; native function not newly verified	reference_positive	"{""gene_id"": ""YALI1C27933g"", ""source_gene_id"": ""YALI1_C27933g"", ""function"": ""  some similarities with uniprot|Q02207 Saccharomyces cerevisiae YKR009c FOX2 hydratase-dehydrogenase-epimerase peroxisomal"", ""source"": ""https://doi.org/10.1038/s42003-023-04996-8"", ""confidence"": ""consensus_essential_in_at_least_2_of_3_screens""}"	0.9999999999999953	1.0000000000000013	1.8718823069403023	False	False	FN	"[""R2218"", ""R2221"", ""R2224"", ""R2227"", ""R2230"", ""R2233""]"	"[""R2218"", ""R2221"", ""R2224"", ""R2227"", ""R2230"", ""R2233""]"
YALI1C28263g	not newly verified	not established by this analysis	existing putative annotation; native function not newly verified	unlabelled_unknown	null	0.9999999999999953	1.0000000000000013	1.8718823069403023	False	False	unlabelled	[]	[]
YALI1C28310g	not newly verified	not established by this analysis	existing putative annotation; native function not newly verified	unlabelled_unknown	null	0.9999999999999953	1.0000000000000013	1.8718823069403023	False	False	unlabelled	[]	[]
YALI1C28479g	not newly verified	not established by this analysis	existing putative annotation; native function not newly verified	unlabelled_unknown	null	0.9999999999999953	1.0000000000000013	1.8718823069403023	False	False	unlabelled	"[""R717""]"	"[""R717""]"
YALI1C28497g	not newly verified	not established by this analysis	existing putative annotation; native function not newly verified	unlabelled_unknown	null	0.9999999999999953	1.0000000000000013	1.8718823069403023	False	False	unlabelled	"[""R66""]"	"[""R66""]"
YALI1C28621g	not newly verified	not established by this analysis	existing putative annotation; native function not newly verified	unlabelled_unknown	null	0.9999999999999953	1.0000000000000013	1.8718823069403023	False	False	unlabelled	[]	[]
YALI1C29104g	not newly verified	not established by this analysis	existing putative annotation; native function not newly verified	unlabelled_unknown	null	0.9999999999999953	1.0000000000000013	1.8718823069403023	False	False	unlabelled	[]	[]
YALI1C29538g	not newly verified	not established by this analysis	existing putative annotation; native function not newly verified	unlabelled_unknown	null	0.9999999999999953	1.0000000000000013	1.8718823069403023	False	False	unlabelled	[]	[]
YALI1C29920g	not newly verified	  some similarities with uniprot|P53146 Saccharomyces cerevisiae YGL098w,similar to Saccharomyces cerevisiae USE1 (YGL098W)%3B ancestral locus Anc_6.164	existing putative annotation; native function not newly verified	reference_positive	"{""gene_id"": ""YALI1C29920g"", ""source_gene_id"": ""YALI1_C29920g"", ""function"": ""  some similarities with uniprot|P53146 Saccharomyces cerevisiae YGL098w,similar to Saccharomyces cerevisiae USE1 (YGL098W)%3B ancestral locus Anc_6.164"", ""source"": ""https://doi.org/10.1038/s42003-023-04996-8"", ""confidence"": ""consensus_essential_in_at_least_2_of_3_screens""}"	0.9999999999999953	1.0000000000000013	1.8718823069403023	False	False	FN	[]	[]
YALI1C30440g	not newly verified	not established by this analysis	existing putative annotation; native function not newly verified	unlabelled_unknown	null	0.9999999999999953	1.0000000000000013	1.8718823069403023	False	False	unlabelled	[]	[]
YALI1C30514g	not newly verified	not established by this analysis	existing putative annotation; native function not newly verified	unlabelled_unknown	null	0.0	0.0	0.0	True	True	unlabelled	"[""R178"", ""R179""]"	"[""R178"", ""R179""]"
YALI1C31122g	not newly verified	not established by this analysis	existing putative annotation; native function not newly verified	unlabelled_unknown	null	1.0000000000000093	0.9999999999999976	1.871882306940295	False	False	unlabelled	"[""R852""]"	"[""R852""]"
YALI1C31510g	not newly verified	not established by this analysis	existing putative annotation; native function not newly verified	unlabelled_unknown	null	1.000000000000014	1.0000000000000002	1.8718823069403	False	False	unlabelled	[]	[]
YALI1C32031g	not newly verified	not established by this analysis	existing putative annotation; native function not newly verified	unlabelled_unknown	null	1.0000000000000133	0.9999999999999993	1.8718823069402983	False	False	unlabelled	"[""R258"", ""R259""]"	"[""R258"", ""R259""]"
YALI1C32119g	not newly verified	not established by this analysis	existing putative annotation; native function not newly verified	unlabelled_unknown	null	1.0000000000000118	0.9999999999999998	1.8718823069402992	False	False	unlabelled	[]	[]
YALI1C32156g	not newly verified	not established by this analysis	existing putative annotation; native function not newly verified	unlabelled_unknown	null	1.0000000000000118	0.9999999999999998	1.8718823069402992	False	False	unlabelled	"[""R837""]"	"[""R837""]"
YALI1C32184g	not newly verified	  similar to uniprot|P31382 Saccharomyces cerevisiae YAL023c PMT2 mannosyltransferase,similar to Saccharomyces cerevisiae PMT2 (YAL023C) and PMT3 (YOR321W)%3B ancestral locus Anc_7.76	existing putative annotation; native function not newly verified	reference_positive	"{""gene_id"": ""YALI1C32184g"", ""source_gene_id"": ""YALI1_C32184g"", ""function"": ""  similar to uniprot|P31382 Saccharomyces cerevisiae YAL023c PMT2 mannosyltransferase,similar to Saccharomyces cerevisiae PMT2 (YAL023C) and PMT3 (YOR321W)%3B ancestral locus Anc_7.76"", ""source"": ""https://doi.org/10.1038/s42003-023-04996-8"", ""confidence"": ""consensus_essential_in_at_least_2_of_3_screens""}"	1.0000000000000118	0.9999999999999998	1.8718823069402992	False	False	FN	[]	[]
YALI1C32276g	not newly verified	similar to Saccharomyces cerevisiae ILV3 (YJR016C)%3B ancestral locus Anc_5.138,  highly similar to uniprot|P39522 Saccharomyces cerevisiae YJR016c ILV3 Dihydroxy-acid dehydratase mitochondrial precursor	existing putative annotation; native function not newly verified	reference_positive	"{""gene_id"": ""YALI1C32276g"", ""source_gene_id"": ""YALI1_C32276g"", ""function"": ""similar to Saccharomyces cerevisiae ILV3 (YJR016C)%3B ancestral locus Anc_5.138,  highly similar to uniprot|P39522 Saccharomyces cerevisiae YJR016c ILV3 Dihydroxy-acid dehydratase mitochondrial precursor"", ""source"": ""https://doi.org/10.1038/s42003-023-04996-8"", ""confidence"": ""consensus_essential_in_at_least_2_of_3_screens""}"	0.1565623646801107	0.15656236468011037	0.29306632037743346	False	False	FN	"[""R279"", ""R280""]"	"[""R279"", ""R280""]"
YALI1C32609g	not newly verified	not established by this analysis	existing putative annotation; native function not newly verified	unlabelled_unknown	null	0.999999999999998	1.0	1.8718823069402997	False	False	unlabelled	[]	[]
YALI1C32810g	not newly verified	  similar to uniprot|P47026 Saccharomyces cerevisiae YJL091c GWT1 Related to human G protein-coupled receptor,similar to Saccharomyces cerevisiae GWT1 (YJL091C)%3B ancestral locus Anc_1.275	existing putative annotation; native function not newly verified	reference_positive	"{""gene_id"": ""YALI1C32810g"", ""source_gene_id"": ""YALI1_C32810g"", ""function"": ""  similar to uniprot|P47026 Saccharomyces cerevisiae YJL091c GWT1 Related to human G protein-coupled receptor,similar to Saccharomyces cerevisiae GWT1 (YJL091C)%3B ancestral locus Anc_1.275"", ""source"": ""https://doi.org/10.1038/s42003-023-04996-8"", ""confidence"": ""consensus_essential_in_at_least_2_of_3_screens""}"	0.999999999999998	1.0	1.8718823069402997	False	False	FN	"[""R113""]"	"[""R113""]"
YALI1C32886g	not newly verified	not established by this analysis	existing putative annotation; native function not newly verified	unlabelled_unknown	null	0.999999999999998	1.0	1.8718823069402997	False	False	unlabelled	[]	[]
YALI1C33005g	not newly verified	similar to Saccharomyces cerevisiae CPA2 (YJR109C)%3B ancestral locus Anc_7.494,  highly similar to uniprot|P03965 Saccharomyces cerevisiae YJR109c CPA2 arginine-specific carbamoylphosphate synthase large chain	existing putative annotation; native function not newly verified	reference_positive	"{""gene_id"": ""YALI1C33005g"", ""source_gene_id"": ""YALI1_C33005g"", ""function"": ""similar to Saccharomyces cerevisiae CPA2 (YJR109C)%3B ancestral locus Anc_7.494,  highly similar to uniprot|P03965 Saccharomyces cerevisiae YJR109c CPA2 arginine-specific carbamoylphosphate synthase large chain"", ""source"": ""https://doi.org/10.1038/s42003-023-04996-8"", ""confidence"": ""consensus_essential_in_at_least_2_of_3_screens""}"	0.999999999999998	1.0	1.8718823069402997	False	False	FN	[]	[]
YALI1C33152g	not newly verified	not established by this analysis	existing putative annotation; native function not newly verified	unlabelled_unknown	null	0.999999999999998	1.0	1.8718823069402997	False	False	unlabelled	[]	[]
YALI1C33270g	not newly verified	not established by this analysis	existing putative annotation; native function not newly verified	unlabelled_unknown	null	0.999999999999998	1.0	1.8718823069402997	False	False	unlabelled	[]	[]
YALI1C33299g	not newly verified	  similar to uniprot|Q03148 Saccharomyces cerevisiae YMR096w SNZ1 stationary phase protein	existing putative annotation; native function not newly verified	reference_positive	"{""gene_id"": ""YALI1C33299g"", ""source_gene_id"": ""YALI1_C33299g"", ""function"": ""  similar to uniprot|Q03148 Saccharomyces cerevisiae YMR096w SNZ1 stationary phase protein"", ""source"": ""https://doi.org/10.1038/s42003-023-04996-8"", ""confidence"": ""consensus_essential_in_at_least_2_of_3_screens""}"	0.999999999999998	1.0	1.8718823069402997	False	False	FN	"[""R2188""]"	"[""R2188""]"
YALI1C33406g	not newly verified	not established by this analysis	existing putative annotation; native function not newly verified	unlabelled_unknown	null	0.999999999999998	1.0	1.8718823069402997	False	False	unlabelled	[]	[]
YALI1C353g	not newly verified	not established by this analysis	existing putative annotation; native function not newly verified	unlabelled_unknown	null	0.999999999999998	1.0	1.8718823069402997	False	False	unlabelled	[]	[]
YALI1D00094g	not newly verified	not established by this analysis	existing putative annotation; native function not newly verified	unlabelled_unknown	null	0.999999999999998	1.0	1.8718823069402997	False	False	unlabelled	[]	[]
YALI1D00376g	not newly verified	not established by this analysis	existing putative annotation; native function not newly verified	unlabelled_unknown	null	0.999999999999998	1.0	1.8718823069402997	False	False	unlabelled	[]	[]
YALI1D00515g	not newly verified	not established by this analysis	existing putative annotation; native function not newly verified	unlabelled_unknown	null	0.999999999999998	1.0	1.8718823069402997	False	False	unlabelled	[]	[]
YALI1D00581g	not newly verified	not established by this analysis	existing putative annotation; native function not newly verified	unlabelled_unknown	null	0.999999999999998	1.0	1.8718823069402997	False	False	unlabelled	[]	[]
YALI1D00614g	not newly verified	not established by this analysis	existing putative annotation; native function not newly verified	unlabelled_unknown	null	1.0000000000000115	1.0	1.8718823069402997	False	False	unlabelled	"[""R243""]"	"[""R243""]"
YALI1D00766g	not newly verified	  uniprot|Q9UUT9 Yarrowia lipolytica Subunit NUHM of protein NADH:ubiquinone oxidoreductase (Complex I) (EC 1.6. 99.3)	existing putative annotation; native function not newly verified	reference_positive	"{""gene_id"": ""YALI1D00766g"", ""source_gene_id"": ""YALI1_D00766g"", ""function"": ""  uniprot|Q9UUT9 Yarrowia lipolytica Subunit NUHM of protein NADH:ubiquinone oxidoreductase (Complex I) (EC 1.6. 99.3)"", ""source"": ""https://doi.org/10.1038/s42003-023-04996-8"", ""confidence"": ""consensus_essential_in_at_least_2_of_3_screens""}"	1.0000000000000115	1.0	1.8718823069402997	False	False	FN	"[""R2062""]"	"[""R2062""]"
YALI1D01188g	not newly verified	similar to Saccharomyces cerevisiae HOM6 (YJR139C)%3B ancestral locus Anc_4.374,  similar to uniprot|P31116 Saccharomyces cerevisiae YJR139c HOM6 homoserine dehydrogenase	existing putative annotation; native function not newly verified	reference_positive	"{""gene_id"": ""YALI1D01188g"", ""source_gene_id"": ""YALI1_D01188g"", ""function"": ""similar to Saccharomyces cerevisiae HOM6 (YJR139C)%3B ancestral locus Anc_4.374,  similar to uniprot|P31116 Saccharomyces cerevisiae YJR139c HOM6 homoserine dehydrogenase"", ""source"": ""https://doi.org/10.1038/s42003-023-04996-8"", ""confidence"": ""consensus_essential_in_at_least_2_of_3_screens""}"	0.1457780557811263	0.14577805578112596	0.27287936335684576	True	True	TP	"[""R399""]"	"[""R399""]"
YALI1D01234g	not newly verified	not established by this analysis	existing putative annotation; native function not newly verified	unlabelled_unknown	null	1.0000000000000044	0.9999999999999992	1.8718823069402981	False	False	unlabelled	[]	[]
YALI1D01431g	not newly verified	not established by this analysis	existing putative annotation; native function not newly verified	unlabelled_unknown	null	0.0	0.0	0.0	True	True	unlabelled	"[""R26"", ""R27"", ""R491"", ""R492"", ""R520"", ""R521"", ""R796"", ""R797""]"	"[""R27"", ""R492"", ""R521"", ""R797""]"
YALI1D01489g	not newly verified	not established by this analysis	existing putative annotation; native function not newly verified	unlabelled_unknown	null	1.0000000000000238	0.9999999999999983	1.8718823069402966	False	False	unlabelled	"[""R64""]"	"[""R64""]"
YALI1D02000g	not newly verified	not established by this analysis	existing putative annotation; native function not newly verified	unlabelled_unknown	null	1.0000000000000238	0.9999999999999999	1.8718823069402994	False	False	unlabelled	[]	[]
YALI1D02041g	not newly verified	not established by this analysis	existing putative annotation; native function not newly verified	unlabelled_unknown	null	1.0000000000000238	0.9999999999999999	1.8718823069402994	False	False	unlabelled	[]	[]
YALI1D02416g	not newly verified	not established by this analysis	existing putative annotation; native function not newly verified	unlabelled_unknown	null	1.0000000000000238	0.9999999999999999	1.8718823069402994	False	False	unlabelled	[]	[]
YALI1D02444g	not newly verified	not established by this analysis	existing putative annotation; native function not newly verified	unlabelled_unknown	null	1.0000000000000238	0.9999999999999999	1.8718823069402994	False	False	unlabelled	[]	[]
YALI1D02625g	not newly verified	not established by this analysis	existing putative annotation; native function not newly verified	unlabelled_unknown	null	1.0000000000000238	0.9999999999999999	1.8718823069402994	False	False	unlabelled	[]	[]
YALI1D02781g	not newly verified	not established by this analysis	existing putative annotation; native function not newly verified	unlabelled_unknown	null	1.0000000000000238	0.9999999999999999	1.8718823069402994	False	False	unlabelled	"[""R1910""]"	"[""R1910""]"
YALI1D03047g	not newly verified	not established by this analysis	existing putative annotation; native function not newly verified	unlabelled_unknown	null	1.0000000000000193	0.9999999999999961	1.8718823069402923	False	False	unlabelled	"[""R515""]"	"[""R515""]"
YALI1D03221g	not newly verified	not established by this analysis	existing putative annotation; native function not newly verified	unlabelled_unknown	null	0.04790423872092701	0.047904238720926896	0.08967109688914747	True	True	unlabelled	"[""R1386"", ""R807""]"	"[""R1386"", ""R807""]"
YALI1D03865g	not newly verified	  similar to uniprot|P04161 Saccharomyces cerevisiae YDR408c ADE8 phosphoribosylglycinamide formyltransferase (GART),similar to Saccharomyces cerevisiae ADE8 (YDR408C)%3B ancestral locus Anc_5.508	existing putative annotation; native function not newly verified	reference_positive	"{""gene_id"": ""YALI1D03865g"", ""source_gene_id"": ""YALI1_D03865g"", ""function"": ""  similar to uniprot|P04161 Saccharomyces cerevisiae YDR408c ADE8 phosphoribosylglycinamide formyltransferase (GART),similar to Saccharomyces cerevisiae ADE8 (YDR408C)%3B ancestral locus Anc_5.508"", ""source"": ""https://doi.org/10.1038/s42003-023-04996-8"", ""confidence"": ""consensus_essential_in_at_least_2_of_3_screens""}"	1.0000000000000162	1.000000000000002	1.8718823069403034	False	False	FN	"[""R1907"", ""R355""]"	"[""R1907"", ""R355""]"
YALI1D03952g	not newly verified	similar to Saccharomyces cerevisiae ILV5 (YLR355C)%3B ancestral locus Anc_4.190,  highly similar to uniprot|P06168 Saccharomyces cerevisiae YLR355c ILV5 ketol-acid reducto-isomerase	existing putative annotation; native function not newly verified	reference_positive	"{""gene_id"": ""YALI1D03952g"", ""source_gene_id"": ""YALI1_D03952g"", ""function"": ""similar to Saccharomyces cerevisiae ILV5 (YLR355C)%3B ancestral locus Anc_4.190,  highly similar to uniprot|P06168 Saccharomyces cerevisiae YLR355c ILV5 ketol-acid reducto-isomerase"", ""source"": ""https://doi.org/10.1038/s42003-023-04996-8"", ""confidence"": ""consensus_essential_in_at_least_2_of_3_screens""}"	0.1565623646801107	0.15656236468011037	0.29306632037743346	False	False	FN	"[""R497"", ""R76""]"	"[""R497"", ""R76""]"
YALI1D04055g	not newly verified	  similar to uniprot|Q9C164 Aspergillus oryzae Chitin synthase	existing putative annotation; native function not newly verified	reference_positive	"{""gene_id"": ""YALI1D04055g"", ""source_gene_id"": ""YALI1_D04055g"", ""function"": ""  similar to uniprot|Q9C164 Aspergillus oryzae Chitin synthase"", ""source"": ""https://doi.org/10.1038/s42003-023-04996-8"", ""confidence"": ""consensus_essential_in_at_least_2_of_3_screens""}"	0.999999999999993	0.9999999999999973	1.8718823069402948	False	False	FN	[]	[]
YALI1D04261g	not newly verified	not established by this analysis	existing putative annotation; native function not newly verified	unlabelled_unknown	null	0.999999999999993	0.9999999999999973	1.8718823069402948	False	False	unlabelled	[]	[]
YALI1D04432g	not newly verified	not established by this analysis	existing putative annotation; native function not newly verified	unlabelled_unknown	null	0.999999999999993	0.9999999999999973	1.8718823069402948	False	False	unlabelled	"[""R630"", ""R631""]"	"[""R630"", ""R631""]"
YALI1D04566g	not newly verified	similar to Saccharomyces cerevisiae MSM1 (YGR171C)%3B ancestral locus Anc_5.176,  similar to uniprot|P22438 Saccharomyces cerevisiae YGR171c MSM1 methionyl-tRNA synthetase	existing putative annotation; native function not newly verified	reference_positive	"{""gene_id"": ""YALI1D04566g"", ""source_gene_id"": ""YALI1_D04566g"", ""function"": ""similar to Saccharomyces cerevisiae MSM1 (YGR171C)%3B ancestral locus Anc_5.176,  similar to uniprot|P22438 Saccharomyces cerevisiae YGR171c MSM1 methionyl-tRNA synthetase"", ""source"": ""https://doi.org/10.1038/s42003-023-04996-8"", ""confidence"": ""consensus_essential_in_at_least_2_of_3_screens""}"	0.999999999999993	0.9999999999999973	1.8718823069402948	False	False	FN	"[""R548""]"	"[""R548""]"
YALI1D05038g	not newly verified	  uniprot|Q874C3 Yarrowia lipolytica Longevity- assurance protein	existing putative annotation; native function not newly verified	reference_positive	"{""gene_id"": ""YALI1D05038g"", ""source_gene_id"": ""YALI1_D05038g"", ""function"": ""  uniprot|Q874C3 Yarrowia lipolytica Longevity- assurance protein"", ""source"": ""https://doi.org/10.1038/s42003-023-04996-8"", ""confidence"": ""consensus_essential_in_at_least_2_of_3_screens""}"	0.999999999999993	0.9999999999999973	1.8718823069402948	False	False	FN	[]	[]
YALI1D05111g	not newly verified	not established by this analysis	existing putative annotation; native function not newly verified	unlabelled_unknown	null	0.999999999999993	0.9999999999999973	1.8718823069402948	False	False	unlabelled	[]	[]
YALI1D05270g	not newly verified	similar to Saccharomyces cerevisiae GPI10 (YGL142C)%3B ancestral locus Anc_2.334,  similar to uniprot|P30777 Saccharomyces cerevisiae YGL142c GPI10 required for Glycosyl Phosphatdyl Inositol synthesis	existing putative annotation; native function not newly verified	reference_positive	"{""gene_id"": ""YALI1D05270g"", ""source_gene_id"": ""YALI1_D05270g"", ""function"": ""similar to Saccharomyces cerevisiae GPI10 (YGL142C)%3B ancestral locus Anc_2.334,  similar to uniprot|P30777 Saccharomyces cerevisiae YGL142c GPI10 required for Glycosyl Phosphatdyl Inositol synthesis"", ""source"": ""https://doi.org/10.1038/s42003-023-04996-8"", ""confidence"": ""consensus_essential_in_at_least_2_of_3_screens""}"	0.999999999999993	0.9999999999999973	1.8718823069402948	False	False	FN	"[""R375""]"	"[""R375""]"
YALI1D05320g	not newly verified	not established by this analysis	existing putative annotation; native function not newly verified	unlabelled_unknown	null	0.999999999999993	0.9999999999999973	1.8718823069402948	False	False	unlabelled	"[""R1470"", ""R1471"", ""R1472"", ""R1473"", ""R1474"", ""R1475"", ""R1476"", ""R1477"", ""R1478"", ""R1479"", ""R1874""]"	"[""R1470"", ""R1471"", ""R1472"", ""R1473"", ""R1474"", ""R1475"", ""R1476"", ""R1477"", ""R1478"", ""R1479"", ""R1874""]"
YALI1D05440g	not newly verified	not established by this analysis	existing putative annotation; native function not newly verified	unlabelled_unknown	null	1.0000000000000113	0.9999999999999973	1.8718823069402948	False	False	unlabelled	"[""R558""]"	"[""R558""]"
YALI1D05474g	not newly verified	similar to Saccharomyces cerevisiae NCP1 (YHR042W)%3B ancestral locus Anc_5.292,  uniprot|Q6L8F1 Yarrowia lipolytica YALI0D04422g YlCPR1 NADPH-cytochrome P450 reductase	existing putative annotation; native function not newly verified	reference_positive	"{""gene_id"": ""YALI1D05474g"", ""source_gene_id"": ""YALI1_D05474g"", ""function"": ""similar to Saccharomyces cerevisiae NCP1 (YHR042W)%3B ancestral locus Anc_5.292,  uniprot|Q6L8F1 Yarrowia lipolytica YALI0D04422g YlCPR1 NADPH-cytochrome P450 reductase"", ""source"": ""https://doi.org/10.1038/s42003-023-04996-8"", ""confidence"": ""consensus_essential_in_at_least_2_of_3_screens""}"	0.0	0.0	0.0	True	True	TP	"[""R2254"", ""R2258"", ""R2262"", ""R251""]"	"[""R2254"", ""R2258"", ""R2262"", ""R251""]"
YALI1D05873g	not newly verified	not established by this analysis	existing putative annotation; native function not newly verified	unlabelled_unknown	null	1.0000000000000013	0.9999999999999977	1.8718823069402952	False	False	unlabelled	"[""R496"", ""R741""]"	"[""R496"", ""R741""]"
YALI1D06302g	not newly verified	  similar to ASHI Bos taurus accessory protein of NADH-ubiquinone reductase (complex I)	existing putative annotation; native function not newly verified	reference_positive	"{""gene_id"": ""YALI1D06302g"", ""source_gene_id"": ""YALI1_D06302g"", ""function"": ""  similar to ASHI Bos taurus accessory protein of NADH-ubiquinone reductase (complex I)"", ""source"": ""https://doi.org/10.1038/s42003-023-04996-8"", ""confidence"": ""consensus_essential_in_at_least_2_of_3_screens""}"	1.000000000000011	0.9999999999999996	1.8718823069402988	False	False	FN	"[""R2062""]"	"[""R2062""]"
YALI1D06380g	not newly verified	  similar to uniprot|P38626 Saccharomyces cerevisiae YIL043c CBR1 cytochrome-b5 reductase	existing putative annotation; native function not newly verified	reference_positive	"{""gene_id"": ""YALI1D06380g"", ""source_gene_id"": ""YALI1_D06380g"", ""function"": ""  similar to uniprot|P38626 Saccharomyces cerevisiae YIL043c CBR1 cytochrome-b5 reductase"", ""source"": ""https://doi.org/10.1038/s42003-023-04996-8"", ""confidence"": ""consensus_essential_in_at_least_2_of_3_screens""}"	1.000000000000003	0.9999999999999996	1.8718823069402988	False	False	FN	[]	[]
YALI1D06883g	not newly verified	not established by this analysis	existing putative annotation; native function not newly verified	unlabelled_unknown	null	1.000000000000003	0.9999999999999996	1.8718823069402988	False	False	unlabelled	"[""R2137""]"	"[""R2137""]"
YALI1D07089g	not newly verified	  uniprot|Q9UUU3 Yarrowia lipolytica NUAM protein precursor	existing putative annotation; native function not newly verified	reference_positive	"{""gene_id"": ""YALI1D07089g"", ""source_gene_id"": ""YALI1_D07089g"", ""function"": ""  uniprot|Q9UUU3 Yarrowia lipolytica NUAM protein precursor"", ""source"": ""https://doi.org/10.1038/s42003-023-04996-8"", ""confidence"": ""consensus_essential_in_at_least_2_of_3_screens""}"	1.000000000000003	0.9999999999999996	1.8718823069402988	False	False	FN	"[""R2062""]"	"[""R2062""]"
YALI1D07232g	not newly verified	  similar to uniprot|Q04895 Saccharomyces cerevisiae YIR028w DAL4 allantoin permease	existing putative annotation; native function not newly verified	reference_positive	"{""gene_id"": ""YALI1D07232g"", ""source_gene_id"": ""YALI1_D07232g"", ""function"": ""  similar to uniprot|Q04895 Saccharomyces cerevisiae YIR028w DAL4 allantoin permease"", ""source"": ""https://doi.org/10.1038/s42003-023-04996-8"", ""confidence"": ""consensus_essential_in_at_least_2_of_3_screens""}"	0.0	0.0	0.0	True	True	TP	"[""R819"", ""R935"", ""R937""]"	"[""R819"", ""R935"", ""R937""]"
YALI1D07451g	not newly verified	not established by this analysis	existing putative annotation; native function not newly verified	unlabelled_unknown	null	0.9999999999999795	0.9999999999999963	1.8718823069402928	False	False	unlabelled	"[""R114""]"	"[""R114""]"
YALI1D07486g	not newly verified	not established by this analysis	existing putative annotation; native function not newly verified	unlabelled_unknown	null	0.999999999999995	1.000000000000002	1.8718823069403032	False	False	unlabelled	[]	[]
YALI1D07665g	not newly verified	similar to Saccharomyces cerevisiae SAC1 (YKL212W)%3B ancestral locus Anc_1.533,  similar to uniprot|P32368 Saccharomyces cerevisiae YKL212w SAC1 Recessive suppressor of secretory defect	existing putative annotation; native function not newly verified	reference_positive	"{""gene_id"": ""YALI1D07665g"", ""source_gene_id"": ""YALI1_D07665g"", ""function"": ""similar to Saccharomyces cerevisiae SAC1 (YKL212W)%3B ancestral locus Anc_1.533,  similar to uniprot|P32368 Saccharomyces cerevisiae YKL212w SAC1 Recessive suppressor of secretory defect"", ""source"": ""https://doi.org/10.1038/s42003-023-04996-8"", ""confidence"": ""consensus_essential_in_at_least_2_of_3_screens""}"	0.999999999999995	1.000000000000002	1.8718823069403032	False	False	FN	"[""R1746"", ""R1747"", ""R1750"", ""R1751""]"	"[""R1746"", ""R1747"", ""R1750"", ""R1751""]"
YALI1D07696g	not newly verified	not established by this analysis	existing putative annotation; native function not newly verified	unlabelled_unknown	null	0.999999999999995	1.000000000000002	1.8718823069403032	False	False	unlabelled	"[""R2138""]"	"[""R2138""]"
YALI1D07981g	not newly verified	similar to Saccharomyces cerevisiae EHD3 (YDR036C)%3B ancestral locus Anc_3.271,  similar to uniprot|Q9C251 Neurospora crassa Related to enoyl-CoA-hydratase	existing putative annotation; native function not newly verified	reference_positive	"{""gene_id"": ""YALI1D07981g"", ""source_gene_id"": ""YALI1_D07981g"", ""function"": ""similar to Saccharomyces cerevisiae EHD3 (YDR036C)%3B ancestral locus Anc_3.271,  similar to uniprot|Q9C251 Neurospora crassa Related to enoyl-CoA-hydratase"", ""source"": ""https://doi.org/10.1038/s42003-023-04996-8"", ""confidence"": ""consensus_essential_in_at_least_2_of_3_screens""}"	0.999999999999995	1.000000000000002	1.8718823069403032	False	False	FN	"[""R2140""]"	"[""R2140""]"
YALI1D08000g	not newly verified	  similar to uniprot|O59715 Schizosaccharomyces pombe Putative fatty acid desaturase	existing putative annotation; native function not newly verified	reference_positive	"{""gene_id"": ""YALI1D08000g"", ""source_gene_id"": ""YALI1_D08000g"", ""function"": ""  similar to uniprot|O59715 Schizosaccharomyces pombe Putative fatty acid desaturase"", ""source"": ""https://doi.org/10.1038/s42003-023-04996-8"", ""confidence"": ""consensus_essential_in_at_least_2_of_3_screens""}"	0.999999999999995	1.000000000000002	1.8718823069403032	False	False	FN	"[""R2143"", ""R2148"", ""R2151"", ""R2154"", ""R2157"", ""R2161""]"	"[""R2143"", ""R2148"", ""R2151"", ""R2154"", ""R2157"", ""R2161""]"
YALI1D08050g	not newly verified	similar to Saccharomyces cerevisiae DPM1 (YPR183W)%3B ancestral locus Anc_7.540,  highly similar to uniprot|Q9HGE2 Trichoderma reesei Mannose phospho-dolichol synthase	existing putative annotation; native function not newly verified	reference_positive	"{""gene_id"": ""YALI1D08050g"", ""source_gene_id"": ""YALI1_D08050g"", ""function"": ""similar to Saccharomyces cerevisiae DPM1 (YPR183W)%3B ancestral locus Anc_7.540,  highly similar to uniprot|Q9HGE2 Trichoderma reesei Mannose phospho-dolichol synthase"", ""source"": ""https://doi.org/10.1038/s42003-023-04996-8"", ""confidence"": ""consensus_essential_in_at_least_2_of_3_screens""}"	0.0	0.0	0.0	True	True	TP	"[""R2102"", ""R288""]"	"[""R2102"", ""R288""]"
YALI1D08082g	not newly verified	  highly similar to uniprot|P28241 Saccharomyces cerevisiae YOR136w IDH2 isocitrate dehydrogenase	existing putative annotation; native function not newly verified	reference_positive	"{""gene_id"": ""YALI1D08082g"", ""source_gene_id"": ""YALI1_D08082g"", ""function"": ""  highly similar to uniprot|P28241 Saccharomyces cerevisiae YOR136w IDH2 isocitrate dehydrogenase"", ""source"": ""https://doi.org/10.1038/s42003-023-04996-8"", ""confidence"": ""consensus_essential_in_at_least_2_of_3_screens""}"	1.0000000000000167	0.9999999999999956	1.8718823069402915	False	False	FN	"[""R487""]"	"[""R487""]"
YALI1D08125g	not newly verified	not established by this analysis	existing putative annotation; native function not newly verified	unlabelled_unknown	null	1.0000000000000113	0.9999999999999959	1.871882306940292	False	False	unlabelled	"[""R502""]"	"[""R502""]"
YALI1D08205g	not newly verified	not established by this analysis	existing putative annotation; native function not newly verified	unlabelled_unknown	null	1.0000000000000113	0.9999999999999959	1.871882306940292	False	False	unlabelled	"[""R1744"", ""R1748"", ""R1749"", ""R1752"", ""R1753"", ""R1754"", ""R1755""]"	"[""R1744"", ""R1748"", ""R1749"", ""R1752"", ""R1753"", ""R1754"", ""R1755""]"
YALI1D08339g	not newly verified	  similar to uniprot|P33312 Saccharomyces cerevisiae Saccharomyces cerevisiae YBR153w RIB7 5-amino-6-(5- phosphoribosylamino)uracil reductase,similar to Saccharomyces cerevisiae RIB7 (YBR153W)%3B ancestral locus Anc_3.113	existing putative annotation; native function not newly verified	reference_positive	"{""gene_id"": ""YALI1D08339g"", ""source_gene_id"": ""YALI1_D08339g"", ""function"": ""  similar to uniprot|P33312 Saccharomyces cerevisiae Saccharomyces cerevisiae YBR153w RIB7 5-amino-6-(5- phosphoribosylamino)uracil reductase,similar to Saccharomyces cerevisiae RIB7 (YBR153W)%3B ancestral locus Anc_3.113"", ""source"": ""https://doi.org/10.1038/s42003-023-04996-8"", ""confidence"": ""consensus_essential_in_at_least_2_of_3_screens""}"	1.0000000000000113	0.9999999999999959	1.871882306940292	False	False	FN	"[""R12""]"	"[""R12""]"
YALI1D08734g	not newly verified	not established by this analysis	existing putative annotation; native function not newly verified	unlabelled_unknown	null	0.11002421982935945	0.1100242198293592	0.20595239043348756	True	True	unlabelled	"[""R909""]"	"[""R909""]"
YALI1D08884g	not newly verified	not established by this analysis	existing putative annotation; native function not newly verified	unlabelled_unknown	null	1.0000000000000122	0.9999999999999997	1.871882306940299	False	False	unlabelled	[]	[]
YALI1D08946g	not newly verified	not established by this analysis	existing putative annotation; native function not newly verified	unlabelled_unknown	null	1.0000000000000122	0.9999999999999967	1.8718823069402935	False	False	unlabelled	"[""R405"", ""R406""]"	"[""R405"", ""R406""]"
YALI1D09034g	not newly verified	not established by this analysis	existing putative annotation; native function not newly verified	unlabelled_unknown	null	1.0000000000000122	0.9999999999999989	1.8718823069402977	False	False	unlabelled	[]	[]
YALI1D09203g	not newly verified	not established by this analysis	existing putative annotation; native function not newly verified	unlabelled_unknown	null	1.0000000000000122	0.9999999999999989	1.8718823069402977	False	False	unlabelled	"[""R2062""]"	"[""R2062""]"
YALI1D09420g	not newly verified	not established by this analysis	existing putative annotation; native function not newly verified	unlabelled_unknown	null	1.0000000000000122	0.9999999999999989	1.8718823069402977	False	False	unlabelled	[]	[]
YALI1D09453g	not newly verified	not established by this analysis	existing putative annotation; native function not newly verified	unlabelled_unknown	null	1.0000000000000122	0.9999999999999989	1.8718823069402977	False	False	unlabelled	[]	[]
YALI1D09712g	not newly verified	not established by this analysis	existing putative annotation; native function not newly verified	unlabelled_unknown	null	1.0000000000000122	0.9999999999999989	1.8718823069402977	False	False	unlabelled	[]	[]
YALI1D09870g	not newly verified	not established by this analysis	existing putative annotation; native function not newly verified	unlabelled_unknown	null	1.0000000000000122	0.9999999999999989	1.8718823069402977	False	False	unlabelled	"[""R150"", ""R802""]"	"[""R150"", ""R802""]"
YALI1D10197g	not newly verified	not established by this analysis	existing putative annotation; native function not newly verified	unlabelled_unknown	null	1.0000000000000122	0.9999999999999989	1.8718823069402977	False	False	unlabelled	[]	[]
YALI1D10264g	not newly verified	not established by this analysis	existing putative annotation; native function not newly verified	unlabelled_unknown	null	0.9992008013104245	0.9992008013104167	1.8703863010535386	False	False	unlabelled	"[""R2165"", ""R2168""]"	"[""R2165"", ""R2168""]"
YALI1D10495g	not newly verified	not established by this analysis	existing putative annotation; native function not newly verified	unlabelled_unknown	null	1.00000000000001	0.9999999999999997	1.871882306940299	False	False	unlabelled	[]	[]
YALI1D10535g	not newly verified	not established by this analysis	existing putative annotation; native function not newly verified	unlabelled_unknown	null	1.00000000000001	0.9999999999999997	1.871882306940299	False	False	unlabelled	[]	[]
YALI1D10768g	not newly verified	not established by this analysis	existing putative annotation; native function not newly verified	unlabelled_unknown	null	0.999999999999994	0.9999999999999997	1.871882306940299	False	False	unlabelled	"[""R854"", ""R855""]"	"[""R854"", ""R855""]"
YALI1D10930g	not newly verified	similar to Saccharomyces cerevisiae CHO1 (YER026C)%3B ancestral locus Anc_3.513,  similar to uniprot|P08456 Saccharomyces cerevisiae YER026c CHO1 CDP-diacylglycerol--serine O- phosphatidyltransferase	existing putative annotation; native function not newly verified	reference_positive	"{""gene_id"": ""YALI1D10930g"", ""source_gene_id"": ""YALI1_D10930g"", ""function"": ""similar to Saccharomyces cerevisiae CHO1 (YER026C)%3B ancestral locus Anc_3.513,  similar to uniprot|P08456 Saccharomyces cerevisiae YER026c CHO1 CDP-diacylglycerol--serine O- phosphatidyltransferase"", ""source"": ""https://doi.org/10.1038/s42003-023-04996-8"", ""confidence"": ""consensus_essential_in_at_least_2_of_3_screens""}"	0.0	0.0	0.0	True	True	TP	"[""R1841""]"	"[""R1841""]"
YALI1D11015g	not newly verified	  weakly similar to uniprot|P53954 Saccharomyces cerevisiae YNL048w ALG11 required for asparagine-linked glycosylation,similar to Saccharomyces cerevisiae ALG11 (YNL048W)%3B ancestral locus Anc_2.266	existing putative annotation; native function not newly verified	reference_positive	"{""gene_id"": ""YALI1D11015g"", ""source_gene_id"": ""YALI1_D11015g"", ""function"": ""  weakly similar to uniprot|P53954 Saccharomyces cerevisiae YNL048w ALG11 required for asparagine-linked glycosylation,similar to Saccharomyces cerevisiae ALG11 (YNL048W)%3B ancestral locus Anc_2.266"", ""source"": ""https://doi.org/10.1038/s42003-023-04996-8"", ""confidence"": ""consensus_essential_in_at_least_2_of_3_screens""}"	0.9999999999999752	1.0000000000000036	1.8718823069403063	False	False	FN	[]	[]
YALI1D11159g	not newly verified	not established by this analysis	existing putative annotation; native function not newly verified	unlabelled_unknown	null	0.9999999999999948	0.9999999999999994	1.8718823069402986	False	False	unlabelled	"[""R1968"", ""R1969"", ""R1970"", ""R2281""]"	"[""R1968"", ""R1969"", ""R1970"", ""R2281""]"
YALI1D11256g	not newly verified	not established by this analysis	existing putative annotation; native function not newly verified	unlabelled_unknown	null	0.9999999999999948	0.9999999999999994	1.8718823069402986	False	False	unlabelled	[]	[]
YALI1D11686g	not newly verified	not established by this analysis	existing putative annotation; native function not newly verified	unlabelled_unknown	null	0.9999999999999948	0.9999999999999994	1.8718823069402986	False	False	unlabelled	"[""R1383""]"	"[""R1383""]"
YALI1D11769g	not newly verified	  highly similar to uniprot|P00044 Saccharomyces cerevisiae YJR048w CYC1 cytochrome-c isoform 1,similar to Saccharomyces cerevisiae CYC7 (YEL039C) and CYC1 (YJR048W)%3B ancestral locus Anc_1.482	existing putative annotation; native function not newly verified	reference_positive	"{""gene_id"": ""YALI1D11769g"", ""source_gene_id"": ""YALI1_D11769g"", ""function"": ""  highly similar to uniprot|P00044 Saccharomyces cerevisiae YJR048w CYC1 cytochrome-c isoform 1,similar to Saccharomyces cerevisiae CYC7 (YEL039C) and CYC1 (YJR048W)%3B ancestral locus Anc_1.482"", ""source"": ""https://doi.org/10.1038/s42003-023-04996-8"", ""confidence"": ""consensus_essential_in_at_least_2_of_3_screens""}"	0.9999999999999948	1.0000000000000022	1.8718823069403037	False	False	FN	"[""R2"", ""R3"", ""R303"", ""R304"", ""R305""]"	"[""R2"", ""R3"", ""R303"", ""R304"", ""R305""]"
YALI1D11810g	not newly verified	not established by this analysis	existing putative annotation; native function not newly verified	unlabelled_unknown	null	0.9999999999999948	1.000000000000003	1.8718823069403057	False	False	unlabelled	[]	[]
YALI1D11984g	not newly verified	  highly similar to uniprot|P19414 Saccharomyces cerevisiae YLR304C Aconitate hydratase mitochondrial precursor (EC 4.2.1.3) (Citrate hydro-lyase) (Aconitase)	existing putative annotation; native function not newly verified	reference_positive	"{""gene_id"": ""YALI1D11984g"", ""source_gene_id"": ""YALI1_D11984g"", ""function"": ""  highly similar to uniprot|P19414 Saccharomyces cerevisiae YLR304C Aconitate hydratase mitochondrial precursor (EC 4.2.1.3) (Citrate hydro-lyase) (Aconitase)"", ""source"": ""https://doi.org/10.1038/s42003-023-04996-8"", ""confidence"": ""consensus_essential_in_at_least_2_of_3_screens""}"	0.9999999999999948	0.9999999999999958	1.8718823069402917	False	False	FN	"[""R239""]"	"[""R239""]"
YALI1D12493g	not newly verified	similar to Saccharomyces cerevisiae BNA4 (YBL098W)%3B ancestral locus Anc_7.429,  similar to uniprot|P38169 Saccharomyces cerevisiae YBL098w related to kynurenine 3-monooxygenase	existing putative annotation; native function not newly verified	reference_positive	"{""gene_id"": ""YALI1D12493g"", ""source_gene_id"": ""YALI1_D12493g"", ""function"": ""similar to Saccharomyces cerevisiae BNA4 (YBL098W)%3B ancestral locus Anc_7.429,  similar to uniprot|P38169 Saccharomyces cerevisiae YBL098w related to kynurenine 3-monooxygenase"", ""source"": ""https://doi.org/10.1038/s42003-023-04996-8"", ""confidence"": ""consensus_essential_in_at_least_2_of_3_screens""}"	0.9985539228140347	0.9985539228140409	1.8691754206414328	False	False	FN	"[""R499""]"	"[""R499""]"
YALI1D12723g	not newly verified	not established by this analysis	existing putative annotation; native function not newly verified	unlabelled_unknown	null	0.999999999999972	1.0	1.8718823069402997	False	False	unlabelled	[]	[]
YALI1D12832g	not newly verified	not established by this analysis	existing putative annotation; native function not newly verified	unlabelled_unknown	null	0.9999999999999948	0.9999999999999997	1.871882306940299	False	False	unlabelled	"[""R691""]"	"[""R691""]"
YALI1D13201g	not newly verified	not established by this analysis	existing putative annotation; native function not newly verified	unlabelled_unknown	null	0.9999999999999948	0.9999999999999997	1.871882306940299	False	False	unlabelled	[]	[]
YALI1D13238g	not newly verified	not established by this analysis	existing putative annotation; native function not newly verified	unlabelled_unknown	null	0.04790423872092701	0.047904238720926896	0.08967109688914747	True	True	unlabelled	"[""R398""]"	"[""R398""]"
YALI1D13510g	not newly verified	not established by this analysis	existing putative annotation; native function not newly verified	unlabelled_unknown	null	1.0000000000000229	0.9999999999999996	1.8718823069402988	False	False	unlabelled	"[""R2171""]"	"[""R2171""]"
YALI1D13963g	not newly verified	not established by this analysis	existing putative annotation; native function not newly verified	unlabelled_unknown	null	0.9598958091812446	0.9598958091812477	1.7968119817125197	False	False	unlabelled	"[""R148"", ""R418""]"	"[""R148"", ""R418""]"
YALI1D14058g	not newly verified	not established by this analysis	existing putative annotation; native function not newly verified	unlabelled_unknown	null	0.13471617422929008	0.1347161742292897	0.25217282299849414	True	True	unlabelled	"[""R745""]"	"[""R745""]"
YALI1D14199g	not newly verified	not established by this analysis	existing putative annotation; native function not newly verified	unlabelled_unknown	null	0.9999999999999861	0.9999999999999984	1.8718823069402968	False	False	unlabelled	[]	[]
YALI1D14260g	not newly verified	similar to Saccharomyces cerevisiae YJL045W and SDH1 (YKL148C)%3B ancestral locus Anc_5.253,  similar to uniprot|P47052 Saccharomyces cerevisiae Probable succinate dehydrogenase [ubiquinone] flavoprotein subunit 2 mitochondrial precursor (EC 1.3.5.1) (FP) (Flavoprotein subunit of complex II) and uniprot|Q00711 Saccharomyces cerevisiae YKL148c SDH1 succinate dehydrogenase flavoprotein precursor P2.302.f2.1	existing putative annotation; native function not newly verified	reference_positive	"{""gene_id"": ""YALI1D14260g"", ""source_gene_id"": ""YALI1_D14260g"", ""function"": ""similar to Saccharomyces cerevisiae YJL045W and SDH1 (YKL148C)%3B ancestral locus Anc_5.253,  similar to uniprot|P47052 Saccharomyces cerevisiae Probable succinate dehydrogenase [ubiquinone] flavoprotein subunit 2 mitochondrial precursor (EC 1.3.5.1) (FP) (Flavoprotein subunit of complex II) and uniprot|Q00711 Saccharomyces cerevisiae YKL148c SDH1 succinate dehydrogenase flavoprotein precursor P2.302.f2.1"", ""source"": ""https://doi.org/10.1038/s42003-023-04996-8"", ""confidence"": ""consensus_essential_in_at_least_2_of_3_screens""}"	0.9999999999999861	0.9999999999999984	1.8718823069402968	False	False	FN	"[""R740""]"	"[""R740""]"
YALI1D14453g	not newly verified	not established by this analysis	existing putative annotation; native function not newly verified	unlabelled_unknown	null	0.9999999999999861	0.9999999999999984	1.8718823069402968	False	False	unlabelled	[]	[]
YALI1D14532g	not newly verified	similar to Saccharomyces cerevisiae HOM3 (YER052C)%3B ancestral locus Anc_7.226,  similar to uniprot|P10869 Saccharomyces cerevisiae YER052c HOM3 L-aspartate 4-P-transferase singleton	existing putative annotation; native function not newly verified	reference_positive	"{""gene_id"": ""YALI1D14532g"", ""source_gene_id"": ""YALI1_D14532g"", ""function"": ""similar to Saccharomyces cerevisiae HOM3 (YER052C)%3B ancestral locus Anc_7.226,  similar to uniprot|P10869 Saccharomyces cerevisiae YER052c HOM3 L-aspartate 4-P-transferase singleton"", ""source"": ""https://doi.org/10.1038/s42003-023-04996-8"", ""confidence"": ""consensus_essential_in_at_least_2_of_3_screens""}"	0.14577805578112618	0.14577805578112596	0.27287936335684576	True	True	TP	"[""R160""]"	"[""R160""]"
YALI1D14639g	not newly verified	similar to Saccharomyces cerevisiae ATP17 (YDR377W)%3B ancestral locus Anc_5.451,  similar to uniprot|Q06405 Saccharomyces cerevisiae YDR377w ATP17 ATP synthase complex subunit f	existing putative annotation; native function not newly verified	reference_positive	"{""gene_id"": ""YALI1D14639g"", ""source_gene_id"": ""YALI1_D14639g"", ""function"": ""similar to Saccharomyces cerevisiae ATP17 (YDR377W)%3B ancestral locus Anc_5.451,  similar to uniprot|Q06405 Saccharomyces cerevisiae YDR377w ATP17 ATP synthase complex subunit f"", ""source"": ""https://doi.org/10.1038/s42003-023-04996-8"", ""confidence"": ""consensus_essential_in_at_least_2_of_3_screens""}"	0.9999999999999857	0.9999999999999979	1.8718823069402957	False	False	FN	[]	[]
YALI1D14670g	not newly verified	not established by this analysis	existing putative annotation; native function not newly verified	unlabelled_unknown	null	0.9999999999999857	0.9999999999999979	1.8718823069402957	False	False	unlabelled	"[""R871"", ""R876""]"	[]
YALI1D15030g	not newly verified	not established by this analysis	existing putative annotation; native function not newly verified	unlabelled_unknown	null	0.9999999999999857	0.9999999999999979	1.8718823069402957	False	False	unlabelled	[]	[]
YALI1D15063g	not newly verified	similar to Saccharomyces cerevisiae CYB5 (YNL111C)%3B ancestral locus Anc_2.166,  similar to uniprot|P40312 Saccharomyces cerevisiae YNL111c CYB5 cytochrome b5	existing putative annotation; native function not newly verified	reference_positive	"{""gene_id"": ""YALI1D15063g"", ""source_gene_id"": ""YALI1_D15063g"", ""function"": ""similar to Saccharomyces cerevisiae CYB5 (YNL111C)%3B ancestral locus Anc_2.166,  similar to uniprot|P40312 Saccharomyces cerevisiae YNL111c CYB5 cytochrome b5"", ""source"": ""https://doi.org/10.1038/s42003-023-04996-8"", ""confidence"": ""consensus_essential_in_at_least_2_of_3_screens""}"	0.0	0.0	0.0	True	True	TP	"[""R177"", ""R251"", ""R737""]"	"[""R177"", ""R251"", ""R737""]"
YALI1D15398g	not newly verified	not established by this analysis	existing putative annotation; native function not newly verified	unlabelled_unknown	null	0.9999999999999928	0.9999999999999994	1.8718823069402986	False	False	unlabelled	[]	[]
YALI1D15424g	not newly verified	not established by this analysis	existing putative annotation; native function not newly verified	unlabelled_unknown	null	0.9999999999999735	1.0000000000000007	1.871882306940301	False	False	unlabelled	"[""R642""]"	"[""R642""]"
YALI1D15734g	not newly verified	  similar to uniprot|Q9P602 Neurospora crassa ATP synthase oligomycin sensitivity conferring protein mitochondrial precursor,similar to Saccharomyces cerevisiae ATP5 (YDR298C)%3B ancestral locus Anc_5.315	existing putative annotation; native function not newly verified	reference_positive	"{""gene_id"": ""YALI1D15734g"", ""source_gene_id"": ""YALI1_D15734g"", ""function"": ""  similar to uniprot|Q9P602 Neurospora crassa ATP synthase oligomycin sensitivity conferring protein mitochondrial precursor,similar to Saccharomyces cerevisiae ATP5 (YDR298C)%3B ancestral locus Anc_5.315"", ""source"": ""https://doi.org/10.1038/s42003-023-04996-8"", ""confidence"": ""consensus_essential_in_at_least_2_of_3_screens""}"	0.9999999999999735	1.0000000000000007	1.871882306940301	False	False	FN	[]	[]
YALI1D15848g	not newly verified	not established by this analysis	existing putative annotation; native function not newly verified	unlabelled_unknown	null	0.9999999999999735	1.0000000000000007	1.871882306940301	False	False	unlabelled	"[""R2172"", ""R2173""]"	"[""R2172"", ""R2173""]"
YALI1D16144g	not newly verified	not established by this analysis	existing putative annotation; native function not newly verified	unlabelled_unknown	null	0.9999999999999735	1.0000000000000007	1.871882306940301	False	False	unlabelled	"[""R2059""]"	"[""R2059""]"
YALI1D16151g	not newly verified	not established by this analysis	existing putative annotation; native function not newly verified	unlabelled_unknown	null	0.9999999999999735	1.0000000000000007	1.871882306940301	False	False	unlabelled	[]	[]
YALI1D16290g	not newly verified	similar to Saccharomyces cerevisiae SEC53 (YFL045C)%3B ancestral locus Anc_8.9,  highly similar to uniprot|P31353 Candida albicans Phosphomannomutase SEC53 (PMM)	existing putative annotation; native function not newly verified	reference_positive	"{""gene_id"": ""YALI1D16290g"", ""source_gene_id"": ""YALI1_D16290g"", ""function"": ""similar to Saccharomyces cerevisiae SEC53 (YFL045C)%3B ancestral locus Anc_8.9,  highly similar to uniprot|P31353 Candida albicans Phosphomannomutase SEC53 (PMM)"", ""source"": ""https://doi.org/10.1038/s42003-023-04996-8"", ""confidence"": ""consensus_essential_in_at_least_2_of_3_screens""}"	0.0	0.0	0.0	True	True	TP	"[""R644""]"	"[""R644""]"
YALI1D16809g	not newly verified	similar to Saccharomyces cerevisiae HOM2 (YDR158W)%3B ancestral locus Anc_8.338,  highly similar to uniprot|P13663 Saccharomyces cerevisiae YDR158w HOM2 aspartate-semialdehyde dehydrogenase	existing putative annotation; native function not newly verified	reference_positive	"{""gene_id"": ""YALI1D16809g"", ""source_gene_id"": ""YALI1_D16809g"", ""function"": ""similar to Saccharomyces cerevisiae HOM2 (YDR158W)%3B ancestral locus Anc_8.338,  highly similar to uniprot|P13663 Saccharomyces cerevisiae YDR158w HOM2 aspartate-semialdehyde dehydrogenase"", ""source"": ""https://doi.org/10.1038/s42003-023-04996-8"", ""confidence"": ""consensus_essential_in_at_least_2_of_3_screens""}"	0.1457780557811263	0.14577805578112596	0.27287936335684576	True	True	TP	"[""R164""]"	"[""R164""]"
YALI1D17299g	not newly verified	not established by this analysis	existing putative annotation; native function not newly verified	unlabelled_unknown	null	0.9999999999999719	0.9999999999999997	1.871882306940299	False	False	unlabelled	[]	[]
YALI1D17462g	not newly verified	not established by this analysis	existing putative annotation; native function not newly verified	unlabelled_unknown	null	0.11002421982935945	0.1100242198293592	0.20595239043348756	True	True	unlabelled	"[""R153""]"	"[""R153""]"
YALI1D17482g	not newly verified	not established by this analysis	existing putative annotation; native function not newly verified	unlabelled_unknown	null	0.9999999999999926	0.9999999999999983	1.8718823069402966	False	False	unlabelled	"[""R685"", ""R686"", ""R687"", ""R688""]"	"[""R685"", ""R686"", ""R687"", ""R688""]"
YALI1D17620g	not newly verified	not established by this analysis	existing putative annotation; native function not newly verified	unlabelled_unknown	null	0.0	0.0	0.0	True	True	unlabelled	"[""R143"", ""R767""]"	"[""R143"", ""R767""]"
YALI1D17983g	not newly verified	similar to Saccharomyces cerevisiae RAM1 (YDL090C)%3B ancestral locus Anc_2.366,  similar to uniprot|P22007 Saccharomyces cerevisiae YDL090c RAM1 protein farnesyltransferase beta subunit	existing putative annotation; native function not newly verified	reference_positive	"{""gene_id"": ""YALI1D17983g"", ""source_gene_id"": ""YALI1_D17983g"", ""function"": ""similar to Saccharomyces cerevisiae RAM1 (YDL090C)%3B ancestral locus Anc_2.366,  similar to uniprot|P22007 Saccharomyces cerevisiae YDL090c RAM1 protein farnesyltransferase beta subunit"", ""source"": ""https://doi.org/10.1038/s42003-023-04996-8"", ""confidence"": ""consensus_essential_in_at_least_2_of_3_screens""}"	1.000000000000002	0.9999999999999984	1.8718823069402968	False	False	FN	[]	[]
YALI1D18037g	not newly verified	  similar to uniprot|P32463 Saccharomyces cerevisiae YKL192c ACP1 mitochonrial acyl-carrier protein,similar to Saccharomyces cerevisiae ACP1 (YKL192C)%3B ancestral locus Anc_4.297	existing putative annotation; native function not newly verified	reference_positive	"{""gene_id"": ""YALI1D18037g"", ""source_gene_id"": ""YALI1_D18037g"", ""function"": ""  similar to uniprot|P32463 Saccharomyces cerevisiae YKL192c ACP1 mitochonrial acyl-carrier protein,similar to Saccharomyces cerevisiae ACP1 (YKL192C)%3B ancestral locus Anc_4.297"", ""source"": ""https://doi.org/10.1038/s42003-023-04996-8"", ""confidence"": ""consensus_essential_in_at_least_2_of_3_screens""}"	1.000000000000004	0.9999999999999993	1.8718823069402983	False	False	FN	"[""R1394"", ""R1395"", ""R1396"", ""R2062"", ""R2218"", ""R2221"", ""R2224"", ""R2227"", ""R2230"", ""R2233""]"	"[""R1394"", ""R1395"", ""R1396"", ""R2062"", ""R2218"", ""R2221"", ""R2224"", ""R2227"", ""R2230"", ""R2233""]"
YALI1D18130g	not newly verified	  similar to uniprot|P05150 Saccharomyces cerevisiae YJL088w ARG3 ornithine carbamoyltransferase,similar to Saccharomyces cerevisiae ARG3 (YJL088W)%3B ancestral locus Anc_1.279	existing putative annotation; native function not newly verified	reference_positive	"{""gene_id"": ""YALI1D18130g"", ""source_gene_id"": ""YALI1_D18130g"", ""function"": ""  similar to uniprot|P05150 Saccharomyces cerevisiae YJL088w ARG3 ornithine carbamoyltransferase,similar to Saccharomyces cerevisiae ARG3 (YJL088W)%3B ancestral locus Anc_1.279"", ""source"": ""https://doi.org/10.1038/s42003-023-04996-8"", ""confidence"": ""consensus_essential_in_at_least_2_of_3_screens""}"	0.11002421982935945	0.1100242198293592	0.20595239043348756	True	True	TP	"[""R607""]"	"[""R607""]"
YALI1D18577g	not newly verified	  similar to uniprot|P53852 Saccharomyces cerevisiae YNL247w cysteinyl-tRNA synthetase,similar to Saccharomyces cerevisiae YNL247W%3B ancestral locus Anc_1.115	existing putative annotation; native function not newly verified	reference_positive	"{""gene_id"": ""YALI1D18577g"", ""source_gene_id"": ""YALI1_D18577g"", ""function"": ""  similar to uniprot|P53852 Saccharomyces cerevisiae YNL247w cysteinyl-tRNA synthetase,similar to Saccharomyces cerevisiae YNL247W%3B ancestral locus Anc_1.115"", ""source"": ""https://doi.org/10.1038/s42003-023-04996-8"", ""confidence"": ""consensus_essential_in_at_least_2_of_3_screens""}"	0.0	0.0	0.0	True	True	TP	"[""R248""]"	"[""R248""]"
YALI1D18845g	not newly verified	not established by this analysis	existing putative annotation; native function not newly verified	unlabelled_unknown	null	0.9999999999999674	0.9999999999999996	1.8718823069402988	False	False	unlabelled	"[""R174""]"	"[""R174""]"
YALI1D18890g	not newly verified	not established by this analysis	existing putative annotation; native function not newly verified	unlabelled_unknown	null	0.9999999999999674	1.0000000000000002	1.8718823069403	False	False	unlabelled	[]	[]
YALI1D19108g	not newly verified	not established by this analysis	existing putative annotation; native function not newly verified	unlabelled_unknown	null	0.9999999999999674	1.0000000000000002	1.8718823069403	False	False	unlabelled	"[""R142""]"	"[""R142""]"
YALI1D19110g	not newly verified	  similar to uniprot|P78600 Candida albicans Prolyl- tRNA synthetase cytoplasmic,similar to Saccharomyces cerevisiae YER087W%3B ancestral locus Anc_7.368	existing putative annotation; native function not newly verified	reference_positive	"{""gene_id"": ""YALI1D19110g"", ""source_gene_id"": ""YALI1_D19110g"", ""function"": ""  similar to uniprot|P78600 Candida albicans Prolyl- tRNA synthetase cytoplasmic,similar to Saccharomyces cerevisiae YER087W%3B ancestral locus Anc_7.368"", ""source"": ""https://doi.org/10.1038/s42003-023-04996-8"", ""confidence"": ""consensus_essential_in_at_least_2_of_3_screens""}"	0.9999999999999674	1.0000000000000002	1.8718823069403	False	False	FN	[]	[]
YALI1D19252g	not newly verified	not established by this analysis	existing putative annotation; native function not newly verified	unlabelled_unknown	null	0.9999999999999674	1.0000000000000002	1.8718823069403	False	False	unlabelled	"[""R2117"", ""R2282""]"	"[""R2117"", ""R2282""]"
YALI1D19951g	not newly verified	not established by this analysis	existing putative annotation; native function not newly verified	unlabelled_unknown	null	0.9999999999999674	1.0000000000000002	1.8718823069403	False	False	unlabelled	[]	[]
YALI1D20061g	not newly verified	not established by this analysis	existing putative annotation; native function not newly verified	unlabelled_unknown	null	0.9999999999999674	1.0000000000000002	1.8718823069403	False	False	unlabelled	"[""R49""]"	"[""R49""]"
YALI1D20222g	not newly verified	  uniprot|P59680 Yarrowia lipolytica 6- phosphofructokinase	existing putative annotation; native function not newly verified	reference_positive	"{""gene_id"": ""YALI1D20222g"", ""source_gene_id"": ""YALI1_D20222g"", ""function"": ""  uniprot|P59680 Yarrowia lipolytica 6- phosphofructokinase"", ""source"": ""https://doi.org/10.1038/s42003-023-04996-8"", ""confidence"": ""consensus_essential_in_at_least_2_of_3_screens""}"	0.9705218581245482	0.97052185812454	1.81670269472215	False	False	FN	"[""R636"", ""R637""]"	"[""R636"", ""R637""]"
YALI1D20257g	not newly verified	not established by this analysis	existing putative annotation; native function not newly verified	unlabelled_unknown	null	0.999299054325388	0.9992990543254039	1.8705702191338969	False	False	unlabelled	"[""R1763"", ""R1766""]"	"[""R1763"", ""R1766""]"
YALI1D20359g	not newly verified	not established by this analysis	existing putative annotation; native function not newly verified	unlabelled_unknown	null	0.9999999999999674	0.999999999999999	1.871882306940298	False	False	unlabelled	[]	[]
YALI1D20473g	not newly verified	similar to Saccharomyces cerevisiae FRS2 (YFL022C)%3B ancestral locus Anc_8.52,  similar to uniprot|P15625 Saccharomyces cerevisiae YFL022c FRS2 phenylalanine--tRNA ligase beta chain cytosolic	existing putative annotation; native function not newly verified	reference_positive	"{""gene_id"": ""YALI1D20473g"", ""source_gene_id"": ""YALI1_D20473g"", ""function"": ""similar to Saccharomyces cerevisiae FRS2 (YFL022C)%3B ancestral locus Anc_8.52,  similar to uniprot|P15625 Saccharomyces cerevisiae YFL022c FRS2 phenylalanine--tRNA ligase beta chain cytosolic"", ""source"": ""https://doi.org/10.1038/s42003-023-04996-8"", ""confidence"": ""consensus_essential_in_at_least_2_of_3_screens""}"	0.0	0.0	0.0	True	True	TP	"[""R625""]"	"[""R625""]"
YALI1D20676g	not newly verified	  highly similar to uniprot|Q8TG27 Talaromyces emersonii Malate dehydrogenase precursor mitochondrial,similar to Saccharomyces cerevisiae MDH1 (YKL085W)%3B ancestral locus Anc_2.641	existing putative annotation; native function not newly verified	reference_positive	"{""gene_id"": ""YALI1D20676g"", ""source_gene_id"": ""YALI1_D20676g"", ""function"": ""  highly similar to uniprot|Q8TG27 Talaromyces emersonii Malate dehydrogenase precursor mitochondrial,similar to Saccharomyces cerevisiae MDH1 (YKL085W)%3B ancestral locus Anc_2.641"", ""source"": ""https://doi.org/10.1038/s42003-023-04996-8"", ""confidence"": ""consensus_essential_in_at_least_2_of_3_screens""}"	0.9999999999999978	0.9999999999999998	1.8718823069402992	False	False	FN	[]	[]
YALI1D20706g	not newly verified	not established by this analysis	existing putative annotation; native function not newly verified	unlabelled_unknown	null	1.000000000000007	0.9999999999999998	1.8718823069402992	False	False	unlabelled	"[""R10""]"	"[""R10""]"
YALI1D21022g	not newly verified	not established by this analysis	existing putative annotation; native function not newly verified	unlabelled_unknown	null	1.000000000000007	0.9999999999999998	1.8718823069402992	False	False	unlabelled	"[""R295""]"	"[""R295""]"
YALI1D21023g	not newly verified	not established by this analysis	existing putative annotation; native function not newly verified	unlabelled_unknown	null	1.000000000000007	0.9999999999999998	1.8718823069402992	False	False	unlabelled	"[""R249"", ""R260""]"	"[""R249"", ""R260""]"
YALI1D21408g	not newly verified	not established by this analysis	existing putative annotation; native function not newly verified	unlabelled_unknown	null	1.000000000000007	0.9999999999999994	1.8718823069402986	False	False	unlabelled	"[""R246""]"	"[""R246""]"
YALI1D21511g	not newly verified	not established by this analysis	existing putative annotation; native function not newly verified	unlabelled_unknown	null	1.000000000000007	1.0	1.8718823069402997	False	False	unlabelled	[]	[]
YALI1D21543g	not newly verified	not established by this analysis	existing putative annotation; native function not newly verified	unlabelled_unknown	null	1.000000000000007	1.0	1.8718823069402997	False	False	unlabelled	[]	[]
YALI1D21631g	not newly verified	not established by this analysis	existing putative annotation; native function not newly verified	unlabelled_unknown	null	1.000000000000007	1.0	1.8718823069402997	False	False	unlabelled	[]	[]
YALI1D22083g	not newly verified	not established by this analysis	existing putative annotation; native function not newly verified	unlabelled_unknown	null	1.000000000000007	1.0	1.8718823069402997	False	False	unlabelled	"[""R1723""]"	"[""R1723""]"
YALI1D22124g	not newly verified	not established by this analysis	existing putative annotation; native function not newly verified	unlabelled_unknown	null	0.0	0.0	0.0	True	True	unlabelled	"[""R1445"", ""R1446"", ""R1447"", ""R1448"", ""R1449"", ""R1450"", ""R1451"", ""R1452"", ""R1453"", ""R1454"", ""R1455"", ""R1456"", ""R1460"", ""R1461"", ""R1462"", ""R1463"", ""R1464"", ""R1465"", ""R1466"", ""R1467"", ""R1468"", ""R1469"", ""R1870"", ""R1871""]"	"[""R1445"", ""R1446"", ""R1447"", ""R1448"", ""R1449"", ""R1450"", ""R1451"", ""R1452"", ""R1453"", ""R1454"", ""R1455"", ""R1456"", ""R1460"", ""R1461"", ""R1462"", ""R1463"", ""R1464"", ""R1465"", ""R1466"", ""R1467"", ""R1468"", ""R1469"", ""R1870"", ""R1871""]"
YALI1D22237g	not newly verified	not established by this analysis	existing putative annotation; native function not newly verified	unlabelled_unknown	null	0.1764326894405012	0.1764326894405008	0.3302612297295661	False	False	unlabelled	"[""R215""]"	"[""R215""]"
YALI1D22274g	not newly verified	not established by this analysis	existing putative annotation; native function not newly verified	unlabelled_unknown	null	1.00000000000001	1.000000000000001	1.8718823069403019	False	False	unlabelled	[]	[]
YALI1D22834g	not newly verified	not established by this analysis	existing putative annotation; native function not newly verified	unlabelled_unknown	null	1.00000000000001	1.000000000000001	1.8718823069403019	False	False	unlabelled	"[""R213""]"	"[""R213""]"
YALI1D22906g	not newly verified	not established by this analysis	existing putative annotation; native function not newly verified	unlabelled_unknown	null	1.00000000000001	1.000000000000001	1.8718823069403019	False	False	unlabelled	"[""R138""]"	"[""R138""]"
YALI1D22997g	not newly verified	not established by this analysis	existing putative annotation; native function not newly verified	unlabelled_unknown	null	1.00000000000001	1.000000000000001	1.8718823069403019	False	False	unlabelled	[]	[]
YALI1D23067g	not newly verified	not established by this analysis	existing putative annotation; native function not newly verified	unlabelled_unknown	null	1.00000000000001	1.000000000000001	1.8718823069403019	False	False	unlabelled	"[""R777""]"	"[""R777""]"
YALI1D23128g	not newly verified	not established by this analysis	existing putative annotation; native function not newly verified	unlabelled_unknown	null	1.00000000000001	1.000000000000001	1.8718823069403019	False	False	unlabelled	"[""R427"", ""R428"", ""R429"", ""R430"", ""R431"", ""R432"", ""R433"", ""R434"", ""R435"", ""R436"", ""R437"", ""R438"", ""R439"", ""R440"", ""R441"", ""R442"", ""R443"", ""R444"", ""R445"", ""R446"", ""R447"", ""R448"", ""R449"", ""R450"", ""R451"", ""R452"", ""R453"", ""R454"", ""R455"", ""R456"", ""R457"", ""R458"", ""R459"", ""R460"", ""R461"", ""R462"", ""R463"", ""R464"", ""R465"", ""R466"", ""R467"", ""R468"", ""R469"", ""R470"", ""R471"", ""R472"", ""R473"", ""R474"", ""R475"", ""R476"", ""R477"", ""R478"", ""R479"", ""R480"", ""R481"", ""R482"", ""R483"", ""R484"", ""R485"", ""R486""]"	"[""R427"", ""R428"", ""R429"", ""R430"", ""R431"", ""R432"", ""R433"", ""R434"", ""R435"", ""R436"", ""R437"", ""R438"", ""R439"", ""R440"", ""R441"", ""R442"", ""R443"", ""R444"", ""R445"", ""R446"", ""R447"", ""R448"", ""R449"", ""R450"", ""R451"", ""R452"", ""R453"", ""R454"", ""R455"", ""R456"", ""R457"", ""R458"", ""R459"", ""R460"", ""R461"", ""R462"", ""R463"", ""R464"", ""R465"", ""R466"", ""R467"", ""R468"", ""R469"", ""R470"", ""R471"", ""R472"", ""R473"", ""R474"", ""R475"", ""R476"", ""R477"", ""R478"", ""R479"", ""R480"", ""R481"", ""R482"", ""R483"", ""R484"", ""R485"", ""R486""]"
YALI1D23237g	not newly verified	not established by this analysis	existing putative annotation; native function not newly verified	unlabelled_unknown	null	1.00000000000001	1.000000000000001	1.8718823069403019	False	False	unlabelled	"[""R304""]"	"[""R304""]"
YALI1D23885g	not newly verified	not established by this analysis	existing putative annotation; native function not newly verified	unlabelled_unknown	null	1.00000000000001	1.000000000000001	1.8718823069403019	False	False	unlabelled	"[""R1982""]"	"[""R1982""]"
YALI1D23995g	not newly verified	not established by this analysis	existing putative annotation; native function not newly verified	unlabelled_unknown	null	1.00000000000001	1.000000000000001	1.8718823069403019	False	False	unlabelled	"[""R316""]"	"[""R316""]"
YALI1D24109g	not newly verified	not established by this analysis	existing putative annotation; native function not newly verified	unlabelled_unknown	null	1.00000000000001	1.000000000000001	1.8718823069403019	False	False	unlabelled	"[""R2062""]"	"[""R2062""]"
YALI1D24249g	not newly verified	not established by this analysis	existing putative annotation; native function not newly verified	unlabelled_unknown	null	1.00000000000001	1.000000000000001	1.8718823069403019	False	False	unlabelled	[]	[]
YALI1D24333g	not newly verified	not established by this analysis	existing putative annotation; native function not newly verified	unlabelled_unknown	null	1.00000000000001	1.000000000000001	1.8718823069403019	False	False	unlabelled	"[""R1897""]"	"[""R1897""]"
YALI1D24361g	not newly verified	similar to Saccharomyces cerevisiae ERG4 (YGL012W)%3B ancestral locus Anc_4.112,  similar to uniprot|P36209 Schizosaccharomyces pombe Delta(24(24(1)))-sterol reductase ERG4 homologue	existing putative annotation; native function not newly verified	reference_positive	"{""gene_id"": ""YALI1D24361g"", ""source_gene_id"": ""YALI1_D24361g"", ""function"": ""similar to Saccharomyces cerevisiae ERG4 (YGL012W)%3B ancestral locus Anc_4.112,  similar to uniprot|P36209 Schizosaccharomyces pombe Delta(24(24(1)))-sterol reductase ERG4 homologue"", ""source"": ""https://doi.org/10.1038/s42003-023-04996-8"", ""confidence"": ""consensus_essential_in_at_least_2_of_3_screens""}"	0.0	0.0	0.0	True	True	TP	"[""R188""]"	"[""R188""]"
YALI1D24649g	not newly verified	similar to Saccharomyces cerevisiae YGR277C%3B ancestral locus Anc_5.17,  weakly similar to uniprot|P53332 Saccharomyces cerevisiae YGR277c Hypothetical 34.3 kDa protein in TAF145- YOR1 intergenic region	existing putative annotation; native function not newly verified	reference_positive	"{""gene_id"": ""YALI1D24649g"", ""source_gene_id"": ""YALI1_D24649g"", ""function"": ""similar to Saccharomyces cerevisiae YGR277C%3B ancestral locus Anc_5.17,  weakly similar to uniprot|P53332 Saccharomyces cerevisiae YGR277c Hypothetical 34.3 kDa protein in TAF145- YOR1 intergenic region"", ""source"": ""https://doi.org/10.1038/s42003-023-04996-8"", ""confidence"": ""consensus_essential_in_at_least_2_of_3_screens""}"	1.0000000000000095	0.9999999999999999	1.8718823069402994	False	False	FN	"[""R615""]"	"[""R615""]"
YALI1D25037g	not newly verified	not established by this analysis	existing putative annotation; native function not newly verified	unlabelled_unknown	null	0.9999999999999778	0.9999999999999999	1.8718823069402994	False	False	unlabelled	"[""R934""]"	"[""R934""]"
YALI1D25359g	not newly verified	not established by this analysis	existing putative annotation; native function not newly verified	unlabelled_unknown	null	0.9999999999999778	0.9999999999999999	1.8718823069402994	False	False	unlabelled	[]	[]
YALI1D25400g	not newly verified	not established by this analysis	existing putative annotation; native function not newly verified	unlabelled_unknown	null	0.9999999999999778	0.9999999999999999	1.8718823069402994	False	False	unlabelled	[]	[]
YALI1D25450g	not newly verified	similar to Saccharomyces cerevisiae GNA1 (YFL017C)%3B ancestral locus Anc_8.58,  similar to uniprot|O93806 Candida albicans Glucosamine 6- phosphate N-acetyltransferase (EC 2.3.1.4) (Phosphoglucosamine transacetylase) (Phosphoglucosamine acetylase)	existing putative annotation; native function not newly verified	reference_positive	"{""gene_id"": ""YALI1D25450g"", ""source_gene_id"": ""YALI1_D25450g"", ""function"": ""similar to Saccharomyces cerevisiae GNA1 (YFL017C)%3B ancestral locus Anc_8.58,  similar to uniprot|O93806 Candida albicans Glucosamine 6- phosphate N-acetyltransferase (EC 2.3.1.4) (Phosphoglucosamine transacetylase) (Phosphoglucosamine acetylase)"", ""source"": ""https://doi.org/10.1038/s42003-023-04996-8"", ""confidence"": ""consensus_essential_in_at_least_2_of_3_screens""}"	0.0	0.0	0.0	True	True	TP	"[""R561""]"	"[""R561""]"
YALI1D25664g	not newly verified	not established by this analysis	existing putative annotation; native function not newly verified	unlabelled_unknown	null	0.9999999999999799	1.0000000000000007	1.8718823069403008	False	False	unlabelled	"[""R267"", ""R268"", ""R269"", ""R270"", ""R661"", ""R662""]"	"[""R267"", ""R268"", ""R269"", ""R270"", ""R661"", ""R662""]"
YALI1D26320g	not newly verified	not established by this analysis	existing putative annotation; native function not newly verified	unlabelled_unknown	null	0.9999999999999799	1.0000000000000007	1.8718823069403008	False	False	unlabelled	[]	[]
YALI1D26360g	not newly verified	similar to Saccharomyces cerevisiae LPD1 (YFL018C) and YPL017C%3B ancestral locus Anc_8.56,  similar to uniprot|P09624 Saccharomyces cerevisiae YFL018c LPD1 dihydrolipoamide dehydrogenase precursor P3. 18.f3.1	existing putative annotation; native function not newly verified	reference_positive	"{""gene_id"": ""YALI1D26360g"", ""source_gene_id"": ""YALI1_D26360g"", ""function"": ""similar to Saccharomyces cerevisiae LPD1 (YFL018C) and YPL017C%3B ancestral locus Anc_8.56,  similar to uniprot|P09624 Saccharomyces cerevisiae YFL018c LPD1 dihydrolipoamide dehydrogenase precursor P3. 18.f3.1"", ""source"": ""https://doi.org/10.1038/s42003-023-04996-8"", ""confidence"": ""consensus_essential_in_at_least_2_of_3_screens""}"	0.9999999999999799	1.0000000000000007	1.8718823069403008	False	False	FN	"[""R1968"", ""R1969"", ""R1970"", ""R1976"", ""R2281"", ""R357"", ""R360"", ""R361"", ""R364"", ""R365"", ""R613"", ""R614"", ""R693""]"	"[""R1968"", ""R1969"", ""R1970"", ""R1976"", ""R2281"", ""R357"", ""R360"", ""R361"", ""R364"", ""R365"", ""R613"", ""R614"", ""R693""]"
YALI1D26438g	not newly verified	not established by this analysis	existing putative annotation; native function not newly verified	unlabelled_unknown	null	0.9999999999999799	1.0000000000000007	1.8718823069403008	False	False	unlabelled	[]	[]
YALI1D26496g	not newly verified	not established by this analysis	existing putative annotation; native function not newly verified	unlabelled_unknown	null	0.0	0.0	0.0	True	True	unlabelled	"[""R186""]"	"[""R186""]"
YALI1D26610g	not newly verified	not established by this analysis	existing putative annotation; native function not newly verified	unlabelled_unknown	null	1.0000000000000058	0.999999999999999	1.871882306940298	False	False	unlabelled	[]	[]
YALI1D26639g	not newly verified	not established by this analysis	existing putative annotation; native function not newly verified	unlabelled_unknown	null	0.9999999999999959	0.9999999999999953	1.871882306940291	False	False	unlabelled	"[""R2177"", ""R2181""]"	"[""R2177"", ""R2181""]"
YALI1D27148g	not newly verified	  similar to CA1245|CaIMH3 Candida albicans IMP dehydrogenase	existing putative annotation; native function not newly verified	reference_positive	"{""gene_id"": ""YALI1D27148g"", ""source_gene_id"": ""YALI1_D27148g"", ""function"": ""  similar to CA1245|CaIMH3 Candida albicans IMP dehydrogenase"", ""source"": ""https://doi.org/10.1038/s42003-023-04996-8"", ""confidence"": ""consensus_essential_in_at_least_2_of_3_screens""}"	0.0	0.0	0.0	True	True	TP	"[""R417""]"	"[""R417""]"
YALI1D27274g	not newly verified	  similar to uniprot|P39006 Saccharomyces cerevisiae YNL169C Phosphatidylserine decarboxylase proenzyme 1 mitochondrial precursor (EC 4.1.1.65)	existing putative annotation; native function not newly verified	reference_positive	"{""gene_id"": ""YALI1D27274g"", ""source_gene_id"": ""YALI1_D27274g"", ""function"": ""  similar to uniprot|P39006 Saccharomyces cerevisiae YNL169C Phosphatidylserine decarboxylase proenzyme 1 mitochondrial precursor (EC 4.1.1.65)"", ""source"": ""https://doi.org/10.1038/s42003-023-04996-8"", ""confidence"": ""consensus_essential_in_at_least_2_of_3_screens""}"	0.9999999999999845	1.0000000000000002	1.8718823069403	False	False	FN	"[""R629""]"	"[""R629""]"
YALI1D27808g	not newly verified	not established by this analysis	existing putative annotation; native function not newly verified	unlabelled_unknown	null	1.0000000000000053	1.0000000000000062	1.8718823069403112	False	False	unlabelled	[]	[]
YALI1D27826g	not newly verified	similar to Saccharomyces cerevisiae ATP16 (YDL004W)%3B ancestral locus Anc_3.213,  similar to uniprot|P78700 Kluyveromyces lactis ATP16 ATP synthase delta chain mitochondrial precursor (EC 3.6.3.14)	existing putative annotation; native function not newly verified	reference_positive	"{""gene_id"": ""YALI1D27826g"", ""source_gene_id"": ""YALI1_D27826g"", ""function"": ""similar to Saccharomyces cerevisiae ATP16 (YDL004W)%3B ancestral locus Anc_3.213,  similar to uniprot|P78700 Kluyveromyces lactis ATP16 ATP synthase delta chain mitochondrial precursor (EC 3.6.3.14)"", ""source"": ""https://doi.org/10.1038/s42003-023-04996-8"", ""confidence"": ""consensus_essential_in_at_least_2_of_3_screens""}"	1.0000000000000053	1.0000000000000062	1.8718823069403112	False	False	FN	[]	[]
YALI1D28087g	not newly verified	not established by this analysis	existing putative annotation; native function not newly verified	unlabelled_unknown	null	0.0	0.0	0.0	True	True	unlabelled	"[""R165""]"	"[""R165""]"
YALI1D28351g	not newly verified	not established by this analysis	existing putative annotation; native function not newly verified	unlabelled_unknown	null	1.000000000000023	1.0000000000000002	1.8718823069403	False	False	unlabelled	[]	[]
YALI1D28569g	not newly verified	not established by this analysis	existing putative annotation; native function not newly verified	unlabelled_unknown	null	1.000000000000023	1.0000000000000002	1.8718823069403	False	False	unlabelled	[]	[]
YALI1D29419g	not newly verified	not established by this analysis	existing putative annotation; native function not newly verified	unlabelled_unknown	null	0.11002421982935945	0.1100242198293592	0.20595239043348756	True	True	unlabelled	"[""R96""]"	"[""R96""]"
YALI1D29481g	not newly verified	similar to Saccharomyces cerevisiae LYS9 (YNR050C)%3B ancestral locus Anc_6.376,  highly similar to uniprot|P38999 Saccharomyces cerevisiae YNR050C Saccharopine dehydrogenase [NADP L- glutamate forming] (EC 1.5.1.10) (Saccharopine reductase)	existing putative annotation; native function not newly verified	reference_positive	"{""gene_id"": ""YALI1D29481g"", ""source_gene_id"": ""YALI1_D29481g"", ""function"": ""similar to Saccharomyces cerevisiae LYS9 (YNR050C)%3B ancestral locus Anc_6.376,  highly similar to uniprot|P38999 Saccharomyces cerevisiae YNR050C Saccharopine dehydrogenase [NADP L- glutamate forming] (EC 1.5.1.10) (Saccharopine reductase)"", ""source"": ""https://doi.org/10.1038/s42003-023-04996-8"", ""confidence"": ""consensus_essential_in_at_least_2_of_3_screens""}"	0.04790423872092701	0.047904238720926896	0.08967109688914747	True	True	TP	"[""R719""]"	"[""R719""]"
YALI1D29523g	not newly verified	not established by this analysis	existing putative annotation; native function not newly verified	unlabelled_unknown	null	1.0000000000000202	1.0000000000000002	1.8718823069403001	False	False	unlabelled	[]	[]
YALI1D30196g	not newly verified	not established by this analysis	existing putative annotation; native function not newly verified	unlabelled_unknown	null	1.0000000000000202	1.0000000000000002	1.8718823069403001	False	False	unlabelled	"[""R674""]"	"[""R674""]"
YALI1D30256g	not newly verified	similar to Saccharomyces cerevisiae SDH2 (YLL041C)%3B ancestral locus Anc_4.13,  highly similar to uniprot|P21801 Saccharomyces cerevisiae YLL041C Succinate dehydrogenase [ubiquinone] iron-sulfur protein mitochondrial precursor (EC 1.3.5.1) (IP)	existing putative annotation; native function not newly verified	reference_positive	"{""gene_id"": ""YALI1D30256g"", ""source_gene_id"": ""YALI1_D30256g"", ""function"": ""similar to Saccharomyces cerevisiae SDH2 (YLL041C)%3B ancestral locus Anc_4.13,  highly similar to uniprot|P21801 Saccharomyces cerevisiae YLL041C Succinate dehydrogenase [ubiquinone] iron-sulfur protein mitochondrial precursor (EC 1.3.5.1) (IP)"", ""source"": ""https://doi.org/10.1038/s42003-023-04996-8"", ""confidence"": ""consensus_essential_in_at_least_2_of_3_screens""}"	1.0000000000000202	1.0000000000000002	1.8718823069403001	False	False	FN	"[""R740""]"	"[""R740""]"
YALI1D30570g	not newly verified	similar to Saccharomyces cerevisiae MSK1 (YNL073W)%3B ancestral locus Anc_2.223,  similar to uniprot|O74858 Schizosaccharomyces pombe Lysyl-tRNA synthetase	existing putative annotation; native function not newly verified	reference_positive	"{""gene_id"": ""YALI1D30570g"", ""source_gene_id"": ""YALI1_D30570g"", ""function"": ""similar to Saccharomyces cerevisiae MSK1 (YNL073W)%3B ancestral locus Anc_2.223,  similar to uniprot|O74858 Schizosaccharomyces pombe Lysyl-tRNA synthetase"", ""source"": ""https://doi.org/10.1038/s42003-023-04996-8"", ""confidence"": ""consensus_essential_in_at_least_2_of_3_screens""}"	1.0000000000000202	1.0000000000000002	1.8718823069403001	False	False	FN	"[""R532""]"	"[""R532""]"
YALI1D30618g	not newly verified	  similar to uniprot|P12695 Saccharomyces cerevisiae YNL071W Dihydrolipoamide acetyltransferase component of pyruvate dehydrogenase complex mitochondrial precursor (PDC-E2),similar to Saccharomyces cerevisiae LAT1 (YNL071W)%3B ancestral locus Anc_2.225	existing putative annotation; native function not newly verified	reference_positive	"{""gene_id"": ""YALI1D30618g"", ""source_gene_id"": ""YALI1_D30618g"", ""function"": ""  similar to uniprot|P12695 Saccharomyces cerevisiae YNL071W Dihydrolipoamide acetyltransferase component of pyruvate dehydrogenase complex mitochondrial precursor (PDC-E2),similar to Saccharomyces cerevisiae LAT1 (YNL071W)%3B ancestral locus Anc_2.225"", ""source"": ""https://doi.org/10.1038/s42003-023-04996-8"", ""confidence"": ""consensus_essential_in_at_least_2_of_3_screens""}"	1.0000000000000202	1.0000000000000002	1.8718823069403001	False	False	FN	"[""R693""]"	"[""R693""]"
YALI1D30866g	not newly verified	not established by this analysis	existing putative annotation; native function not newly verified	unlabelled_unknown	null	1.0000000000000202	1.0000000000000002	1.8718823069403001	False	False	unlabelled	"[""R1968"", ""R1969"", ""R1970"", ""R2281""]"	"[""R1968"", ""R1969"", ""R1970"", ""R2281""]"
YALI1D31719g	not newly verified	not established by this analysis	existing putative annotation; native function not newly verified	unlabelled_unknown	null	1.0000000000000202	1.0000000000000002	1.8718823069403001	False	False	unlabelled	[]	[]
YALI1D32209g	not newly verified	not established by this analysis	existing putative annotation; native function not newly verified	unlabelled_unknown	null	0.020804215451195384	0.020804215451507967	0.03894304281345176	True	True	unlabelled	"[""R421"", ""R654""]"	"[""R421"", ""R654""]"
YALI1D32268g	not newly verified	not established by this analysis	existing putative annotation; native function not newly verified	unlabelled_unknown	null	0.9999999999999755	0.9999999999999981	1.8718823069402961	False	False	unlabelled	[]	[]
YALI1D32550g	not newly verified	  similar to uniprot|Q86ZJ8 Podospora anserina NADH- ubiquinone reductase accessory subunit (complex I)	existing putative annotation; native function not newly verified	reference_positive	"{""gene_id"": ""YALI1D32550g"", ""source_gene_id"": ""YALI1_D32550g"", ""function"": ""  similar to uniprot|Q86ZJ8 Podospora anserina NADH- ubiquinone reductase accessory subunit (complex I)"", ""source"": ""https://doi.org/10.1038/s42003-023-04996-8"", ""confidence"": ""consensus_essential_in_at_least_2_of_3_screens""}"	1.0000000000000098	0.9999999999999981	1.8718823069402961	False	False	FN	"[""R2062""]"	"[""R2062""]"
YALI1D32568g	not newly verified	not established by this analysis	existing putative annotation; native function not newly verified	unlabelled_unknown	null	1.0000000000000235	0.9999999999999981	1.8718823069402961	False	False	unlabelled	[]	[]
YALI1D32594g	not newly verified	  weakly similar to uniprot|P32463 Saccharomyces cerevisiae YKL192c ACP1 mitochonrial acyl-carrier protein,similar to Saccharomyces cerevisiae ACP1 (YKL192C)%3B ancestral locus Anc_4.297	existing putative annotation; native function not newly verified	reference_positive	"{""gene_id"": ""YALI1D32594g"", ""source_gene_id"": ""YALI1_D32594g"", ""function"": ""  weakly similar to uniprot|P32463 Saccharomyces cerevisiae YKL192c ACP1 mitochonrial acyl-carrier protein,similar to Saccharomyces cerevisiae ACP1 (YKL192C)%3B ancestral locus Anc_4.297"", ""source"": ""https://doi.org/10.1038/s42003-023-04996-8"", ""confidence"": ""consensus_essential_in_at_least_2_of_3_screens""}"	1.0000000000000235	0.9999999999999994	1.8718823069402986	False	False	FN	"[""R2218"", ""R2221"", ""R2224"", ""R2227"", ""R2230"", ""R2233""]"	"[""R2218"", ""R2221"", ""R2224"", ""R2227"", ""R2230"", ""R2233""]"
YALI1D32619g	not newly verified	not established by this analysis	existing putative annotation; native function not newly verified	unlabelled_unknown	null	1.0000000000000235	0.9999999999999994	1.8718823069402986	False	False	unlabelled	[]	[]
YALI1D32754g	not newly verified	not established by this analysis	existing putative annotation; native function not newly verified	unlabelled_unknown	null	1.0000000000000235	0.9999999999999997	1.871882306940299	False	False	unlabelled	"[""R100"", ""R101"", ""R102"", ""R97"", ""R98"", ""R99""]"	"[""R100"", ""R101"", ""R102"", ""R97"", ""R98"", ""R99""]"
YALI1D33380g	not newly verified	not established by this analysis	existing putative annotation; native function not newly verified	unlabelled_unknown	null	1.000000000000001	0.9999999999999966	1.8718823069402932	False	False	unlabelled	"[""R604"", ""R605""]"	"[""R604"", ""R605""]"
YALI1D33465g	not newly verified	similar to Saccharomyces cerevisiae PUS4 (YNL292W)%3B ancestral locus Anc_3.67,  weakly similar to uniprot|P48567 Saccharomyces cerevisiae YNL292w EXM1	existing putative annotation; native function not newly verified	reference_positive	"{""gene_id"": ""YALI1D33465g"", ""source_gene_id"": ""YALI1_D33465g"", ""function"": ""similar to Saccharomyces cerevisiae PUS4 (YNL292W)%3B ancestral locus Anc_3.67,  weakly similar to uniprot|P48567 Saccharomyces cerevisiae YNL292w EXM1"", ""source"": ""https://doi.org/10.1038/s42003-023-04996-8"", ""confidence"": ""consensus_essential_in_at_least_2_of_3_screens""}"	0.999999999999983	0.9999999999999966	1.8718823069402932	False	False	FN	[]	[]
YALI1D33780g	not newly verified	similar to Saccharomyces cerevisiae YDR531W%3B ancestral locus Anc_1.18,  similar to uniprot|O93921 Emericella nidulans Pantothenate kinase (EC 2.7.1.33)	existing putative annotation; native function not newly verified	reference_positive	"{""gene_id"": ""YALI1D33780g"", ""source_gene_id"": ""YALI1_D33780g"", ""function"": ""similar to Saccharomyces cerevisiae YDR531W%3B ancestral locus Anc_1.18,  similar to uniprot|O93921 Emericella nidulans Pantothenate kinase (EC 2.7.1.33)"", ""source"": ""https://doi.org/10.1038/s42003-023-04996-8"", ""confidence"": ""consensus_essential_in_at_least_2_of_3_screens""}"	0.999999999999983	0.9999999999999966	1.8718823069402932	False	False	FN	"[""R1908"", ""R1909"", ""R616""]"	"[""R1908"", ""R1909"", ""R616""]"
YALI1D33889g	not newly verified	similar to Saccharomyces cerevisiae FAD1 (YDL045C)%3B ancestral locus Anc_3.146,  similar to uniprot|P38913 Saccharomyces cerevisiae YDL045c FAD1 flavin adenine dinucleotide (FAD) synthetase	existing putative annotation; native function not newly verified	reference_positive	"{""gene_id"": ""YALI1D33889g"", ""source_gene_id"": ""YALI1_D33889g"", ""function"": ""similar to Saccharomyces cerevisiae FAD1 (YDL045C)%3B ancestral locus Anc_3.146,  similar to uniprot|P38913 Saccharomyces cerevisiae YDL045c FAD1 flavin adenine dinucleotide (FAD) synthetase"", ""source"": ""https://doi.org/10.1038/s42003-023-04996-8"", ""confidence"": ""consensus_essential_in_at_least_2_of_3_screens""}"	0.999999999999983	0.9999999999999966	1.8718823069402932	False	False	FN	"[""R306""]"	"[""R306""]"
YALI1D33961g	not newly verified	not established by this analysis	existing putative annotation; native function not newly verified	unlabelled_unknown	null	0.999999999999983	0.9999999999999966	1.8718823069402932	False	False	unlabelled	[]	[]
YALI1D34149g	not newly verified	not established by this analysis	existing putative annotation; native function not newly verified	unlabelled_unknown	null	0.999999999999983	0.9999999999999966	1.8718823069402932	False	False	unlabelled	[]	[]
YALI1D34288g	not newly verified	  similar to uniprot|P08004 Saccharomyces cerevisiae YNL192w CHS1 chitin synthase I P2.162.f2.1	existing putative annotation; native function not newly verified	reference_positive	"{""gene_id"": ""YALI1D34288g"", ""source_gene_id"": ""YALI1_D34288g"", ""function"": ""  similar to uniprot|P08004 Saccharomyces cerevisiae YNL192w CHS1 chitin synthase I P2.162.f2.1"", ""source"": ""https://doi.org/10.1038/s42003-023-04996-8"", ""confidence"": ""consensus_essential_in_at_least_2_of_3_screens""}"	0.999999999999983	0.9999999999999966	1.8718823069402932	False	False	FN	[]	[]
YALI1D34529g	not newly verified	not established by this analysis	existing putative annotation; native function not newly verified	unlabelled_unknown	null	1.0000000000000047	0.9999999999999901	1.8718823069402812	False	False	unlabelled	"[""R822"", ""R823"", ""R875""]"	"[""R822"", ""R823"", ""R875""]"
YALI1D34865g	not newly verified	similar to Saccharomyces cerevisiae ARG4 (YHR018C)%3B ancestral locus Anc_1.354,  highly similar to uniprot|P04076 Saccharomyces cerevisiae YHR018c ARG4 arginosuccinate lyase	existing putative annotation; native function not newly verified	reference_positive	"{""gene_id"": ""YALI1D34865g"", ""source_gene_id"": ""YALI1_D34865g"", ""function"": ""similar to Saccharomyces cerevisiae ARG4 (YHR018C)%3B ancestral locus Anc_1.354,  highly similar to uniprot|P04076 Saccharomyces cerevisiae YHR018c ARG4 arginosuccinate lyase"", ""source"": ""https://doi.org/10.1038/s42003-023-04996-8"", ""confidence"": ""consensus_essential_in_at_least_2_of_3_screens""}"	0.11002421982935945	0.1100242198293592	0.20595239043348756	True	True	TP	"[""R152""]"	"[""R152""]"
YALI1D35593g	not newly verified	not established by this analysis	existing putative annotation; native function not newly verified	unlabelled_unknown	null	0.9992011193737064	0.9992011193736949	1.8703868964305619	False	False	unlabelled	"[""R1773"", ""R2145""]"	"[""R1773"", ""R2145""]"
YALI1D35735g	not newly verified	not established by this analysis	existing putative annotation; native function not newly verified	unlabelled_unknown	null	0.0	0.0	0.0	True	True	unlabelled	"[""R755""]"	"[""R755""]"
YALI1D35787g	not newly verified	not established by this analysis	existing putative annotation; native function not newly verified	unlabelled_unknown	null	0.9598958091812586	0.9598958091812473	1.7968119817125188	False	False	unlabelled	"[""R147""]"	"[""R147""]"
YALI1D36215g	not newly verified	not established by this analysis	existing putative annotation; native function not newly verified	unlabelled_unknown	null	1.0000000000000262	0.9999999999999982	1.8718823069402963	False	False	unlabelled	"[""R1960""]"	"[""R1960""]"
YALI1E00574g	not newly verified	similar to Saccharomyces cerevisiae GCV3 (YAL044C)%3B ancestral locus Anc_7.25,  similar to uniprot|P39726 Saccharomyces cerevisiae YAL044c GCV3 glycine decarboxylase subunit H	existing putative annotation; native function not newly verified	reference_positive	"{""gene_id"": ""YALI1E00574g"", ""source_gene_id"": ""YALI1_E00574g"", ""function"": ""similar to Saccharomyces cerevisiae GCV3 (YAL044C)%3B ancestral locus Anc_7.25,  similar to uniprot|P39726 Saccharomyces cerevisiae YAL044c GCV3 glycine decarboxylase subunit H"", ""source"": ""https://doi.org/10.1038/s42003-023-04996-8"", ""confidence"": ""consensus_essential_in_at_least_2_of_3_screens""}"	1.000000000000041	0.9999999999999982	1.8718823069402963	False	False	FN	"[""R357"", ""R360"", ""R361"", ""R365""]"	"[""R357"", ""R360"", ""R361"", ""R365""]"
YALI1E00588g	not newly verified	not established by this analysis	existing putative annotation; native function not newly verified	unlabelled_unknown	null	1.000000000000041	0.9999999999999982	1.8718823069402963	False	False	unlabelled	[]	[]
YALI1E00760g	not newly verified	not established by this analysis	existing putative annotation; native function not newly verified	unlabelled_unknown	null	0.1347161742292913	0.13471617422928917	0.25217282299849314	True	True	unlabelled	"[""R127""]"	"[""R127""]"
YALI1E00907g	not newly verified	not established by this analysis	existing putative annotation; native function not newly verified	unlabelled_unknown	null	1.0000000000000344	0.9999999999999994	1.8718823069402986	False	False	unlabelled	"[""R1559"", ""R1560"", ""R1561"", ""R1562"", ""R1563"", ""R1564"", ""R1565"", ""R1566"", ""R1567"", ""R1568""]"	"[""R1559"", ""R1560"", ""R1561"", ""R1562"", ""R1563"", ""R1564"", ""R1565"", ""R1566"", ""R1567"", ""R1568""]"
YALI1E01019g	not newly verified	not established by this analysis	existing putative annotation; native function not newly verified	unlabelled_unknown	null	1.0000000000000304	0.9999999999999994	1.8718823069402986	False	False	unlabelled	[]	[]
YALI1E01159g	not newly verified	similar to Saccharomyces cerevisiae DIM1 (YPL266W)%3B ancestral locus Anc_6.1,  highly similar to uniprot|P41819 Saccharomyces cerevisiae YPL266w DIM1 rRNA (adenine-N6 N6-)- dimethyltransferase	existing putative annotation; native function not newly verified	reference_positive	"{""gene_id"": ""YALI1E01159g"", ""source_gene_id"": ""YALI1_E01159g"", ""function"": ""similar to Saccharomyces cerevisiae DIM1 (YPL266W)%3B ancestral locus Anc_6.1,  highly similar to uniprot|P41819 Saccharomyces cerevisiae YPL266w DIM1 rRNA (adenine-N6 N6-)- dimethyltransferase"", ""source"": ""https://doi.org/10.1038/s42003-023-04996-8"", ""confidence"": ""consensus_essential_in_at_least_2_of_3_screens""}"	1.0000000000000304	0.9999999999999994	1.8718823069402986	False	False	FN	[]	[]
YALI1E01235g	not newly verified	not established by this analysis	existing putative annotation; native function not newly verified	unlabelled_unknown	null	1.0000000000000304	0.9999999999999994	1.8718823069402986	False	False	unlabelled	[]	[]
YALI1E01589g	not newly verified	not established by this analysis	existing putative annotation; native function not newly verified	unlabelled_unknown	null	1.0000000000000304	0.9999999999999994	1.8718823069402986	False	False	unlabelled	[]	[]
YALI1E01793g	not newly verified	similar to Saccharomyces cerevisiae HIS5 (YIL116W)%3B ancestral locus Anc_2.252,  similar to uniprot|P07172 Saccharomyces cerevisiae YIL116w HIS5 histidinol-phosphate aminotransferase	existing putative annotation; native function not newly verified	reference_positive	"{""gene_id"": ""YALI1E01793g"", ""source_gene_id"": ""YALI1_E01793g"", ""function"": ""similar to Saccharomyces cerevisiae HIS5 (YIL116W)%3B ancestral locus Anc_2.252,  similar to uniprot|P07172 Saccharomyces cerevisiae YIL116w HIS5 histidinol-phosphate aminotransferase"", ""source"": ""https://doi.org/10.1038/s42003-023-04996-8"", ""confidence"": ""consensus_essential_in_at_least_2_of_3_screens""}"	0.08516849581212897	0.08516849581212878	0.15942540041944286	True	True	TP	"[""R391""]"	"[""R391""]"
YALI1E02413g	not newly verified	not established by this analysis	existing putative annotation; native function not newly verified	unlabelled_unknown	null	1.0000000000000016	0.9999999999999992	1.8718823069402981	False	False	unlabelled	[]	[]
YALI1E02616g	not newly verified	not established by this analysis	existing putative annotation; native function not newly verified	unlabelled_unknown	null	0.0	0.0	0.0	True	True	unlabelled	"[""R638""]"	"[""R638""]"
YALI1E02678g	not newly verified	not established by this analysis	existing putative annotation; native function not newly verified	unlabelled_unknown	null	1.0000000000000169	0.9999999999999959	1.871882306940292	False	False	unlabelled	[]	[]
YALI1E02832g	not newly verified	not established by this analysis	existing putative annotation; native function not newly verified	unlabelled_unknown	null	1.0000000000000169	0.9999999999999959	1.871882306940292	False	False	unlabelled	[]	[]
YALI1E02885g	not newly verified	similar to Saccharomyces cerevisiae EAF5 (YEL018W)%3B ancestral locus Anc_1.447,  no similarity	existing putative annotation; native function not newly verified	reference_positive	"{""gene_id"": ""YALI1E02885g"", ""source_gene_id"": ""YALI1_E02885g"", ""function"": ""similar to Saccharomyces cerevisiae EAF5 (YEL018W)%3B ancestral locus Anc_1.447,  no similarity"", ""source"": ""https://doi.org/10.1038/s42003-023-04996-8"", ""confidence"": ""consensus_essential_in_at_least_2_of_3_screens""}"	0.9999999999999634	1.0	1.8718823069402997	False	False	FN	"[""R378""]"	"[""R378""]"
YALI1E02906g	not newly verified	not established by this analysis	existing putative annotation; native function not newly verified	unlabelled_unknown	null	0.9999999999999634	1.0	1.8718823069402997	False	False	unlabelled	[]	[]
YALI1E03039g	not newly verified	not established by this analysis	existing putative annotation; native function not newly verified	unlabelled_unknown	null	0.9999999999999634	1.0	1.8718823069402997	False	False	unlabelled	"[""R1932""]"	"[""R1932""]"
YALI1E03300g	not newly verified	not established by this analysis	existing putative annotation; native function not newly verified	unlabelled_unknown	null	0.9999999999999634	1.0	1.8718823069402997	False	False	unlabelled	[]	[]
YALI1E03387g	not newly verified	  highly similar to DEHA0F08019g Debaryomyces hansenii and uniprot|P49367 Saccharomyces cerevisiae YDR234w LYS4 homoaconitase	existing putative annotation; native function not newly verified	reference_positive	"{""gene_id"": ""YALI1E03387g"", ""source_gene_id"": ""YALI1_E03387g"", ""function"": ""  highly similar to DEHA0F08019g Debaryomyces hansenii and uniprot|P49367 Saccharomyces cerevisiae YDR234w LYS4 homoaconitase"", ""source"": ""https://doi.org/10.1038/s42003-023-04996-8"", ""confidence"": ""consensus_essential_in_at_least_2_of_3_screens""}"	0.04790423872092701	0.047904238720926896	0.08967109688914747	True	True	TP	"[""R24"", ""R395""]"	"[""R24"", ""R395""]"
YALI1E03623g	not newly verified	not established by this analysis	existing putative annotation; native function not newly verified	unlabelled_unknown	null	0.9999999999999979	1.0000000000000004	1.8718823069403003	False	False	unlabelled	"[""R816"", ""R821""]"	"[""R816"", ""R821""]"
YALI1E03762g	not newly verified	  similar to uniprot|P43123 Saccharomyces cerevisiae YDL103c QRI1 UDP-N-acetylglucosamine pyrophosphorylase,similar to Saccharomyces cerevisiae QRI1 (YDL103C)%3B ancestral locus Anc_2.348	existing putative annotation; native function not newly verified	reference_positive	"{""gene_id"": ""YALI1E03762g"", ""source_gene_id"": ""YALI1_E03762g"", ""function"": ""  similar to uniprot|P43123 Saccharomyces cerevisiae YDL103c QRI1 UDP-N-acetylglucosamine pyrophosphorylase,similar to Saccharomyces cerevisiae QRI1 (YDL103C)%3B ancestral locus Anc_2.348"", ""source"": ""https://doi.org/10.1038/s42003-023-04996-8"", ""confidence"": ""consensus_essential_in_at_least_2_of_3_screens""}"	0.0	0.0	0.0	True	True	TP	"[""R2108"", ""R778""]"	"[""R2108"", ""R778""]"
YALI1E03870g	not newly verified	not established by this analysis	existing putative annotation; native function not newly verified	unlabelled_unknown	null	1.0000000000000253	0.9999999999999979	1.8718823069402957	False	False	unlabelled	"[""R2"", ""R3""]"	"[""R2"", ""R3""]"
YALI1E04744g	not newly verified	similar to Saccharomyces cerevisiae GPI11 (YDR302W)%3B ancestral locus Anc_5.320,  weakly similar to uniprot|Q06636 Saccharomyces cerevisiae YDR302w GPI11 GPI11 - protein involved in glycosylphosphatidylinositol (GPI) biosynthesis	existing putative annotation; native function not newly verified	reference_positive	"{""gene_id"": ""YALI1E04744g"", ""source_gene_id"": ""YALI1_E04744g"", ""function"": ""similar to Saccharomyces cerevisiae GPI11 (YDR302W)%3B ancestral locus Anc_5.320,  weakly similar to uniprot|Q06636 Saccharomyces cerevisiae YDR302w GPI11 GPI11 - protein involved in glycosylphosphatidylinositol (GPI) biosynthesis"", ""source"": ""https://doi.org/10.1038/s42003-023-04996-8"", ""confidence"": ""consensus_essential_in_at_least_2_of_3_screens""}"	1.0000000000000273	0.9999999999999994	1.8718823069402986	False	False	FN	[]	[]
YALI1E04823g	not newly verified	not established by this analysis	existing putative annotation; native function not newly verified	unlabelled_unknown	null	1.0000000000000273	0.9999999999999994	1.8718823069402986	False	False	unlabelled	"[""R911""]"	"[""R911""]"
YALI1E05004g	not newly verified	not established by this analysis	existing putative annotation; native function not newly verified	unlabelled_unknown	null	1.0000000000000273	0.9999999999999983	1.8718823069402966	False	False	unlabelled	"[""R2049"", ""R2053"", ""R2054""]"	"[""R2049"", ""R2053"", ""R2054""]"
YALI1E05074g	not newly verified	not established by this analysis	existing putative annotation; native function not newly verified	unlabelled_unknown	null	1.0000000000000273	0.9999999999999994	1.8718823069402986	False	False	unlabelled	"[""R2183""]"	"[""R2183""]"
YALI1E05103g	not newly verified	not established by this analysis	existing putative annotation; native function not newly verified	unlabelled_unknown	null	1.0000000000000273	0.9999999999999994	1.8718823069402986	False	False	unlabelled	"[""R413"", ""R645""]"	"[""R413"", ""R645""]"
YALI1E05180g	not newly verified	not established by this analysis	existing putative annotation; native function not newly verified	unlabelled_unknown	null	1.0000000000000273	0.9999999999999994	1.8718823069402986	False	False	unlabelled	[]	[]
YALI1E05701g	not newly verified	not established by this analysis	existing putative annotation; native function not newly verified	unlabelled_unknown	null	1.0000000000000273	0.9999999999999994	1.8718823069402986	False	False	unlabelled	[]	[]
YALI1E05731g	not newly verified	not established by this analysis	existing putative annotation; native function not newly verified	unlabelled_unknown	null	0.0	0.0	0.0	True	True	unlabelled	"[""R410""]"	"[""R410""]"
YALI1E05833g	not newly verified	  similar to uniprot|P25345 Saccharomyces cerevisiae YCR024c asn-tRNA synthetase mitochondrial,similar to Saccharomyces cerevisiae SLM5 (YCR024C)%3B ancestral locus Anc_1.449	existing putative annotation; native function not newly verified	reference_positive	"{""gene_id"": ""YALI1E05833g"", ""source_gene_id"": ""YALI1_E05833g"", ""function"": ""  similar to uniprot|P25345 Saccharomyces cerevisiae YCR024c asn-tRNA synthetase mitochondrial,similar to Saccharomyces cerevisiae SLM5 (YCR024C)%3B ancestral locus Anc_1.449"", ""source"": ""https://doi.org/10.1038/s42003-023-04996-8"", ""confidence"": ""consensus_essential_in_at_least_2_of_3_screens""}"	0.999999999999979	0.9999999999999971	1.8718823069402943	False	False	FN	"[""R158""]"	"[""R158""]"
YALI1E05907g	not newly verified	  similar to uniprot|P38707 Saccharomyces cerevisiae YHR019c DED81 asparaginyl-tRNA-synthetase,similar to Saccharomyces cerevisiae DED81 (YHR019C)%3B ancestral locus Anc_1.353	existing putative annotation; native function not newly verified	reference_positive	"{""gene_id"": ""YALI1E05907g"", ""source_gene_id"": ""YALI1_E05907g"", ""function"": ""  similar to uniprot|P38707 Saccharomyces cerevisiae YHR019c DED81 asparaginyl-tRNA-synthetase,similar to Saccharomyces cerevisiae DED81 (YHR019C)%3B ancestral locus Anc_1.353"", ""source"": ""https://doi.org/10.1038/s42003-023-04996-8"", ""confidence"": ""consensus_essential_in_at_least_2_of_3_screens""}"	0.0	0.0	0.0	True	True	TP	"[""R157""]"	"[""R157""]"
YALI1E05929g	not newly verified	  similar to uniprot|P38708 Saccharomyces cerevisiae Putative prolyl-tRNA synthetase YHR020W,similar to Saccharomyces cerevisiae YHR020W%3B ancestral locus Anc_1.352	existing putative annotation; native function not newly verified	reference_positive	"{""gene_id"": ""YALI1E05929g"", ""source_gene_id"": ""YALI1_E05929g"", ""function"": ""  similar to uniprot|P38708 Saccharomyces cerevisiae Putative prolyl-tRNA synthetase YHR020W,similar to Saccharomyces cerevisiae YHR020W%3B ancestral locus Anc_1.352"", ""source"": ""https://doi.org/10.1038/s42003-023-04996-8"", ""confidence"": ""consensus_essential_in_at_least_2_of_3_screens""}"	1.0000000000000362	1.0000000000000009	1.8718823069403012	False	False	FN	[]	[]
YALI1E05963g	not newly verified	  weakly similar to uniprot|P38635 Saccharomyces cerevisiae YFR025c HIS2 histidinol phosphatase,similar to Saccharomyces cerevisiae HIS2 (YFR025C)%3B ancestral locus Anc_1.351	existing putative annotation; native function not newly verified	reference_positive	"{""gene_id"": ""YALI1E05963g"", ""source_gene_id"": ""YALI1_E05963g"", ""function"": ""  weakly similar to uniprot|P38635 Saccharomyces cerevisiae YFR025c HIS2 histidinol phosphatase,similar to Saccharomyces cerevisiae HIS2 (YFR025C)%3B ancestral locus Anc_1.351"", ""source"": ""https://doi.org/10.1038/s42003-023-04996-8"", ""confidence"": ""consensus_essential_in_at_least_2_of_3_screens""}"	0.08516849581212897	0.08516849581212878	0.15942540041944286	True	True	TP	"[""R390""]"	"[""R390""]"
YALI1E06015g	not newly verified	  similar to uniprot|P28834 Saccharomyces cerevisiae YNL037c IDH1 isocitrate dehydrogenase (NAD+) subunit 1 mitochondrial,similar to Saccharomyces cerevisiae IDH1 (YNL037C)%3B ancestral locus Anc_2.278	existing putative annotation; native function not newly verified	reference_positive	"{""gene_id"": ""YALI1E06015g"", ""source_gene_id"": ""YALI1_E06015g"", ""function"": ""  similar to uniprot|P28834 Saccharomyces cerevisiae YNL037c IDH1 isocitrate dehydrogenase (NAD+) subunit 1 mitochondrial,similar to Saccharomyces cerevisiae IDH1 (YNL037C)%3B ancestral locus Anc_2.278"", ""source"": ""https://doi.org/10.1038/s42003-023-04996-8"", ""confidence"": ""consensus_essential_in_at_least_2_of_3_screens""}"	0.9999999999999849	1.0000000000000002	1.8718823069403001	False	False	FN	"[""R487""]"	"[""R487""]"
YALI1E06056g	not newly verified	not established by this analysis	existing putative annotation; native function not newly verified	unlabelled_unknown	null	0.9999999999999806	1.0000000000000002	1.8718823069403001	False	False	unlabelled	"[""R2184""]"	"[""R2184""]"
YALI1E06573g	not newly verified	not established by this analysis	existing putative annotation; native function not newly verified	unlabelled_unknown	null	0.9999999999999806	1.0000000000000002	1.8718823069403001	False	False	unlabelled	"[""R2062""]"	"[""R2062""]"
YALI1E06759g	not newly verified	  similar to uniprot|P08524 Saccharomyces cerevisiae YJL167w ERG20 farnesyl-pyrophosphate synthetase,similar to Saccharomyces cerevisiae ERG20 (YJL167W)%3B ancestral locus Anc_1.176	existing putative annotation; native function not newly verified	reference_positive	"{""gene_id"": ""YALI1E06759g"", ""source_gene_id"": ""YALI1_E06759g"", ""function"": ""  similar to uniprot|P08524 Saccharomyces cerevisiae YJL167w ERG20 farnesyl-pyrophosphate synthetase,similar to Saccharomyces cerevisiae ERG20 (YJL167W)%3B ancestral locus Anc_1.176"", ""source"": ""https://doi.org/10.1038/s42003-023-04996-8"", ""confidence"": ""consensus_essential_in_at_least_2_of_3_screens""}"	0.0	0.0	0.0	True	True	TP	"[""R282"", ""R322""]"	"[""R282"", ""R322""]"
YALI1E07121g	not newly verified	not established by this analysis	existing putative annotation; native function not newly verified	unlabelled_unknown	null	1.0000000000000053	0.9999999999999971	1.8718823069402943	False	False	unlabelled	[]	[]
YALI1E07347g	not newly verified	  similar to uniprot|O74787 Schizosaccharomyces pombe SPBC26H8.03 Phosphatidylethanolamine N-methyltransferase,similar to Saccharomyces cerevisiae CHO2 (YGR157W)%3B ancestral locus Anc_4.64	existing putative annotation; native function not newly verified	reference_positive	"{""gene_id"": ""YALI1E07347g"", ""source_gene_id"": ""YALI1_E07347g"", ""function"": ""  similar to uniprot|O74787 Schizosaccharomyces pombe SPBC26H8.03 Phosphatidylethanolamine N-methyltransferase,similar to Saccharomyces cerevisiae CHO2 (YGR157W)%3B ancestral locus Anc_4.64"", ""source"": ""https://doi.org/10.1038/s42003-023-04996-8"", ""confidence"": ""consensus_essential_in_at_least_2_of_3_screens""}"	0.0	0.0	0.0	True	True	TP	"[""R1835""]"	"[""R1835""]"
YALI1E07506g	not newly verified	  similar to uniprot|P24521 Saccharomyces cerevisiae YMR220w ERG8 phosphomevalonate kinase,similar to Saccharomyces cerevisiae ERG8 (YMR220W)%3B ancestral locus Anc_8.737	existing putative annotation; native function not newly verified	reference_positive	"{""gene_id"": ""YALI1E07506g"", ""source_gene_id"": ""YALI1_E07506g"", ""function"": ""  similar to uniprot|P24521 Saccharomyces cerevisiae YMR220w ERG8 phosphomevalonate kinase,similar to Saccharomyces cerevisiae ERG8 (YMR220W)%3B ancestral locus Anc_8.737"", ""source"": ""https://doi.org/10.1038/s42003-023-04996-8"", ""confidence"": ""consensus_essential_in_at_least_2_of_3_screens""}"	0.0	0.0	0.0	True	True	TP	"[""R646""]"	"[""R646""]"
YALI1E07601g	not newly verified	not established by this analysis	existing putative annotation; native function not newly verified	unlabelled_unknown	null	1.0000000000000089	0.9999999999999988	1.8718823069402974	False	False	unlabelled	"[""R648""]"	"[""R648""]"
YALI1E07676g	not newly verified	not established by this analysis	existing putative annotation; native function not newly verified	unlabelled_unknown	null	0.04790423872092701	0.047904238720926896	0.08967109688914747	True	True	unlabelled	"[""R505""]"	"[""R505""]"
YALI1E07744g	not newly verified	  similar to uniprot|P23254 Saccharomyces cerevisiae YPR074c TKL1 transketolase 1 or uniprot|P33315 Saccharomyces cerevisiae YBR117c TKL2 transketolase 2,similar to Saccharomyces cerevisiae TKL2 (YBR117C) and TKL1 (YPR074C)%3B ancestral locus Anc_3.372	existing putative annotation; native function not newly verified	reference_positive	"{""gene_id"": ""YALI1E07744g"", ""source_gene_id"": ""YALI1_E07744g"", ""function"": ""  similar to uniprot|P23254 Saccharomyces cerevisiae YPR074c TKL1 transketolase 1 or uniprot|P33315 Saccharomyces cerevisiae YBR117c TKL2 transketolase 2,similar to Saccharomyces cerevisiae TKL2 (YBR117C) and TKL1 (YPR074C)%3B ancestral locus Anc_3.372"", ""source"": ""https://doi.org/10.1038/s42003-023-04996-8"", ""confidence"": ""consensus_essential_in_at_least_2_of_3_screens""}"	0.9999999999999973	0.9999999999999998	1.8718823069402992	False	False	FN	[]	[]
YALI1E07899g	not newly verified	not established by this analysis	existing putative annotation; native function not newly verified	unlabelled_unknown	null	0.9999999999999973	0.9999999999999998	1.8718823069402992	False	False	unlabelled	[]	[]
YALI1E08382g	not newly verified	similar to Saccharomyces cerevisiae BNA6 (YFR047C)%3B ancestral locus Anc_3.563,  highly similar to uniprot|P43619 Saccharomyces cerevisiae YFR047c putative nicotinate-nucleotide pyrophosphorylase [carboxylating]	existing putative annotation; native function not newly verified	reference_positive	"{""gene_id"": ""YALI1E08382g"", ""source_gene_id"": ""YALI1_E08382g"", ""function"": ""similar to Saccharomyces cerevisiae BNA6 (YFR047C)%3B ancestral locus Anc_3.563,  highly similar to uniprot|P43619 Saccharomyces cerevisiae YFR047c putative nicotinate-nucleotide pyrophosphorylase [carboxylating]"", ""source"": ""https://doi.org/10.1038/s42003-023-04996-8"", ""confidence"": ""consensus_essential_in_at_least_2_of_3_screens""}"	0.9985539228140599	0.9985539228140392	1.8691754206414297	False	False	FN	"[""R581"", ""R582""]"	"[""R581"", ""R582""]"
YALI1E08530g	not newly verified	  weakly similar to uniprot|Q06667 Saccharomyces cerevisiae YDR315c IPK1 inositol 1 3 4 5 6- pentakisphosphate 2-kinase (IP5 2-kinase),similar to Saccharomyces cerevisiae IPK1 (YDR315C)%3B ancestral locus Anc_5.342	existing putative annotation; native function not newly verified	reference_positive	"{""gene_id"": ""YALI1E08530g"", ""source_gene_id"": ""YALI1_E08530g"", ""function"": ""  weakly similar to uniprot|Q06667 Saccharomyces cerevisiae YDR315c IPK1 inositol 1 3 4 5 6- pentakisphosphate 2-kinase (IP5 2-kinase),similar to Saccharomyces cerevisiae IPK1 (YDR315C)%3B ancestral locus Anc_5.342"", ""source"": ""https://doi.org/10.1038/s42003-023-04996-8"", ""confidence"": ""consensus_essential_in_at_least_2_of_3_screens""}"	0.9999999999999934	0.9999999999999999	1.8718823069402994	False	False	FN	"[""R422""]"	"[""R422""]"
YALI1E08575g	not newly verified	not established by this analysis	existing putative annotation; native function not newly verified	unlabelled_unknown	null	0.9999999999999934	0.9999999999999998	1.8718823069402992	False	False	unlabelled	[]	[]
YALI1E08620g	not newly verified	not established by this analysis	existing putative annotation; native function not newly verified	unlabelled_unknown	null	0.9999999999999934	0.9999999999999998	1.8718823069402992	False	False	unlabelled	[]	[]
YALI1E08937g	not newly verified	not established by this analysis	existing putative annotation; native function not newly verified	unlabelled_unknown	null	0.9999999999999934	0.9999999999999998	1.8718823069402992	False	False	unlabelled	"[""R151""]"	"[""R151""]"
YALI1E09329g	not newly verified	not established by this analysis	existing putative annotation; native function not newly verified	unlabelled_unknown	null	0.9999999999999934	0.9999999999999998	1.8718823069402992	False	False	unlabelled	[]	[]
YALI1E10210g	not newly verified	not established by this analysis	existing putative annotation; native function not newly verified	unlabelled_unknown	null	0.9999999999999934	0.9999999999999998	1.8718823069402992	False	False	unlabelled	[]	[]
YALI1E10364g	not newly verified	not established by this analysis	existing putative annotation; native function not newly verified	unlabelled_unknown	null	1.0000000000000069	1.0000000000000033	1.8718823069403059	False	False	unlabelled	"[""R_CYSS_m"", ""R_CYST_II""]"	"[""R_CYSS_m"", ""R_CYST_II""]"
YALI1E10492g	not newly verified	  weakly similar to uniprot|P41807 Saccharomyces cerevisiae YPR036w VMA13 H+-ATPase V1 domain 54 KD subunit vacuolar,similar to Saccharomyces cerevisiae VMA13 (YPR036W)%3B ancestral locus Anc_7.450	existing putative annotation; native function not newly verified	reference_positive	"{""gene_id"": ""YALI1E10492g"", ""source_gene_id"": ""YALI1_E10492g"", ""function"": ""  weakly similar to uniprot|P41807 Saccharomyces cerevisiae YPR036w VMA13 H+-ATPase V1 domain 54 KD subunit vacuolar,similar to Saccharomyces cerevisiae VMA13 (YPR036W)%3B ancestral locus Anc_7.450"", ""source"": ""https://doi.org/10.1038/s42003-023-04996-8"", ""confidence"": ""consensus_essential_in_at_least_2_of_3_screens""}"	1.0000000000000207	1.0000000000000013	1.8718823069403023	False	False	FN	[]	[]
YALI1E10951g	not newly verified	not established by this analysis	existing putative annotation; native function not newly verified	unlabelled_unknown	null	1.0000000000000207	1.0000000000000013	1.8718823069403023	False	False	unlabelled	[]	[]
YALI1E11255g	not newly verified	not established by this analysis	existing putative annotation; native function not newly verified	unlabelled_unknown	null	1.0000000000000207	1.0000000000000004	1.8718823069403003	False	False	unlabelled	"[""R244"", ""r0210""]"	"[""R244"", ""r0210""]"
YALI1E11370g	not newly verified	similar to Saccharomyces cerevisiae PET112 (YBL080C)%3B ancestral locus Anc_7.403,  weakly similar to uniprot|P33893 Saccharomyces cerevisiae YBL080c PET112 required to maintain rho+ mitochondrial DNA	existing putative annotation; native function not newly verified	reference_positive	"{""gene_id"": ""YALI1E11370g"", ""source_gene_id"": ""YALI1_E11370g"", ""function"": ""similar to Saccharomyces cerevisiae PET112 (YBL080C)%3B ancestral locus Anc_7.403,  weakly similar to uniprot|P33893 Saccharomyces cerevisiae YBL080c PET112 required to maintain rho+ mitochondrial DNA"", ""source"": ""https://doi.org/10.1038/s42003-023-04996-8"", ""confidence"": ""consensus_essential_in_at_least_2_of_3_screens""}"	1.0000000000000207	1.0000000000000004	1.8718823069403003	False	False	FN	[]	[]
YALI1E11415g	not newly verified	  weakly similar to uniprot|P18898 Saccharomyces cerevisiae YGL155w CDC43 geranylgeranyltransferase beta subunit,similar to Saccharomyces cerevisiae CDC43 (YGL155W)%3B ancestral locus Anc_2.312	existing putative annotation; native function not newly verified	reference_positive	"{""gene_id"": ""YALI1E11415g"", ""source_gene_id"": ""YALI1_E11415g"", ""function"": ""  weakly similar to uniprot|P18898 Saccharomyces cerevisiae YGL155w CDC43 geranylgeranyltransferase beta subunit,similar to Saccharomyces cerevisiae CDC43 (YGL155W)%3B ancestral locus Anc_2.312"", ""source"": ""https://doi.org/10.1038/s42003-023-04996-8"", ""confidence"": ""consensus_essential_in_at_least_2_of_3_screens""}"	1.0000000000000207	1.0000000000000004	1.8718823069403003	False	False	FN	[]	[]
YALI1E11510g	not newly verified	not established by this analysis	existing putative annotation; native function not newly verified	unlabelled_unknown	null	0.04790423872092701	0.047904238720926896	0.08967109688914747	True	True	unlabelled	"[""R505""]"	"[""R505""]"
YALI1E11768g	not newly verified	not established by this analysis	existing putative annotation; native function not newly verified	unlabelled_unknown	null	1.0000000000000249	0.9999999999999979	1.8718823069402957	False	False	unlabelled	[]	[]
YALI1E11943g	not newly verified	not established by this analysis	existing putative annotation; native function not newly verified	unlabelled_unknown	null	1.0000000000000249	0.9999999999999979	1.8718823069402957	False	False	unlabelled	"[""R329""]"	"[""R329""]"
YALI1E12482g	not newly verified	similar to Saccharomyces cerevisiae STV1 (YMR054W)%3B ancestral locus Anc_2.617,  similar to uniprot|P32563 Saccharomyces cerevisiae YOR270c VPH1 H+-ATPase V0 domain 95K subunit vacuolar	existing putative annotation; native function not newly verified	reference_positive	"{""gene_id"": ""YALI1E12482g"", ""source_gene_id"": ""YALI1_E12482g"", ""function"": ""similar to Saccharomyces cerevisiae STV1 (YMR054W)%3B ancestral locus Anc_2.617,  similar to uniprot|P32563 Saccharomyces cerevisiae YOR270c VPH1 H+-ATPase V0 domain 95K subunit vacuolar"", ""source"": ""https://doi.org/10.1038/s42003-023-04996-8"", ""confidence"": ""consensus_essential_in_at_least_2_of_3_screens""}"	1.0000000000000249	0.9999999999999979	1.8718823069402957	False	False	FN	[]	[]
YALI1E12730g	not newly verified	  similar to uniprot|P00427 Saccharomyces cerevisiae YHR051w COX6 cytochrome-c oxidase subunit VI,similar to Saccharomyces cerevisiae COX6 (YHR051W)%3B ancestral locus Anc_5.280	existing putative annotation; native function not newly verified	reference_positive	"{""gene_id"": ""YALI1E12730g"", ""source_gene_id"": ""YALI1_E12730g"", ""function"": ""  similar to uniprot|P00427 Saccharomyces cerevisiae YHR051w COX6 cytochrome-c oxidase subunit VI,similar to Saccharomyces cerevisiae COX6 (YHR051W)%3B ancestral locus Anc_5.280"", ""source"": ""https://doi.org/10.1038/s42003-023-04996-8"", ""confidence"": ""consensus_essential_in_at_least_2_of_3_screens""}"	1.0000000000000249	1.0000000000000027	1.8718823069403048	False	False	FN	"[""R304""]"	"[""R304""]"
YALI1E12893g	not newly verified	not established by this analysis	existing putative annotation; native function not newly verified	unlabelled_unknown	null	1.0000000000000249	1.0000000000000027	1.8718823069403048	False	False	unlabelled	[]	[]
YALI1E12987g	not newly verified	not established by this analysis	existing putative annotation; native function not newly verified	unlabelled_unknown	null	1.0000000000000044	1.0000000000000027	1.8718823069403048	False	False	unlabelled	"[""R511"", ""R514""]"	"[""R511"", ""R514""]"
YALI1E13223g	not newly verified	not established by this analysis	existing putative annotation; native function not newly verified	unlabelled_unknown	null	1.0000000000000044	1.0000000000000027	1.8718823069403048	False	False	unlabelled	[]	[]
YALI1E13329g	not newly verified	not established by this analysis	existing putative annotation; native function not newly verified	unlabelled_unknown	null	1.0000000000000044	1.0000000000000027	1.8718823069403048	False	False	unlabelled	[]	[]
YALI1E13514g	not newly verified	not established by this analysis	existing putative annotation; native function not newly verified	unlabelled_unknown	null	1.0000000000000044	1.0000000000000027	1.8718823069403048	False	False	unlabelled	"[""R870"", ""R879""]"	[]
YALI1E13899g	not newly verified	not established by this analysis	existing putative annotation; native function not newly verified	unlabelled_unknown	null	1.0000000000000044	1.0000000000000027	1.8718823069403048	False	False	unlabelled	"[""R83""]"	"[""R83""]"
YALI1E14125g	not newly verified	  similar to uniprot|P48836 Saccharomyces cerevisiae YHR039ca VMA10 H+-transporting ATPase V0 domain 13 KD subunit vacuolar,similar to Saccharomyces cerevisiae VMA10 (YHR039C-A)%3B ancestral locus Anc_5.304	existing putative annotation; native function not newly verified	reference_positive	"{""gene_id"": ""YALI1E14125g"", ""source_gene_id"": ""YALI1_E14125g"", ""function"": ""  similar to uniprot|P48836 Saccharomyces cerevisiae YHR039ca VMA10 H+-transporting ATPase V0 domain 13 KD subunit vacuolar,similar to Saccharomyces cerevisiae VMA10 (YHR039C-A)%3B ancestral locus Anc_5.304"", ""source"": ""https://doi.org/10.1038/s42003-023-04996-8"", ""confidence"": ""consensus_essential_in_at_least_2_of_3_screens""}"	1.0000000000000044	1.0000000000000027	1.8718823069403048	False	False	FN	[]	[]
YALI1E14153g	not newly verified	not established by this analysis	existing putative annotation; native function not newly verified	unlabelled_unknown	null	1.0000000000000044	1.0000000000000027	1.8718823069403048	False	False	unlabelled	"[""R726"", ""R727""]"	"[""R726"", ""R727""]"
YALI1E14316g	not newly verified	not established by this analysis	existing putative annotation; native function not newly verified	unlabelled_unknown	null	1.0000000000000044	1.0000000000000027	1.8718823069403048	False	False	unlabelled	"[""R116""]"	"[""R116""]"
YALI1E14505g	not newly verified	not established by this analysis	existing putative annotation; native function not newly verified	unlabelled_unknown	null	1.0000000000000044	1.0000000000000027	1.8718823069403048	False	False	unlabelled	[]	[]
YALI1E14619g	not newly verified	not established by this analysis	existing putative annotation; native function not newly verified	unlabelled_unknown	null	1.0000000000000044	1.0000000000000027	1.8718823069403048	False	False	unlabelled	"[""R2251"", ""R2252""]"	"[""R2251"", ""R2252""]"
YALI1E14709g	not newly verified	not established by this analysis	existing putative annotation; native function not newly verified	unlabelled_unknown	null	1.0000000000000044	1.0000000000000027	1.8718823069403048	False	False	unlabelled	"[""R57""]"	"[""R57""]"
YALI1E14925g	not newly verified	  similar to uniprot|Q07830 Saccharomyces cerevisiae YLL031c GPI13 protein involved in glycosylphosphatidylinositol biosynthesis,similar to Saccharomyces cerevisiae GPI13 (YLL031C)%3B ancestral locus Anc_4.28	existing putative annotation; native function not newly verified	reference_positive	"{""gene_id"": ""YALI1E14925g"", ""source_gene_id"": ""YALI1_E14925g"", ""function"": ""  similar to uniprot|Q07830 Saccharomyces cerevisiae YLL031c GPI13 protein involved in glycosylphosphatidylinositol biosynthesis,similar to Saccharomyces cerevisiae GPI13 (YLL031C)%3B ancestral locus Anc_4.28"", ""source"": ""https://doi.org/10.1038/s42003-023-04996-8"", ""confidence"": ""consensus_essential_in_at_least_2_of_3_screens""}"	1.0000000000000044	1.0000000000000027	1.8718823069403048	False	False	FN	[]	[]
YALI1E15432g	not newly verified	similar to Saccharomyces cerevisiae OPI3 (YJR073C)%3B ancestral locus Anc_1.526,  similar to uniprot|P05375 Saccharomyces cerevisiae YJR073c OPI3 methylene-fatty-acyl-phospholipid synthase	existing putative annotation; native function not newly verified	reference_positive	"{""gene_id"": ""YALI1E15432g"", ""source_gene_id"": ""YALI1_E15432g"", ""function"": ""similar to Saccharomyces cerevisiae OPI3 (YJR073C)%3B ancestral locus Anc_1.526,  similar to uniprot|P05375 Saccharomyces cerevisiae YJR073c OPI3 methylene-fatty-acyl-phospholipid synthase"", ""source"": ""https://doi.org/10.1038/s42003-023-04996-8"", ""confidence"": ""consensus_essential_in_at_least_2_of_3_screens""}"	0.0	0.0	0.0	True	True	TP	"[""R1844"", ""R1845""]"	"[""R1844"", ""R1845""]"
YALI1E15452g	not newly verified	not established by this analysis	existing putative annotation; native function not newly verified	unlabelled_unknown	null	0.9999999999999966	0.9999999999999978	1.8718823069402954	False	False	unlabelled	"[""R257"", ""R513"", ""R801""]"	"[""R257"", ""R513"", ""R801""]"
YALI1E15555g	not newly verified	not established by this analysis	existing putative annotation; native function not newly verified	unlabelled_unknown	null	0.9999999999999967	1.0000000000000002	1.8718823069403	False	False	unlabelled	"[""R2082""]"	"[""R2082""]"
YALI1E15606g	not newly verified	similar to uniprot|P10174 Saccharomyces cerevisiae YMR256C COX7 Cytochrome c oxidase polypeptide VII,similar to Saccharomyces cerevisiae COX7 (YMR256C)%3B ancestral locus Anc_8.807	existing putative annotation; native function not newly verified	reference_positive	"{""gene_id"": ""YALI1E15606g"", ""source_gene_id"": ""YALI1_E15606g"", ""function"": ""similar to uniprot|P10174 Saccharomyces cerevisiae YMR256C COX7 Cytochrome c oxidase polypeptide VII,similar to Saccharomyces cerevisiae COX7 (YMR256C)%3B ancestral locus Anc_8.807"", ""source"": ""https://doi.org/10.1038/s42003-023-04996-8"", ""confidence"": ""consensus_essential_in_at_least_2_of_3_screens""}"	0.9999999999999882	0.9999999999999983	1.8718823069402966	False	False	FN	"[""R304""]"	"[""R304""]"
YALI1E15659g	not newly verified	  highly similar to uniprot|P05694 Saccharomyces cerevisiae YER091c MET6 5- methyltetrahydropteroyltriglutamate--homocysteine methyltransferase,similar to Saccharomyces cerevisiae MET6 (YER091C)%3B ancestral locus Anc_7.378	existing putative annotation; native function not newly verified	reference_positive	"{""gene_id"": ""YALI1E15659g"", ""source_gene_id"": ""YALI1_E15659g"", ""function"": ""  highly similar to uniprot|P05694 Saccharomyces cerevisiae YER091c MET6 5- methyltetrahydropteroyltriglutamate--homocysteine methyltransferase,similar to Saccharomyces cerevisiae MET6 (YER091C)%3B ancestral locus Anc_7.378"", ""source"": ""https://doi.org/10.1038/s42003-023-04996-8"", ""confidence"": ""consensus_essential_in_at_least_2_of_3_screens""}"	0.08007917143739866	0.08007917143739848	0.14989878416810523	True	True	TP	"[""R545"", ""R65""]"	"[""R545"", ""R65""]"
YALI1E15804g	not newly verified	not established by this analysis	existing putative annotation; native function not newly verified	unlabelled_unknown	null	0.9999999999999883	1.0000000000000024	1.8718823069403043	False	False	unlabelled	[]	[]
YALI1E16002g	not newly verified	not established by this analysis	existing putative annotation; native function not newly verified	unlabelled_unknown	null	0.11002421982935945	0.1100242198293592	0.20595239043348756	True	True	unlabelled	"[""R609""]"	"[""R609""]"
YALI1E16068g	not newly verified	not established by this analysis	existing putative annotation; native function not newly verified	unlabelled_unknown	null	0.0	0.0	0.0	True	True	unlabelled	"[""R392"", ""R393""]"	"[""R392"", ""R393""]"
YALI1E16694g	not newly verified	similar to Saccharomyces cerevisiae BET4 (YJL031C)%3B ancestral locus Anc_5.243,  similar to uniprot|O94412 Schizosaccharomyces pombe Putative rab geranylgeranyltransferase alpha sub unit	existing putative annotation; native function not newly verified	reference_positive	"{""gene_id"": ""YALI1E16694g"", ""source_gene_id"": ""YALI1_E16694g"", ""function"": ""similar to Saccharomyces cerevisiae BET4 (YJL031C)%3B ancestral locus Anc_5.243,  similar to uniprot|O94412 Schizosaccharomyces pombe Putative rab geranylgeranyltransferase alpha sub unit"", ""source"": ""https://doi.org/10.1038/s42003-023-04996-8"", ""confidence"": ""consensus_essential_in_at_least_2_of_3_screens""}"	1.0000000000000262	1.0000000000000029	1.8718823069403052	False	False	FN	[]	[]
YALI1E17162g	not newly verified	similar to Saccharomyces cerevisiae PGS1 (YCL004W)%3B ancestral locus Anc_1.415,  similar to uniprot|P25578 Saccharomyces cerevisiae YCL004w PEL1 phosphatidylglycerophosphate synthase	existing putative annotation; native function not newly verified	reference_positive	"{""gene_id"": ""YALI1E17162g"", ""source_gene_id"": ""YALI1_E17162g"", ""function"": ""similar to Saccharomyces cerevisiae PGS1 (YCL004W)%3B ancestral locus Anc_1.415,  similar to uniprot|P25578 Saccharomyces cerevisiae YCL004w PEL1 phosphatidylglycerophosphate synthase"", ""source"": ""https://doi.org/10.1038/s42003-023-04996-8"", ""confidence"": ""consensus_essential_in_at_least_2_of_3_screens""}"	1.0000000000000262	1.0000000000000029	1.8718823069403052	False	False	FN	"[""R1836""]"	"[""R1836""]"
YALI1E17214g	not newly verified	not established by this analysis	existing putative annotation; native function not newly verified	unlabelled_unknown	null	0.9999999999999958	0.9999999999999998	1.8718823069402992	False	False	unlabelled	"[""R534"", ""R_MDHy""]"	"[""R534"", ""R_MDHy""]"
YALI1E17258g	not newly verified	not established by this analysis	existing putative annotation; native function not newly verified	unlabelled_unknown	null	1.000000000000005	1.0	1.8718823069402997	False	False	unlabelled	"[""R746""]"	[]
YALI1E17326g	not newly verified	not established by this analysis	existing putative annotation; native function not newly verified	unlabelled_unknown	null	1.000000000000005	1.0	1.8718823069402997	False	False	unlabelled	[]	[]
YALI1E17355g	not newly verified	not established by this analysis	existing putative annotation; native function not newly verified	unlabelled_unknown	null	1.000000000000005	1.0	1.8718823069402997	False	False	unlabelled	[]	[]
YALI1E17431g	not newly verified	  similar to uniprot|P38221 Saccharomyces cerevisiae YBR029c CDS1 CDP-diacylglycerol synthase singleton,similar to Saccharomyces cerevisiae CDS1 (YBR029C)%3B ancestral locus Anc_3.230	existing putative annotation; native function not newly verified	reference_positive	"{""gene_id"": ""YALI1E17431g"", ""source_gene_id"": ""YALI1_E17431g"", ""function"": ""  similar to uniprot|P38221 Saccharomyces cerevisiae YBR029c CDS1 CDP-diacylglycerol synthase singleton,similar to Saccharomyces cerevisiae CDS1 (YBR029C)%3B ancestral locus Anc_3.230"", ""source"": ""https://doi.org/10.1038/s42003-023-04996-8"", ""confidence"": ""consensus_essential_in_at_least_2_of_3_screens""}"	0.0	0.0	0.0	True	True	TP	"[""R196"", ""R197""]"	"[""R196"", ""R197""]"
YALI1E17574g	not newly verified	similar to Saccharomyces cerevisiae GRS1 (YBR121C) and GRS2 (YPR081C)%3B ancestral locus Anc_3.381,  similar to uniprot|P38088 Saccharomyces cerevisiae YBR121c GRS1 glycine--tRNA ligase	existing putative annotation; native function not newly verified	reference_positive	"{""gene_id"": ""YALI1E17574g"", ""source_gene_id"": ""YALI1_E17574g"", ""function"": ""similar to Saccharomyces cerevisiae GRS1 (YBR121C) and GRS2 (YPR081C)%3B ancestral locus Anc_3.381,  similar to uniprot|P38088 Saccharomyces cerevisiae YBR121c GRS1 glycine--tRNA ligase"", ""source"": ""https://doi.org/10.1038/s42003-023-04996-8"", ""confidence"": ""consensus_essential_in_at_least_2_of_3_screens""}"	0.0	0.0	0.0	True	True	TP	"[""R368""]"	"[""R368""]"
YALI1E17616g	not newly verified	not established by this analysis	existing putative annotation; native function not newly verified	unlabelled_unknown	null	0.0	0.0	0.0	True	True	unlabelled	"[""R143""]"	"[""R143""]"
YALI1E17699g	not newly verified	not established by this analysis	existing putative annotation; native function not newly verified	unlabelled_unknown	null	1.0000000000000107	1.0000000000000022	1.8718823069403039	False	False	unlabelled	[]	[]
YALI1E17754g	not newly verified	not established by this analysis	existing putative annotation; native function not newly verified	unlabelled_unknown	null	0.9999999999999885	0.9999999999999994	1.8718823069402986	False	False	unlabelled	"[""R148""]"	"[""R148""]"
YALI1E17935g	not newly verified	not established by this analysis	existing putative annotation; native function not newly verified	unlabelled_unknown	null	0.9999999999999885	0.9999999999999994	1.8718823069402986	False	False	unlabelled	[]	[]
YALI1E18121g	not newly verified	not established by this analysis	existing putative annotation; native function not newly verified	unlabelled_unknown	null	0.9999999999999885	0.9999999999999994	1.8718823069402986	False	False	unlabelled	[]	[]
YALI1E18171g	not newly verified	not established by this analysis	existing putative annotation; native function not newly verified	unlabelled_unknown	null	0.9999999999999885	0.9999999999999994	1.8718823069402986	False	False	unlabelled	[]	[]
YALI1E18242g	not newly verified	not established by this analysis	existing putative annotation; native function not newly verified	unlabelled_unknown	null	0.9999999999999885	0.9999999999999994	1.8718823069402986	False	False	unlabelled	[]	[]
YALI1E18269g	not newly verified	similar to Saccharomyces cerevisiae CAT5 (YOR125C)%3B ancestral locus Anc_5.445,  similar to uniprot|P41735 Saccharomyces cerevisiae YOR125c CAT5 involved in coenzyme Q (ubiquinone) biosynthesis	existing putative annotation; native function not newly verified	reference_positive	"{""gene_id"": ""YALI1E18269g"", ""source_gene_id"": ""YALI1_E18269g"", ""function"": ""similar to Saccharomyces cerevisiae CAT5 (YOR125C)%3B ancestral locus Anc_5.445,  similar to uniprot|P41735 Saccharomyces cerevisiae YOR125c CAT5 involved in coenzyme Q (ubiquinone) biosynthesis"", ""source"": ""https://doi.org/10.1038/s42003-023-04996-8"", ""confidence"": ""consensus_essential_in_at_least_2_of_3_screens""}"	0.9999999999999885	0.9999999999999994	1.8718823069402986	False	False	FN	"[""R695""]"	"[""R695""]"
YALI1E18441g	not newly verified	not established by this analysis	existing putative annotation; native function not newly verified	unlabelled_unknown	null	0.9999999999999951	0.9999999999999976	1.871882306940295	False	False	unlabelled	"[""R1499"", ""R1500"", ""R1501"", ""R1502"", ""R1503"", ""R1504"", ""R1505"", ""R1506"", ""R1507"", ""R1511"", ""R1512"", ""R1513"", ""R1514"", ""R1515"", ""R1516"", ""R1517"", ""R1518"", ""R1519"", ""R1520"", ""R1521"", ""R1522"", ""R1523"", ""R1524"", ""R1525"", ""R1526"", ""R1527"", ""R1528"", ""R1529"", ""R1530"", ""R1531"", ""R1532"", ""R1533"", ""R42""]"	"[""R1499"", ""R1500"", ""R1501"", ""R1502"", ""R1503"", ""R1504"", ""R1505"", ""R1506"", ""R1507"", ""R1511"", ""R1512"", ""R1513"", ""R1514"", ""R1515"", ""R1516"", ""R1517"", ""R1518"", ""R1519"", ""R1520"", ""R1521"", ""R1522"", ""R1523"", ""R1524"", ""R1525"", ""R1526"", ""R1527"", ""R1528"", ""R1529"", ""R1530"", ""R1531"", ""R1532"", ""R1533"", ""R42""]"
YALI1E18480g	not newly verified	not established by this analysis	existing putative annotation; native function not newly verified	unlabelled_unknown	null	1.0000000000000162	0.9999999999999996	1.8718823069402988	False	False	unlabelled	"[""R2253"", ""R2257"", ""R2261""]"	"[""R2253"", ""R2257"", ""R2261""]"
YALI1E18539g	not newly verified	not established by this analysis	existing putative annotation; native function not newly verified	unlabelled_unknown	null	1.0000000000000109	1.0000000000000004	1.8718823069403006	False	False	unlabelled	[]	[]
YALI1E18927g	not newly verified	not established by this analysis	existing putative annotation; native function not newly verified	unlabelled_unknown	null	1.0000000000000109	1.0000000000000004	1.8718823069403006	False	False	unlabelled	[]	[]
YALI1E18961g	not newly verified	similar to Saccharomyces cerevisiae ERG1 (YGR175C)%3B ancestral locus Anc_5.185,  similar to uniprot|P32476 Saccharomyces cerevisiae YGR175c ERG1 squalene monooxygenase	existing putative annotation; native function not newly verified	reference_positive	"{""gene_id"": ""YALI1E18961g"", ""source_gene_id"": ""YALI1_E18961g"", ""function"": ""similar to Saccharomyces cerevisiae ERG1 (YGR175C)%3B ancestral locus Anc_5.185,  similar to uniprot|P32476 Saccharomyces cerevisiae YGR175c ERG1 squalene monooxygenase"", ""source"": ""https://doi.org/10.1038/s42003-023-04996-8"", ""confidence"": ""consensus_essential_in_at_least_2_of_3_screens""}"	0.0	0.0	0.0	True	True	TP	"[""R737"", ""R738""]"	"[""R737"", ""R738""]"
YALI1E19014g	not newly verified	not established by this analysis	existing putative annotation; native function not newly verified	unlabelled_unknown	null	0.9999999999999877	0.9999999999999961	1.8718823069402923	False	False	unlabelled	[]	[]
YALI1E19036g	not newly verified	not established by this analysis	existing putative annotation; native function not newly verified	unlabelled_unknown	null	0.9999999999999877	0.9999999999999961	1.8718823069402923	False	False	unlabelled	[]	[]
YALI1E19172g	not newly verified	not established by this analysis	existing putative annotation; native function not newly verified	unlabelled_unknown	null	0.99999999999999	0.9999999999999982	1.8718823069402963	False	False	unlabelled	"[""R1457"", ""R1458"", ""R1459"", ""R1872"", ""R1898"", ""R2043"", ""R297"", ""R298"", ""R299"", ""R300"", ""R301""]"	"[""R1457"", ""R1458"", ""R1459"", ""R1872"", ""R1898"", ""R2043"", ""R297"", ""R298"", ""R299"", ""R300"", ""R301""]"
YALI1E19263g	not newly verified	not established by this analysis	existing putative annotation; native function not newly verified	unlabelled_unknown	null	0.99999999999999	0.9999999999999963	1.8718823069402928	False	False	unlabelled	[]	[]
YALI1E19557g	not newly verified	not established by this analysis	existing putative annotation; native function not newly verified	unlabelled_unknown	null	0.99999999999999	0.9999999999999963	1.8718823069402928	False	False	unlabelled	[]	[]
YALI1E19603g	not newly verified	not established by this analysis	existing putative annotation; native function not newly verified	unlabelled_unknown	null	0.13471617422929175	0.13471617422929083	0.25217282299849625	True	True	unlabelled	"[""R745""]"	"[""R745""]"
YALI1E19647g	not newly verified	  similar to uniprot|P36107 Saccharomyces cerevisiae YKL004w AUR1 aureobasidin-resistance protein	existing putative annotation; native function not newly verified	reference_positive	"{""gene_id"": ""YALI1E19647g"", ""source_gene_id"": ""YALI1_E19647g"", ""function"": ""  similar to uniprot|P36107 Saccharomyces cerevisiae YKL004w AUR1 aureobasidin-resistance protein"", ""source"": ""https://doi.org/10.1038/s42003-023-04996-8"", ""confidence"": ""consensus_essential_in_at_least_2_of_3_screens""}"	0.9999999999999691	0.9999999999999999	1.8718823069402994	False	False	FN	"[""R1815"", ""R1816"", ""R1817"", ""R1818"", ""R1819"", ""R1820"", ""R1821"", ""R1822"", ""R1823"", ""R1824"", ""R1825"", ""R1826"", ""R1827"", ""R1828"", ""R1829"", ""R1830"", ""R1831"", ""R1832"", ""R1833"", ""R1834""]"	[]
YALI1E19682g	not newly verified	  similar to uniprot|P40556 Saccharomyces cerevisiae YIL006w Putative mitochondrial carrier	existing putative annotation; native function not newly verified	reference_positive	"{""gene_id"": ""YALI1E19682g"", ""source_gene_id"": ""YALI1_E19682g"", ""function"": ""  similar to uniprot|P40556 Saccharomyces cerevisiae YIL006w Putative mitochondrial carrier"", ""source"": ""https://doi.org/10.1038/s42003-023-04996-8"", ""confidence"": ""consensus_essential_in_at_least_2_of_3_screens""}"	0.9999999999999691	0.9999999999999999	1.8718823069402994	False	False	FN	"[""R903"", ""R904"", ""R905"", ""R906""]"	"[""R903"", ""R904"", ""R905"", ""R906""]"
YALI1E19852g	not newly verified	not established by this analysis	existing putative annotation; native function not newly verified	unlabelled_unknown	null	0.9999999999999691	0.9999999999999999	1.8718823069402994	False	False	unlabelled	"[""R128"", ""R1939"", ""R1940""]"	"[""R128"", ""R1939"", ""R1940""]"
YALI1E19902g	not newly verified	similar to Saccharomyces cerevisiae COX12 (YLR038C)%3B ancestral locus Anc_2.403,  similar to uniprot|Q01519 Saccharomyces cerevisiae YLR038c COX12 cytochrome-c oxidase subunit VIB	existing putative annotation; native function not newly verified	reference_positive	"{""gene_id"": ""YALI1E19902g"", ""source_gene_id"": ""YALI1_E19902g"", ""function"": ""similar to Saccharomyces cerevisiae COX12 (YLR038C)%3B ancestral locus Anc_2.403,  similar to uniprot|Q01519 Saccharomyces cerevisiae YLR038c COX12 cytochrome-c oxidase subunit VIB"", ""source"": ""https://doi.org/10.1038/s42003-023-04996-8"", ""confidence"": ""consensus_essential_in_at_least_2_of_3_screens""}"	0.9999999999999691	0.999999999999991	1.8718823069402828	False	False	FN	"[""R304""]"	"[""R304""]"
YALI1E19958g	not newly verified	not established by this analysis	existing putative annotation; native function not newly verified	unlabelled_unknown	null	0.9999999999999691	0.9999999999999876	1.8718823069402764	False	False	unlabelled	"[""R380"", ""R414"", ""R800""]"	"[""R380"", ""R414"", ""R800""]"
YALI1E20016g	not newly verified	not established by this analysis	existing putative annotation; native function not newly verified	unlabelled_unknown	null	0.9999999999999691	0.9999999999999876	1.8718823069402764	False	False	unlabelled	"[""R1441""]"	"[""R1441""]"
YALI1E20049g	not newly verified	not established by this analysis	existing putative annotation; native function not newly verified	unlabelled_unknown	null	0.9999999999999691	0.9999999999999876	1.8718823069402764	False	False	unlabelled	"[""R1728"", ""R1729""]"	"[""R1728"", ""R1729""]"
YALI1E20159g	not newly verified	not established by this analysis	existing putative annotation; native function not newly verified	unlabelled_unknown	null	0.9999999999999691	0.9999999999999876	1.8718823069402764	False	False	unlabelled	"[""R212"", ""R293""]"	"[""R212"", ""R293""]"
YALI1E20192g	not newly verified	  similar to uniprot|P19262 Saccharomyces cerevisiae YDR148c KGD2 2-oxoglutarate dehydrogenase complex E2 component,similar to Saccharomyces cerevisiae KGD2 (YDR148C)%3B ancestral locus Anc_8.329	existing putative annotation; native function not newly verified	reference_positive	"{""gene_id"": ""YALI1E20192g"", ""source_gene_id"": ""YALI1_E20192g"", ""function"": ""  similar to uniprot|P19262 Saccharomyces cerevisiae YDR148c KGD2 2-oxoglutarate dehydrogenase complex E2 component,similar to Saccharomyces cerevisiae KGD2 (YDR148C)%3B ancestral locus Anc_8.329"", ""source"": ""https://doi.org/10.1038/s42003-023-04996-8"", ""confidence"": ""consensus_essential_in_at_least_2_of_3_screens""}"	0.9999999999999691	0.9999999999999876	1.8718823069402764	False	False	FN	"[""R1976"", ""R613"", ""R614""]"	"[""R1976"", ""R613"", ""R614""]"
YALI1E20626g	not newly verified	similar to Saccharomyces cerevisiae SUR2 (YDR297W)%3B ancestral locus Anc_5.314,  some similarities with uniprot|P38992 Saccharomyces cerevisiae YDR297w SUR2 required for the hydroxylation of C-4 of the sphingoid moiety of ceramide	existing putative annotation; native function not newly verified	reference_positive	"{""gene_id"": ""YALI1E20626g"", ""source_gene_id"": ""YALI1_E20626g"", ""function"": ""similar to Saccharomyces cerevisiae SUR2 (YDR297W)%3B ancestral locus Anc_5.314,  some similarities with uniprot|P38992 Saccharomyces cerevisiae YDR297w SUR2 required for the hydroxylation of C-4 of the sphingoid moiety of ceramide"", ""source"": ""https://doi.org/10.1038/s42003-023-04996-8"", ""confidence"": ""consensus_essential_in_at_least_2_of_3_screens""}"	0.9999999999999691	0.9999999999999876	1.8718823069402764	False	False	FN	"[""R198"", ""R200"", ""R2136"", ""R664""]"	"[""R198"", ""R200"", ""R2136"", ""R664""]"
YALI1E20666g	not newly verified	not established by this analysis	existing putative annotation; native function not newly verified	unlabelled_unknown	null	0.9999999999999691	0.9999999999999876	1.8718823069402764	False	False	unlabelled	"[""R372""]"	"[""R372""]"
YALI1E20751g	not newly verified	  similar to uniprot|P32178 Saccharomyces cerevisiae YPR060c ARO7 chorismate mutase,similar to Saccharomyces cerevisiae ARO7 (YPR060C)%3B ancestral locus Anc_3.349	existing putative annotation; native function not newly verified	reference_positive	"{""gene_id"": ""YALI1E20751g"", ""source_gene_id"": ""YALI1_E20751g"", ""function"": ""  similar to uniprot|P32178 Saccharomyces cerevisiae YPR060c ARO7 chorismate mutase,similar to Saccharomyces cerevisiae ARO7 (YPR060C)%3B ancestral locus Anc_3.349"", ""source"": ""https://doi.org/10.1038/s42003-023-04996-8"", ""confidence"": ""consensus_essential_in_at_least_2_of_3_screens""}"	0.1764326894405012	0.17643268944050078	0.33026122972956606	False	False	FN	"[""R214""]"	"[""R214""]"
YALI1E20766g	not newly verified	not established by this analysis	existing putative annotation; native function not newly verified	unlabelled_unknown	null	1.000000000000012	1.0000000000000016	1.8718823069403026	False	False	unlabelled	"[""R74""]"	"[""R74""]"
YALI1E20885g	not newly verified	not established by this analysis	existing putative annotation; native function not newly verified	unlabelled_unknown	null	1.000000000000012	0.9999999999999976	1.871882306940295	False	False	unlabelled	"[""R311""]"	"[""R311""]"
YALI1E21128g	not newly verified	not established by this analysis	existing putative annotation; native function not newly verified	unlabelled_unknown	null	1.000000000000012	0.9999999999999976	1.871882306940295	False	False	unlabelled	[]	[]
YALI1E21230g	not newly verified	  similar to uniprot|P48525 Saccharomyces cerevisiae YOL033w MSE1 glutamyl-tRNA synthetase mitochondrial singleton,similar to Saccharomyces cerevisiae MSE1 (YOL033W)%3B ancestral locus Anc_7.100	existing putative annotation; native function not newly verified	reference_positive	"{""gene_id"": ""YALI1E21230g"", ""source_gene_id"": ""YALI1_E21230g"", ""function"": ""  similar to uniprot|P48525 Saccharomyces cerevisiae YOL033w MSE1 glutamyl-tRNA synthetase mitochondrial singleton,similar to Saccharomyces cerevisiae MSE1 (YOL033W)%3B ancestral locus Anc_7.100"", ""source"": ""https://doi.org/10.1038/s42003-023-04996-8"", ""confidence"": ""consensus_essential_in_at_least_2_of_3_screens""}"	1.000000000000012	0.9999999999999976	1.871882306940295	False	False	FN	"[""R338""]"	"[""R338""]"
YALI1E21312g	not newly verified	  similar to uniprot|Q06892 Saccharomyces cerevisiae YPL188w POS5 protein	existing putative annotation; native function not newly verified	reference_positive	"{""gene_id"": ""YALI1E21312g"", ""source_gene_id"": ""YALI1_E21312g"", ""function"": ""  similar to uniprot|Q06892 Saccharomyces cerevisiae YPL188w POS5 protein"", ""source"": ""https://doi.org/10.1038/s42003-023-04996-8"", ""confidence"": ""consensus_essential_in_at_least_2_of_3_screens""}"	1.000000000000012	0.9999999999999976	1.871882306940295	False	False	FN	[]	[]
YALI1E21345g	not newly verified	similar to Saccharomyces cerevisiae YDR341C and MSR1 (YHR091C)%3B ancestral locus Anc_5.393,  similar to uniprot|Q05506 Saccharomyces cerevisiae YDR341c arginyl-tRNA synthetase cytosolic	existing putative annotation; native function not newly verified	reference_positive	"{""gene_id"": ""YALI1E21345g"", ""source_gene_id"": ""YALI1_E21345g"", ""function"": ""similar to Saccharomyces cerevisiae YDR341C and MSR1 (YHR091C)%3B ancestral locus Anc_5.393,  similar to uniprot|Q05506 Saccharomyces cerevisiae YDR341c arginyl-tRNA synthetase cytosolic"", ""source"": ""https://doi.org/10.1038/s42003-023-04996-8"", ""confidence"": ""consensus_essential_in_at_least_2_of_3_screens""}"	0.0	0.0	0.0	True	True	TP	"[""R154"", ""R155""]"	"[""R154"", ""R155""]"
YALI1E21406g	not newly verified	not established by this analysis	existing putative annotation; native function not newly verified	unlabelled_unknown	null	1.0000000000000102	1.0	1.8718823069402997	False	False	unlabelled	"[""R340""]"	"[""R340""]"
YALI1E21478g	not newly verified	not established by this analysis	existing putative annotation; native function not newly verified	unlabelled_unknown	null	1.0000000000000102	1.0	1.8718823069402997	False	False	unlabelled	[]	[]
YALI1E21552g	not newly verified	not established by this analysis	existing putative annotation; native function not newly verified	unlabelled_unknown	null	1.0000000000000102	1.0	1.8718823069402997	False	False	unlabelled	[]	[]
YALI1E21915g	not newly verified	not established by this analysis	existing putative annotation; native function not newly verified	unlabelled_unknown	null	1.0000000000000102	1.0	1.8718823069402997	False	False	unlabelled	"[""R2066"", ""R2120"", ""R50""]"	"[""R2066"", ""R2120"", ""R50""]"
YALI1E21983g	not newly verified	not established by this analysis	existing putative annotation; native function not newly verified	unlabelled_unknown	null	1.0000000000000102	1.0	1.8718823069402997	False	False	unlabelled	"[""R394""]"	"[""R394""]"
YALI1E22041g	not newly verified	not established by this analysis	existing putative annotation; native function not newly verified	unlabelled_unknown	null	1.0000000000000102	1.0	1.8718823069402997	False	False	unlabelled	[]	[]
YALI1E22238g	not newly verified	not established by this analysis	existing putative annotation; native function not newly verified	unlabelled_unknown	null	1.000000000000012	1.0	1.8718823069402997	False	False	unlabelled	"[""R1534"", ""R1535"", ""R1536"", ""R1537"", ""R1538"", ""R1539"", ""R1540"", ""R1541"", ""R1542"", ""R1543"", ""R1544"", ""R1545"", ""R79"", ""R80"", ""R81"", ""R84"", ""R85"", ""R86""]"	"[""R1534"", ""R1535"", ""R1536"", ""R1537"", ""R1538"", ""R1539"", ""R1540"", ""R1541"", ""R1542"", ""R1543"", ""R1544"", ""R1545"", ""R79"", ""R80"", ""R81"", ""R84"", ""R85"", ""R86""]"
YALI1E22262g	not newly verified	  similar to uniprot|Q9UUS5 Colletotrichum gloeosporioides Malonyl CoA-acyl carrier protein transacylase,similar to Saccharomyces cerevisiae MCT1 (YOR221C)%3B ancestral locus Anc_8.643	existing putative annotation; native function not newly verified	reference_positive	"{""gene_id"": ""YALI1E22262g"", ""source_gene_id"": ""YALI1_E22262g"", ""function"": ""  similar to uniprot|Q9UUS5 Colletotrichum gloeosporioides Malonyl CoA-acyl carrier protein transacylase,similar to Saccharomyces cerevisiae MCT1 (YOR221C)%3B ancestral locus Anc_8.643"", ""source"": ""https://doi.org/10.1038/s42003-023-04996-8"", ""confidence"": ""consensus_essential_in_at_least_2_of_3_screens""}"	0.9999999999999909	1.0	1.8718823069402997	False	False	FN	[]	[]
YALI1E22303g	not newly verified	not established by this analysis	existing putative annotation; native function not newly verified	unlabelled_unknown	null	0.9577274982104763	0.9577274982104736	1.792753158770383	False	False	unlabelled	"[""R538"", ""R_OAADCm""]"	"[""R538"", ""R_OAADCm""]"
YALI1E22633g	not newly verified	similar to Saccharomyces cerevisiae SPO14 (YKR031C)%3B ancestral locus Anc_1.251,  weakly similar to uniprot|P36126 Saccharomyces cerevisiae YKR031c SPO14 phospholipase D	existing putative annotation; native function not newly verified	reference_positive	"{""gene_id"": ""YALI1E22633g"", ""source_gene_id"": ""YALI1_E22633g"", ""function"": ""similar to Saccharomyces cerevisiae SPO14 (YKR031C)%3B ancestral locus Anc_1.251,  weakly similar to uniprot|P36126 Saccharomyces cerevisiae YKR031c SPO14 phospholipase D"", ""source"": ""https://doi.org/10.1038/s42003-023-04996-8"", ""confidence"": ""consensus_essential_in_at_least_2_of_3_screens""}"	0.9999999999999942	1.0000000000000027	1.8718823069403046	False	False	FN	"[""R1743"", ""R1842""]"	"[""R1743"", ""R1842""]"
YALI1E22718g	not newly verified	similar to Saccharomyces cerevisiae SEC59 (YMR013C)%3B ancestral locus Anc_2.560,  some similarities with uniprot|P20048 Saccharomyces cerevisiae YMR013c SEC59 dolichol kinase	existing putative annotation; native function not newly verified	reference_positive	"{""gene_id"": ""YALI1E22718g"", ""source_gene_id"": ""YALI1_E22718g"", ""function"": ""similar to Saccharomyces cerevisiae SEC59 (YMR013C)%3B ancestral locus Anc_2.560,  some similarities with uniprot|P20048 Saccharomyces cerevisiae YMR013c SEC59 dolichol kinase"", ""source"": ""https://doi.org/10.1038/s42003-023-04996-8"", ""confidence"": ""consensus_essential_in_at_least_2_of_3_screens""}"	1.0000000000000127	1.000000000000002	1.8718823069403032	False	False	FN	"[""R287""]"	"[""R287""]"
YALI1E22736g	not newly verified	  similar to uniprot|P33333 Saccharomyces cerevisiae YDL052c SLC1 fatty acyltransferase	existing putative annotation; native function not newly verified	reference_positive	"{""gene_id"": ""YALI1E22736g"", ""source_gene_id"": ""YALI1_E22736g"", ""function"": ""  similar to uniprot|P33333 Saccharomyces cerevisiae YDL052c SLC1 fatty acyltransferase"", ""source"": ""https://doi.org/10.1038/s42003-023-04996-8"", ""confidence"": ""consensus_essential_in_at_least_2_of_3_screens""}"	1.0000000000000127	1.000000000000002	1.8718823069403032	False	False	FN	[]	[]
YALI1E23635g	not newly verified	not established by this analysis	existing putative annotation; native function not newly verified	unlabelled_unknown	null	1.0000000000000127	1.000000000000002	1.8718823069403032	False	False	unlabelled	"[""R304""]"	"[""R304""]"
YALI1E23809g	not newly verified	not established by this analysis	existing putative annotation; native function not newly verified	unlabelled_unknown	null	1.0000000000000127	1.000000000000002	1.8718823069403032	False	False	unlabelled	[]	[]
YALI1E23988g	not newly verified	not established by this analysis	existing putative annotation; native function not newly verified	unlabelled_unknown	null	1.0000000000000127	1.000000000000002	1.8718823069403032	False	False	unlabelled	"[""R1947""]"	"[""R1947""]"
YALI1E24028g	not newly verified	not established by this analysis	existing putative annotation; native function not newly verified	unlabelled_unknown	null	1.0000000000000127	1.000000000000002	1.8718823069403032	False	False	unlabelled	[]	[]
YALI1E24113g	not newly verified	not established by this analysis	existing putative annotation; native function not newly verified	unlabelled_unknown	null	1.0000000000000127	1.000000000000002	1.8718823069403032	False	False	unlabelled	[]	[]
YALI1E24149g	not newly verified	similar to Saccharomyces cerevisiae SPE2 (YOL052C)%3B ancestral locus Anc_8.800,  similar to uniprot|P21182 Saccharomyces cerevisiae YOL052c SPE2 adenosylmethionine decarboxylase precursor	existing putative annotation; native function not newly verified	reference_positive	"{""gene_id"": ""YALI1E24149g"", ""source_gene_id"": ""YALI1_E24149g"", ""function"": ""similar to Saccharomyces cerevisiae SPE2 (YOL052C)%3B ancestral locus Anc_8.800,  similar to uniprot|P21182 Saccharomyces cerevisiae YOL052c SPE2 adenosylmethionine decarboxylase precursor"", ""source"": ""https://doi.org/10.1038/s42003-023-04996-8"", ""confidence"": ""consensus_essential_in_at_least_2_of_3_screens""}"	1.0000000000000127	1.000000000000002	1.8718823069403032	False	False	FN	[]	[]
YALI1E24245g	not newly verified	not established by this analysis	existing putative annotation; native function not newly verified	unlabelled_unknown	null	1.0000000000000127	1.000000000000002	1.8718823069403032	False	False	unlabelled	[]	[]
YALI1E24318g	not newly verified	not established by this analysis	existing putative annotation; native function not newly verified	unlabelled_unknown	null	1.0000000000000127	1.000000000000002	1.8718823069403032	False	False	unlabelled	[]	[]
YALI1E24461g	not newly verified	  similar to uniprot|Q96X05 Emericella nidulans Sno- type pyridoxine vitamin B6 biosynthetic protein SNO1	existing putative annotation; native function not newly verified	reference_positive	"{""gene_id"": ""YALI1E24461g"", ""source_gene_id"": ""YALI1_E24461g"", ""function"": ""  similar to uniprot|Q96X05 Emericella nidulans Sno- type pyridoxine vitamin B6 biosynthetic protein SNO1"", ""source"": ""https://doi.org/10.1038/s42003-023-04996-8"", ""confidence"": ""consensus_essential_in_at_least_2_of_3_screens""}"	1.0000000000000127	1.000000000000002	1.8718823069403032	False	False	FN	"[""R2188""]"	"[""R2188""]"
YALI1E24479g	not newly verified	not established by this analysis	existing putative annotation; native function not newly verified	unlabelled_unknown	null	1.0000000000000127	1.000000000000002	1.8718823069403032	False	False	unlabelled	[]	[]
YALI1E24532g	not newly verified	not established by this analysis	existing putative annotation; native function not newly verified	unlabelled_unknown	null	1.0000000000000127	1.000000000000002	1.8718823069403032	False	False	unlabelled	[]	[]
YALI1E24567g	not newly verified	not established by this analysis	existing putative annotation; native function not newly verified	unlabelled_unknown	null	1.0000000000000127	1.000000000000002	1.8718823069403032	False	False	unlabelled	[]	[]
YALI1E24922g	not newly verified	not established by this analysis	existing putative annotation; native function not newly verified	unlabelled_unknown	null	1.0000000000000067	1.0000000000000007	1.8718823069403008	False	False	unlabelled	"[""R2073"", ""R624"", ""R770"", ""R773""]"	"[""R2073"", ""R624"", ""R770"", ""R773""]"
YALI1E25018g	not newly verified	  uniprot|Q9UVK9 Yarrowia lipolytica 1 3-beta-glucan synthase activity	existing putative annotation; native function not newly verified	reference_positive	"{""gene_id"": ""YALI1E25018g"", ""source_gene_id"": ""YALI1_E25018g"", ""function"": ""  uniprot|Q9UVK9 Yarrowia lipolytica 1 3-beta-glucan synthase activity"", ""source"": ""https://doi.org/10.1038/s42003-023-04996-8"", ""confidence"": ""consensus_essential_in_at_least_2_of_3_screens""}"	1.0000000000000067	1.0000000000000007	1.8718823069403008	False	False	FN	[]	[]
YALI1E25290g	not newly verified	not established by this analysis	existing putative annotation; native function not newly verified	unlabelled_unknown	null	1.0000000000000073	0.9999999999999954	1.8718823069402912	False	False	unlabelled	"[""R731""]"	"[""R731""]"
YALI1E25364g	not newly verified	not established by this analysis	existing putative annotation; native function not newly verified	unlabelled_unknown	null	1.0000000000000084	0.9999999999999954	1.8718823069402912	False	False	unlabelled	[]	[]
YALI1E25400g	not newly verified	not established by this analysis	existing putative annotation; native function not newly verified	unlabelled_unknown	null	1.0000000000000084	0.9999999999999954	1.8718823069402912	False	False	unlabelled	"[""R2086""]"	"[""R2086""]"
YALI1E25443g	not newly verified	similar to Saccharomyces cerevisiae THI80 (YOR143C)%3B ancestral locus Anc_5.479,  weakly similar to uniprot|P35202 Saccharomyces cerevisiae YOR143c THI80 thiamin pyrophosphokinase	existing putative annotation; native function not newly verified	reference_positive	"{""gene_id"": ""YALI1E25443g"", ""source_gene_id"": ""YALI1_E25443g"", ""function"": ""similar to Saccharomyces cerevisiae THI80 (YOR143C)%3B ancestral locus Anc_5.479,  weakly similar to uniprot|P35202 Saccharomyces cerevisiae YOR143c THI80 thiamin pyrophosphokinase"", ""source"": ""https://doi.org/10.1038/s42003-023-04996-8"", ""confidence"": ""consensus_essential_in_at_least_2_of_3_screens""}"	1.0000000000000084	0.9999999999999954	1.8718823069402912	False	False	FN	"[""R752"", ""R753""]"	"[""R752"", ""R753""]"
YALI1E25585g	not newly verified	not established by this analysis	existing putative annotation; native function not newly verified	unlabelled_unknown	null	1.0000000000000084	0.9999999999999954	1.8718823069402912	False	False	unlabelled	[]	[]
YALI1E25932g	not newly verified	  weakly similar to uniprot|P23797 Saccharomyces cerevisiae YMR281w GPI12 N-acetylglucosaminyl phosphatidylinositol deacetylase,similar to Saccharomyces cerevisiae GPI12 (YMR281W)%3B ancestral locus Anc_8.846	existing putative annotation; native function not newly verified	reference_positive	"{""gene_id"": ""YALI1E25932g"", ""source_gene_id"": ""YALI1_E25932g"", ""function"": ""  weakly similar to uniprot|P23797 Saccharomyces cerevisiae YMR281w GPI12 N-acetylglucosaminyl phosphatidylinositol deacetylase,similar to Saccharomyces cerevisiae GPI12 (YMR281W)%3B ancestral locus Anc_8.846"", ""source"": ""https://doi.org/10.1038/s42003-023-04996-8"", ""confidence"": ""consensus_essential_in_at_least_2_of_3_screens""}"	1.0000000000000084	0.9999999999999954	1.8718823069402912	False	False	FN	"[""R371""]"	"[""R371""]"
YALI1E26181g	not newly verified	not established by this analysis	existing putative annotation; native function not newly verified	unlabelled_unknown	null	1.0000000000000084	0.9999999999999954	1.8718823069402912	False	False	unlabelled	[]	[]
YALI1E26513g	not newly verified	not established by this analysis	existing putative annotation; native function not newly verified	unlabelled_unknown	null	1.0000000000000084	0.9999999999999954	1.8718823069402912	False	False	unlabelled	[]	[]
YALI1E26811g	not newly verified	  similar to uniprot|P11412 Saccharomyces cerevisiae YNL241c ZWF1 glucose-6-phosphate dehydrogenase,similar to Saccharomyces cerevisiae ZWF1 (YNL241C)%3B ancestral locus Anc_2.3	existing putative annotation; native function not newly verified	reference_positive	"{""gene_id"": ""YALI1E26811g"", ""source_gene_id"": ""YALI1_E26811g"", ""function"": ""  similar to uniprot|P11412 Saccharomyces cerevisiae YNL241c ZWF1 glucose-6-phosphate dehydrogenase,similar to Saccharomyces cerevisiae ZWF1 (YNL241C)%3B ancestral locus Anc_2.3"", ""source"": ""https://doi.org/10.1038/s42003-023-04996-8"", ""confidence"": ""consensus_essential_in_at_least_2_of_3_screens""}"	1.0000000000000084	0.9999999999999954	1.8718823069402912	False	False	FN	"[""R325""]"	"[""R325""]"
YALI1E27113g	not newly verified	not established by this analysis	existing putative annotation; native function not newly verified	unlabelled_unknown	null	1.0000000000000084	0.9999999999999954	1.8718823069402912	False	False	unlabelled	"[""R2057""]"	"[""R2057""]"
YALI1E27144g	not newly verified	similar to Saccharomyces cerevisiae FRS1 (YLR060W)%3B ancestral locus Anc_8.33,  similar to uniprot|O13432 Candida albicans FRS1 Phenylalanyl-tRNA synthetase beta chain (EC 6.1.1.20)	existing putative annotation; native function not newly verified	reference_positive	"{""gene_id"": ""YALI1E27144g"", ""source_gene_id"": ""YALI1_E27144g"", ""function"": ""similar to Saccharomyces cerevisiae FRS1 (YLR060W)%3B ancestral locus Anc_8.33,  similar to uniprot|O13432 Candida albicans FRS1 Phenylalanyl-tRNA synthetase beta chain (EC 6.1.1.20)"", ""source"": ""https://doi.org/10.1038/s42003-023-04996-8"", ""confidence"": ""consensus_essential_in_at_least_2_of_3_screens""}"	0.0	0.0	0.0	True	True	TP	"[""R625""]"	"[""R625""]"
YALI1E27218g	not newly verified	not established by this analysis	existing putative annotation; native function not newly verified	unlabelled_unknown	null	1.000000000000013	1.0000000000000033	1.8718823069403059	False	False	unlabelled	"[""R2062""]"	"[""R2062""]"
YALI1E27279g	not newly verified	not established by this analysis	existing putative annotation; native function not newly verified	unlabelled_unknown	null	1.000000000000013	1.0000000000000033	1.8718823069403059	False	False	unlabelled	"[""R1393""]"	"[""R1393""]"
YALI1E27441g	not newly verified	not established by this analysis	existing putative annotation; native function not newly verified	unlabelled_unknown	null	1.000000000000013	1.0000000000000033	1.8718823069403059	False	False	unlabelled	[]	[]
YALI1E27791g	not newly verified	not established by this analysis	existing putative annotation; native function not newly verified	unlabelled_unknown	null	1.000000000000013	1.0000000000000033	1.8718823069403059	False	False	unlabelled	[]	[]
YALI1E28097g	not newly verified	not established by this analysis	existing putative annotation; native function not newly verified	unlabelled_unknown	null	1.000000000000013	1.0000000000000033	1.8718823069403059	False	False	unlabelled	[]	[]
YALI1E28300g	not newly verified	not established by this analysis	existing putative annotation; native function not newly verified	unlabelled_unknown	null	1.000000000000013	1.0000000000000033	1.8718823069403059	False	False	unlabelled	[]	[]
YALI1E28545g	not newly verified	not established by this analysis	existing putative annotation; native function not newly verified	unlabelled_unknown	null	1.000000000000013	1.0000000000000033	1.8718823069403059	False	False	unlabelled	[]	[]
YALI1E28575g	not newly verified	not established by this analysis	existing putative annotation; native function not newly verified	unlabelled_unknown	null	1.000000000000013	1.0000000000000033	1.8718823069403059	False	False	unlabelled	"[""R496"", ""R741""]"	"[""R496"", ""R741""]"
YALI1E28631g	not newly verified	not established by this analysis	existing putative annotation; native function not newly verified	unlabelled_unknown	null	0.9999999999999579	0.9999999999999989	1.8718823069402977	False	False	unlabelled	"[""R518""]"	"[""R518""]"
YALI1E28779g	not newly verified	not established by this analysis	existing putative annotation; native function not newly verified	unlabelled_unknown	null	0.9999999999999579	0.9999999999999989	1.8718823069402977	False	False	unlabelled	"[""R931""]"	"[""R931""]"
YALI1E29179g	not newly verified	similar to Saccharomyces cerevisiae MET7 (YOR241W)%3B ancestral locus Anc_8.669,  similar to uniprot|Q08645 Saccharomyces cerevisiae YOR241w MET7 tetrahydrofolylpolyglutamate synthase	existing putative annotation; native function not newly verified	reference_positive	"{""gene_id"": ""YALI1E29179g"", ""source_gene_id"": ""YALI1_E29179g"", ""function"": ""similar to Saccharomyces cerevisiae MET7 (YOR241W)%3B ancestral locus Anc_8.669,  similar to uniprot|Q08645 Saccharomyces cerevisiae YOR241w MET7 tetrahydrofolylpolyglutamate synthase"", ""source"": ""https://doi.org/10.1038/s42003-023-04996-8"", ""confidence"": ""consensus_essential_in_at_least_2_of_3_screens""}"	0.9999999999999579	0.9999999999999989	1.8718823069402977	False	False	FN	[]	[]
YALI1E29319g	not newly verified	similar to Saccharomyces cerevisiae CDC60 (YPL160W)%3B ancestral locus Anc_8.683,  similar to uniprot|P26637 Saccharomyces cerevisiae YPL160w CDC60 leucine--tRNA ligase cytosolic	existing putative annotation; native function not newly verified	reference_positive	"{""gene_id"": ""YALI1E29319g"", ""source_gene_id"": ""YALI1_E29319g"", ""function"": ""similar to Saccharomyces cerevisiae CDC60 (YPL160W)%3B ancestral locus Anc_8.683,  similar to uniprot|P26637 Saccharomyces cerevisiae YPL160w CDC60 leucine--tRNA ligase cytosolic"", ""source"": ""https://doi.org/10.1038/s42003-023-04996-8"", ""confidence"": ""consensus_essential_in_at_least_2_of_3_screens""}"	0.0	0.0	0.0	True	True	TP	"[""R522""]"	"[""R522""]"
YALI1E30014g	not newly verified	not established by this analysis	existing putative annotation; native function not newly verified	unlabelled_unknown	null	1.0000000000000344	0.9999999999999967	1.8718823069402935	False	False	unlabelled	[]	[]
YALI1E30028g	not newly verified	not established by this analysis	existing putative annotation; native function not newly verified	unlabelled_unknown	null	1.0000000000000344	1.0000000000000004	1.8718823069403006	False	False	unlabelled	"[""R404""]"	"[""R404""]"
YALI1E30173g	not newly verified	not established by this analysis	existing putative annotation; native function not newly verified	unlabelled_unknown	null	1.0000000000000344	1.0000000000000004	1.8718823069403006	False	False	unlabelled	[]	[]
YALI1E30400g	not newly verified	not established by this analysis	existing putative annotation; native function not newly verified	unlabelled_unknown	null	1.0000000000000344	1.0000000000000004	1.8718823069403006	False	False	unlabelled	[]	[]
YALI1E30496g	not newly verified	not established by this analysis	existing putative annotation; native function not newly verified	unlabelled_unknown	null	1.0000000000000344	1.0000000000000004	1.8718823069403006	False	False	unlabelled	"[""R379""]"	"[""R379""]"
YALI1E30815g	not newly verified	not established by this analysis	existing putative annotation; native function not newly verified	unlabelled_unknown	null	1.0000000000000344	1.0000000000000004	1.8718823069403006	False	False	unlabelled	"[""R2254"", ""R2258""]"	"[""R2254"", ""R2258""]"
YALI1E30886g	not newly verified	  similar to uniprot|P14540 Saccharomyces cerevisiae YKL060c FBA1 fructose-bisphosphate aldolase,similar to Saccharomyces cerevisiae FBA1 (YKL060C)%3B ancestral locus Anc_2.577	existing putative annotation; native function not newly verified	reference_positive	"{""gene_id"": ""YALI1E30886g"", ""source_gene_id"": ""YALI1_E30886g"", ""function"": ""  similar to uniprot|P14540 Saccharomyces cerevisiae YKL060c FBA1 fructose-bisphosphate aldolase,similar to Saccharomyces cerevisiae FBA1 (YKL060C)%3B ancestral locus Anc_2.577"", ""source"": ""https://doi.org/10.1038/s42003-023-04996-8"", ""confidence"": ""consensus_essential_in_at_least_2_of_3_screens""}"	0.9705218581245969	0.9705218581245417	1.8167026947221534	False	False	FN	"[""R256"", ""R313"", ""R720""]"	"[""R256"", ""R313"", ""R720""]"
YALI1E31685g	not newly verified	not established by this analysis	existing putative annotation; native function not newly verified	unlabelled_unknown	null	1.0000000000000366	0.9999999999999973	1.8718823069402948	False	False	unlabelled	[]	[]
YALI1E31754g	not newly verified	not established by this analysis	existing putative annotation; native function not newly verified	unlabelled_unknown	null	0.9999999999999999	0.9999999999999982	1.8718823069402963	False	False	unlabelled	"[""R779""]"	"[""R779""]"
YALI1E31947g	not newly verified	similar to Saccharomyces cerevisiae PDB1 (YBR221C)%3B ancestral locus Anc_6.119,  highly similar to uniprot|P32473 Saccharomyces cerevisiae YBR221c PDB1 pyruvate dehydrogenase (lipoamide) beta chain precursor	existing putative annotation; native function not newly verified	reference_positive	"{""gene_id"": ""YALI1E31947g"", ""source_gene_id"": ""YALI1_E31947g"", ""function"": ""similar to Saccharomyces cerevisiae PDB1 (YBR221C)%3B ancestral locus Anc_6.119,  highly similar to uniprot|P32473 Saccharomyces cerevisiae YBR221c PDB1 pyruvate dehydrogenase (lipoamide) beta chain precursor"", ""source"": ""https://doi.org/10.1038/s42003-023-04996-8"", ""confidence"": ""consensus_essential_in_at_least_2_of_3_screens""}"	0.9999999999999999	0.9999999999999982	1.8718823069402963	False	False	FN	"[""R693""]"	"[""R693""]"
YALI1E32054g	not newly verified	not established by this analysis	existing putative annotation; native function not newly verified	unlabelled_unknown	null	0.9999999999999999	0.9999999999999982	1.8718823069402963	False	False	unlabelled	[]	[]
YALI1E32118g	not newly verified	not established by this analysis	existing putative annotation; native function not newly verified	unlabelled_unknown	null	0.9999999999999999	0.9999999999999982	1.8718823069402963	False	False	unlabelled	[]	[]
YALI1E32180g	not newly verified	not established by this analysis	existing putative annotation; native function not newly verified	unlabelled_unknown	null	0.9999999999999999	0.9999999999999982	1.8718823069402963	False	False	unlabelled	[]	[]
YALI1E32241g	not newly verified	not established by this analysis	existing putative annotation; native function not newly verified	unlabelled_unknown	null	0.9999999999999999	0.9999999999999982	1.8718823069402963	False	False	unlabelled	[]	[]
YALI1E32315g	not newly verified	not established by this analysis	existing putative annotation; native function not newly verified	unlabelled_unknown	null	0.9999999999999999	0.9999999999999982	1.8718823069402963	False	False	unlabelled	[]	[]
YALI1E32332g	not newly verified	similar to Saccharomyces cerevisiae VMA2 (YBR127C)%3B ancestral locus Anc_3.388,  highly similar to uniprot|P16140 Saccharomyces cerevisiae YBR127c VMA2 H+-ATPase V1 domain 60 KD subunit vacuolar	existing putative annotation; native function not newly verified	reference_positive	"{""gene_id"": ""YALI1E32332g"", ""source_gene_id"": ""YALI1_E32332g"", ""function"": ""similar to Saccharomyces cerevisiae VMA2 (YBR127C)%3B ancestral locus Anc_3.388,  highly similar to uniprot|P16140 Saccharomyces cerevisiae YBR127c VMA2 H+-ATPase V1 domain 60 KD subunit vacuolar"", ""source"": ""https://doi.org/10.1038/s42003-023-04996-8"", ""confidence"": ""consensus_essential_in_at_least_2_of_3_screens""}"	0.9999999999999999	0.9999999999999982	1.8718823069402963	False	False	FN	[]	[]
YALI1E32603g	not newly verified	not established by this analysis	existing putative annotation; native function not newly verified	unlabelled_unknown	null	0.9999999999999999	0.9999999999999982	1.8718823069402963	False	False	unlabelled	[]	[]
YALI1E32908g	not newly verified	not established by this analysis	existing putative annotation; native function not newly verified	unlabelled_unknown	null	0.9999999999999999	0.9999999999999982	1.8718823069402963	False	False	unlabelled	[]	[]
YALI1E33150g	not newly verified	similar to Saccharomyces cerevisiae STT4 (YLR305C)%3B ancestral locus Anc_4.50,  similar to uniprot|P37297 Saccharomyces cerevisiae YLR305c STT4 phosphatidylinositol-4-kinase	existing putative annotation; native function not newly verified	reference_positive	"{""gene_id"": ""YALI1E33150g"", ""source_gene_id"": ""YALI1_E33150g"", ""function"": ""similar to Saccharomyces cerevisiae STT4 (YLR305C)%3B ancestral locus Anc_4.50,  similar to uniprot|P37297 Saccharomyces cerevisiae YLR305c STT4 phosphatidylinositol-4-kinase"", ""source"": ""https://doi.org/10.1038/s42003-023-04996-8"", ""confidence"": ""consensus_essential_in_at_least_2_of_3_screens""}"	0.9999999999999999	0.9999999999999982	1.8718823069402963	False	False	FN	[]	[]
YALI1E33285g	not newly verified	not established by this analysis	existing putative annotation; native function not newly verified	unlabelled_unknown	null	0.9999999999999999	0.9999999999999982	1.8718823069402963	False	False	unlabelled	"[""R663"", ""R730"", ""SPHPL""]"	"[""R663"", ""R730"", ""SPHPL""]"
YALI1E33302g	not newly verified	not established by this analysis	existing putative annotation; native function not newly verified	unlabelled_unknown	null	0.9999999999999999	0.9999999999999982	1.8718823069402963	False	False	unlabelled	[]	[]
YALI1E33633g	not newly verified	  similar to uniprot|P46655 Saccharomyces cerevisiae YGL245w Glutamyl-tRNA synthetase cytoplasmic,similar to Saccharomyces cerevisiae GUS1 (YGL245W)%3B ancestral locus Anc_3.569	existing putative annotation; native function not newly verified	reference_positive	"{""gene_id"": ""YALI1E33633g"", ""source_gene_id"": ""YALI1_E33633g"", ""function"": ""  similar to uniprot|P46655 Saccharomyces cerevisiae YGL245w Glutamyl-tRNA synthetase cytoplasmic,similar to Saccharomyces cerevisiae GUS1 (YGL245W)%3B ancestral locus Anc_3.569"", ""source"": ""https://doi.org/10.1038/s42003-023-04996-8"", ""confidence"": ""consensus_essential_in_at_least_2_of_3_screens""}"	0.0	0.0	0.0	True	True	TP	"[""R337""]"	"[""R337""]"
YALI1E34072g	not newly verified	not established by this analysis	existing putative annotation; native function not newly verified	unlabelled_unknown	null	0.9583567031848099	0.9583567031848161	1.7939309564292936	False	False	unlabelled	"[""R1374"", ""R563""]"	"[""R1374"", ""R563""]"
YALI1E34269g	not newly verified	  similar to uniprot|P80210 Saccharomyces cerevisiae YNL220w ADE12 adenylosuccinate synthetase,similar to Saccharomyces cerevisiae ADE12 (YNL220W)%3B ancestral locus Anc_2.23	existing putative annotation; native function not newly verified	reference_positive	"{""gene_id"": ""YALI1E34269g"", ""source_gene_id"": ""YALI1_E34269g"", ""function"": ""  similar to uniprot|P80210 Saccharomyces cerevisiae YNL220w ADE12 adenylosuccinate synthetase,similar to Saccharomyces cerevisiae ADE12 (YNL220W)%3B ancestral locus Anc_2.23"", ""source"": ""https://doi.org/10.1038/s42003-023-04996-8"", ""confidence"": ""consensus_essential_in_at_least_2_of_3_screens""}"	0.03990077630887114	0.03990077630979911	0.07468955720749561	True	True	TP	"[""R126""]"	"[""R126""]"
YALI1E34408g	not newly verified	  similar to uniprot|P48527 Saccharomyces cerevisiae YPL097W MSY1 Tyrosyl-tRNA synthetase mitochondrial precursor (EC 6.1.1.1) (Tyrosine--tRNA ligase) (TyrRS)	existing putative annotation; native function not newly verified	reference_positive	"{""gene_id"": ""YALI1E34408g"", ""source_gene_id"": ""YALI1_E34408g"", ""function"": ""  similar to uniprot|P48527 Saccharomyces cerevisiae YPL097W MSY1 Tyrosyl-tRNA synthetase mitochondrial precursor (EC 6.1.1.1) (Tyrosine--tRNA ligase) (TyrRS)"", ""source"": ""https://doi.org/10.1038/s42003-023-04996-8"", ""confidence"": ""consensus_essential_in_at_least_2_of_3_screens""}"	1.0000000000000315	1.0000000000000089	1.8718823069403163	False	False	FN	"[""R776""]"	"[""R776""]"
YALI1E34425g	not newly verified	similar to Saccharomyces cerevisiae FAB1 (YFR019W)%3B ancestral locus Anc_1.360,  similar to uniprot|P34756 Saccharomyces cerevisiae YFR019w FAB1 phosphatidylinositol 3-phosphate 5-kinase P10. 3.f8.1	existing putative annotation; native function not newly verified	reference_positive	"{""gene_id"": ""YALI1E34425g"", ""source_gene_id"": ""YALI1_E34425g"", ""function"": ""similar to Saccharomyces cerevisiae FAB1 (YFR019W)%3B ancestral locus Anc_1.360,  similar to uniprot|P34756 Saccharomyces cerevisiae YFR019w FAB1 phosphatidylinositol 3-phosphate 5-kinase P10. 3.f8.1"", ""source"": ""https://doi.org/10.1038/s42003-023-04996-8"", ""confidence"": ""consensus_essential_in_at_least_2_of_3_screens""}"	1.0000000000000315	1.0000000000000089	1.8718823069403163	False	False	FN	"[""R7""]"	"[""R7""]"
YALI1E35005g	not newly verified	similar to Saccharomyces cerevisiae PCM1 (YEL058W)%3B ancestral locus Anc_6.11,  similar to uniprot|P38628 Saccharomyces cerevisiae YEL058w PCM1 phosphoacetylglucosamine mutase singleton	existing putative annotation; native function not newly verified	reference_positive	"{""gene_id"": ""YALI1E35005g"", ""source_gene_id"": ""YALI1_E35005g"", ""function"": ""similar to Saccharomyces cerevisiae PCM1 (YEL058W)%3B ancestral locus Anc_6.11,  similar to uniprot|P38628 Saccharomyces cerevisiae YEL058w PCM1 phosphoacetylglucosamine mutase singleton"", ""source"": ""https://doi.org/10.1038/s42003-023-04996-8"", ""confidence"": ""consensus_essential_in_at_least_2_of_3_screens""}"	0.0	0.0	0.0	True	True	TP	"[""R2109"", ""R632"", ""R640""]"	"[""R2109"", ""R632"", ""R640""]"
YALI1E35082g	not newly verified	  weakly similar to uniprot|P33421 Saccharomyces cerevisiae YKL141w SDH3 cytochrome b560 subunit of respiratory complex II,similar to Saccharomyces cerevisiae SDH3 (YKL141W) and YMR118C%3B ancestral locus Anc_2.423	existing putative annotation; native function not newly verified	reference_positive	"{""gene_id"": ""YALI1E35082g"", ""source_gene_id"": ""YALI1_E35082g"", ""function"": ""  weakly similar to uniprot|P33421 Saccharomyces cerevisiae YKL141w SDH3 cytochrome b560 subunit of respiratory complex II,similar to Saccharomyces cerevisiae SDH3 (YKL141W) and YMR118C%3B ancestral locus Anc_2.423"", ""source"": ""https://doi.org/10.1038/s42003-023-04996-8"", ""confidence"": ""consensus_essential_in_at_least_2_of_3_screens""}"	0.9999999999999949	0.9999999999999872	1.8718823069402757	False	False	FN	"[""R740""]"	"[""R740""]"
YALI1E35410g	not newly verified	not established by this analysis	existing putative annotation; native function not newly verified	unlabelled_unknown	null	0.9999999999999902	0.9999999999999891	1.8718823069402792	False	False	unlabelled	"[""R240""]"	"[""R240""]"
YALI1E35520g	not newly verified	similar to Saccharomyces cerevisiae GSH1 (YJL101C)%3B ancestral locus Anc_1.265,  similar to uniprot|P32477 Saccharomyces cerevisiae YJL101c GSH1 glutamate--cysteine ligase	existing putative annotation; native function not newly verified	reference_positive	"{""gene_id"": ""YALI1E35520g"", ""source_gene_id"": ""YALI1_E35520g"", ""function"": ""similar to Saccharomyces cerevisiae GSH1 (YJL101C)%3B ancestral locus Anc_1.265,  similar to uniprot|P32477 Saccharomyces cerevisiae YJL101c GSH1 glutamate--cysteine ligase"", ""source"": ""https://doi.org/10.1038/s42003-023-04996-8"", ""confidence"": ""consensus_essential_in_at_least_2_of_3_screens""}"	0.9999999999999949	1.0000000000000073	1.8718823069403134	False	False	FN	"[""R320""]"	"[""R320""]"
YALI1E35652g	not newly verified	  similar to uniprot|P53154 Saccharomyces cerevisiae YGL084c GUP1,similar to Saccharomyces cerevisiae GUP1 (YGL084C) and GUP2 (YPL189W)%3B ancestral locus Anc_6.190	existing putative annotation; native function not newly verified	reference_positive	"{""gene_id"": ""YALI1E35652g"", ""source_gene_id"": ""YALI1_E35652g"", ""function"": ""  similar to uniprot|P53154 Saccharomyces cerevisiae YGL084c GUP1,similar to Saccharomyces cerevisiae GUP1 (YGL084C) and GUP2 (YPL189W)%3B ancestral locus Anc_6.190"", ""source"": ""https://doi.org/10.1038/s42003-023-04996-8"", ""confidence"": ""consensus_essential_in_at_least_2_of_3_screens""}"	0.9999999999999949	1.0000000000000073	1.8718823069403134	False	False	FN	[]	[]
YALI1E35815g	not newly verified	similar to Saccharomyces cerevisiae PRO2 (YOR323C)%3B ancestral locus Anc_7.71,  similar to uniprot|P54885 Saccharomyces cerevisiae YOR323c PRO2 gamma-glutamyl phosphate reductase	existing putative annotation; native function not newly verified	reference_positive	"{""gene_id"": ""YALI1E35815g"", ""source_gene_id"": ""YALI1_E35815g"", ""function"": ""similar to Saccharomyces cerevisiae PRO2 (YOR323C)%3B ancestral locus Anc_7.71,  similar to uniprot|P54885 Saccharomyces cerevisiae YOR323c PRO2 gamma-glutamyl phosphate reductase"", ""source"": ""https://doi.org/10.1038/s42003-023-04996-8"", ""confidence"": ""consensus_essential_in_at_least_2_of_3_screens""}"	0.9999999999999949	0.9997502492320293	1.8714148028965905	False	False	FN	"[""R332""]"	"[""R332""]"
YALI1E35955g	not newly verified	similar to Saccharomyces cerevisiae BPL1 (YDL141W)%3B ancestral locus Anc_7.315,  similar to uniprot|P48445 Saccharomyces cerevisiae YDL141w BPL1 biotin holocarboxylase synthetase singleton	existing putative annotation; native function not newly verified	reference_positive	"{""gene_id"": ""YALI1E35955g"", ""source_gene_id"": ""YALI1_E35955g"", ""function"": ""similar to Saccharomyces cerevisiae BPL1 (YDL141W)%3B ancestral locus Anc_7.315,  similar to uniprot|P48445 Saccharomyces cerevisiae YDL141w BPL1 biotin holocarboxylase synthetase singleton"", ""source"": ""https://doi.org/10.1038/s42003-023-04996-8"", ""confidence"": ""consensus_essential_in_at_least_2_of_3_screens""}"	0.9999999999999949	1.0000000000000264	1.8718823069403492	False	False	FN	"[""R175"", ""R88""]"	"[""R175"", ""R88""]"
YALI1E36437g	not newly verified	not established by this analysis	existing putative annotation; native function not newly verified	unlabelled_unknown	null	0.9999999999999949	0.9999999999999859	1.8718823069402732	False	False	unlabelled	"[""R1708"", ""R89""]"	"[""R1708"", ""R89""]"
YALI1E36477g	not newly verified	not established by this analysis	existing putative annotation; native function not newly verified	unlabelled_unknown	null	0.9999999999999923	1.0000000000000147	1.871882306940327	False	False	unlabelled	"[""R1915"", ""R1916"", ""R1917"", ""R1918"", ""R1919"", ""R1920"", ""R1921"", ""R1922"", ""R1923"", ""R1924"", ""R1925"", ""R1926"", ""R1927"", ""R1928"", ""R1929"", ""R250"", ""R786"", ""R787""]"	"[""R1915"", ""R1916"", ""R1917"", ""R1918"", ""R1919"", ""R1920"", ""R1921"", ""R1922"", ""R1923"", ""R1924"", ""R1925"", ""R1926"", ""R1927"", ""R1928"", ""R1929"", ""R250"", ""R786"", ""R787""]"
YALI1E36540g	not newly verified	not established by this analysis	existing putative annotation; native function not newly verified	unlabelled_unknown	null	0.999999999999991	1.0000000000000147	1.871882306940327	False	False	unlabelled	[]	[]
YALI1E36568g	not newly verified	not established by this analysis	existing putative annotation; native function not newly verified	unlabelled_unknown	null	0.0	0.0	0.0	True	True	unlabelled	"[""R143""]"	"[""R143""]"
YALI1E37063g	not newly verified	  highly similar to uniprot|P32842 Saccharomyces cerevisiae YPL234c TFP3 H+-ATPase V0 domain 17 KD subunit vacuolar	existing putative annotation; native function not newly verified	reference_positive	"{""gene_id"": ""YALI1E37063g"", ""source_gene_id"": ""YALI1_E37063g"", ""function"": ""  highly similar to uniprot|P32842 Saccharomyces cerevisiae YPL234c TFP3 H+-ATPase V0 domain 17 KD subunit vacuolar"", ""source"": ""https://doi.org/10.1038/s42003-023-04996-8"", ""confidence"": ""consensus_essential_in_at_least_2_of_3_screens""}"	1.0000000000000024	0.9999999999999232	1.8718823069401558	False	False	FN	[]	[]
YALI1E37118g	not newly verified	not established by this analysis	existing putative annotation; native function not newly verified	unlabelled_unknown	null	1.0000000000000024	0.9999999999998337	1.8718823069399884	False	False	unlabelled	"[""R1764""]"	"[""R1764""]"
YALI1E37603g	not newly verified	gnl|GLV|YALI0E31766g [Yarrowia lipolytica]  similar to B18 Bos taurus accessory protein of NADH- ubiquinone reductase (complex I)	existing putative annotation; native function not newly verified	reference_positive	"{""gene_id"": ""YALI1E37603g"", ""source_gene_id"": ""YALI1_E37603g"", ""function"": ""gnl|GLV|YALI0E31766g [Yarrowia lipolytica]  similar to B18 Bos taurus accessory protein of NADH- ubiquinone reductase (complex I)"", ""source"": ""https://doi.org/10.1038/s42003-023-04996-8"", ""confidence"": ""consensus_essential_in_at_least_2_of_3_screens""}"	1.0000000000000024	0.9999999999998337	1.8718823069399884	False	False	FN	"[""R2062""]"	"[""R2062""]"
YALI1E37764g	not newly verified	  similar to uniprot|P43636 Saccharomyces cerevisiae YGL065c ALG2 Glycosyltransferase,similar to Saccharomyces cerevisiae ALG2 (YGL065C)%3B ancestral locus Anc_6.219	existing putative annotation; native function not newly verified	reference_positive	"{""gene_id"": ""YALI1E37764g"", ""source_gene_id"": ""YALI1_E37764g"", ""function"": ""  similar to uniprot|P43636 Saccharomyces cerevisiae YGL065c ALG2 Glycosyltransferase,similar to Saccharomyces cerevisiae ALG2 (YGL065C)%3B ancestral locus Anc_6.219"", ""source"": ""https://doi.org/10.1038/s42003-023-04996-8"", ""confidence"": ""consensus_essential_in_at_least_2_of_3_screens""}"	1.0000000000000024	0.9999999999998337	1.8718823069399884	False	False	FN	[]	[]
YALI1E37982g	not newly verified	not established by this analysis	existing putative annotation; native function not newly verified	unlabelled_unknown	null	1.0000000000000024	0.9999999999998337	1.8718823069399884	False	False	unlabelled	[]	[]
YALI1E38034g	not newly verified	not established by this analysis	existing putative annotation; native function not newly verified	unlabelled_unknown	null	1.0000000000000024	0.9999999999998337	1.8718823069399884	False	False	unlabelled	[]	[]
YALI1E38131g	not newly verified	not established by this analysis	existing putative annotation; native function not newly verified	unlabelled_unknown	null	1.0000000000000024	0.9999999999998337	1.8718823069399884	False	False	unlabelled	[]	[]
YALI1E38308g	not newly verified	not established by this analysis	existing putative annotation; native function not newly verified	unlabelled_unknown	null	1.0000000000000024	0.9999999999998337	1.8718823069399884	False	False	unlabelled	[]	[]
YALI1E38561g	not newly verified	not established by this analysis	existing putative annotation; native function not newly verified	unlabelled_unknown	null	1.0000000000000024	0.9999999999998337	1.8718823069399884	False	False	unlabelled	[]	[]
YALI1E38701g	not newly verified	not established by this analysis	existing putative annotation; native function not newly verified	unlabelled_unknown	null	1.0000000000000024	0.9999999999998337	1.8718823069399884	False	False	unlabelled	[]	[]
YALI1E38749g	not newly verified	not established by this analysis	existing putative annotation; native function not newly verified	unlabelled_unknown	null	1.0000000000000024	0.9999999999998337	1.8718823069399884	False	False	unlabelled	"[""R149""]"	"[""R149""]"
YALI1E38810g	not newly verified	not established by this analysis	existing putative annotation; native function not newly verified	unlabelled_unknown	null	0.9999500717043145	0.9999500717043653	1.8717888470470854	False	False	unlabelled	"[""R1771"", ""R1772""]"	"[""R1771""]"
YALI1E38859g	not newly verified	not established by this analysis	existing putative annotation; native function not newly verified	unlabelled_unknown	null	0.9999999999999946	0.999999999999929	1.8718823069401667	False	False	unlabelled	"[""R354""]"	"[""R354""]"
YALI1E38912g	not newly verified	not established by this analysis	existing putative annotation; native function not newly verified	unlabelled_unknown	null	0.9999999999999946	0.9999999999999297	1.8718823069401682	False	False	unlabelled	[]	[]
YALI1E39128g	not newly verified	not established by this analysis	existing putative annotation; native function not newly verified	unlabelled_unknown	null	0.9999999999999946	0.9999999999999297	1.8718823069401682	False	False	unlabelled	[]	[]
YALI1E39221g	not newly verified	similar to Saccharomyces cerevisiae ADE1 (YAR015W)%3B ancestral locus Anc_3.179,  similar to uniprot|Q9C1J4 Pichia pastoris Phosphoribosylamidoimidazole-succinocarboxamide synthase (EC 6.3.2.6) (SAICAR synthetase)	existing putative annotation; native function not newly verified	reference_positive	"{""gene_id"": ""YALI1E39221g"", ""source_gene_id"": ""YALI1_E39221g"", ""function"": ""similar to Saccharomyces cerevisiae ADE1 (YAR015W)%3B ancestral locus Anc_3.179,  similar to uniprot|Q9C1J4 Pichia pastoris Phosphoribosylamidoimidazole-succinocarboxamide synthase (EC 6.3.2.6) (SAICAR synthetase)"", ""source"": ""https://doi.org/10.1038/s42003-023-04996-8"", ""confidence"": ""consensus_essential_in_at_least_2_of_3_screens""}"	0.02080421545122204	0.02080421545220135	0.038943042814749695	True	True	TP	"[""R650""]"	"[""R650""]"
YALI1E39248g	not newly verified	not established by this analysis	existing putative annotation; native function not newly verified	unlabelled_unknown	null	1.0000000000000049	1.000000000000028	1.871882306940352	False	False	unlabelled	"[""R1757""]"	"[""R1757""]"
YALI1E39295g	not newly verified	not established by this analysis	existing putative annotation; native function not newly verified	unlabelled_unknown	null	1.0000000000000049	1.000000000000028	1.871882306940352	False	False	unlabelled	[]	[]
YALI1E39395g	not newly verified	not established by this analysis	existing putative annotation; native function not newly verified	unlabelled_unknown	null	1.0000000000000049	1.000000000000028	1.871882306940352	False	False	unlabelled	[]	[]
YALI1E39676g	not newly verified	not established by this analysis	existing putative annotation; native function not newly verified	unlabelled_unknown	null	1.0000000000000049	1.000000000000028	1.871882306940352	False	False	unlabelled	"[""R275""]"	"[""R275""]"
YALI1E39693g	not newly verified	similar to Saccharomyces cerevisiae KGD1 (YIL125W)%3B ancestral locus Anc_2.237,  highly similar to uniprot|P20967 Saccharomyces cerevisiae YIL125w KGD1 2-oxoglutarate dehydrogenase complex E1 component singleton	existing putative annotation; native function not newly verified	reference_positive	"{""gene_id"": ""YALI1E39693g"", ""source_gene_id"": ""YALI1_E39693g"", ""function"": ""similar to Saccharomyces cerevisiae KGD1 (YIL125W)%3B ancestral locus Anc_2.237,  highly similar to uniprot|P20967 Saccharomyces cerevisiae YIL125w KGD1 2-oxoglutarate dehydrogenase complex E1 component singleton"", ""source"": ""https://doi.org/10.1038/s42003-023-04996-8"", ""confidence"": ""consensus_essential_in_at_least_2_of_3_screens""}"	1.0000000000000049	1.000000000000028	1.871882306940352	False	False	FN	"[""R1976"", ""R613"", ""R614""]"	"[""R1976"", ""R613"", ""R614""]"
YALI1E40076g	not newly verified	  similar to uniprot|P22219 Saccharomyces cerevisiae YBR097w VPS15 ser/thr protein kinase,similar to Saccharomyces cerevisiae VPS15 (YBR097W)%3B ancestral locus Anc_3.339	existing putative annotation; native function not newly verified	reference_positive	"{""gene_id"": ""YALI1E40076g"", ""source_gene_id"": ""YALI1_E40076g"", ""function"": ""  similar to uniprot|P22219 Saccharomyces cerevisiae YBR097w VPS15 ser/thr protein kinase,similar to Saccharomyces cerevisiae VPS15 (YBR097W)%3B ancestral locus Anc_3.339"", ""source"": ""https://doi.org/10.1038/s42003-023-04996-8"", ""confidence"": ""consensus_essential_in_at_least_2_of_3_screens""}"	1.0000000000000049	1.000000000000028	1.871882306940352	False	False	FN	[]	[]
YALI1E40305g	not newly verified	  similar to uniprot|P06633 Saccharomyces cerevisiae YOR202w HIS3 imidazoleglycerol-phosphate dehydratase singleton,similar to Saccharomyces cerevisiae HIS3 (YOR202W)%3B ancestral locus Anc_8.612	existing putative annotation; native function not newly verified	reference_positive	"{""gene_id"": ""YALI1E40305g"", ""source_gene_id"": ""YALI1_E40305g"", ""function"": ""  similar to uniprot|P06633 Saccharomyces cerevisiae YOR202w HIS3 imidazoleglycerol-phosphate dehydratase singleton,similar to Saccharomyces cerevisiae HIS3 (YOR202W)%3B ancestral locus Anc_8.612"", ""source"": ""https://doi.org/10.1038/s42003-023-04996-8"", ""confidence"": ""consensus_essential_in_at_least_2_of_3_screens""}"	0.08516849581212897	0.08516849581212878	0.15942540041944286	True	True	TP	"[""R416""]"	"[""R416""]"
YALI1E40361g	not newly verified	  similar to uniprot|P00128 Saccharomyces cerevisiae YDR529c QCR7 ubiquinol--cytochrome-c reductase subunit 7,similar to Saccharomyces cerevisiae QCR7 (YDR529C)%3B ancestral locus Anc_1.16	existing putative annotation; native function not newly verified	reference_positive	"{""gene_id"": ""YALI1E40361g"", ""source_gene_id"": ""YALI1_E40361g"", ""function"": ""  similar to uniprot|P00128 Saccharomyces cerevisiae YDR529c QCR7 ubiquinol--cytochrome-c reductase subunit 7,similar to Saccharomyces cerevisiae QCR7 (YDR529C)%3B ancestral locus Anc_1.16"", ""source"": ""https://doi.org/10.1038/s42003-023-04996-8"", ""confidence"": ""consensus_essential_in_at_least_2_of_3_screens""}"	1.00000000000001	0.9999999999999829	1.8718823069402677	False	False	FN	"[""R305""]"	"[""R305""]"
YALI1E40471g	not newly verified	similar to Saccharomyces cerevisiae ALG1 (YBR110W)%3B ancestral locus Anc_3.361,  similar to uniprot|P16661 Saccharomyces cerevisiae YBR110w ALG1 beta-mannosyltransferase singleton	existing putative annotation; native function not newly verified	reference_positive	"{""gene_id"": ""YALI1E40471g"", ""source_gene_id"": ""YALI1_E40471g"", ""function"": ""similar to Saccharomyces cerevisiae ALG1 (YBR110W)%3B ancestral locus Anc_3.361,  similar to uniprot|P16661 Saccharomyces cerevisiae YBR110w ALG1 beta-mannosyltransferase singleton"", ""source"": ""https://doi.org/10.1038/s42003-023-04996-8"", ""confidence"": ""consensus_essential_in_at_least_2_of_3_screens""}"	0.9999999999999875	0.9999999999999859	1.8718823069402732	False	False	FN	"[""R173""]"	"[""R173""]"
YALI1E40502g	not newly verified	not established by this analysis	existing putative annotation; native function not newly verified	unlabelled_unknown	null	0.9999999999999912	0.9999999999999859	1.8718823069402732	False	False	unlabelled	[]	[]
YALI1E40671g	not newly verified	not established by this analysis	existing putative annotation; native function not newly verified	unlabelled_unknown	null	0.9537861673959087	0.95378616739594	1.785375451352859	False	False	unlabelled	"[""R_CAT2p""]"	"[""R_CAT2p""]"
YALI1E41148g	not newly verified	not established by this analysis	existing putative annotation; native function not newly verified	unlabelled_unknown	null	0.9999999999999635	1.0000000000000078	1.871882306940314	False	False	unlabelled	"[""R929""]"	"[""R929""]"
YALI1E41251g	not newly verified	not established by this analysis	existing putative annotation; native function not newly verified	unlabelled_unknown	null	0.9999999999999635	1.0000000000000044	1.871882306940308	False	False	unlabelled	[]	[]
YALI1E41276g	not newly verified	not established by this analysis	existing putative annotation; native function not newly verified	unlabelled_unknown	null	0.9999999999999635	1.0000000000000044	1.871882306940308	False	False	unlabelled	[]	[]
YALI1E41315g	not newly verified	not established by this analysis	existing putative annotation; native function not newly verified	unlabelled_unknown	null	0.9999999999999635	1.0000000000000044	1.871882306940308	False	False	unlabelled	[]	[]
YALI1E41754g	not newly verified	not established by this analysis	existing putative annotation; native function not newly verified	unlabelled_unknown	null	0.9999999999999635	1.0000000000000044	1.871882306940308	False	False	unlabelled	[]	[]
YALI1E41850g	not newly verified	not established by this analysis	existing putative annotation; native function not newly verified	unlabelled_unknown	null	0.9999999999999635	1.0000000000000044	1.871882306940308	False	False	unlabelled	[]	[]
YALI1E41893g	not newly verified	not established by this analysis	existing putative annotation; native function not newly verified	unlabelled_unknown	null	1.0000000000000007	1.0000000000000024	1.871882306940304	False	False	unlabelled	"[""R_G6PPer"", ""R_GNP"", ""R_NDP1"", ""R_NDP7g"", ""R_NTP3pp"", ""R_NTP7"", ""R_PGAM1_PhosHydro"", ""r0242""]"	"[""R_G6PPer"", ""R_GNP"", ""R_NDP1"", ""R_NDP7g"", ""R_NTP3pp"", ""R_NTP7"", ""R_PGAM1_PhosHydro"", ""r0242""]"
YALI1F00472g	not newly verified	not established by this analysis	existing putative annotation; native function not newly verified	unlabelled_unknown	null	1.000000000000002	1.0000000000000027	1.8718823069403048	False	False	unlabelled	"[""R524"", ""R525"", ""R526"", ""R527"", ""R528"", ""R529""]"	"[""R524"", ""R525"", ""R526"", ""R527"", ""R528"", ""R529""]"
YALI1F00616g	not newly verified	not established by this analysis	existing putative annotation; native function not newly verified	unlabelled_unknown	null	1.000000000000002	1.0000000000000047	1.8718823069403083	False	False	unlabelled	"[""R857""]"	"[""R857""]"
YALI1F00654g	not newly verified	not established by this analysis	existing putative annotation; native function not newly verified	unlabelled_unknown	null	1.000000000000002	0.9999999999999708	1.871882306940245	False	False	unlabelled	"[""R346""]"	"[""R346""]"
YALI1F00821g	not newly verified	similar to Saccharomyces cerevisiae GLN1 (YPR035W)%3B ancestral locus Anc_7.449,  highly similar to uniprot|P32288 Saccharomyces cerevisiae YPR035w GLN1 glutamate--ammonia ligase and DEHA0G20317g Debaryomyces hansenii IPF 5106.1	existing putative annotation; native function not newly verified	reference_positive	"{""gene_id"": ""YALI1F00821g"", ""source_gene_id"": ""YALI1_F00821g"", ""function"": ""similar to Saccharomyces cerevisiae GLN1 (YPR035W)%3B ancestral locus Anc_7.449,  highly similar to uniprot|P32288 Saccharomyces cerevisiae YPR035w GLN1 glutamate--ammonia ligase and DEHA0G20317g Debaryomyces hansenii IPF 5106.1"", ""source"": ""https://doi.org/10.1038/s42003-023-04996-8"", ""confidence"": ""consensus_essential_in_at_least_2_of_3_screens""}"	1.000000000000003	0.9999999999999708	1.871882306940245	False	False	FN	"[""R334""]"	"[""R334""]"
YALI1F01456g	not newly verified	  uniprot|Q9UUT8 Yarrowia lipolytica Subunit NUIM of protein NADH:ubiquinone oxidoreductase (Complex I) (EC 1.6. 99.3)	existing putative annotation; native function not newly verified	reference_positive	"{""gene_id"": ""YALI1F01456g"", ""source_gene_id"": ""YALI1_F01456g"", ""function"": ""  uniprot|Q9UUT8 Yarrowia lipolytica Subunit NUIM of protein NADH:ubiquinone oxidoreductase (Complex I) (EC 1.6. 99.3)"", ""source"": ""https://doi.org/10.1038/s42003-023-04996-8"", ""confidence"": ""consensus_essential_in_at_least_2_of_3_screens""}"	1.0000000000000013	0.9999999999999708	1.871882306940245	False	False	FN	"[""R2062""]"	"[""R2062""]"
YALI1F01755g	not newly verified	not established by this analysis	existing putative annotation; native function not newly verified	unlabelled_unknown	null	1.0000000000000013	0.9999999999999708	1.871882306940245	False	False	unlabelled	[]	[]
YALI1F01981g	not newly verified	not established by this analysis	existing putative annotation; native function not newly verified	unlabelled_unknown	null	1.0000000000000067	1.0000000000000024	1.8718823069403043	False	False	unlabelled	"[""R940""]"	"[""R940""]"
YALI1F02074g	not newly verified	not established by this analysis	existing putative annotation; native function not newly verified	unlabelled_unknown	null	1.0000000000000067	1.0000000000000024	1.8718823069403043	False	False	unlabelled	"[""R1989""]"	"[""R1989""]"
YALI1F02132g	not newly verified	not established by this analysis	existing putative annotation; native function not newly verified	unlabelled_unknown	null	1.0000000000000067	1.0000000000000024	1.8718823069403043	False	False	unlabelled	"[""R2258"", ""R2262""]"	"[""R2258"", ""R2262""]"
YALI1F02309g	not newly verified	not established by this analysis	existing putative annotation; native function not newly verified	unlabelled_unknown	null	0.0	0.0	0.0	True	True	unlabelled	"[""R402"", ""R404"", ""R633"", ""R702"", ""R703"", ""R704"", ""R705"", ""R755""]"	"[""R402"", ""R404"", ""R633"", ""R702"", ""R703"", ""R704"", ""R705"", ""R755""]"
YALI1F02481g	not newly verified	not established by this analysis	existing putative annotation; native function not newly verified	unlabelled_unknown	null	1.000000000000018	0.9999999999999981	1.8718823069402961	False	False	unlabelled	[]	[]
YALI1F02508g	not newly verified	not established by this analysis	existing putative annotation; native function not newly verified	unlabelled_unknown	null	1.000000000000018	0.9999999999999981	1.8718823069402961	False	False	unlabelled	[]	[]
YALI1F02518g	not newly verified	not established by this analysis	existing putative annotation; native function not newly verified	unlabelled_unknown	null	1.000000000000018	0.9999999999999981	1.8718823069402961	False	False	unlabelled	[]	[]
YALI1F02592g	not newly verified	not established by this analysis	existing putative annotation; native function not newly verified	unlabelled_unknown	null	1.000000000000018	0.9999999999999981	1.8718823069402961	False	False	unlabelled	[]	[]
YALI1F02758g	not newly verified	  similar to uniprot|P08525 Saccharomyces cerevisiae YJL166w QCR8 ubiquinol-cytochrome-c reductase chain VIII,similar to Saccharomyces cerevisiae QCR8 (YJL166W)%3B ancestral locus Anc_1.177	existing putative annotation; native function not newly verified	reference_positive	"{""gene_id"": ""YALI1F02758g"", ""source_gene_id"": ""YALI1_F02758g"", ""function"": ""  similar to uniprot|P08525 Saccharomyces cerevisiae YJL166w QCR8 ubiquinol-cytochrome-c reductase chain VIII,similar to Saccharomyces cerevisiae QCR8 (YJL166W)%3B ancestral locus Anc_1.177"", ""source"": ""https://doi.org/10.1038/s42003-023-04996-8"", ""confidence"": ""consensus_essential_in_at_least_2_of_3_screens""}"	0.9999999999999978	0.9999999999999973	1.8718823069402948	False	False	FN	"[""R305""]"	"[""R305""]"
YALI1F03136g	not newly verified	not established by this analysis	existing putative annotation; native function not newly verified	unlabelled_unknown	null	1.000000000000002	0.9999999999999972	1.8718823069402946	False	False	unlabelled	"[""R2189""]"	"[""R2189""]"
YALI1F03371g	not newly verified	not established by this analysis	existing putative annotation; native function not newly verified	unlabelled_unknown	null	0.9999999999999978	1.000000000000002	1.8718823069403032	False	False	unlabelled	"[""R2062""]"	"[""R2062""]"
YALI1F03452g	not newly verified	not established by this analysis	existing putative annotation; native function not newly verified	unlabelled_unknown	null	0.9999999999999978	1.000000000000002	1.8718823069403032	False	False	unlabelled	"[""R2190""]"	"[""R2190""]"
YALI1F03527g	not newly verified	  similar to uniprot|P11325 Saccharomyces cerevisiae YLR382c NAM2 leucine--tRNA ligase precursor mitochondrial,similar to Saccharomyces cerevisiae NAM2 (YLR382C)%3B ancestral locus Anc_4.236	existing putative annotation; native function not newly verified	reference_positive	"{""gene_id"": ""YALI1F03527g"", ""source_gene_id"": ""YALI1_F03527g"", ""function"": ""  similar to uniprot|P11325 Saccharomyces cerevisiae YLR382c NAM2 leucine--tRNA ligase precursor mitochondrial,similar to Saccharomyces cerevisiae NAM2 (YLR382C)%3B ancestral locus Anc_4.236"", ""source"": ""https://doi.org/10.1038/s42003-023-04996-8"", ""confidence"": ""consensus_essential_in_at_least_2_of_3_screens""}"	0.9999999999999978	1.000000000000002	1.8718823069403032	False	False	FN	"[""R523""]"	"[""R523""]"
YALI1F03803g	not newly verified	similar to Saccharomyces cerevisiae PDH1 (YPR002W)%3B ancestral locus Anc_8.93,  similar to uniprot|Q12428 Saccharomyces cerevisiae YPR002W Hypothetical 57.7 kDa protein in CIT3-HAL1 intergenic region	existing putative annotation; native function not newly verified	reference_positive	"{""gene_id"": ""YALI1F03803g"", ""source_gene_id"": ""YALI1_F03803g"", ""function"": ""similar to Saccharomyces cerevisiae PDH1 (YPR002W)%3B ancestral locus Anc_8.93,  similar to uniprot|Q12428 Saccharomyces cerevisiae YPR002W Hypothetical 57.7 kDa protein in CIT3-HAL1 intergenic region"", ""source"": ""https://doi.org/10.1038/s42003-023-04996-8"", ""confidence"": ""consensus_essential_in_at_least_2_of_3_screens""}"	0.9999999999999978	1.000000000000002	1.8718823069403032	False	False	FN	"[""R95""]"	"[""R95""]"
YALI1F03883g	not newly verified	not established by this analysis	existing putative annotation; native function not newly verified	unlabelled_unknown	null	0.9999999999999978	1.000000000000002	1.8718823069403032	False	False	unlabelled	"[""R2114""]"	"[""R2114""]"
YALI1F03908g	not newly verified	similar to Saccharomyces cerevisiae SES1 (YDR023W)%3B ancestral locus Anc_3.251,  highly similar to uniprot|P07284 Saccharomyces cerevisiae YDR023w SES1 seryl-tRNA synthetase cytosolic	existing putative annotation; native function not newly verified	reference_positive	"{""gene_id"": ""YALI1F03908g"", ""source_gene_id"": ""YALI1_F03908g"", ""function"": ""similar to Saccharomyces cerevisiae SES1 (YDR023W)%3B ancestral locus Anc_3.251,  highly similar to uniprot|P07284 Saccharomyces cerevisiae YDR023w SES1 seryl-tRNA synthetase cytosolic"", ""source"": ""https://doi.org/10.1038/s42003-023-04996-8"", ""confidence"": ""consensus_essential_in_at_least_2_of_3_screens""}"	0.9999999999999978	1.000000000000002	1.8718823069403032	False	False	FN	[]	[]
YALI1F04082g	not newly verified	not established by this analysis	existing putative annotation; native function not newly verified	unlabelled_unknown	null	0.9999999999999978	1.000000000000002	1.8718823069403032	False	False	unlabelled	"[""R357"", ""R360"", ""R361"", ""R363"", ""R365"", ""R748""]"	"[""R357"", ""R360"", ""R361"", ""R363"", ""R365"", ""R748""]"
YALI1F04110g	not newly verified	  similar to uniprot|P38077 Saccharomyces cerevisiae YBR039w ATP3 F1F0-ATPase complex F1 gamma subunit,similar to Saccharomyces cerevisiae ATP3 (YBR039W)%3B ancestral locus Anc_3.241	existing putative annotation; native function not newly verified	reference_positive	"{""gene_id"": ""YALI1F04110g"", ""source_gene_id"": ""YALI1_F04110g"", ""function"": ""  similar to uniprot|P38077 Saccharomyces cerevisiae YBR039w ATP3 F1F0-ATPase complex F1 gamma subunit,similar to Saccharomyces cerevisiae ATP3 (YBR039W)%3B ancestral locus Anc_3.241"", ""source"": ""https://doi.org/10.1038/s42003-023-04996-8"", ""confidence"": ""consensus_essential_in_at_least_2_of_3_screens""}"	0.9999999999999978	1.000000000000002	1.8718823069403032	False	False	FN	[]	[]
YALI1F04157g	not newly verified	not established by this analysis	existing putative annotation; native function not newly verified	unlabelled_unknown	null	0.9999999999999978	1.000000000000002	1.8718823069403032	False	False	unlabelled	"[""R1719""]"	"[""R1719""]"
YALI1F04185g	not newly verified	not established by this analysis	existing putative annotation; native function not newly verified	unlabelled_unknown	null	0.9999999999999978	1.000000000000002	1.8718823069403032	False	False	unlabelled	[]	[]
YALI1F04433g	not newly verified	  highly similar to uniprot|P07251 Saccharomyces cerevisiae YBL099w ATP1 F1F0-ATPase complex F1 alpha subunit,similar to Saccharomyces cerevisiae ATP1 (YBL099W)%3B ancestral locus Anc_7.432	existing putative annotation; native function not newly verified	reference_positive	"{""gene_id"": ""YALI1F04433g"", ""source_gene_id"": ""YALI1_F04433g"", ""function"": ""  highly similar to uniprot|P07251 Saccharomyces cerevisiae YBL099w ATP1 F1F0-ATPase complex F1 alpha subunit,similar to Saccharomyces cerevisiae ATP1 (YBL099W)%3B ancestral locus Anc_7.432"", ""source"": ""https://doi.org/10.1038/s42003-023-04996-8"", ""confidence"": ""consensus_essential_in_at_least_2_of_3_screens""}"	0.9999999999999978	1.000000000000002	1.8718823069403032	False	False	FN	[]	[]
YALI1F04455g	not newly verified	not established by this analysis	existing putative annotation; native function not newly verified	unlabelled_unknown	null	0.9999999999999941	0.9999999999999999	1.8718823069402994	False	False	unlabelled	"[""R304""]"	"[""R304""]"
YALI1F05089g	not newly verified	  similar to uniprot|P00424 Saccharomyces cerevisiae YNL052w COX5A mitochondrial cytochrome-c oxidase chain V.A precursor,similar to Saccharomyces cerevisiae YGL226W%3B ancestral locus Anc_3.542	existing putative annotation; native function not newly verified	reference_positive	"{""gene_id"": ""YALI1F05089g"", ""source_gene_id"": ""YALI1_F05089g"", ""function"": ""  similar to uniprot|P00424 Saccharomyces cerevisiae YNL052w COX5A mitochondrial cytochrome-c oxidase chain V.A precursor,similar to Saccharomyces cerevisiae YGL226W%3B ancestral locus Anc_3.542"", ""source"": ""https://doi.org/10.1038/s42003-023-04996-8"", ""confidence"": ""consensus_essential_in_at_least_2_of_3_screens""}"	0.9999999999999941	0.9999999999999999	1.8718823069402994	False	False	FN	"[""R304""]"	"[""R304""]"
YALI1F05220g	not newly verified	not established by this analysis	existing putative annotation; native function not newly verified	unlabelled_unknown	null	0.9999999999999941	0.9999999999999999	1.8718823069402994	False	False	unlabelled	"[""R1714"", ""R370"", ""R675""]"	"[""R1714"", ""R370"", ""R675""]"
YALI1F05415g	not newly verified	not established by this analysis	existing putative annotation; native function not newly verified	unlabelled_unknown	null	0.9999999999999941	0.9999999999999999	1.8718823069402994	False	False	unlabelled	"[""R2191""]"	"[""R2191""]"
YALI1F05509g	not newly verified	not established by this analysis	existing putative annotation; native function not newly verified	unlabelled_unknown	null	0.9999999999999941	0.9999999999999999	1.8718823069402994	False	False	unlabelled	[]	[]
YALI1F05574g	not newly verified	not established by this analysis	existing putative annotation; native function not newly verified	unlabelled_unknown	null	0.9999999999999941	0.9999999999999999	1.8718823069402994	False	False	unlabelled	[]	[]
YALI1F06018g	not newly verified	  similar to uniprot|P15496 Saccharomyces cerevisiae YPL117c IDI1 isopentenyl-diphosphate delta-isomerase,similar to Saccharomyces cerevisiae IDI1 (YPL117C)%3B ancestral locus Anc_8.610	existing putative annotation; native function not newly verified	reference_positive	"{""gene_id"": ""YALI1F06018g"", ""source_gene_id"": ""YALI1_F06018g"", ""function"": ""  similar to uniprot|P15496 Saccharomyces cerevisiae YPL117c IDI1 isopentenyl-diphosphate delta-isomerase,similar to Saccharomyces cerevisiae IDI1 (YPL117C)%3B ancestral locus Anc_8.610"", ""source"": ""https://doi.org/10.1038/s42003-023-04996-8"", ""confidence"": ""consensus_essential_in_at_least_2_of_3_screens""}"	0.0	0.0	0.0	True	True	TP	"[""R495""]"	"[""R495""]"
YALI1F06197g	not newly verified	not established by this analysis	existing putative annotation; native function not newly verified	unlabelled_unknown	null	1.000000000000007	0.9999999999999978	1.8718823069402954	False	False	unlabelled	"[""R1385"", ""R488"", ""R489""]"	"[""R1385"", ""R488"", ""R489""]"
YALI1F06236g	not newly verified	not established by this analysis	existing putative annotation; native function not newly verified	unlabelled_unknown	null	1.0000000000000027	0.9999999999999978	1.8718823069402954	False	False	unlabelled	"[""R304""]"	"[""R304""]"
YALI1F06351g	not newly verified	not established by this analysis	existing putative annotation; native function not newly verified	unlabelled_unknown	null	1.0000000000000027	0.9999999999999988	1.8718823069402974	False	False	unlabelled	"[""R367""]"	"[""R367""]"
YALI1F06787g	not newly verified	similar to Saccharomyces cerevisiae ERG7 (YHR072W)%3B ancestral locus Anc_5.351,  similar to uniprot|P38604 Saccharomyces cerevisiae YHR072w ERG7 lanosterol synthase	existing putative annotation; native function not newly verified	reference_positive	"{""gene_id"": ""YALI1F06787g"", ""source_gene_id"": ""YALI1_F06787g"", ""function"": ""similar to Saccharomyces cerevisiae ERG7 (YHR072W)%3B ancestral locus Anc_5.351,  similar to uniprot|P38604 Saccharomyces cerevisiae YHR072w ERG7 lanosterol synthase"", ""source"": ""https://doi.org/10.1038/s42003-023-04996-8"", ""confidence"": ""consensus_essential_in_at_least_2_of_3_screens""}"	0.0	0.0	0.0	True	True	TP	"[""R519""]"	"[""R519""]"
YALI1F06858g	not newly verified	not established by this analysis	existing putative annotation; native function not newly verified	unlabelled_unknown	null	1.000000000000002	0.9999999999999973	1.8718823069402948	False	False	unlabelled	[]	[]
YALI1F06904g	not newly verified	not established by this analysis	existing putative annotation; native function not newly verified	unlabelled_unknown	null	1.000000000000002	0.9999999999999973	1.8718823069402948	False	False	unlabelled	[]	[]
YALI1F07384g	not newly verified	  weakly similar to uniprot|Q12349 Saccharomyces cerevisiae YLR295c ATP14 F1F0-ATPase complex subunit h	existing putative annotation; native function not newly verified	reference_positive	"{""gene_id"": ""YALI1F07384g"", ""source_gene_id"": ""YALI1_F07384g"", ""function"": ""  weakly similar to uniprot|Q12349 Saccharomyces cerevisiae YLR295c ATP14 F1F0-ATPase complex subunit h"", ""source"": ""https://doi.org/10.1038/s42003-023-04996-8"", ""confidence"": ""consensus_essential_in_at_least_2_of_3_screens""}"	1.000000000000002	0.9999999999999973	1.8718823069402948	False	False	FN	[]	[]
YALI1F07630g	not newly verified	not established by this analysis	existing putative annotation; native function not newly verified	unlabelled_unknown	null	1.0000000000000027	0.9999999999999977	1.8718823069402952	False	False	unlabelled	"[""R1968"", ""R1969"", ""R1970"", ""R2281""]"	"[""R1968"", ""R1969"", ""R1970"", ""R2281""]"
YALI1F07747g	not newly verified	not established by this analysis	existing putative annotation; native function not newly verified	unlabelled_unknown	null	1.0000000000000027	0.9999999999999977	1.8718823069402952	False	False	unlabelled	"[""R2193""]"	"[""R2193""]"
YALI1F07827g	not newly verified	  similar to uniprot|P40545 Saccharomyces cerevisiae YIL020c HIS6 5 Pro-FAR isomerase,similar to Saccharomyces cerevisiae HIS6 (YIL020C)%3B ancestral locus Anc_7.193	existing putative annotation; native function not newly verified	reference_positive	"{""gene_id"": ""YALI1F07827g"", ""source_gene_id"": ""YALI1_F07827g"", ""function"": ""  similar to uniprot|P40545 Saccharomyces cerevisiae YIL020c HIS6 5 Pro-FAR isomerase,similar to Saccharomyces cerevisiae HIS6 (YIL020C)%3B ancestral locus Anc_7.193"", ""source"": ""https://doi.org/10.1038/s42003-023-04996-8"", ""confidence"": ""consensus_essential_in_at_least_2_of_3_screens""}"	0.08516849581212897	0.08516849581212878	0.15942540041944286	True	True	TP	"[""R1711"", ""R6""]"	"[""R1711"", ""R6""]"
YALI1F07847g	not newly verified	similar to Saccharomyces cerevisiae TPI1 (YDR050C)%3B ancestral locus Anc_3.288,  similar to uniprot|P00942 Saccharomyces cerevisiae YDR050c TPI1 triose-phosphate isomerase singleton	existing putative annotation; native function not newly verified	reference_positive	"{""gene_id"": ""YALI1F07847g"", ""source_gene_id"": ""YALI1_F07847g"", ""function"": ""similar to Saccharomyces cerevisiae TPI1 (YDR050C)%3B ancestral locus Anc_3.288,  similar to uniprot|P00942 Saccharomyces cerevisiae YDR050c TPI1 triose-phosphate isomerase singleton"", ""source"": ""https://doi.org/10.1038/s42003-023-04996-8"", ""confidence"": ""consensus_essential_in_at_least_2_of_3_screens""}"	1.0000000000000009	0.9999999999999949	1.8718823069402901	False	False	FN	"[""R768""]"	"[""R768""]"
YALI1F08075g	not newly verified	not established by this analysis	existing putative annotation; native function not newly verified	unlabelled_unknown	null	1.0000000000000009	0.999999999999984	1.8718823069402697	False	False	unlabelled	[]	[]
YALI1F08225g	not newly verified	  similar to uniprot|P38127 Saccharomyces cerevisiae YBR192w RIM2 mitochondrial carrier protein,similar to Saccharomyces cerevisiae RIM2 (YBR192W)%3B ancestral locus Anc_8.552	existing putative annotation; native function not newly verified	reference_positive	"{""gene_id"": ""YALI1F08225g"", ""source_gene_id"": ""YALI1_F08225g"", ""function"": ""  similar to uniprot|P38127 Saccharomyces cerevisiae YBR192w RIM2 mitochondrial carrier protein,similar to Saccharomyces cerevisiae RIM2 (YBR192W)%3B ancestral locus Anc_8.552"", ""source"": ""https://doi.org/10.1038/s42003-023-04996-8"", ""confidence"": ""consensus_essential_in_at_least_2_of_3_screens""}"	1.0000000000000009	0.999999999999984	1.8718823069402697	False	False	FN	"[""R835"", ""R836"", ""R938"", ""R939""]"	"[""R835"", ""R836"", ""R938"", ""R939""]"
YALI1F08349g	not newly verified	  similar to uniprot|P32378 Saccharomyces cerevisiae YNR041c COQ2 para-hydroxybenzoate-polyprenyltransferase,similar to Saccharomyces cerevisiae COQ2 (YNR041C)%3B ancestral locus Anc_6.361	existing putative annotation; native function not newly verified	reference_positive	"{""gene_id"": ""YALI1F08349g"", ""source_gene_id"": ""YALI1_F08349g"", ""function"": ""  similar to uniprot|P32378 Saccharomyces cerevisiae YNR041c COQ2 para-hydroxybenzoate-polyprenyltransferase,similar to Saccharomyces cerevisiae COQ2 (YNR041C)%3B ancestral locus Anc_6.361"", ""source"": ""https://doi.org/10.1038/s42003-023-04996-8"", ""confidence"": ""consensus_essential_in_at_least_2_of_3_screens""}"	1.0000000000000009	0.999999999999984	1.8718823069402697	False	False	FN	"[""R407""]"	"[""R407""]"
YALI1F08363g	not newly verified	not established by this analysis	existing putative annotation; native function not newly verified	unlabelled_unknown	null	0.0	0.0	0.0	True	True	unlabelled	"[""R557""]"	"[""R557""]"
YALI1F08705g	not newly verified	not established by this analysis	existing putative annotation; native function not newly verified	unlabelled_unknown	null	1.0000000000000069	1.000000000000001	1.8718823069403017	False	False	unlabelled	[]	[]
YALI1F08845g	not newly verified	not established by this analysis	existing putative annotation; native function not newly verified	unlabelled_unknown	null	0.9977361973033122	0.9977361973033171	1.8676447347259753	False	False	unlabelled	"[""R2024"", ""R2268"", ""R90"", ""R91"", ""R92""]"	"[""R2024"", ""R2268"", ""R90""]"
YALI1F08885g	not newly verified	not established by this analysis	existing putative annotation; native function not newly verified	unlabelled_unknown	null	1.000000000000004	0.9999999999999983	1.8718823069402966	False	False	unlabelled	[]	[]
YALI1F09003g	not newly verified	  uniprot|Q9UUT7 Yarrowia lipolytica Subunit NUKM of protein NADH:ubiquinone oxidoreductase (Complex I) precursor (EC 1.6.99.3)	existing putative annotation; native function not newly verified	reference_positive	"{""gene_id"": ""YALI1F09003g"", ""source_gene_id"": ""YALI1_F09003g"", ""function"": ""  uniprot|Q9UUT7 Yarrowia lipolytica Subunit NUKM of protein NADH:ubiquinone oxidoreductase (Complex I) precursor (EC 1.6.99.3)"", ""source"": ""https://doi.org/10.1038/s42003-023-04996-8"", ""confidence"": ""consensus_essential_in_at_least_2_of_3_screens""}"	1.0000000000000033	1.000000000000008	1.8718823069403145	False	False	FN	"[""R2062""]"	"[""R2062""]"
YALI1F09433g	not newly verified	not established by this analysis	existing putative annotation; native function not newly verified	unlabelled_unknown	null	1.0000000000000033	1.000000000000008	1.8718823069403145	False	False	unlabelled	[]	[]
YALI1F09542g	not newly verified	similar to Saccharomyces cerevisiae LAG1 (YHL003C) and LAC1 (YKL008C)%3B ancestral locus Anc_2.501,  similar to uniprot|P28496 Saccharomyces cerevisiae YKL008c LAC1 protein required with LAG1P for ER-to-Golgi transport of GPI-anchored proteins or uniprot|P38703 Saccharomyces cerevisiae YHL003c LAG1 longevity-assurance protein	existing putative annotation; native function not newly verified	reference_positive	"{""gene_id"": ""YALI1F09542g"", ""source_gene_id"": ""YALI1_F09542g"", ""function"": ""similar to Saccharomyces cerevisiae LAG1 (YHL003C) and LAC1 (YKL008C)%3B ancestral locus Anc_2.501,  similar to uniprot|P28496 Saccharomyces cerevisiae YKL008c LAC1 protein required with LAG1P for ER-to-Golgi transport of GPI-anchored proteins or uniprot|P38703 Saccharomyces cerevisiae YHL003c LAG1 longevity-assurance protein"", ""source"": ""https://doi.org/10.1038/s42003-023-04996-8"", ""confidence"": ""consensus_essential_in_at_least_2_of_3_screens""}"	1.0000000000000033	1.000000000000008	1.8718823069403145	False	False	FN	"[""R202"", ""R203"", ""R204"", ""R205""]"	"[""R202"", ""R203"", ""R204"", ""R205""]"
YALI1F09598g	not newly verified	similar to Saccharomyces cerevisiae SER1 (YOR184W)%3B ancestral locus Anc_6.84,  similar to uniprot|P33330 Saccharomyces cerevisiae YOR184w SER1 phosphoserine transaminase	existing putative annotation; native function not newly verified	reference_positive	"{""gene_id"": ""YALI1F09598g"", ""source_gene_id"": ""YALI1_F09598g"", ""function"": ""similar to Saccharomyces cerevisiae SER1 (YOR184W)%3B ancestral locus Anc_6.84,  similar to uniprot|P33330 Saccharomyces cerevisiae YOR184w SER1 phosphoserine transaminase"", ""source"": ""https://doi.org/10.1038/s42003-023-04996-8"", ""confidence"": ""consensus_essential_in_at_least_2_of_3_screens""}"	0.9817132964321525	0.9817132964321514	1.8376517500793819	False	False	FN	"[""R660""]"	"[""R660""]"
YALI1F09747g	not newly verified	not established by this analysis	existing putative annotation; native function not newly verified	unlabelled_unknown	null	1.0000000000000029	0.9999999999999983	1.8718823069402966	False	False	unlabelled	"[""R103"", ""R104"", ""R105"", ""R106"", ""R107"", ""R108"", ""R109"", ""R110"", ""R111"", ""R112""]"	"[""R103"", ""R104"", ""R105"", ""R106"", ""R107"", ""R108"", ""R109"", ""R110"", ""R111"", ""R112""]"
YALI1F09856g	not newly verified	not established by this analysis	existing putative annotation; native function not newly verified	unlabelled_unknown	null	1.000000000000004	1.0000000000000004	1.8718823069403003	False	False	unlabelled	"[""R785""]"	"[""R785""]"
YALI1F09965g	not newly verified	not established by this analysis	existing putative annotation; native function not newly verified	unlabelled_unknown	null	1.000000000000004	1.0000000000000004	1.8718823069403003	False	False	unlabelled	[]	[]
YALI1F10110g	not newly verified	not established by this analysis	existing putative annotation; native function not newly verified	unlabelled_unknown	null	1.000000000000004	1.0000000000000004	1.8718823069403003	False	False	unlabelled	"[""R546""]"	"[""R546""]"
YALI1F10122g	not newly verified	not established by this analysis	existing putative annotation; native function not newly verified	unlabelled_unknown	null	1.000000000000004	1.0000000000000004	1.8718823069403003	False	False	unlabelled	"[""R912""]"	"[""R912""]"
YALI1F10224g	not newly verified	not established by this analysis	existing putative annotation; native function not newly verified	unlabelled_unknown	null	1.000000000000004	1.0000000000000004	1.8718823069403003	False	False	unlabelled	[]	[]
YALI1F10253g	not newly verified	not established by this analysis	existing putative annotation; native function not newly verified	unlabelled_unknown	null	1.000000000000004	1.0000000000000004	1.8718823069403003	False	False	unlabelled	[]	[]
YALI1F10342g	not newly verified	not established by this analysis	existing putative annotation; native function not newly verified	unlabelled_unknown	null	1.000000000000004	1.0000000000000004	1.8718823069403003	False	False	unlabelled	[]	[]
YALI1F10633g	not newly verified	not established by this analysis	existing putative annotation; native function not newly verified	unlabelled_unknown	null	1.000000000000004	1.0000000000000004	1.8718823069403003	False	False	unlabelled	"[""R2146"", ""R2149"", ""R2152"", ""R2155"", ""R2159"", ""R2162""]"	"[""R2146"", ""R2149"", ""R2152"", ""R2155"", ""R2159"", ""R2162""]"
YALI1F11049g	not newly verified	similar to Saccharomyces cerevisiae PGI1 (YBR196C)%3B ancestral locus Anc_8.547,  highly similar to uniprot|P12709 Saccharomyces cerevisiae YBR196c PGI1 glucose-6-phosphate isomerase	existing putative annotation; native function not newly verified	reference_positive	"{""gene_id"": ""YALI1F11049g"", ""source_gene_id"": ""YALI1_F11049g"", ""function"": ""similar to Saccharomyces cerevisiae PGI1 (YBR196C)%3B ancestral locus Anc_8.547,  highly similar to uniprot|P12709 Saccharomyces cerevisiae YBR196c PGI1 glucose-6-phosphate isomerase"", ""source"": ""https://doi.org/10.1038/s42003-023-04996-8"", ""confidence"": ""consensus_essential_in_at_least_2_of_3_screens""}"	0.864386923123922	0.8643869231239417	1.6180305877462715	False	False	FN	"[""R326""]"	"[""R326""]"
YALI1F11199g	not newly verified	not established by this analysis	existing putative annotation; native function not newly verified	unlabelled_unknown	null	1.0000000000000033	0.9999999999999982	1.8718823069402963	False	False	unlabelled	"[""R1911""]"	"[""R1911""]"
YALI1F11396g	not newly verified	not established by this analysis	existing putative annotation; native function not newly verified	unlabelled_unknown	null	1.0000000000000049	1.0000000000000069	1.8718823069403125	False	False	unlabelled	[]	[]
YALI1F11481g	not newly verified	not established by this analysis	existing putative annotation; native function not newly verified	unlabelled_unknown	null	1.0000000000000049	1.0000000000000069	1.8718823069403125	False	False	unlabelled	[]	[]
YALI1F11583g	not newly verified	not established by this analysis	existing putative annotation; native function not newly verified	unlabelled_unknown	null	1.0000000000000049	1.0000000000000069	1.8718823069403125	False	False	unlabelled	[]	[]
YALI1F11605g	not newly verified	not established by this analysis	existing putative annotation; native function not newly verified	unlabelled_unknown	null	1.0000000000000049	1.0000000000000069	1.8718823069403125	False	False	unlabelled	"[""R1742""]"	"[""R1742""]"
YALI1F11635g	not newly verified	not established by this analysis	existing putative annotation; native function not newly verified	unlabelled_unknown	null	1.0000000000000049	1.0000000000000069	1.8718823069403125	False	False	unlabelled	"[""R564""]"	"[""R564""]"
YALI1F11827g	not newly verified	not established by this analysis	existing putative annotation; native function not newly verified	unlabelled_unknown	null	1.0000000000000049	1.0000000000000069	1.8718823069403125	False	False	unlabelled	"[""R328""]"	"[""R328""]"
YALI1F12013g	not newly verified	similar to Saccharomyces cerevisiae QCR2 (YPR191W)%3B ancestral locus Anc_7.548,  weakly similar to uniprot|P07257 Saccharomyces cerevisiae YPR191w QCR2 ubiquinol--cytochrome-c reductase 40KD chain II	existing putative annotation; native function not newly verified	reference_positive	"{""gene_id"": ""YALI1F12013g"", ""source_gene_id"": ""YALI1_F12013g"", ""function"": ""similar to Saccharomyces cerevisiae QCR2 (YPR191W)%3B ancestral locus Anc_7.548,  weakly similar to uniprot|P07257 Saccharomyces cerevisiae YPR191w QCR2 ubiquinol--cytochrome-c reductase 40KD chain II"", ""source"": ""https://doi.org/10.1038/s42003-023-04996-8"", ""confidence"": ""consensus_essential_in_at_least_2_of_3_screens""}"	1.0000000000000049	1.0000000000000038	1.8718823069403066	False	False	FN	"[""R305""]"	"[""R305""]"
YALI1F12138g	not newly verified	  similar to uniprot|P25087 Saccharomyces cerevisiae YML008c ERG6 S-adenosyl-methionine and wi|NCU03006.1 Neurospora crassa,similar to Saccharomyces cerevisiae ERG6 (YML008C)%3B ancestral locus Anc_5.529	existing putative annotation; native function not newly verified	reference_positive	"{""gene_id"": ""YALI1F12138g"", ""source_gene_id"": ""YALI1_F12138g"", ""function"": ""  similar to uniprot|P25087 Saccharomyces cerevisiae YML008c ERG6 S-adenosyl-methionine and wi|NCU03006.1 Neurospora crassa,similar to Saccharomyces cerevisiae ERG6 (YML008C)%3B ancestral locus Anc_5.529"", ""source"": ""https://doi.org/10.1038/s42003-023-04996-8"", ""confidence"": ""consensus_essential_in_at_least_2_of_3_screens""}"	0.0	0.0	0.0	True	True	TP	"[""R716""]"	"[""R716""]"
YALI1F12176g	not newly verified	not established by this analysis	existing putative annotation; native function not newly verified	unlabelled_unknown	null	1.000000000000002	0.9999999999999971	1.8718823069402943	False	False	unlabelled	[]	[]
YALI1F12649g	not newly verified	not established by this analysis	existing putative annotation; native function not newly verified	unlabelled_unknown	null	1.000000000000002	0.9999999999999971	1.8718823069402943	False	False	unlabelled	[]	[]
YALI1F12666g	not newly verified	not established by this analysis	existing putative annotation; native function not newly verified	unlabelled_unknown	null	1.000000000000002	0.9999999999999971	1.8718823069402943	False	False	unlabelled	[]	[]
YALI1F12842g	not newly verified	  uniprot|P30614 Yarrowia lipolytica Pyruvate kinase,similar to Saccharomyces cerevisiae CDC19 (YAL038W) and PYK2 (YOR347C)%3B ancestral locus Anc_7.45	existing putative annotation; native function not newly verified	reference_positive	"{""gene_id"": ""YALI1F12842g"", ""source_gene_id"": ""YALI1_F12842g"", ""function"": ""  uniprot|P30614 Yarrowia lipolytica Pyruvate kinase,similar to Saccharomyces cerevisiae CDC19 (YAL038W) and PYK2 (YOR347C)%3B ancestral locus Anc_7.45"", ""source"": ""https://doi.org/10.1038/s42003-023-04996-8"", ""confidence"": ""consensus_essential_in_at_least_2_of_3_screens""}"	1.0000000000000042	1.0000000000000007	1.871882306940301	False	False	FN	"[""R694""]"	"[""R694""]"
YALI1F12874g	not newly verified	not established by this analysis	existing putative annotation; native function not newly verified	unlabelled_unknown	null	1.0000000000000002	0.9999999999999998	1.8718823069402992	False	False	unlabelled	"[""R589"", ""R590"", ""R591"", ""R592"", ""R593"", ""R594"", ""R595"", ""R596"", ""R597"", ""R603""]"	"[""R589"", ""R590"", ""R591"", ""R592"", ""R593"", ""R594"", ""R595"", ""R596"", ""R597"", ""R603""]"
YALI1F12895g	not newly verified	not established by this analysis	existing putative annotation; native function not newly verified	unlabelled_unknown	null	1.000000000000005	1.000000000000003	1.8718823069403054	False	False	unlabelled	"[""R1954""]"	"[""R1954""]"
YALI1F12917g	not newly verified	not established by this analysis	existing putative annotation; native function not newly verified	unlabelled_unknown	null	1.000000000000005	1.000000000000003	1.8718823069403054	False	False	unlabelled	[]	[]
YALI1F12969g	not newly verified	not established by this analysis	existing putative annotation; native function not newly verified	unlabelled_unknown	null	0.0	0.0	0.0	True	True	unlabelled	"[""R1059"", ""R1060"", ""R781"", ""R782"", ""R788"", ""R789""]"	"[""R1059"", ""R1060"", ""R781"", ""R782"", ""R788"", ""R789""]"
YALI1F13017g	not newly verified	  highly similar to uniprot|P23968 Saccharomyces cerevisiae YHR026w PPA1 H+-ATPase	existing putative annotation; native function not newly verified	reference_positive	"{""gene_id"": ""YALI1F13017g"", ""source_gene_id"": ""YALI1_F13017g"", ""function"": ""  highly similar to uniprot|P23968 Saccharomyces cerevisiae YHR026w PPA1 H+-ATPase"", ""source"": ""https://doi.org/10.1038/s42003-023-04996-8"", ""confidence"": ""consensus_essential_in_at_least_2_of_3_screens""}"	1.0000000000000029	1.0000000000000004	1.8718823069403003	False	False	FN	[]	[]
YALI1F13039g	not newly verified	similar to Saccharomyces cerevisiae HEM4 (YOR278W)%3B ancestral locus Anc_8.734,  similar to uniprot|P06174 Saccharomyces cerevisiae YOR278w HEM4 uroporphyrinogen III synthase and DEHA0E06424g Debaryomyces hansenii	existing putative annotation; native function not newly verified	reference_positive	"{""gene_id"": ""YALI1F13039g"", ""source_gene_id"": ""YALI1_F13039g"", ""function"": ""similar to Saccharomyces cerevisiae HEM4 (YOR278W)%3B ancestral locus Anc_8.734,  similar to uniprot|P06174 Saccharomyces cerevisiae YOR278w HEM4 uroporphyrinogen III synthase and DEHA0E06424g Debaryomyces hansenii"", ""source"": ""https://doi.org/10.1038/s42003-023-04996-8"", ""confidence"": ""consensus_essential_in_at_least_2_of_3_screens""}"	1.0000000000000007	1.000000000000001	1.8718823069403017	False	False	FN	"[""R792""]"	"[""R792""]"
YALI1F13097g	not newly verified	not established by this analysis	existing putative annotation; native function not newly verified	unlabelled_unknown	null	1.0000000000000007	1.000000000000001	1.8718823069403017	False	False	unlabelled	[]	[]
YALI1F13170g	not newly verified	not established by this analysis	existing putative annotation; native function not newly verified	unlabelled_unknown	null	1.0000000000000007	1.000000000000001	1.8718823069403017	False	False	unlabelled	"[""R307""]"	"[""R307""]"
YALI1F13202g	not newly verified	not established by this analysis	existing putative annotation; native function not newly verified	unlabelled_unknown	null	1.0000000000000007	1.000000000000001	1.8718823069403017	False	False	unlabelled	"[""R1092"", ""R265""]"	"[""R1092"", ""R265""]"
YALI1F13505g	not newly verified	not established by this analysis	existing putative annotation; native function not newly verified	unlabelled_unknown	null	0.9817132964321548	0.981713296432151	1.837651750079381	False	False	unlabelled	"[""R641""]"	"[""R641""]"
YALI1F13550g	not newly verified	not established by this analysis	existing putative annotation; native function not newly verified	unlabelled_unknown	null	1.000000000000001	1.000000000000006	1.871882306940311	False	False	unlabelled	"[""R1767"", ""R1768""]"	"[""R1767"", ""R1768""]"
YALI1F14495g	not newly verified	not established by this analysis	existing putative annotation; native function not newly verified	unlabelled_unknown	null	1.0000000000000002	1.0000000000000038	1.8718823069403068	False	False	unlabelled	[]	[]
YALI1F14583g	not newly verified	not established by this analysis	existing putative annotation; native function not newly verified	unlabelled_unknown	null	1.0000000000000002	1.0000000000000038	1.8718823069403068	False	False	unlabelled	"[""R803""]"	"[""R803""]"
YALI1F14882g	not newly verified	  similar to uniprot|P04801 Saccharomyces cerevisiae YIL078w THS1 threonyl tRNA synthetase	existing putative annotation; native function not newly verified	reference_positive	"{""gene_id"": ""YALI1F14882g"", ""source_gene_id"": ""YALI1_F14882g"", ""function"": ""  similar to uniprot|P04801 Saccharomyces cerevisiae YIL078w THS1 threonyl tRNA synthetase"", ""source"": ""https://doi.org/10.1038/s42003-023-04996-8"", ""confidence"": ""consensus_essential_in_at_least_2_of_3_screens""}"	1.0000000000000002	1.0000000000000038	1.8718823069403068	False	False	FN	[]	[]
YALI1F14958g	not newly verified	  similar to uniprot|P53045 Saccharomyces cerevisiae YGR060w and DEHA0A12661g Debaryomyces hansenii	existing putative annotation; native function not newly verified	reference_positive	"{""gene_id"": ""YALI1F14958g"", ""source_gene_id"": ""YALI1_F14958g"", ""function"": ""  similar to uniprot|P53045 Saccharomyces cerevisiae YGR060w and DEHA0A12661g Debaryomyces hansenii"", ""source"": ""https://doi.org/10.1038/s42003-023-04996-8"", ""confidence"": ""consensus_essential_in_at_least_2_of_3_screens""}"	0.0	0.0	0.0	True	True	TP	"[""R182"", ""R183"", ""R184"", ""R185""]"	"[""R182"", ""R183"", ""R184"", ""R185""]"
YALI1F15334g	not newly verified	not established by this analysis	existing putative annotation; native function not newly verified	unlabelled_unknown	null	0.9999999999999992	1.0000000000000007	1.8718823069403008	False	False	unlabelled	[]	[]
YALI1F15367g	not newly verified	not established by this analysis	existing putative annotation; native function not newly verified	unlabelled_unknown	null	1.0000000000000022	1.000000000000001	1.8718823069403017	False	False	unlabelled	"[""R2195""]"	"[""R2195""]"
YALI1F15403g	not newly verified	similar to Saccharomyces cerevisiae GPI18 (YBR004C)%3B ancestral locus Anc_3.201,  similar to uniprot|P38211 Saccharomyces cerevisiae YBR004c	existing putative annotation; native function not newly verified	reference_positive	"{""gene_id"": ""YALI1F15403g"", ""source_gene_id"": ""YALI1_F15403g"", ""function"": ""similar to Saccharomyces cerevisiae GPI18 (YBR004C)%3B ancestral locus Anc_3.201,  similar to uniprot|P38211 Saccharomyces cerevisiae YBR004c"", ""source"": ""https://doi.org/10.1038/s42003-023-04996-8"", ""confidence"": ""consensus_essential_in_at_least_2_of_3_screens""}"	1.0000000000000022	1.000000000000001	1.8718823069403017	False	False	FN	"[""R374""]"	"[""R374""]"
YALI1F15517g	not newly verified	  highly similar to uniprot|P39954 Saccharomyces cerevisiae YER043c,similar to Saccharomyces cerevisiae SAH1 (YER043C)%3B ancestral locus Anc_3.545	existing putative annotation; native function not newly verified	reference_positive	"{""gene_id"": ""YALI1F15517g"", ""source_gene_id"": ""YALI1_F15517g"", ""function"": ""  highly similar to uniprot|P39954 Saccharomyces cerevisiae YER043c,similar to Saccharomyces cerevisiae SAH1 (YER043C)%3B ancestral locus Anc_3.545"", ""source"": ""https://doi.org/10.1038/s42003-023-04996-8"", ""confidence"": ""consensus_essential_in_at_least_2_of_3_screens""}"	0.0	0.0	0.0	True	True	TP	"[""R117""]"	"[""R117""]"
YALI1F15781g	not newly verified	  similar to uniprot|P40857 Saccharomyces cerevisiae YJL097w and DEHA0C18733g Debaryomyces hansenii,similar to Saccharomyces cerevisiae PHS1 (YJL097W)%3B ancestral locus Anc_1.269	existing putative annotation; native function not newly verified	reference_positive	"{""gene_id"": ""YALI1F15781g"", ""source_gene_id"": ""YALI1_F15781g"", ""function"": ""  similar to uniprot|P40857 Saccharomyces cerevisiae YJL097w and DEHA0C18733g Debaryomyces hansenii,similar to Saccharomyces cerevisiae PHS1 (YJL097W)%3B ancestral locus Anc_1.269"", ""source"": ""https://doi.org/10.1038/s42003-023-04996-8"", ""confidence"": ""consensus_essential_in_at_least_2_of_3_screens""}"	0.999999999999998	1.0000000000000009	1.8718823069403012	False	False	FN	"[""R1420"", ""R1421"", ""R1422"", ""R1423"", ""R1424"", ""R1425"", ""R1426""]"	"[""R1420"", ""R1421"", ""R1422"", ""R1423"", ""R1424"", ""R1425"", ""R1426""]"
YALI1F15961g	not newly verified	not established by this analysis	existing putative annotation; native function not newly verified	unlabelled_unknown	null	1.0	0.9999999999999968	1.8718823069402937	False	False	unlabelled	[]	[]
YALI1F16045g	not newly verified	not established by this analysis	existing putative annotation; native function not newly verified	unlabelled_unknown	null	1.0	0.9999999999999968	1.8718823069402937	False	False	unlabelled	"[""R1756""]"	"[""R1756""]"
YALI1F16069g	not newly verified	not established by this analysis	existing putative annotation; native function not newly verified	unlabelled_unknown	null	1.0	0.9999999999999968	1.8718823069402937	False	False	unlabelled	"[""R11""]"	"[""R11""]"
YALI1F16984g	not newly verified	similar to Saccharomyces cerevisiae ARO1 (YDR127W)%3B ancestral locus Anc_8.287,  similar to uniprot|P08566 Saccharomyces cerevisiae YDR127W Pentafunctional AROM polypeptide	existing putative annotation; native function not newly verified	reference_positive	"{""gene_id"": ""YALI1F16984g"", ""source_gene_id"": ""YALI1_F16984g"", ""function"": ""similar to Saccharomyces cerevisiae ARO1 (YDR127W)%3B ancestral locus Anc_8.287,  similar to uniprot|P08566 Saccharomyces cerevisiae YDR127W Pentafunctional AROM polypeptide"", ""source"": ""https://doi.org/10.1038/s42003-023-04996-8"", ""confidence"": ""consensus_essential_in_at_least_2_of_3_screens""}"	0.1764326894405012	0.17643268944050078	0.33026122972956606	False	False	FN	"[""R35"", ""R36"", ""R47"", ""R724"", ""R725""]"	"[""R35"", ""R36"", ""R47"", ""R724"", ""R725""]"
YALI1F17082g	not newly verified	  similar to uniprot|Q03529 Saccharomyces cerevisiae YMR272c SCS7 required for hydroxylation of ceramide	existing putative annotation; native function not newly verified	reference_positive	"{""gene_id"": ""YALI1F17082g"", ""source_gene_id"": ""YALI1_F17082g"", ""function"": ""  similar to uniprot|Q03529 Saccharomyces cerevisiae YMR272c SCS7 required for hydroxylation of ceramide"", ""source"": ""https://doi.org/10.1038/s42003-023-04996-8"", ""confidence"": ""consensus_essential_in_at_least_2_of_3_screens""}"	1.0000000000000013	0.9999999999999977	1.8718823069402952	False	False	FN	"[""R199"", ""R201"", ""R206"", ""R207"", ""R208"", ""R209""]"	"[""R199"", ""R201"", ""R206"", ""R207"", ""R208"", ""R209""]"
YALI1F17337g	not newly verified	not established by this analysis	existing putative annotation; native function not newly verified	unlabelled_unknown	null	1.0000000000000013	0.9999999999999977	1.8718823069402952	False	False	unlabelled	[]	[]
YALI1F17569g	not newly verified	not established by this analysis	existing putative annotation; native function not newly verified	unlabelled_unknown	null	1.0000000000000013	0.9999999999999977	1.8718823069402952	False	False	unlabelled	[]	[]
YALI1F17962g	not newly verified	  highly similar to uniprot|P17423 Saccharomyces cerevisiae YHR025w THR1 homoserine kinase and KLLA0E11528g Kluyveromyces lactis and CAGL0J00649g Candida glabrata,similar to Saccharomyces cerevisiae THR1 (YHR025W)%3B ancestral locus Anc_5.269	existing putative annotation; native function not newly verified	reference_positive	"{""gene_id"": ""YALI1F17962g"", ""source_gene_id"": ""YALI1_F17962g"", ""function"": ""  highly similar to uniprot|P17423 Saccharomyces cerevisiae YHR025w THR1 homoserine kinase and KLLA0E11528g Kluyveromyces lactis and CAGL0J00649g Candida glabrata,similar to Saccharomyces cerevisiae THR1 (YHR025W)%3B ancestral locus Anc_5.269"", ""source"": ""https://doi.org/10.1038/s42003-023-04996-8"", ""confidence"": ""consensus_essential_in_at_least_2_of_3_screens""}"	0.19187452903441202	0.1918745290344116	0.35916653605201787	False	False	FN	"[""R400""]"	"[""R400""]"
YALI1F18105g	not newly verified	  highly similar to uniprot|P00817 Saccharomyces cerevisiae YBR011c IPP1 inorganic pyrophosphatase cytoplasmic,similar to Saccharomyces cerevisiae PPA2 (YMR267W)%3B ancestral locus Anc_8.820	existing putative annotation; native function not newly verified	reference_positive	"{""gene_id"": ""YALI1F18105g"", ""source_gene_id"": ""YALI1_F18105g"", ""function"": ""  highly similar to uniprot|P00817 Saccharomyces cerevisiae YBR011c IPP1 inorganic pyrophosphatase cytoplasmic,similar to Saccharomyces cerevisiae PPA2 (YMR267W)%3B ancestral locus Anc_8.820"", ""source"": ""https://doi.org/10.1038/s42003-023-04996-8"", ""confidence"": ""consensus_essential_in_at_least_2_of_3_screens""}"	1.0000000000000013	1.0000000000000016	1.8718823069403026	False	False	FN	[]	[]
YALI1F18152g	not newly verified	not established by this analysis	existing putative annotation; native function not newly verified	unlabelled_unknown	null	1.0000000000000013	1.0000000000000016	1.8718823069403026	False	False	unlabelled	[]	[]
YALI1F18429g	not newly verified	not established by this analysis	existing putative annotation; native function not newly verified	unlabelled_unknown	null	1.0000000000000013	1.0000000000000016	1.8718823069403026	False	False	unlabelled	[]	[]
YALI1F18740g	not newly verified	not established by this analysis	existing putative annotation; native function not newly verified	unlabelled_unknown	null	1.0000000000000013	1.0000000000000016	1.8718823069403026	False	False	unlabelled	[]	[]
YALI1F18835g	not newly verified	not established by this analysis	existing putative annotation; native function not newly verified	unlabelled_unknown	null	1.0000000000000013	1.0000000000000016	1.8718823069403026	False	False	unlabelled	[]	[]
YALI1F18897g	not newly verified	not established by this analysis	existing putative annotation; native function not newly verified	unlabelled_unknown	null	1.0000000000000013	1.0000000000000016	1.8718823069403026	False	False	unlabelled	"[""R285"", ""R54"", ""R63"", ""R73""]"	"[""R285"", ""R54"", ""R63"", ""R73""]"
YALI1F18920g	not newly verified	not established by this analysis	existing putative annotation; native function not newly verified	unlabelled_unknown	null	1.0000000000000013	1.0000000000000016	1.8718823069403026	False	False	unlabelled	[]	[]
YALI1F18979g	not newly verified	not established by this analysis	existing putative annotation; native function not newly verified	unlabelled_unknown	null	1.0000000000000013	1.0000000000000016	1.8718823069403026	False	False	unlabelled	[]	[]
YALI1F19090g	not newly verified	  similar to uniprot|P40035 Saccharomyces cerevisiae YER053c related to mitochondrial phosphate carrier protein,similar to Saccharomyces cerevisiae PIC2 (YER053C)%3B ancestral locus Anc_7.228	existing putative annotation; native function not newly verified	reference_positive	"{""gene_id"": ""YALI1F19090g"", ""source_gene_id"": ""YALI1_F19090g"", ""function"": ""  similar to uniprot|P40035 Saccharomyces cerevisiae YER053c related to mitochondrial phosphate carrier protein,similar to Saccharomyces cerevisiae PIC2 (YER053C)%3B ancestral locus Anc_7.228"", ""source"": ""https://doi.org/10.1038/s42003-023-04996-8"", ""confidence"": ""consensus_essential_in_at_least_2_of_3_screens""}"	1.0000000000000013	1.0000000000000016	1.8718823069403026	False	False	FN	[]	[]
YALI1F19697g	not newly verified	not established by this analysis	existing putative annotation; native function not newly verified	unlabelled_unknown	null	1.0000000000000016	0.999999999999998	1.871882306940296	False	False	unlabelled	"[""R1483"", ""R1484"", ""R1485"", ""R1486"", ""R1873"", ""R618"", ""R619"", ""R620"", ""R621"", ""R622"", ""R623""]"	"[""R1483"", ""R1484"", ""R1485"", ""R1486"", ""R1873"", ""R618"", ""R619"", ""R620"", ""R621"", ""R622"", ""R623""]"
YALI1F20637g	not newly verified	similar to Saccharomyces cerevisiae LCB2 (YDR062W)%3B ancestral locus Anc_8.177,  similar to uniprot|P40970 Saccharomyces cerevisiae YDR062w LCB2 serine C-palmitoyltransferase subunit	existing putative annotation; native function not newly verified	reference_positive	"{""gene_id"": ""YALI1F20637g"", ""source_gene_id"": ""YALI1_F20637g"", ""function"": ""similar to Saccharomyces cerevisiae LCB2 (YDR062W)%3B ancestral locus Anc_8.177,  similar to uniprot|P40970 Saccharomyces cerevisiae YDR062w LCB2 serine C-palmitoyltransferase subunit"", ""source"": ""https://doi.org/10.1038/s42003-023-04996-8"", ""confidence"": ""consensus_essential_in_at_least_2_of_3_screens""}"	1.0000000000000016	0.9999999999999996	1.8718823069402988	False	False	FN	"[""R722""]"	"[""R722""]"
YALI1F20788g	not newly verified	  similar to uniprot|P38702 Saccharomyces cerevisiae YHR002w Mitochondrial carrier protein LEU5	existing putative annotation; native function not newly verified	reference_positive	"{""gene_id"": ""YALI1F20788g"", ""source_gene_id"": ""YALI1_F20788g"", ""function"": ""  similar to uniprot|P38702 Saccharomyces cerevisiae YHR002w Mitochondrial carrier protein LEU5"", ""source"": ""https://doi.org/10.1038/s42003-023-04996-8"", ""confidence"": ""consensus_essential_in_at_least_2_of_3_screens""}"	1.0000000000000016	0.9999999999999996	1.8718823069402988	False	False	FN	"[""R834""]"	"[""R834""]"
YALI1F20914g	not newly verified	similar to Saccharomyces cerevisiae YGR043C and TAL1 (YLR354C)%3B ancestral locus Anc_4.188,  highly similar to uniprot|P15019 Saccharomyces cerevisiae YLR354c TAL1 transaldolase	existing putative annotation; native function not newly verified	reference_positive	"{""gene_id"": ""YALI1F20914g"", ""source_gene_id"": ""YALI1_F20914g"", ""function"": ""similar to Saccharomyces cerevisiae YGR043C and TAL1 (YLR354C)%3B ancestral locus Anc_4.188,  highly similar to uniprot|P15019 Saccharomyces cerevisiae YLR354c TAL1 transaldolase"", ""source"": ""https://doi.org/10.1038/s42003-023-04996-8"", ""confidence"": ""consensus_essential_in_at_least_2_of_3_screens""}"	1.0000000000000022	0.9999999999999353	1.8718823069401784	False	False	FN	"[""R764""]"	"[""R764""]"
YALI1F20965g	not newly verified	similar to Saccharomyces cerevisiae VMA4 (YOR332W)%3B ancestral locus Anc_7.63,  similar to uniprot|O94072 Candida albicans Vacuolar proton pump subunit E	existing putative annotation; native function not newly verified	reference_positive	"{""gene_id"": ""YALI1F20965g"", ""source_gene_id"": ""YALI1_F20965g"", ""function"": ""similar to Saccharomyces cerevisiae VMA4 (YOR332W)%3B ancestral locus Anc_7.63,  similar to uniprot|O94072 Candida albicans Vacuolar proton pump subunit E"", ""source"": ""https://doi.org/10.1038/s42003-023-04996-8"", ""confidence"": ""consensus_essential_in_at_least_2_of_3_screens""}"	1.0000000000000022	0.99999999999995	1.8718823069402062	False	False	FN	[]	[]
YALI1F21467g	not newly verified	not established by this analysis	existing putative annotation; native function not newly verified	unlabelled_unknown	null	1.0000000000000022	0.99999999999995	1.8718823069402062	False	False	unlabelled	[]	[]
YALI1F21567g	not newly verified	not established by this analysis	existing putative annotation; native function not newly verified	unlabelled_unknown	null	1.0000000000000022	0.99999999999995	1.8718823069402062	False	False	unlabelled	"[""R2146"", ""R2149"", ""R2152"", ""R2155"", ""R2159"", ""R2162""]"	"[""R2146"", ""R2149"", ""R2152"", ""R2155"", ""R2159"", ""R2162""]"
YALI1F21690g	not newly verified	similar to Saccharomyces cerevisiae VMA6 (YLR447C)%3B ancestral locus Anc_4.338,  highly similar to uniprot|P32366 Saccharomyces cerevisiae YLR447c VMA6 H+-ATPase V0 domain 36 KD subunit	existing putative annotation; native function not newly verified	reference_positive	"{""gene_id"": ""YALI1F21690g"", ""source_gene_id"": ""YALI1_F21690g"", ""function"": ""similar to Saccharomyces cerevisiae VMA6 (YLR447C)%3B ancestral locus Anc_4.338,  highly similar to uniprot|P32366 Saccharomyces cerevisiae YLR447c VMA6 H+-ATPase V0 domain 36 KD subunit"", ""source"": ""https://doi.org/10.1038/s42003-023-04996-8"", ""confidence"": ""consensus_essential_in_at_least_2_of_3_screens""}"	1.0000000000000022	0.99999999999995	1.8718823069402062	False	False	FN	[]	[]
YALI1F21728g	not newly verified	not established by this analysis	existing putative annotation; native function not newly verified	unlabelled_unknown	null	1.0000000000000022	0.99999999999995	1.8718823069402062	False	False	unlabelled	[]	[]
YALI1F21769g	not newly verified	  highly similar to uniprot|P15180 Saccharomyces cerevisiae YDR037w KRS1 lysyl-tRNA synthetase cytosolic	existing putative annotation; native function not newly verified	reference_positive	"{""gene_id"": ""YALI1F21769g"", ""source_gene_id"": ""YALI1_F21769g"", ""function"": ""  highly similar to uniprot|P15180 Saccharomyces cerevisiae YDR037w KRS1 lysyl-tRNA synthetase cytosolic"", ""source"": ""https://doi.org/10.1038/s42003-023-04996-8"", ""confidence"": ""consensus_essential_in_at_least_2_of_3_screens""}"	0.0	0.0	0.0	True	True	TP	"[""R531""]"	"[""R531""]"
YALI1F21875g	not newly verified	not established by this analysis	existing putative annotation; native function not newly verified	unlabelled_unknown	null	1.0000000000000022	0.9999999999999533	1.8718823069402122	False	False	unlabelled	[]	[]
YALI1F21908g	not newly verified	not established by this analysis	existing putative annotation; native function not newly verified	unlabelled_unknown	null	1.0000000000000022	0.9999999999999533	1.8718823069402122	False	False	unlabelled	[]	[]
YALI1F22321g	not newly verified	not established by this analysis	existing putative annotation; native function not newly verified	unlabelled_unknown	null	1.0000000000000022	0.9999999999999533	1.8718823069402122	False	False	unlabelled	"[""R137""]"	"[""R137""]"
YALI1F22436g	not newly verified	  highly similar to uniprot|P00925 Saccharomyces cerevisiae YHR174w ENO2 enolase or uniprot|P00924 Saccharomyces cerevisiae YGR254w ENO1 enolase	existing putative annotation; native function not newly verified	reference_positive	"{""gene_id"": ""YALI1F22436g"", ""source_gene_id"": ""YALI1_F22436g"", ""function"": ""  highly similar to uniprot|P00925 Saccharomyces cerevisiae YHR174w ENO2 enolase or uniprot|P00924 Saccharomyces cerevisiae YGR254w ENO1 enolase"", ""source"": ""https://doi.org/10.1038/s42003-023-04996-8"", ""confidence"": ""consensus_essential_in_at_least_2_of_3_screens""}"	1.0000000000000022	0.9999999999999648	1.8718823069402337	False	False	FN	"[""R292""]"	"[""R292""]"
YALI1F22568g	not newly verified	not established by this analysis	existing putative annotation; native function not newly verified	unlabelled_unknown	null	1.0000000000000022	0.9999999999999648	1.8718823069402337	False	False	unlabelled	[]	[]
YALI1F22908g	not newly verified	not established by this analysis	existing putative annotation; native function not newly verified	unlabelled_unknown	null	1.0000000000000022	0.9999999999999648	1.8718823069402337	False	False	unlabelled	"[""R286""]"	"[""R286""]"
YALI1F22993g	not newly verified	  uniprot|Q9UUU1 Yarrowia lipolytica NUCM protein precursor	existing putative annotation; native function not newly verified	reference_positive	"{""gene_id"": ""YALI1F22993g"", ""source_gene_id"": ""YALI1_F22993g"", ""function"": ""  uniprot|Q9UUU1 Yarrowia lipolytica NUCM protein precursor"", ""source"": ""https://doi.org/10.1038/s42003-023-04996-8"", ""confidence"": ""consensus_essential_in_at_least_2_of_3_screens""}"	1.0000000000000022	0.9999999999999648	1.8718823069402337	False	False	FN	"[""R2062""]"	"[""R2062""]"
YALI1F23441g	not newly verified	not established by this analysis	existing putative annotation; native function not newly verified	unlabelled_unknown	null	1.0000000000000022	0.9999999999999648	1.8718823069402337	False	False	unlabelled	[]	[]
YALI1F23664g	not newly verified	not established by this analysis	existing putative annotation; native function not newly verified	unlabelled_unknown	null	1.0000000000000022	0.9999999999999648	1.8718823069402337	False	False	unlabelled	"[""R330""]"	"[""R330""]"
YALI1F23706g	not newly verified	not established by this analysis	existing putative annotation; native function not newly verified	unlabelled_unknown	null	1.0000000000000022	0.9999999999999648	1.8718823069402337	False	False	unlabelled	"[""R2200""]"	"[""R2200""]"
YALI1F23922g	not newly verified	not established by this analysis	existing putative annotation; native function not newly verified	unlabelled_unknown	null	1.0000000000000022	0.9999999999999648	1.8718823069402337	False	False	unlabelled	[]	[]
YALI1F24031g	not newly verified	not established by this analysis	existing putative annotation; native function not newly verified	unlabelled_unknown	null	1.0000000000000022	0.9999999999999648	1.8718823069402337	False	False	unlabelled	[]	[]
YALI1F24171g	not newly verified	  similar to uniprot|P31115 Saccharomyces cerevisiae YFL001w DEG1 Pseudouridylate synthase 3 (EC 4.2.1.70) (Pseudouridine synthase 3) (Depressed growth-RATE protein DEG1)	existing putative annotation; native function not newly verified	reference_positive	"{""gene_id"": ""YALI1F24171g"", ""source_gene_id"": ""YALI1_F24171g"", ""function"": ""  similar to uniprot|P31115 Saccharomyces cerevisiae YFL001w DEG1 Pseudouridylate synthase 3 (EC 4.2.1.70) (Pseudouridine synthase 3) (Depressed growth-RATE protein DEG1)"", ""source"": ""https://doi.org/10.1038/s42003-023-04996-8"", ""confidence"": ""consensus_essential_in_at_least_2_of_3_screens""}"	1.0000000000000022	0.9999999999999648	1.8718823069402337	False	False	FN	[]	[]
YALI1F24343g	not newly verified	gnl|GLV|YALI0F18359g [Yarrowia lipolytica]  NADH-ubiquinone reductase accessory subunit 15 kDA	existing putative annotation; native function not newly verified	reference_positive	"{""gene_id"": ""YALI1F24343g"", ""source_gene_id"": ""YALI1_F24343g"", ""function"": ""gnl|GLV|YALI0F18359g [Yarrowia lipolytica]  NADH-ubiquinone reductase accessory subunit 15 kDA"", ""source"": ""https://doi.org/10.1038/s42003-023-04996-8"", ""confidence"": ""consensus_essential_in_at_least_2_of_3_screens""}"	1.0000000000000022	0.9999999999999648	1.8718823069402337	False	False	FN	"[""R2062""]"	"[""R2062""]"
YALI1F24667g	not newly verified	not established by this analysis	existing putative annotation; native function not newly verified	unlabelled_unknown	null	1.0000000000000022	1.000000000000018	1.8718823069403334	False	False	unlabelled	"[""R2186"", ""R366""]"	"[""R2186"", ""R366""]"
YALI1F24773g	not newly verified	not established by this analysis	existing putative annotation; native function not newly verified	unlabelled_unknown	null	1.0000000000000022	1.000000000000018	1.8718823069403334	False	False	unlabelled	[]	[]
YALI1F25444g	not newly verified	not established by this analysis	existing putative annotation; native function not newly verified	unlabelled_unknown	null	1.0000000000000022	1.000000000000018	1.8718823069403334	False	False	unlabelled	"[""R1720""]"	[]
YALI1F25587g	not newly verified	not established by this analysis	existing putative annotation; native function not newly verified	unlabelled_unknown	null	1.0000000000000022	1.000000000000018	1.8718823069403334	False	False	unlabelled	"[""R839"", ""R843""]"	"[""R839"", ""R843""]"
YALI1F25649g	not newly verified	not established by this analysis	existing putative annotation; native function not newly verified	unlabelled_unknown	null	1.0000000000000022	1.000000000000018	1.8718823069403334	False	False	unlabelled	[]	[]
YALI1F25908g	not newly verified	  similar to uniprot|P33317 Saccharomyces cerevisiae YBR252w DUT1 dUTP pyrophosphatase precursor,similar to Saccharomyces cerevisiae DUT1 (YBR252W)%3B ancestral locus Anc_7.173	existing putative annotation; native function not newly verified	reference_positive	"{""gene_id"": ""YALI1F25908g"", ""source_gene_id"": ""YALI1_F25908g"", ""function"": ""  similar to uniprot|P33317 Saccharomyces cerevisiae YBR252w DUT1 dUTP pyrophosphatase precursor,similar to Saccharomyces cerevisiae DUT1 (YBR252W)%3B ancestral locus Anc_7.173"", ""source"": ""https://doi.org/10.1038/s42003-023-04996-8"", ""confidence"": ""consensus_essential_in_at_least_2_of_3_screens""}"	1.0000000000000022	1.000000000000018	1.8718823069403334	False	False	FN	"[""R291""]"	"[""R291""]"
YALI1F25924g	not newly verified	  similar to uniprot|P16622 Saccharomyces cerevisiae YOR176w HEM15 ferrochelatase precursor,similar to Saccharomyces cerevisiae HEM15 (YOR176W)%3B ancestral locus Anc_6.67	existing putative annotation; native function not newly verified	reference_positive	"{""gene_id"": ""YALI1F25924g"", ""source_gene_id"": ""YALI1_F25924g"", ""function"": ""  similar to uniprot|P16622 Saccharomyces cerevisiae YOR176w HEM15 ferrochelatase precursor,similar to Saccharomyces cerevisiae HEM15 (YOR176W)%3B ancestral locus Anc_6.67"", ""source"": ""https://doi.org/10.1038/s42003-023-04996-8"", ""confidence"": ""consensus_essential_in_at_least_2_of_3_screens""}"	1.0000000000000022	1.000000000000018	1.8718823069403334	False	False	FN	"[""R302""]"	"[""R302""]"
YALI1F25951g	not newly verified	not established by this analysis	existing putative annotation; native function not newly verified	unlabelled_unknown	null	1.0000000000000022	1.000000000000018	1.8718823069403334	False	False	unlabelled	[]	[]
YALI1F25984g	not newly verified	not established by this analysis	existing putative annotation; native function not newly verified	unlabelled_unknown	null	1.0000000000000022	1.000000000000018	1.8718823069403334	False	False	unlabelled	[]	[]
YALI1F26167g	not newly verified	not established by this analysis	existing putative annotation; native function not newly verified	unlabelled_unknown	null	1.0000000000000022	1.000000000000018	1.8718823069403334	False	False	unlabelled	[]	[]
YALI1F26427g	not newly verified	not established by this analysis	existing putative annotation; native function not newly verified	unlabelled_unknown	null	1.0000000000000022	1.000000000000018	1.8718823069403334	False	False	unlabelled	[]	[]
YALI1F26873g	not newly verified	similar to Saccharomyces cerevisiae VAS1 (YGR094W)%3B ancestral locus Anc_3.433,  similar to uniprot|P07806 Saccharomyces cerevisiae YGR094w VAS1 valyl-tRNA synthetase	existing putative annotation; native function not newly verified	reference_positive	"{""gene_id"": ""YALI1F26873g"", ""source_gene_id"": ""YALI1_F26873g"", ""function"": ""similar to Saccharomyces cerevisiae VAS1 (YGR094W)%3B ancestral locus Anc_3.433,  similar to uniprot|P07806 Saccharomyces cerevisiae YGR094w VAS1 valyl-tRNA synthetase"", ""source"": ""https://doi.org/10.1038/s42003-023-04996-8"", ""confidence"": ""consensus_essential_in_at_least_2_of_3_screens""}"	0.0	0.0	0.0	True	True	TP	"[""R798"", ""R799""]"	"[""R798"", ""R799""]"
YALI1F26924g	not newly verified	not established by this analysis	existing putative annotation; native function not newly verified	unlabelled_unknown	null	1.0000000000000033	0.9999999999999927	1.871882306940286	False	False	unlabelled	"[""R933""]"	"[""R933""]"
YALI1F26967g	not newly verified	similar to Saccharomyces cerevisiae ATP4 (YPL078C)%3B ancestral locus Anc_8.549,  similar to uniprot|O13349 Kluyveromyces lactis ATP synthase subunit 4 mitochondrial precursor (EC 3.6.3.14) and uniprot|P05626 Saccharomyces cerevisiae YPL078c ATP4 F1F0- ATPase complex F0 subunit B singleton	existing putative annotation; native function not newly verified	reference_positive	"{""gene_id"": ""YALI1F26967g"", ""source_gene_id"": ""YALI1_F26967g"", ""function"": ""similar to Saccharomyces cerevisiae ATP4 (YPL078C)%3B ancestral locus Anc_8.549,  similar to uniprot|O13349 Kluyveromyces lactis ATP synthase subunit 4 mitochondrial precursor (EC 3.6.3.14) and uniprot|P05626 Saccharomyces cerevisiae YPL078c ATP4 F1F0- ATPase complex F0 subunit B singleton"", ""source"": ""https://doi.org/10.1038/s42003-023-04996-8"", ""confidence"": ""consensus_essential_in_at_least_2_of_3_screens""}"	1.0000000000000033	1.000000000000007	1.871882306940313	False	False	FN	[]	[]
YALI1F27002g	not newly verified	similar to Saccharomyces cerevisiae PIS1 (YPR113W)%3B ancestral locus Anc_3.436,  similar to uniprot|P06197 Saccharomyces cerevisiae YPR113w PIS1 CDPdiacylglycerol--inositol 3- phosphatidyltransferase	existing putative annotation; native function not newly verified	reference_positive	"{""gene_id"": ""YALI1F27002g"", ""source_gene_id"": ""YALI1_F27002g"", ""function"": ""similar to Saccharomyces cerevisiae PIS1 (YPR113W)%3B ancestral locus Anc_3.436,  similar to uniprot|P06197 Saccharomyces cerevisiae YPR113w PIS1 CDPdiacylglycerol--inositol 3- phosphatidyltransferase"", ""source"": ""https://doi.org/10.1038/s42003-023-04996-8"", ""confidence"": ""consensus_essential_in_at_least_2_of_3_screens""}"	0.0	0.0	0.0	True	True	TP	"[""R1839""]"	"[""R1839""]"
YALI1F27211g	not newly verified	not established by this analysis	existing putative annotation; native function not newly verified	unlabelled_unknown	null	0.9999999999999993	0.9999999999999912	1.8718823069402832	False	False	unlabelled	"[""R303""]"	"[""R303""]"
YALI1F27343g	not newly verified	  similar to uniprot|P36051 Saccharomyces cerevisiae YKL165c MCD4 sporulation protein,similar to Saccharomyces cerevisiae MCD4 (YKL165C)%3B ancestral locus Anc_1.184	existing putative annotation; native function not newly verified	reference_positive	"{""gene_id"": ""YALI1F27343g"", ""source_gene_id"": ""YALI1_F27343g"", ""function"": ""  similar to uniprot|P36051 Saccharomyces cerevisiae YKL165c MCD4 sporulation protein,similar to Saccharomyces cerevisiae MCD4 (YKL165C)%3B ancestral locus Anc_1.184"", ""source"": ""https://doi.org/10.1038/s42003-023-04996-8"", ""confidence"": ""consensus_essential_in_at_least_2_of_3_screens""}"	1.0000000000000002	0.9999999999999912	1.8718823069402832	False	False	FN	"[""R373""]"	"[""R373""]"
YALI1F27556g	not newly verified	similar to Saccharomyces cerevisiae PDA1 (YER178W)%3B ancestral locus Anc_8.246,  highly similar to uniprot|P16387 Saccharomyces cerevisiae YER178w PDA1 pyruvate dehydrogenase (lipoamide) alpha chain precursor	existing putative annotation; native function not newly verified	reference_positive	"{""gene_id"": ""YALI1F27556g"", ""source_gene_id"": ""YALI1_F27556g"", ""function"": ""similar to Saccharomyces cerevisiae PDA1 (YER178W)%3B ancestral locus Anc_8.246,  highly similar to uniprot|P16387 Saccharomyces cerevisiae YER178w PDA1 pyruvate dehydrogenase (lipoamide) alpha chain precursor"", ""source"": ""https://doi.org/10.1038/s42003-023-04996-8"", ""confidence"": ""consensus_essential_in_at_least_2_of_3_screens""}"	1.0000000000000002	0.9999999999999912	1.8718823069402832	False	False	FN	"[""R693""]"	"[""R693""]"
YALI1F27686g	not newly verified	  similar to uniprot|P05373 Saccharomyces cerevisiae YGL040c HEM2 Delta-aminolevulinate dehydratase, a homo- octameric enzyme, catalyzes the conversion of delta- aminolevulinic acid to porphobilinogen, the second step in the heme biosynthetic pathway,similar to Saccharomyces cerevisiae HEM2 (YGL040C)%3B ancestral locus Anc_4.70	existing putative annotation; native function not newly verified	reference_positive	"{""gene_id"": ""YALI1F27686g"", ""source_gene_id"": ""YALI1_F27686g"", ""function"": ""  similar to uniprot|P05373 Saccharomyces cerevisiae YGL040c HEM2 Delta-aminolevulinate dehydratase, a homo- octameric enzyme, catalyzes the conversion of delta- aminolevulinic acid to porphobilinogen, the second step in the heme biosynthetic pathway,similar to Saccharomyces cerevisiae HEM2 (YGL040C)%3B ancestral locus Anc_4.70"", ""source"": ""https://doi.org/10.1038/s42003-023-04996-8"", ""confidence"": ""consensus_essential_in_at_least_2_of_3_screens""}"	1.0000000000000002	0.9999999999999912	1.8718823069402832	False	False	FN	"[""R667""]"	"[""R667""]"
YALI1F27761g	not newly verified	  weakly similar to uniprot|Q9HDU6 Schizosaccharomyces pombe Probable 2-dehydropantoate 2- reductase (EC 1.1.1.169) (Ketopantoate reductase)	existing putative annotation; native function not newly verified	reference_positive	"{""gene_id"": ""YALI1F27761g"", ""source_gene_id"": ""YALI1_F27761g"", ""function"": ""  weakly similar to uniprot|Q9HDU6 Schizosaccharomyces pombe Probable 2-dehydropantoate 2- reductase (EC 1.1.1.169) (Ketopantoate reductase)"", ""source"": ""https://doi.org/10.1038/s42003-023-04996-8"", ""confidence"": ""consensus_essential_in_at_least_2_of_3_screens""}"	1.0000000000000002	0.9999999999999912	1.8718823069402832	False	False	FN	"[""R16""]"	"[""R16""]"
YALI1F27904g	not newly verified	similar to Saccharomyces cerevisiae ADE5%2C7 (YGL234W)%3B ancestral locus Anc_3.557,  uniprot|Q99148 Yarrowia lipolytica Bifunctional purine biosynthetic protein ADE1	existing putative annotation; native function not newly verified	reference_positive	"{""gene_id"": ""YALI1F27904g"", ""source_gene_id"": ""YALI1_F27904g"", ""function"": ""similar to Saccharomyces cerevisiae ADE5%2C7 (YGL234W)%3B ancestral locus Anc_3.557,  uniprot|Q99148 Yarrowia lipolytica Bifunctional purine biosynthetic protein ADE1"", ""source"": ""https://doi.org/10.1038/s42003-023-04996-8"", ""confidence"": ""consensus_essential_in_at_least_2_of_3_screens""}"	0.02080421545150767	0.020804215451704192	0.03894304281381907	True	True	TP	"[""R628"", ""R656""]"	"[""R628"", ""R656""]"
YALI1F27989g	not newly verified	not established by this analysis	existing putative annotation; native function not newly verified	unlabelled_unknown	null	1.0000000000000022	0.999999999999999	1.871882306940298	False	False	unlabelled	[]	[]
YALI1F28064g	not newly verified	not established by this analysis	existing putative annotation; native function not newly verified	unlabelled_unknown	null	0.9999999999999979	0.9999999999999987	1.8718823069402972	False	False	unlabelled	"[""R191""]"	"[""R191""]"
YALI1F28092g	not newly verified	similar to Saccharomyces cerevisiae GRX5 (YPL059W)%3B ancestral locus Anc_8.519,  similar to wi|NCU04098.1 Neurospora crassa NCU04098. 1 probable glutaredoxin	existing putative annotation; native function not newly verified	reference_positive	"{""gene_id"": ""YALI1F28092g"", ""source_gene_id"": ""YALI1_F28092g"", ""function"": ""similar to Saccharomyces cerevisiae GRX5 (YPL059W)%3B ancestral locus Anc_8.519,  similar to wi|NCU04098.1 Neurospora crassa NCU04098. 1 probable glutaredoxin"", ""source"": ""https://doi.org/10.1038/s42003-023-04996-8"", ""confidence"": ""consensus_essential_in_at_least_2_of_3_screens""}"	0.9999999999999979	1.0000000000000224	1.8718823069403416	False	False	FN	"[""R340"", ""R342""]"	"[""R340"", ""R342""]"
YALI1F28274g	not newly verified	similar to Saccharomyces cerevisiae NCE103 (YNL036W)%3B ancestral locus Anc_2.275,  weakly similar to uniprot|O94255 Schizosaccharomyces pombe Carbonic anhydrase	existing putative annotation; native function not newly verified	reference_positive	"{""gene_id"": ""YALI1F28274g"", ""source_gene_id"": ""YALI1_F28274g"", ""function"": ""similar to Saccharomyces cerevisiae NCE103 (YNL036W)%3B ancestral locus Anc_2.275,  weakly similar to uniprot|O94255 Schizosaccharomyces pombe Carbonic anhydrase"", ""source"": ""https://doi.org/10.1038/s42003-023-04996-8"", ""confidence"": ""consensus_essential_in_at_least_2_of_3_screens""}"	0.11002421982935945	0.1100242198293592	0.20595239043348756	True	True	TP	"[""R1025"", ""R1026"", ""R2202""]"	"[""R1025"", ""R1026"", ""R2202""]"
YALI1F28485g	not newly verified	not established by this analysis	existing putative annotation; native function not newly verified	unlabelled_unknown	null	1.0000000000000029	0.9999999999999889	1.8718823069402788	False	False	unlabelled	"[""R611""]"	"[""R611""]"
YALI1F28833g	not newly verified	  similar to uniprot|Q96WN8 Candida albicans GOG5 Golgi GDP-mannose transporter,similar to Saccharomyces cerevisiae HVG1 (YER039C) and VRG4 (YGL225W)%3B ancestral locus Anc_3.538	existing putative annotation; native function not newly verified	reference_positive	"{""gene_id"": ""YALI1F28833g"", ""source_gene_id"": ""YALI1_F28833g"", ""function"": ""  similar to uniprot|Q96WN8 Candida albicans GOG5 Golgi GDP-mannose transporter,similar to Saccharomyces cerevisiae HVG1 (YER039C) and VRG4 (YGL225W)%3B ancestral locus Anc_3.538"", ""source"": ""https://doi.org/10.1038/s42003-023-04996-8"", ""confidence"": ""consensus_essential_in_at_least_2_of_3_screens""}"	1.0000000000000029	0.9999999999999889	1.8718823069402788	False	False	FN	"[""R850""]"	"[""R850""]"
YALI1F29301g	not newly verified	not established by this analysis	existing putative annotation; native function not newly verified	unlabelled_unknown	null	1.0000000000000029	0.9999999999999889	1.8718823069402788	False	False	unlabelled	[]	[]
YALI1F29751g	not newly verified	not established by this analysis	existing putative annotation; native function not newly verified	unlabelled_unknown	null	1.0000000000000029	0.9999999999999889	1.8718823069402788	False	False	unlabelled	"[""R252""]"	"[""R252""]"
YALI1F29836g	not newly verified	not established by this analysis	existing putative annotation; native function not newly verified	unlabelled_unknown	null	1.0000000000000029	0.9999999999999889	1.8718823069402788	False	False	unlabelled	"[""R1955""]"	"[""R1955""]"
YALI1F29987g	not newly verified	not established by this analysis	existing putative annotation; native function not newly verified	unlabelled_unknown	null	1.0000000000000029	0.9999999999999889	1.8718823069402788	False	False	unlabelled	"[""R276""]"	"[""R276""]"
YALI1F30034g	not newly verified	not established by this analysis	existing putative annotation; native function not newly verified	unlabelled_unknown	null	1.0000000000000029	0.9999999999999889	1.8718823069402788	False	False	unlabelled	"[""R747""]"	"[""R747""]"
YALI1F30179g	not newly verified	not established by this analysis	existing putative annotation; native function not newly verified	unlabelled_unknown	null	1.0000000000000029	0.9999999999999889	1.8718823069402788	False	False	unlabelled	[]	[]
YALI1F30289g	not newly verified	not established by this analysis	existing putative annotation; native function not newly verified	unlabelled_unknown	null	1.0000000000000029	0.9999999999999889	1.8718823069402788	False	False	unlabelled	[]	[]
YALI1F30459g	not newly verified	similar to Saccharomyces cerevisiae THR4 (YCR053W)%3B ancestral locus Anc_6.323,  similar to uniprot|P16120 Saccharomyces cerevisiae Threonine synthase (EC 4.2.3.1) (TS) YCR053w (o-p- homoserine p-lyase)	existing putative annotation; native function not newly verified	reference_positive	"{""gene_id"": ""YALI1F30459g"", ""source_gene_id"": ""YALI1_F30459g"", ""function"": ""similar to Saccharomyces cerevisiae THR4 (YCR053W)%3B ancestral locus Anc_6.323,  similar to uniprot|P16120 Saccharomyces cerevisiae Threonine synthase (EC 4.2.3.1) (TS) YCR053w (o-p- homoserine p-lyase)"", ""source"": ""https://doi.org/10.1038/s42003-023-04996-8"", ""confidence"": ""consensus_essential_in_at_least_2_of_3_screens""}"	0.19187452903441202	0.1918745290344116	0.35916653605201787	False	False	FN	"[""R51"", ""R758""]"	"[""R51"", ""R758""]"
YALI1F30479g	not newly verified	not established by this analysis	existing putative annotation; native function not newly verified	unlabelled_unknown	null	1.0000000000000033	0.9999999999999858	1.871882306940273	False	False	unlabelled	"[""R139""]"	"[""R139""]"
YALI1F30703g	not newly verified	  similar to uniprot|Q03557 Saccharomyces cerevisiae Probable glutamyl-tRNA(Gln) amidotransferase subunit A mitochondrial precursor (EC 6.3.5.-) (Glu-ADT subunit A) YMR293c	existing putative annotation; native function not newly verified	reference_positive	"{""gene_id"": ""YALI1F30703g"", ""source_gene_id"": ""YALI1_F30703g"", ""function"": ""  similar to uniprot|Q03557 Saccharomyces cerevisiae Probable glutamyl-tRNA(Gln) amidotransferase subunit A mitochondrial precursor (EC 6.3.5.-) (Glu-ADT subunit A) YMR293c"", ""source"": ""https://doi.org/10.1038/s42003-023-04996-8"", ""confidence"": ""consensus_essential_in_at_least_2_of_3_screens""}"	1.0000000000000036	0.999999999999988	1.8718823069402772	False	False	FN	[]	[]
YALI1F30754g	not newly verified	not established by this analysis	existing putative annotation; native function not newly verified	unlabelled_unknown	null	1.0000000000000004	0.9999999999999856	1.8718823069402726	False	False	unlabelled	"[""R115""]"	"[""R115""]"
YALI1F30877g	not newly verified	not established by this analysis	existing putative annotation; native function not newly verified	unlabelled_unknown	null	0.9999999999999999	1.0000000000000047	1.8718823069403085	False	False	unlabelled	"[""R2203""]"	"[""R2203""]"
YALI1F30903g	not newly verified	not established by this analysis	existing putative annotation; native function not newly verified	unlabelled_unknown	null	0.9999999999999999	1.0000000000000047	1.8718823069403085	False	False	unlabelled	"[""R1718"", ""R1840"", ""R8""]"	"[""R1718"", ""R1840"", ""R8""]"
YALI1F31135g	not newly verified	similar to Saccharomyces cerevisiae COX10 (YPL172C)%3B ancestral locus Anc_8.710,  similar to uniprot|P21592 Saccharomyces cerevisiae YPL172c COX10 farnesyl transferase	existing putative annotation; native function not newly verified	reference_positive	"{""gene_id"": ""YALI1F31135g"", ""source_gene_id"": ""YALI1_F31135g"", ""function"": ""similar to Saccharomyces cerevisiae COX10 (YPL172C)%3B ancestral locus Anc_8.710,  similar to uniprot|P21592 Saccharomyces cerevisiae YPL172c COX10 farnesyl transferase"", ""source"": ""https://doi.org/10.1038/s42003-023-04996-8"", ""confidence"": ""consensus_essential_in_at_least_2_of_3_screens""}"	0.9999999999999999	1.0000000000000047	1.8718823069403085	False	False	FN	"[""R384""]"	"[""R384""]"
YALI1F31153g	not newly verified	not established by this analysis	existing putative annotation; native function not newly verified	unlabelled_unknown	null	0.9999999999999999	1.0000000000000047	1.8718823069403085	False	False	unlabelled	"[""R1975"", ""R1977""]"	"[""R1975"", ""R1977""]"
YALI1F31215g	not newly verified	not established by this analysis	existing putative annotation; native function not newly verified	unlabelled_unknown	null	0.9999999999999999	1.0000000000000047	1.8718823069403085	False	False	unlabelled	"[""R2253"", ""R2257"", ""R2261""]"	"[""R2253"", ""R2257"", ""R2261""]"
YALI1F31283g	not newly verified	  some similarities with uniprot|Q07560 Saccharomyces cerevisiae YDL142c PGS1 cardiolipin synthase and wi|NCU00135.1 Neurospora crassa NCU00135.1 hypothetical protein,similar to Saccharomyces cerevisiae CRD1 (YDL142C)%3B ancestral locus Anc_7.316	existing putative annotation; native function not newly verified	reference_positive	"{""gene_id"": ""YALI1F31283g"", ""source_gene_id"": ""YALI1_F31283g"", ""function"": ""  some similarities with uniprot|Q07560 Saccharomyces cerevisiae YDL142c PGS1 cardiolipin synthase and wi|NCU00135.1 Neurospora crassa NCU00135.1 hypothetical protein,similar to Saccharomyces cerevisiae CRD1 (YDL142C)%3B ancestral locus Anc_7.316"", ""source"": ""https://doi.org/10.1038/s42003-023-04996-8"", ""confidence"": ""consensus_essential_in_at_least_2_of_3_screens""}"	0.9999999999999999	1.0000000000000047	1.8718823069403085	False	False	FN	"[""R1721""]"	"[""R1721""]"
YALI1F31381g	not newly verified	not established by this analysis	existing putative annotation; native function not newly verified	unlabelled_unknown	null	1.000000000000002	1.0000000000000047	1.8718823069403085	False	False	unlabelled	"[""R862""]"	"[""R862""]"
YALI1F31405g	not newly verified	not established by this analysis	existing putative annotation; native function not newly verified	unlabelled_unknown	null	1.000000000000002	1.0000000000000047	1.8718823069403085	False	False	unlabelled	"[""R319"", ""R780""]"	"[""R319"", ""R780""]"
YALI1F31854g	not newly verified	  highly similar to uniprot|Q00607 Candida tropicalis Vacuolar ATP synthase 16 kDa proteolipid subunit (EC 3.6.3. 14) and uniprot|P25515 Saccharomyces cerevisiae YEL027w CUP5 H+-ATPase V0 domain 17 KD subunit vacuolar and wi|NCU01332.1 Neurospora crassa NCU01332.1 VACUOLAR ATP SYNTHASE	existing putative annotation; native function not newly verified	reference_positive	"{""gene_id"": ""YALI1F31854g"", ""source_gene_id"": ""YALI1_F31854g"", ""function"": ""  highly similar to uniprot|Q00607 Candida tropicalis Vacuolar ATP synthase 16 kDa proteolipid subunit (EC 3.6.3. 14) and uniprot|P25515 Saccharomyces cerevisiae YEL027w CUP5 H+-ATPase V0 domain 17 KD subunit vacuolar and wi|NCU01332.1 Neurospora crassa NCU01332.1 VACUOLAR ATP SYNTHASE"", ""source"": ""https://doi.org/10.1038/s42003-023-04996-8"", ""confidence"": ""consensus_essential_in_at_least_2_of_3_screens""}"	1.0000000000000009	1.0000000000000047	1.8718823069403085	False	False	FN	[]	[]
YALI1F32002g	not newly verified	similar to Saccharomyces cerevisiae COX15 (YER141W)%3B ancestral locus Anc_8.183,  similar to uniprot|P40086 Saccharomyces cerevisiae YER141W Cytochrome c oxidase assembly protein COX15	existing putative annotation; native function not newly verified	reference_positive	"{""gene_id"": ""YALI1F32002g"", ""source_gene_id"": ""YALI1_F32002g"", ""function"": ""similar to Saccharomyces cerevisiae COX15 (YER141W)%3B ancestral locus Anc_8.183,  similar to uniprot|P40086 Saccharomyces cerevisiae YER141W Cytochrome c oxidase assembly protein COX15"", ""source"": ""https://doi.org/10.1038/s42003-023-04996-8"", ""confidence"": ""consensus_essential_in_at_least_2_of_3_screens""}"	1.0000000000000009	1.0000000000000047	1.8718823069403085	False	False	FN	"[""R383""]"	"[""R383""]"
YALI1F32010g	not newly verified	not established by this analysis	existing putative annotation; native function not newly verified	unlabelled_unknown	null	0.9999999999999996	0.9999999999999994	1.8718823069402986	False	False	unlabelled	"[""R305""]"	"[""R305""]"
YALI1F32232g	not newly verified	not established by this analysis	existing putative annotation; native function not newly verified	unlabelled_unknown	null	0.9598958091812498	0.959895809181272	1.7968119817125652	False	False	unlabelled	"[""R769""]"	"[""R769""]"
YALI1F32287g	not newly verified	not established by this analysis	existing putative annotation; native function not newly verified	unlabelled_unknown	null	1.0000000000000024	1.0000000000000338	1.871882306940363	False	False	unlabelled	[]	[]
YALI1F32330g	not newly verified	not established by this analysis	existing putative annotation; native function not newly verified	unlabelled_unknown	null	1.0000000000000024	1.0000000000000338	1.871882306940363	False	False	unlabelled	[]	[]
YALI1F32363g	not newly verified	not established by this analysis	existing putative annotation; native function not newly verified	unlabelled_unknown	null	1.0000000000000024	1.0000000000000338	1.871882306940363	False	False	unlabelled	[]	[]
YALI1F32476g	not newly verified	not established by this analysis	existing putative annotation; native function not newly verified	unlabelled_unknown	null	1.0000000000000024	0.9999999999999872	1.8718823069402757	False	False	unlabelled	"[""R2062"", ""R570"", ""R573""]"	"[""R2062"", ""R570""]"
YALI1F32534g	not newly verified	not established by this analysis	existing putative annotation; native function not newly verified	unlabelled_unknown	null	1.0000000000000024	0.9999999999999872	1.8718823069402757	False	False	unlabelled	"[""R2204""]"	"[""R2204""]"
YALI1F32841g	not newly verified	not established by this analysis	existing putative annotation; native function not newly verified	unlabelled_unknown	null	1.0000000000000024	0.9999999999999872	1.8718823069402757	False	False	unlabelled	[]	[]
YALI1F32910g	not newly verified	not established by this analysis	existing putative annotation; native function not newly verified	unlabelled_unknown	null	1.0000000000000024	0.9999999999999872	1.8718823069402757	False	False	unlabelled	[]	[]
YALI1F32969g	not newly verified	not established by this analysis	existing putative annotation; native function not newly verified	unlabelled_unknown	null	1.0000000000000024	0.9999999999999872	1.8718823069402757	False	False	unlabelled	"[""R397""]"	"[""R397""]"
YALI1F33143g	not newly verified	not established by this analysis	existing putative annotation; native function not newly verified	unlabelled_unknown	null	1.0000000000000024	0.9999999999999872	1.8718823069402757	False	False	unlabelled	[]	[]
YALI1F33189g	not newly verified	not established by this analysis	existing putative annotation; native function not newly verified	unlabelled_unknown	null	1.0000000000000024	0.9999999999999872	1.8718823069402757	False	False	unlabelled	[]	[]
YALI1F33246g	not newly verified	not established by this analysis	existing putative annotation; native function not newly verified	unlabelled_unknown	null	1.0000000000000024	0.9999999999999872	1.8718823069402757	False	False	unlabelled	[]	[]
YALI1F33579g	not newly verified	not established by this analysis	existing putative annotation; native function not newly verified	unlabelled_unknown	null	1.0000000000000024	0.9999999999999872	1.8718823069402757	False	False	unlabelled	"[""R1912""]"	"[""R1912""]"
YALI1F33681g	not newly verified	not established by this analysis	existing putative annotation; native function not newly verified	unlabelled_unknown	null	1.0000000000000024	0.9999999999999872	1.8718823069402757	False	False	unlabelled	"[""R2067"", ""R742""]"	"[""R2067"", ""R742""]"
YALI1F33754g	not newly verified	not established by this analysis	existing putative annotation; native function not newly verified	unlabelled_unknown	null	1.0000000000000024	1.0000000000000022	1.8718823069403037	False	False	unlabelled	"[""R831"", ""R832"", ""R833""]"	"[""R831"", ""R832"", ""R833""]"
YALI1F33819g	not newly verified	similar to Saccharomyces cerevisiae MSD1 (YPL104W)%3B ancestral locus Anc_8.584,  similar to uniprot|P15179 Saccharomyces cerevisiae YPL104w MSD1 aspartyl-tRNA synthetase	existing putative annotation; native function not newly verified	reference_positive	"{""gene_id"": ""YALI1F33819g"", ""source_gene_id"": ""YALI1_F33819g"", ""function"": ""similar to Saccharomyces cerevisiae MSD1 (YPL104W)%3B ancestral locus Anc_8.584,  similar to uniprot|P15179 Saccharomyces cerevisiae YPL104w MSD1 aspartyl-tRNA synthetase"", ""source"": ""https://doi.org/10.1038/s42003-023-04996-8"", ""confidence"": ""consensus_essential_in_at_least_2_of_3_screens""}"	1.0000000000000024	1.0000000000000022	1.8718823069403037	False	False	FN	"[""R166""]"	"[""R166""]"
YALI1F33861g	not newly verified	not established by this analysis	existing putative annotation; native function not newly verified	unlabelled_unknown	null	0.958356703184806	0.9583567031848109	1.7939309564292838	False	False	unlabelled	"[""R516""]"	"[""R516""]"
YALI1F33951g	not newly verified	not established by this analysis	existing putative annotation; native function not newly verified	unlabelled_unknown	null	1.0000000000000007	0.9999999999999843	1.8718823069402704	False	False	unlabelled	"[""R122"", ""R123""]"	"[""R122"", ""R123""]"
YALI1F34029g	not newly verified	not established by this analysis	existing putative annotation; native function not newly verified	unlabelled_unknown	null	1.000000000000001	0.9999999999999843	1.8718823069402704	False	False	unlabelled	"[""R1933""]"	"[""R1933""]"
YALI1F34051g	not newly verified	similar to Saccharomyces cerevisiae HEM3 (YDL205C)%3B ancestral locus Anc_8.456,  similar to uniprot|P28789 Saccharomyces cerevisiae YDL205c HEM3 porphobilinogen deaminase	existing putative annotation; native function not newly verified	reference_positive	"{""gene_id"": ""YALI1F34051g"", ""source_gene_id"": ""YALI1_F34051g"", ""function"": ""similar to Saccharomyces cerevisiae HEM3 (YDL205C)%3B ancestral locus Anc_8.456,  similar to uniprot|P28789 Saccharomyces cerevisiae YDL205c HEM3 porphobilinogen deaminase"", ""source"": ""https://doi.org/10.1038/s42003-023-04996-8"", ""confidence"": ""consensus_essential_in_at_least_2_of_3_screens""}"	1.000000000000001	0.9999999999999843	1.8718823069402704	False	False	FN	"[""R409""]"	"[""R409""]"
YALI1F34187g	not newly verified	not established by this analysis	existing putative annotation; native function not newly verified	unlabelled_unknown	null	1.000000000000001	0.9999999999999843	1.8718823069402704	False	False	unlabelled	"[""R1760"", ""R56"", ""R58"", ""R981"", ""R983""]"	"[""R1760"", ""R56"", ""R58"", ""R981"", ""R983""]"
YALI1F34625g	not newly verified	similar to Saccharomyces cerevisiae COQ4 (YDR204W)%3B ancestral locus Anc_8.411,  similar to uniprot|O13525 Saccharomyces cerevisiae YDR204w COQ4 ubiquinone biosynthesis protein	existing putative annotation; native function not newly verified	reference_positive	"{""gene_id"": ""YALI1F34625g"", ""source_gene_id"": ""YALI1_F34625g"", ""function"": ""similar to Saccharomyces cerevisiae COQ4 (YDR204W)%3B ancestral locus Anc_8.411,  similar to uniprot|O13525 Saccharomyces cerevisiae YDR204w COQ4 ubiquinone biosynthesis protein"", ""source"": ""https://doi.org/10.1038/s42003-023-04996-8"", ""confidence"": ""consensus_essential_in_at_least_2_of_3_screens""}"	1.000000000000001	0.9999999999999843	1.8718823069402704	False	False	FN	"[""R40""]"	"[""R40""]"
YALI1F34675g	not newly verified	  weakly similar to uniprot|O13850 Schizosaccharomyces pombe hypothetical protein,similar to Saccharomyces cerevisiae COQ9 (YLR201C)%3B ancestral locus Anc_7.351	existing putative annotation; native function not newly verified	reference_positive	"{""gene_id"": ""YALI1F34675g"", ""source_gene_id"": ""YALI1_F34675g"", ""function"": ""  weakly similar to uniprot|O13850 Schizosaccharomyces pombe hypothetical protein,similar to Saccharomyces cerevisiae COQ9 (YLR201C)%3B ancestral locus Anc_7.351"", ""source"": ""https://doi.org/10.1038/s42003-023-04996-8"", ""confidence"": ""consensus_essential_in_at_least_2_of_3_screens""}"	1.000000000000001	0.9999999999999843	1.8718823069402704	False	False	FN	[]	[]
YALI1F35109g	not newly verified	  similar to uniprot|O94505 Schizosaccharomyces pombe 3 (2 ) 5 -bisphosphate nucleotidase,similar to Saccharomyces cerevisiae MET22 (YOL064C)%3B ancestral locus Anc_3.157	existing putative annotation; native function not newly verified	reference_positive	"{""gene_id"": ""YALI1F35109g"", ""source_gene_id"": ""YALI1_F35109g"", ""function"": ""  similar to uniprot|O94505 Schizosaccharomyces pombe 3 (2 ) 5 -bisphosphate nucleotidase,similar to Saccharomyces cerevisiae MET22 (YOL064C)%3B ancestral locus Anc_3.157"", ""source"": ""https://doi.org/10.1038/s42003-023-04996-8"", ""confidence"": ""consensus_essential_in_at_least_2_of_3_screens""}"	0.9877362862917786	0.9877362862918031	1.8489260782325447	False	False	FN	"[""R1938"", ""R28""]"	"[""R1938"", ""R28""]"
YALI1F35542g	not newly verified	not established by this analysis	existing putative annotation; native function not newly verified	unlabelled_unknown	null	1.0000000000000009	0.9999999999999893	1.8718823069402797	False	False	unlabelled	[]	[]
YALI1F35690g	not newly verified	not established by this analysis	existing putative annotation; native function not newly verified	unlabelled_unknown	null	1.0000000000000009	0.9999999999999893	1.8718823069402797	False	False	unlabelled	[]	[]
YALI1F35822g	not newly verified	not established by this analysis	existing putative annotation; native function not newly verified	unlabelled_unknown	null	1.0000000000000009	0.9999999999999893	1.8718823069402797	False	False	unlabelled	[]	[]
YALI1F35868g	not newly verified	not established by this analysis	existing putative annotation; native function not newly verified	unlabelled_unknown	null	1.0000000000000009	0.9999999999999893	1.8718823069402797	False	False	unlabelled	[]	[]
YALI1F36094g	not newly verified	not established by this analysis	existing putative annotation; native function not newly verified	unlabelled_unknown	null	1.0000000000000009	0.9999999999999893	1.8718823069402797	False	False	unlabelled	[]	[]
YALI1F36415g	not newly verified	not established by this analysis	existing putative annotation; native function not newly verified	unlabelled_unknown	null	1.0000000000000009	0.9999999999999893	1.8718823069402797	False	False	unlabelled	[]	[]
YALI1F36584g	not newly verified	not established by this analysis	existing putative annotation; native function not newly verified	unlabelled_unknown	null	1.0000000000000009	0.9999999999999893	1.8718823069402797	False	False	unlabelled	[]	[]
YALI1F36733g	not newly verified	not established by this analysis	existing putative annotation; native function not newly verified	unlabelled_unknown	null	1.0000000000000009	0.9999999999999893	1.8718823069402797	False	False	unlabelled	[]	[]
YALI1F36930g	not newly verified	not established by this analysis	existing putative annotation; native function not newly verified	unlabelled_unknown	null	1.0000000000000009	0.9999999999999893	1.8718823069402797	False	False	unlabelled	[]	[]
YALI1F36966g	not newly verified	not established by this analysis	existing putative annotation; native function not newly verified	unlabelled_unknown	null	1.0000000000000009	0.9999999999999893	1.8718823069402797	False	False	unlabelled	[]	[]
YALI1F37194g	not newly verified	not established by this analysis	existing putative annotation; native function not newly verified	unlabelled_unknown	null	1.0000000000000009	0.9999999999999893	1.8718823069402797	False	False	unlabelled	[]	[]
YALI1F37272g	not newly verified	not established by this analysis	existing putative annotation; native function not newly verified	unlabelled_unknown	null	1.0000000000000009	0.9999999999999893	1.8718823069402797	False	False	unlabelled	[]	[]
YALI1F37354g	not newly verified	similar to Saccharomyces cerevisiae MES1 (YGR264C)%3B ancestral locus Anc_5.41,  similar to uniprot|P00958 Saccharomyces cerevisiae YGR264c MES1 methionyl-tRNA synthetase	existing putative annotation; native function not newly verified	reference_positive	"{""gene_id"": ""YALI1F37354g"", ""source_gene_id"": ""YALI1_F37354g"", ""function"": ""similar to Saccharomyces cerevisiae MES1 (YGR264C)%3B ancestral locus Anc_5.41,  similar to uniprot|P00958 Saccharomyces cerevisiae YGR264c MES1 methionyl-tRNA synthetase"", ""source"": ""https://doi.org/10.1038/s42003-023-04996-8"", ""confidence"": ""consensus_essential_in_at_least_2_of_3_screens""}"	0.0	0.0	0.0	True	True	TP	"[""R547""]"	"[""R547""]"
YALI1F37498g	not newly verified	not established by this analysis	existing putative annotation; native function not newly verified	unlabelled_unknown	null	1.0000000000000022	1.0000000000000262	1.8718823069403485	False	False	unlabelled	"[""R1397"", ""R1398"", ""R1399""]"	"[""R1397"", ""R1398"", ""R1399""]"
YALI1F37559g	not newly verified	similar to Saccharomyces cerevisiae ADE6 (YGR061C)%3B ancestral locus Anc_4.207,  similar to uniprot|P38972 Saccharomyces cerevisiae YGR061c ADE6 5 -phosphoribosylformyl glycinamidine synthetase	existing putative annotation; native function not newly verified	reference_positive	"{""gene_id"": ""YALI1F37559g"", ""source_gene_id"": ""YALI1_F37559g"", ""function"": ""similar to Saccharomyces cerevisiae ADE6 (YGR061C)%3B ancestral locus Anc_4.207,  similar to uniprot|P38972 Saccharomyces cerevisiae YGR061c ADE6 5 -phosphoribosylformyl glycinamidine synthetase"", ""source"": ""https://doi.org/10.1038/s42003-023-04996-8"", ""confidence"": ""consensus_essential_in_at_least_2_of_3_screens""}"	0.02080421545151322	0.0208042154509333	0.03894304281237605	True	True	TP	"[""R59""]"	"[""R59""]"
YALI1F37658g	not newly verified	not established by this analysis	existing putative annotation; native function not newly verified	unlabelled_unknown	null	1.000000000000002	1.0000000000000118	1.8718823069403216	False	False	unlabelled	"[""R869"", ""R878"", ""R882"", ""R887""]"	"[""R882""]"
YALI1F37714g	not newly verified	not established by this analysis	existing putative annotation; native function not newly verified	unlabelled_unknown	null	0.9985539228140392	0.9985539228140282	1.869175420641409	False	False	unlabelled	"[""R1903"", ""R264"", ""R675"", ""R676"", ""R677"", ""R678"", ""R679"", ""R680"", ""R681"", ""R682"", ""R683"", ""R684"", ""R761""]"	"[""R1903"", ""R264"", ""R675"", ""R676"", ""R677"", ""R678"", ""R679"", ""R680"", ""R681"", ""R682"", ""R683"", ""R684"", ""R761""]"
YALI1F37916g	not newly verified	not established by this analysis	existing putative annotation; native function not newly verified	unlabelled_unknown	null	0.9999999999999996	0.9999999999999715	1.8718823069402462	False	False	unlabelled	"[""R167"", ""R168"", ""R169"", ""R744""]"	"[""R167"", ""R168"", ""R169"", ""R744""]"
YALI1F38116g	not newly verified	similar to Saccharomyces cerevisiae ERG13 (YML126C)%3B ancestral locus Anc_8.864,  similar to uniprot|P54839 Saccharomyces cerevisiae YML126c HMGS 3-hydroxy-3-methylglutaryl coenzyme A synthase	existing putative annotation; native function not newly verified	reference_positive	"{""gene_id"": ""YALI1F38116g"", ""source_gene_id"": ""YALI1_F38116g"", ""function"": ""similar to Saccharomyces cerevisiae ERG13 (YML126C)%3B ancestral locus Anc_8.864,  similar to uniprot|P54839 Saccharomyces cerevisiae YML126c HMGS 3-hydroxy-3-methylglutaryl coenzyme A synthase"", ""source"": ""https://doi.org/10.1038/s42003-023-04996-8"", ""confidence"": ""consensus_essential_in_at_least_2_of_3_screens""}"	0.9863900787155944	0.9863900787155772	1.8464061360891384	False	False	FN	"[""R411"", ""R412""]"	"[""R411"", ""R412""]"
YALI1F38220g	not newly verified	not established by this analysis	existing putative annotation; native function not newly verified	unlabelled_unknown	null	0.9999999999999998	0.9999999999999866	1.8718823069402746	False	False	unlabelled	[]	[]
YALI1F38317g	not newly verified	similar to Saccharomyces cerevisiae CEM1 (YER061C)%3B ancestral locus Anc_7.242,  similar to uniprot|P39525 Saccharomyces cerevisiae YER061c CEM1 3-oxoacyl-[acyl-carrier protein] synthase	existing putative annotation; native function not newly verified	reference_positive	"{""gene_id"": ""YALI1F38317g"", ""source_gene_id"": ""YALI1_F38317g"", ""function"": ""similar to Saccharomyces cerevisiae CEM1 (YER061C)%3B ancestral locus Anc_7.242,  similar to uniprot|P39525 Saccharomyces cerevisiae YER061c CEM1 3-oxoacyl-[acyl-carrier protein] synthase"", ""source"": ""https://doi.org/10.1038/s42003-023-04996-8"", ""confidence"": ""consensus_essential_in_at_least_2_of_3_screens""}"	1.0000000000000013	1.0000000000000104	1.8718823069403192	False	False	FN	"[""R1394"", ""R1395"", ""R1396"", ""R2218"", ""R2221"", ""R2224"", ""R2227"", ""R2230"", ""R2233""]"	"[""R1394"", ""R1395"", ""R1396"", ""R2218"", ""R2221"", ""R2224"", ""R2227"", ""R2230"", ""R2233""]"
YALI1F38386g	not newly verified	not established by this analysis	existing putative annotation; native function not newly verified	unlabelled_unknown	null	1.0000000000000013	1.0000000000000104	1.8718823069403192	False	False	unlabelled	[]	[]
YALI1F38466g	not newly verified	not established by this analysis	existing putative annotation; native function not newly verified	unlabelled_unknown	null	1.0000000000000013	1.0000000000000104	1.8718823069403192	False	False	unlabelled	"[""R254""]"	"[""R254""]"
YALI1F38476g	not newly verified	not established by this analysis	existing putative annotation; native function not newly verified	unlabelled_unknown	null	1.0000000000000013	1.0000000000000104	1.8718823069403192	False	False	unlabelled	"[""R210""]"	"[""R210""]"
YALI1F38629g	not newly verified	not established by this analysis	existing putative annotation; native function not newly verified	unlabelled_unknown	null	1.0000000000000013	1.0000000000000104	1.8718823069403192	False	False	unlabelled	[]	[]
YALI1F38776g	not newly verified	not established by this analysis	existing putative annotation; native function not newly verified	unlabelled_unknown	null	0.04790423872092701	0.047904238720926896	0.08967109688914747	True	True	unlabelled	"[""R1170"", ""R396""]"	"[""R1170"", ""R396""]"
YALI1F38820g	not newly verified	not established by this analysis	existing putative annotation; native function not newly verified	unlabelled_unknown	null	0.9999999999999993	1.0000000000000073	1.8718823069403132	False	False	unlabelled	[]	[]
YALI1F38986g	not newly verified	similar to Saccharomyces cerevisiae FUR1 (YHR128W)%3B ancestral locus Anc_2.118,  highly similar to uniprot|P18562 Saccharomyces cerevisiae YHR128w FUR1 uracil phosphoribosyltransferase	existing putative annotation; native function not newly verified	reference_positive	"{""gene_id"": ""YALI1F38986g"", ""source_gene_id"": ""YALI1_F38986g"", ""function"": ""similar to Saccharomyces cerevisiae FUR1 (YHR128W)%3B ancestral locus Anc_2.118,  highly similar to uniprot|P18562 Saccharomyces cerevisiae YHR128w FUR1 uracil phosphoribosyltransferase"", ""source"": ""https://doi.org/10.1038/s42003-023-04996-8"", ""confidence"": ""consensus_essential_in_at_least_2_of_3_screens""}"	0.9999999999999993	1.0000000000000073	1.8718823069403132	False	False	FN	"[""R783""]"	"[""R783""]"
YALI1F39058g	not newly verified	not established by this analysis	existing putative annotation; native function not newly verified	unlabelled_unknown	null	0.9999999999999993	1.0000000000000073	1.8718823069403132	False	False	unlabelled	"[""R2205""]"	"[""R2205""]"
YALI1F39330g	not newly verified	  highly similar to uniprot|Q9P839 Candida albicans RNR1 ribonucleotide reductase large subunit	existing putative annotation; native function not newly verified	reference_positive	"{""gene_id"": ""YALI1F39330g"", ""source_gene_id"": ""YALI1_F39330g"", ""function"": ""  highly similar to uniprot|Q9P839 Candida albicans RNR1 ribonucleotide reductase large subunit"", ""source"": ""https://doi.org/10.1038/s42003-023-04996-8"", ""confidence"": ""consensus_essential_in_at_least_2_of_3_screens""}"	0.9999999999999993	1.0000000000000073	1.8718823069403132	False	False	FN	[]	[]
YALI1F39426g	not newly verified	not established by this analysis	existing putative annotation; native function not newly verified	unlabelled_unknown	null	0.9999999999999993	1.0000000000000073	1.8718823069403132	False	False	unlabelled	[]	[]
YALI1F39620g	not newly verified	  similar to uniprot|Q12031 Saccharomyces cerevisiae YPR006c ICL2 non-functional isocitrate lyase	existing putative annotation; native function not newly verified	reference_positive	"{""gene_id"": ""YALI1F39620g"", ""source_gene_id"": ""YALI1_F39620g"", ""function"": ""  similar to uniprot|Q12031 Saccharomyces cerevisiae YPR006c ICL2 non-functional isocitrate lyase"", ""source"": ""https://doi.org/10.1038/s42003-023-04996-8"", ""confidence"": ""consensus_essential_in_at_least_2_of_3_screens""}"	0.9999999999999993	1.0000000000000073	1.8718823069403132	False	False	FN	[]	[]
YALI1M00056g	not newly verified	not established by this analysis	existing putative annotation; native function not newly verified	unlabelled_unknown	null	0.9999999999999993	1.0000000000000073	1.8718823069403132	False	False	unlabelled	"[""R2062""]"	"[""R2062""]"
YALI1M00064g	not newly verified	not established by this analysis	existing putative annotation; native function not newly verified	unlabelled_unknown	null	0.9999999999999993	1.0000000000000073	1.8718823069403132	False	False	unlabelled	"[""R2062""]"	"[""R2062""]"
YALI1M00131g	not newly verified	not established by this analysis	existing putative annotation; native function not newly verified	unlabelled_unknown	null	0.9999999999999993	0.9999999999999868	1.871882306940275	False	False	unlabelled	"[""R2206""]"	"[""R2206""]"
YALI1M00260g	not newly verified	not established by this analysis	existing putative annotation; native function not newly verified	unlabelled_unknown	null	0.9999999999999993	1.0000000000000073	1.8718823069403132	False	False	unlabelled	[]	[]
YALI1M00267g	not newly verified	not established by this analysis	existing putative annotation; native function not newly verified	unlabelled_unknown	null	0.9999999999999993	1.0000000000000073	1.8718823069403132	False	False	unlabelled	[]	[]
YALI1M00277g	not newly verified	not established by this analysis	existing putative annotation; native function not newly verified	unlabelled_unknown	null	0.9999999999999998	0.9999999999999868	1.871882306940275	False	False	unlabelled	"[""R304""]"	"[""R304""]"
YALI1M00296g	not newly verified	not established by this analysis	existing putative annotation; native function not newly verified	unlabelled_unknown	null	0.9999999999999993	1.0000000000000073	1.8718823069403132	False	False	unlabelled	"[""R2062""]"	"[""R2062""]"
YALI1M00318g	not newly verified	not established by this analysis	existing putative annotation; native function not newly verified	unlabelled_unknown	null	0.9999999999999993	1.0000000000000073	1.8718823069403132	False	False	unlabelled	[]	[]
YALI1M00325g	not newly verified	not established by this analysis	existing putative annotation; native function not newly verified	unlabelled_unknown	null	0.9999999999999993	1.0000000000000073	1.8718823069403132	False	False	unlabelled	"[""R304""]"	"[""R304""]"
YALI1M00335g	not newly verified	not established by this analysis	existing putative annotation; native function not newly verified	unlabelled_unknown	null	0.9999999999999993	1.0000000000000073	1.8718823069403132	False	False	unlabelled	"[""R2062""]"	"[""R2062""]"
YALI1M00338r	not newly verified	not established by this analysis	existing putative annotation; native function not newly verified	unlabelled_unknown	null	0.9999999999999993	1.0000000000000073	1.8718823069403132	False	False	unlabelled	"[""R2062""]"	"[""R2062""]"
YALI1M00390g	not newly verified	not established by this analysis	existing putative annotation; native function not newly verified	unlabelled_unknown	null	0.9999999999999994	1.0000000000000047	1.8718823069403083	False	False	unlabelled	"[""R305""]"	"[""R305""]"
YALI1M00458g	not newly verified	not established by this analysis	existing putative annotation; native function not newly verified	unlabelled_unknown	null	0.9999999999999994	1.0000000000000062	1.8718823069403114	False	False	unlabelled	"[""R2062""]"	"[""R2062""]"
YALIUNK1	not newly verified	not established by this analysis	existing putative annotation; native function not newly verified	unlabelled_unknown	null	1.0000000000000016	1.0000000000000053	1.8718823069403094	False	False	unlabelled	"[""R266""]"	"[""R266""]"
YALIUNK3	not newly verified	not established by this analysis	existing putative annotation; native function not newly verified	unlabelled_unknown	null	1.0000000000000016	1.0000000000000053	1.8718823069403094	False	False	unlabelled	"[""R2048""]"	"[""R2048""]"
YALIUNK4	not newly verified	not established by this analysis	existing putative annotation; native function not newly verified	unlabelled_unknown	null	1.0000000000000016	1.0000000000000053	1.8718823069403094	False	False	unlabelled	"[""R2046""]"	"[""R2046""]"
YALIfMp29	not newly verified	not established by this analysis	existing putative annotation; native function not newly verified	unlabelled_unknown	null	1.0000000000000016	1.0000000000000053	1.8718823069403094	False	False	unlabelled	"[""R2062""]"	"[""R2062""]"
YalifMp05	not newly verified	not established by this analysis	existing putative annotation; native function not newly verified	unlabelled_unknown	null	1.0000000000000016	1.0000000000000044	1.8718823069403079	False	False	unlabelled	"[""R2206""]"	"[""R2206""]"
YalifMp06	not newly verified	not established by this analysis	existing putative annotation; native function not newly verified	unlabelled_unknown	null	1.0000000000000016	1.000000000000026	1.8718823069403483	False	False	unlabelled	"[""R2206""]"	"[""R2206""]"
