gene_id	raw_growth	raw_status	raw_growth_repr	numerically_valid	disabled_gprs	newly_closed_reactions	max_mass_residual	max_bound_violation
YALI0B10406g	1.8718823069402968	optimal	1.8718823069402968	True	"[""R2283""]"	"[""R2283""]"	4.618527782440651e-14	0.0
YALI0D12573g	1.8718823069402968	optimal	1.8718823069402968	True	"[""R1971""]"	"[""R1971""]"	4.618527782440651e-14	0.0
YALI0D17490g	1.8718823069402968	optimal	1.8718823069402968	True	[]	[]	4.618527782440651e-14	0.0
YALI0D27654g	1.8718823069402968	optimal	1.8718823069402968	True	[]	[]	4.618527782440651e-14	0.0
YALI0E07787g	1.8718823069402968	optimal	1.8718823069402968	True	[]	[]	4.618527782440651e-14	0.0
YALI0E12442g	1.8718823069402968	optimal	1.8718823069402968	True	"[""R2187""]"	"[""R2187""]"	4.618527782440651e-14	0.0
YALI0E16192g	1.8718823069402968	optimal	1.8718823069402968	True	[]	[]	4.618527782440651e-14	0.0
YALI0E18568g	1.8718823069402968	optimal	1.8718823069402968	True	"[""R2285""]"	"[""R2285""]"	4.618527782440651e-14	0.0
YALI0F04114g	1.8718823069402968	optimal	1.8718823069402968	True	"[""R304""]"	"[""R304""]"	4.618527782440651e-14	0.0
YALI1A00309g	0.0	optimal	0.0	True	"[""R493""]"	"[""R493""]"	2.220446049250313e-15	0.0
YALI1A00538g	1.8718823069403008	optimal	1.8718823069403008	True	"[""R1995""]"	"[""R1995""]"	1.3500311979441904e-13	0.0
YALI1A00661g	1.8718823069403008	optimal	1.8718823069403008	True	[]	[]	1.3500311979441904e-13	0.0
YALI1A01198g	1.8718823069403008	optimal	1.8718823069403008	True	[]	[]	1.3500311979441904e-13	0.0
YALI1A01577g	1.8718823069403008	optimal	1.8718823069403008	True	"[""R1956""]"	"[""R1956""]"	1.3500311979441904e-13	0.0
YALI1A01602g	1.8718823069403008	optimal	1.8718823069403008	True	"[""R791""]"	"[""R791""]"	1.3500311979441904e-13	0.0
YALI1A02198g	1.8718823069403008	optimal	1.8718823069403008	True	[]	[]	1.3500311979441904e-13	0.0
YALI1A02335g	1.8718823069403008	optimal	1.8718823069403008	True	[]	[]	1.3500311979441904e-13	0.0
YALI1A02653g	1.8718823069403008	optimal	1.8718823069403008	True	[]	[]	1.3500311979441904e-13	0.0
YALI1A02775g	1.8718823069402986	optimal	1.8718823069402986	True	"[""R793""]"	"[""R793""]"	1.0302869668521453e-13	0.0
YALI1A02974g	1.8718823069403	optimal	1.8718823069403	True	"[""R1716""]"	"[""R1716""]"	2.4513724383723456e-13	0.0
YALI1A03069g	1.8718823069403	optimal	1.8718823069403	True	"[""R14"", ""R274"", ""R277"", ""R278""]"	"[""R14"", ""R274"", ""R277"", ""R278""]"	2.4513724383723456e-13	0.0
YALI1A03210g	1.8718823069403	optimal	1.8718823069403	True	"[""R2093""]"	"[""R2093""]"	2.4513724383723456e-13	0.0
YALI1A03322g	1.8718823069403028	optimal	1.8718823069403028	True	"[""R305""]"	"[""R305""]"	1.2434497875801753e-13	0
YALI1A03512g	1.8718823069403026	optimal	1.8718823069403026	True	[]	[]	9.947598300641403e-14	0
YALI1A04817g	1.8718823069403028	optimal	1.8718823069403028	True	"[""R284"", ""R62""]"	"[""R284"", ""R62""]"	1.2434497875801753e-13	0
YALI1A05116g	1.871882306940297	optimal	1.871882306940297	True	"[""R1427"", ""R1428"", ""R1429"", ""R1430"", ""R1431"", ""R1432"", ""R1433""]"	"[""R1427"", ""R1428"", ""R1429"", ""R1430"", ""R1431"", ""R1432"", ""R1433""]"	1.6697754290362354e-13	0
YALI1A05459g	1.871882306940297	optimal	1.871882306940297	True	"[""R48""]"	"[""R48""]"	1.6697754290362354e-13	0
YALI1A06229g	1.871882306940297	optimal	1.871882306940297	True	[]	[]	1.6697754290362354e-13	0
YALI1A06361g	1.8718823069402966	optimal	1.8718823069402966	True	"[""R1470"", ""R1471"", ""R1472"", ""R1473"", ""R1474"", ""R1475"", ""R1476"", ""R1477"", ""R1478"", ""R1479"", ""R1874""]"	"[""R1470"", ""R1471"", ""R1472"", ""R1473"", ""R1474"", ""R1475"", ""R1476"", ""R1477"", ""R1478"", ""R1479"", ""R1874""]"	1.4210854715202004e-13	0
YALI1A06453g	1.8718823069402997	optimal	1.8718823069402997	True	"[""R1413"", ""R1414"", ""R1415"", ""R1416"", ""R1417"", ""R1418"", ""R1419""]"	"[""R1413"", ""R1414"", ""R1415"", ""R1416"", ""R1417"", ""R1418"", ""R1419""]"	1.5276668818842154e-13	0
YALI1A06640g	1.8718823069402941	optimal	1.8718823069402941	True	"[""R1953""]"	"[""R1953""]"	1.8474111129762605e-13	0
YALI1A06873g	1.8718823069402941	optimal	1.8718823069402941	True	[]	[]	1.8474111129762605e-13	0
YALI1A07014g	1.8718823069402941	optimal	1.8718823069402941	True	[]	[]	1.8474111129762605e-13	0
YALI1A07103g	1.8718823069402941	optimal	1.8718823069402941	True	[]	[]	1.8474111129762605e-13	0
YALI1A07575g	1.8718823069402941	optimal	1.8718823069402941	True	"[""R30"", ""R31"", ""R32"", ""R33""]"	"[""R30"", ""R31"", ""R32"", ""R33""]"	1.8474111129762605e-13	0
YALI1A07887g	1.8718823069402941	optimal	1.8718823069402941	True	[]	[]	1.8474111129762605e-13	0
YALI1A08512g	1.8718823069402941	optimal	1.8718823069402941	True	"[""R1306""]"	"[""R1306""]"	1.8474111129762605e-13	0
YALI1A08546g	1.8718823069402941	optimal	1.8718823069402941	True	[]	[]	1.8474111129762605e-13	0
YALI1A08672g	1.8718823069402941	optimal	1.8718823069402941	True	[]	[]	1.8474111129762605e-13	0
YALI1A08781g	1.8718823069402941	optimal	1.8718823069402941	True	[]	[]	1.8474111129762605e-13	0
YALI1A09121g	1.8718823069402941	optimal	1.8718823069402941	True	[]	[]	1.8474111129762605e-13	0
YALI1A09408g	1.8718823069402941	optimal	1.8718823069402941	True	"[""R577""]"	"[""R577""]"	1.8474111129762605e-13	0
YALI1A09553g	1.8718823069402941	optimal	1.8718823069402941	True	"[""R1343""]"	"[""R1343""]"	1.8474111129762605e-13	0
YALI1A09694g	1.8718823069402941	optimal	1.8718823069402941	True	"[""R357"", ""R360"", ""R361"", ""R362"", ""R365""]"	"[""R357"", ""R360"", ""R361"", ""R362"", ""R365""]"	1.8474111129762605e-13	0
YALI1A09766g	1.8718823069402941	optimal	1.8718823069402941	True	[]	[]	1.8474111129762605e-13	0
YALI1A09911g	1.8718823069402941	optimal	1.8718823069402941	True	[]	[]	1.8474111129762605e-13	0
YALI1A09939g	0.0	optimal	0.0	True	"[""R739""]"	"[""R739""]"	0.0	0.0
YALI1A10254g	1.8718823069402977	optimal	1.8718823069402977	True	"[""R377""]"	"[""R377""]"	1.1723955140041653e-13	0
YALI1A10708g	1.8718823069402977	optimal	1.8718823069402977	True	[]	[]	1.2434497875801753e-13	0
YALI1A11258g	1.8718823069402977	optimal	1.8718823069402977	True	[]	[]	1.2434497875801753e-13	0
YALI1A11654g	1.8718823069402977	optimal	1.8718823069402977	True	[]	[]	1.2434497875801753e-13	0
YALI1A12284g	1.8718823069402977	optimal	1.8718823069402977	True	"[""R699""]"	"[""R699""]"	1.2434497875801753e-13	0
YALI1A12540g	1.8718823069402977	optimal	1.8718823069402977	True	[]	[]	1.2434497875801753e-13	0
YALI1A12688g	1.8718823069402977	optimal	1.8718823069402977	True	[]	[]	1.2434497875801753e-13	0
YALI1A13454g	1.8718823069402977	optimal	1.8718823069402977	True	[]	[]	1.2434497875801753e-13	0
YALI1A13994g	1.8718823069402977	optimal	1.8718823069402977	True	"[""R1722""]"	"[""R1722""]"	1.2434497875801753e-13	0
YALI1A14024g	1.8718823069402977	optimal	1.8718823069402977	True	[]	[]	1.2434497875801753e-13	0
YALI1A14287g	1.8718823069402977	optimal	1.8718823069402977	True	"[""R10""]"	"[""R10""]"	1.2434497875801753e-13	0
YALI1A14721g	1.8718823069402977	optimal	1.8718823069402977	True	"[""R740""]"	"[""R740""]"	1.2434497875801753e-13	0
YALI1A14736g	1.8718823069402977	optimal	1.8718823069402977	True	"[""R305""]"	"[""R305""]"	1.2434497875801753e-13	0
YALI1A15132g	1.8718823069402977	optimal	1.8718823069402977	True	[]	[]	1.2434497875801753e-13	0
YALI1A15227g	1.8718823069402977	optimal	1.8718823069402977	True	[]	[]	1.2434497875801753e-13	0
YALI1A15624g	1.8718823069402977	optimal	1.8718823069402977	True	[]	[]	1.2434497875801753e-13	0
YALI1A15863g	1.8718823069402977	optimal	1.8718823069402977	True	[]	[]	1.2434497875801753e-13	0
YALI1A15879g	0.15942540041944286	optimal	0.15942540041944286	True	"[""R389"", ""R651"", ""R652""]"	"[""R389"", ""R651"", ""R652""]"	2.398081733190338e-14	0
YALI1A15925g	1.8718823069402946	optimal	1.8718823069402946	True	"[""R312""]"	"[""R312""]"	9.237055564881302e-14	0
YALI1A16292g	1.8718823069402946	optimal	1.8718823069402946	True	[]	[]	9.237055564881302e-14	0
YALI1A16422g	1.8718823069402946	optimal	1.8718823069402946	True	"[""R145""]"	"[""R145""]"	9.237055564881302e-14	0
YALI1A16642g	1.8718823069402946	optimal	1.8718823069402946	True	"[""R67""]"	"[""R67""]"	9.237055564881302e-14	0
YALI1A16988g	1.8718823069402946	optimal	1.8718823069402946	True	"[""R847""]"	"[""R847""]"	9.237055564881302e-14	0
YALI1A17289g	1.8718823069402946	optimal	1.8718823069402946	True	[]	[]	9.237055564881302e-14	0
YALI1A17570g	1.8718823069402946	optimal	1.8718823069402946	True	"[""R305""]"	"[""R305""]"	9.237055564881302e-14	0
YALI1A17640g	1.8718823069402946	optimal	1.8718823069402946	True	[]	[]	9.237055564881302e-14	0
YALI1A18062g	1.8718823069402946	optimal	1.8718823069402946	True	"[""R2253"", ""R2257"", ""R2261""]"	"[""R2253"", ""R2257"", ""R2261""]"	9.237055564881302e-14	0
YALI1A18344g	0.0	optimal	0.0	True	"[""R177""]"	"[""R177""]"	0.0	0.0
YALI1A18514g	1.8718823069402994	optimal	1.8718823069402994	True	"[""R830""]"	"[""R830""]"	1.3500311979441904e-13	0
YALI1A19526g	0.0	optimal	0.0	True	"[""R2102"", ""R288""]"	"[""R2102"", ""R288""]"	1.7763568394002505e-15	0.0
YALI1A19862g	1.871882306940303	optimal	1.871882306940303	True	[]	[]	1.7053025658242404e-13	0
YALI1A20063g	1.8718823069403	optimal	1.8718823069403	True	"[""R323""]"	"[""R323""]"	2.4513724383723456e-13	0
YALI1A20089g	1.8718823069403	optimal	1.8718823069403	True	"[""R1400"", ""R1401"", ""R1402""]"	"[""R1400"", ""R1401"", ""R1402""]"	2.4513724383723456e-13	0
YALI1A20176g	1.8714148028965751	optimal	1.8714148028965751	True	"[""R327""]"	"[""R327""]"	8.526512829121202e-14	0
YALI1A20201g	1.8718823069403037	optimal	1.8718823069403037	True	[]	[]	1.8474111129762605e-13	0
YALI1A20528g	1.8718823069403037	optimal	1.8718823069403037	True	[]	[]	1.8474111129762605e-13	0
YALI1A20558g	1.8718823069403037	optimal	1.8718823069403037	True	[]	[]	1.8474111129762605e-13	0
YALI1A20611g	1.8718823069403037	optimal	1.8718823069403037	True	[]	[]	1.8474111129762605e-13	0
YALI1A21000g	1.8718823069403037	optimal	1.8718823069403037	True	[]	[]	1.8474111129762605e-13	0
YALI1A21156g	1.8718823069403052	optimal	1.8718823069403052	True	"[""R568"", ""R569""]"	"[""R568"", ""R569""]"	7.105427357601002e-14	0
YALI1A21372g	1.8718823069403052	optimal	1.8718823069403052	True	"[""R1895"", ""R1896""]"	"[""R1895"", ""R1896""]"	7.105427357601002e-14	0
YALI1A21711g	1.8718823069403052	optimal	1.8718823069403052	True	"[""R2062""]"	"[""R2062""]"	7.105427357601002e-14	0
YALI1A21970g	1.8718823069403052	optimal	1.8718823069403052	True	"[""R372""]"	"[""R372""]"	7.105427357601002e-14	0
YALI1A22129g	1.8718823069403052	optimal	1.8718823069403052	True	"[""R576""]"	"[""R576""]"	7.105427357601002e-14	0
YALI1A22228g	1.8718823069403052	optimal	1.8718823069403052	True	"[""R253""]"	"[""R253""]"	7.105427357601002e-14	0
YALI1A22275g	1.8718823069403052	optimal	1.8718823069403052	True	[]	[]	7.105427357601002e-14	0
YALI1A22440g	1.68514107488371	optimal	1.68514107488371	True	"[""R503"", ""R757""]"	"[""R503"", ""R757""]"	1.8962609260597674e-13	0
YALI1B00214g	1.871882306940297	optimal	1.871882306940297	True	"[""R574"", ""R575""]"	"[""R574"", ""R575""]"	1.3500311979441904e-13	0
YALI1B00357g	1.871882306940297	optimal	1.871882306940297	True	[]	[]	1.3500311979441904e-13	0
YALI1B00578g	1.871882306940297	optimal	1.871882306940297	True	[]	[]	1.3500311979441904e-13	0
YALI1B00908g	1.871882306940297	optimal	1.871882306940297	True	"[""R2062""]"	"[""R2062""]"	1.3500311979441904e-13	0
YALI1B01084g	1.871882306940297	optimal	1.871882306940297	True	"[""R2065"", ""R262""]"	"[""R2065"", ""R262""]"	1.3500311979441904e-13	0
YALI1B01136g	1.871882306940297	optimal	1.871882306940297	True	[]	[]	1.3500311979441904e-13	0
YALI1B01428g	0.03894304281345364	optimal	0.03894304281345364	True	"[""R658""]"	"[""R658""]"	2.55351295663786e-15	0.0
YALI1B02194g	1.8718823069402981	optimal	1.8718823069402981	True	"[""R2253"", ""R2257"", ""R2261""]"	"[""R2253"", ""R2257"", ""R2261""]"	2.2393198406689407e-13	0.0
YALI1B02283g	1.8718823069402981	optimal	1.8718823069402981	True	[]	[]	2.2393198406689407e-13	0.0
YALI1B02345g	0.0	optimal	0.0	True	"[""R20"", ""R44""]"	"[""R20"", ""R44""]"	1.7763568394002505e-15	0.0
YALI1B02487g	1.8718823069402974	optimal	1.8718823069402974	True	"[""R305""]"	"[""R305""]"	1.8118839761882555e-13	0
YALI1B02637g	1.8718823069402997	optimal	1.8718823069402997	True	[]	[]	9.414691248821327e-14	0
YALI1B02733g	1.8718823069402997	optimal	1.8718823069402997	True	[]	[]	9.414691248821327e-14	0
YALI1B02806g	1.8718823069402974	optimal	1.8718823069402974	True	"[""R697"", ""R698""]"	"[""R697"", ""R698""]"	1.8118839761882555e-13	0
YALI1B02833g	1.8718823069402974	optimal	1.8718823069402974	True	[]	[]	1.8118839761882555e-13	0
YALI1B03198g	1.8718823069402974	optimal	1.8718823069402974	True	[]	[]	1.8118839761882555e-13	0
YALI1B03314g	1.8718823069402974	optimal	1.8718823069402974	True	"[""R383""]"	"[""R383""]"	1.8118839761882555e-13	0
YALI1B03719g	1.8718823069402974	optimal	1.8718823069402974	True	"[""R1838""]"	"[""R1838""]"	1.8118839761882555e-13	0
YALI1B03910g	1.8718823069402974	optimal	1.8718823069402974	True	[]	[]	1.8118839761882555e-13	0
YALI1B04138g	1.8718823069402974	optimal	1.8718823069402974	True	"[""R283"", ""R643""]"	"[""R283"", ""R643""]"	1.8118839761882555e-13	0
YALI1B04309g	1.8691754206414268	optimal	1.8691754206414268	True	"[""R43""]"	"[""R43""]"	5.684341886080802e-14	0
YALI1B04433g	1.8718823069402994	optimal	1.8718823069402994	True	"[""R348"", ""R349""]"	"[""R348"", ""R349""]"	1.438849039914203e-13	0
YALI1B04589g	1.8718823069402997	optimal	1.8718823069402997	True	"[""R2094"", ""R2097"", ""R2098""]"	"[""R2094"", ""R2097"", ""R2098""]"	9.237055564881302e-14	0
YALI1B04831g	1.8718823069402997	optimal	1.8718823069402997	True	"[""R902"", ""R928""]"	"[""R902"", ""R928""]"	2.007283228522283e-13	0
YALI1B05024g	1.8718823069402977	optimal	1.8718823069402977	True	[]	[]	1.0658141036401503e-13	0
YALI1B05072g	1.8718823069402977	optimal	1.8718823069402977	True	[]	[]	1.0658141036401503e-13	0
YALI1B05364g	1.8718823069402977	optimal	1.8718823069402977	True	[]	[]	1.0658141036401503e-13	0
YALI1B05571g	0.0	optimal	0.0	True	"[""R129""]"	"[""R129""]"	0.0	0.0
YALI1B05609g	1.8718823069402954	optimal	1.8718823069402954	True	[]	[]	9.246770016346773e-14	0
YALI1B05798g	1.8718823069402952	optimal	1.8718823069402952	True	"[""R559""]"	"[""R559""]"	1.3510026430907374e-13	0
YALI1B07094g	0.0	optimal	0.0	True	"[""R251""]"	"[""R251""]"	0.0	0.0
YALI1B07366g	0.0	optimal	0.0	True	"[""R241"", ""R242""]"	"[""R241"", ""R242""]"	0.0	0.0
YALI1B07538g	0.0	optimal	0.0	True	"[""R2102"", ""R288""]"	"[""R2102"", ""R288""]"	0.0	0.0
YALI1B07957g	1.8718823069403	optimal	1.8718823069403	True	[]	[]	1.2079226507921703e-13	0.0
YALI1B08123g	1.8718823069403001	optimal	1.8718823069403001	True	"[""R617""]"	"[""R617""]"	1.4921397450962104e-13	0.0
YALI1B08461g	1.8718823069403001	optimal	1.8718823069403001	True	[]	[]	1.4921397450962104e-13	0.0
YALI1B08885g	1.8718823069403001	optimal	1.8718823069403001	True	[]	[]	1.4921397450962104e-13	0.0
YALI1B09025g	1.8718823069403001	optimal	1.8718823069403001	True	[]	[]	1.4921397450962104e-13	0.0
YALI1B09211g	1.8718823069403001	optimal	1.8718823069403001	True	[]	[]	1.4921397450962104e-13	0.0
YALI1B09367g	1.8718823069403001	optimal	1.8718823069403001	True	[]	[]	1.4921397450962104e-13	0.0
YALI1B09592g	0.0	optimal	0.0	True	"[""R21"", ""R22""]"	"[""R21"", ""R22""]"	0.0	0.0
YALI1B10130g	1.7968119817125194	optimal	1.7968119817125194	True	"[""R655""]"	"[""R655""]"	4.263256414560601e-14	0.0
YALI1B10635g	0.25217282299849275	optimal	0.25217282299849275	True	"[""R633""]"	"[""R633""]"	5.684341886080802e-14	0.0
YALI1B10813g	1.8718823069403014	optimal	1.8718823069403014	True	"[""R743""]"	"[""R743""]"	5.684341886080802e-14	0.0
YALI1B11402g	1.8718823069403008	optimal	1.8718823069403008	True	[]	[]	9.969802761133906e-14	0.0
YALI1B11448g	1.8718823069403008	optimal	1.8718823069403008	True	[]	[]	9.969802761133906e-14	0.0
YALI1B11532g	1.871882306940296	optimal	1.871882306940296	True	"[""R82""]"	"[""R82""]"	9.059419880941277e-14	0.0
YALI1B12010g	0.0	optimal	0.0	True	"[""R771""]"	"[""R771""]"	0.0	0.0
YALI1B12042g	1.871882306940299	optimal	1.871882306940299	True	"[""R34""]"	"[""R34""]"	1.9184653865522705e-13	0.0
YALI1B12489g	1.8718823069402986	optimal	1.8718823069402986	True	"[""R1897""]"	"[""R1897""]"	1.5987211554602254e-13	0.0
YALI1B12742g	1.8718823069402986	optimal	1.8718823069402986	True	"[""R2080""]"	"[""R2080""]"	1.5987211554602254e-13	0.0
YALI1B12781g	1.8718823069402986	optimal	1.8718823069402986	True	[]	[]	1.5987211554602254e-13	0.0
YALI1B12966g	1.8718823069402986	optimal	1.8718823069402986	True	"[""R672""]"	"[""R672""]"	1.5987211554602254e-13	0.0
YALI1B12993g	1.8718823069402986	optimal	1.8718823069402986	True	"[""R1931"", ""R500"", ""R501"", ""R9""]"	"[""R1931"", ""R500"", ""R501"", ""R9""]"	1.5987211554602254e-13	0.0
YALI1B13179g	1.8718823069402986	optimal	1.8718823069402986	True	"[""R693""]"	"[""R693""]"	1.5987211554602254e-13	0.0
YALI1B13948g	1.8718823069402986	optimal	1.8718823069402986	True	"[""R192"", ""R193""]"	"[""R192"", ""R193""]"	1.5987211554602254e-13	0.0
YALI1B14044g	1.8718823069402986	optimal	1.8718823069402986	True	"[""R1546"", ""R1547"", ""R1548"", ""R1549"", ""R1550"", ""R1551"", ""R1552"", ""R1553"", ""R1978"", ""R2116"", ""R2141""]"	"[""R1546"", ""R1547"", ""R1548"", ""R1549"", ""R1550"", ""R1551"", ""R1552"", ""R1553"", ""R1978"", ""R2116"", ""R2141""]"	1.5987211554602254e-13	0.0
YALI1B14382g	1.8718823069402986	optimal	1.8718823069402986	True	"[""R817""]"	"[""R817""]"	1.5987211554602254e-13	0.0
YALI1B14733g	1.8718823069402986	optimal	1.8718823069402986	True	"[""R1730"", ""R1731""]"	"[""R1730"", ""R1731""]"	1.5987211554602254e-13	0.0
YALI1B14826g	1.871882306940303	optimal	1.871882306940303	True	"[""R733"", ""R734""]"	"[""R733"", ""R734""]"	2.0605739337042905e-13	0.0
YALI1B14978g	1.8718823069403043	optimal	1.8718823069403043	True	"[""R423"", ""R424"", ""R425"", ""R426""]"	"[""R423"", ""R424"", ""R425"", ""R426""]"	1.3145040611561853e-13	0.0
YALI1B15015g	1.8718823069403043	optimal	1.8718823069403043	True	"[""R608""]"	"[""R608""]"	1.3145040611561853e-13	0.0
YALI1B15180g	1.8718823069403043	optimal	1.8718823069403043	True	[]	[]	1.3145040611561853e-13	0.0
YALI1B15440g	1.8718823069403043	optimal	1.8718823069403043	True	"[""R2060""]"	"[""R2060""]"	1.3145040611561853e-13	0.0
YALI1B15733g	1.8718823069403043	optimal	1.8718823069403043	True	[]	[]	1.3145040611561853e-13	0.0
YALI1B15928g	1.8718823069403043	optimal	1.8718823069403043	True	"[""R549""]"	"[""R549""]"	1.3145040611561853e-13	0.0
YALI1B17155g	1.8718823069403043	optimal	1.8718823069403043	True	[]	[]	1.3145040611561853e-13	0.0
YALI1B17838g	1.8718823069403043	optimal	1.8718823069403043	True	[]	[]	1.3145040611561853e-13	0.0
YALI1B17871g	1.8718823069403043	optimal	1.8718823069403043	True	"[""R55"", ""R675""]"	"[""R55"", ""R675""]"	1.3145040611561853e-13	0.0
YALI1B17927g	1.8718823069403043	optimal	1.8718823069403043	True	"[""R68"", ""R69""]"	"[""R68"", ""R69""]"	1.3145040611561853e-13	0.0
YALI1B18012g	1.8718823069403043	optimal	1.8718823069403043	True	[]	[]	1.3145040611561853e-13	0.0
YALI1B18292g	1.8718823069403043	optimal	1.8718823069403043	True	[]	[]	1.3145040611561853e-13	0.0
YALI1B18311g	1.8718823069403043	optimal	1.8718823069403043	True	[]	[]	1.3145040611561853e-13	0.0
YALI1B18499g	1.8718823069403043	optimal	1.8718823069403043	True	"[""R347""]"	"[""R347""]"	1.3145040611561853e-13	0.0
YALI1B18572g	1.8718823069403043	optimal	1.8718823069403043	True	"[""R1882"", ""R1883"", ""R1884"", ""R2255"", ""R2259"", ""R2263""]"	"[""R1882"", ""R1883"", ""R1884"", ""R2255"", ""R2259"", ""R2263""]"	1.3145040611561853e-13	0.0
YALI1B18845g	1.8718823069403043	optimal	1.8718823069403043	True	[]	[]	1.3145040611561853e-13	0.0
YALI1B18955g	0.0	optimal	0.0	True	"[""R509"", ""R689""]"	"[""R509"", ""R689""]"	0.0	0.0
YALI1B19021g	1.871882306940293	optimal	1.871882306940293	True	[]	[]	5.684341886080802e-14	0.0
YALI1B19079g	0.0	optimal	0.0	True	"[""R544""]"	"[""R544""]"	0.0	0.0
YALI1B19107g	1.8718823069402917	optimal	1.8718823069402917	True	"[""R1758"", ""R1759"", ""R1761"", ""R1762"", ""R1774"", ""R1775""]"	"[""R1758"", ""R1759"", ""R1761"", ""R1762"", ""R1774""]"	1.687538997430238e-13	0.0
YALI1B19217g	1.8718823069402892	optimal	1.8718823069402892	True	"[""R1972""]"	"[""R1972""]"	5.684341886080802e-14	0.0
YALI1B19348g	1.8718823069402892	optimal	1.8718823069402892	True	"[""R1906"", ""R713""]"	"[""R1906"", ""R713""]"	5.684341886080802e-14	0.0
YALI1B19490g	1.8718823069402892	optimal	1.8718823069402892	True	"[""R383""]"	"[""R383""]"	5.684341886080802e-14	0.0
YALI1B19507g	1.8718823069403026	optimal	1.8718823069403026	True	"[""R2062""]"	"[""R2062""]"	8.526512829121202e-14	0.0
YALI1B19576g	1.8718823069403026	optimal	1.8718823069403026	True	"[""R263"", ""R701""]"	"[""R263"", ""R701""]"	8.526512829121202e-14	0.0
YALI1B19844g	0.0	optimal	0.0	True	"[""R1392"", ""R1393"", ""R2217"", ""R2220"", ""R2223"", ""R2226"", ""R2229"", ""R2232"", ""R2235"", ""R2237"", ""R2239"", ""R2241""]"	"[""R1392"", ""R1393"", ""R2217"", ""R2220"", ""R2223"", ""R2226"", ""R2229"", ""R2232"", ""R2235"", ""R2237"", ""R2239"", ""R2241""]"	2.842170943040401e-14	0.0
YALI1B19932g	1.8718823069402981	optimal	1.8718823069402981	True	"[""R402""]"	"[""R402""]"	1.1723955140041653e-13	0.0
YALI1B20108g	1.8718823069402981	optimal	1.8718823069402981	True	[]	[]	1.1723955140041653e-13	0.0
YALI1B20153g	0.03894304281345905	optimal	0.03894304281345905	True	"[""R657""]"	"[""R657""]"	2.220446049250313e-15	0.0
YALI1B20289g	0.08967109688914747	optimal	0.08967109688914747	True	"[""R718""]"	"[""R718""]"	5.773159728050814e-15	0.0
YALI1B20462g	1.8718823069402941	optimal	1.8718823069402941	True	"[""R639""]"	"[""R639""]"	4.973799150320701e-14	0.0
YALI1B20527g	1.8718823069402937	optimal	1.8718823069402937	True	[]	[]	6.750155989720952e-14	0.0
YALI1B20835g	1.8718823069402941	optimal	1.8718823069402941	True	"[""R385"", ""R715""]"	"[""R385"", ""R715""]"	4.973799150320701e-14	0.0
YALI1B21004g	0.0	optimal	0.0	True	"[""R553"", ""R554"", ""R555"", ""R556""]"	"[""R553"", ""R554"", ""R555"", ""R556""]"	0.0	0.0
YALI1B21070g	0.0	optimal	0.0	True	"[""R369""]"	"[""R369""]"	2.1316282072803006e-14	0
YALI1B21088g	1.8718823069403012	optimal	1.8718823069403012	True	[]	[]	6.750155989720952e-14	0
YALI1B21134g	1.8718823069403023	optimal	1.8718823069403023	True	"[""R1893""]"	"[""R1893""]"	8.881784197001252e-14	0
YALI1B21155g	1.8718823069403023	optimal	1.8718823069403023	True	[]	[]	8.881784197001252e-14	0
YALI1B21313g	1.8718823069403023	optimal	1.8718823069403023	True	[]	[]	8.881784197001252e-14	0
YALI1B21356g	1.8718823069403023	optimal	1.8718823069403023	True	[]	[]	8.881784197001252e-14	0
YALI1B21538g	1.8718823069403023	optimal	1.8718823069403023	True	[]	[]	8.881784197001252e-14	0
YALI1B21618g	1.8718823069403023	optimal	1.8718823069403023	True	"[""R2106""]"	"[""R2106""]"	8.881784197001252e-14	0
YALI1B22321g	1.8718823069403023	optimal	1.8718823069403023	True	[]	[]	8.881784197001252e-14	0
YALI1B22375g	1.8718823069403023	optimal	1.8718823069403023	True	[]	[]	8.881784197001252e-14	0
YALI1B22549g	0.33026122972956606	optimal	0.33026122972956606	True	"[""R670""]"	"[""R670""]"	7.993605777301127e-15	0
YALI1B22614g	0.03894304281345371	optimal	0.03894304281345371	True	"[""R124"", ""R125""]"	"[""R124"", ""R125""]"	1.2212453270876722e-14	0
YALI1B22820g	0.0	optimal	0.0	True	"[""R180"", ""R181""]"	"[""R180"", ""R181""]"	3.885780586188048e-15	0.0
YALI1B22853g	0.20595239043348756	optimal	0.20595239043348756	True	"[""R560"", ""R93""]"	"[""R560"", ""R93""]"	3.375077994860476e-14	0.0
YALI1B22883g	1.8718823069403003	optimal	1.8718823069403003	True	"[""R37""]"	"[""R37""]"	1.6342482922482304e-13	0.0
YALI1B23017g	1.8718823069403003	optimal	1.8718823069403003	True	[]	[]	1.6342482922482304e-13	0.0
YALI1B23153g	1.8718823069403003	optimal	1.8718823069403003	True	"[""R916""]"	"[""R916""]"	1.6342482922482304e-13	0.0
YALI1B23237g	1.8718823069403003	optimal	1.8718823069403003	True	[]	[]	1.6342482922482304e-13	0.0
YALI1B23300g	1.8718823069403003	optimal	1.8718823069403003	True	[]	[]	1.6342482922482304e-13	0.0
YALI1B23834g	0.0	optimal	0.0	True	"[""R541""]"	"[""R541""]"	0.0	0.0
YALI1B24424g	1.8718823069402935	optimal	1.8718823069402935	True	"[""R120"", ""R1935""]"	"[""R120"", ""R1935""]"	7.105427357601002e-14	0.0
YALI1B24638g	1.8718823069403	optimal	1.8718823069403	True	"[""R46""]"	"[""R46""]"	7.117917366628035e-14	0.0
YALI1B25360g	1.8718823069403	optimal	1.8718823069403	True	[]	[]	7.117917366628035e-14	0.0
YALI1B25395g	1.8718823069403	optimal	1.8718823069403	True	"[""R1941""]"	"[""R1941""]"	7.117917366628035e-14	0.0
YALI1B25427g	0.0	optimal	0.0	True	"[""R1392"", ""R1393"", ""R2217"", ""R2220"", ""R2223"", ""R2226"", ""R2229"", ""R2232"", ""R2235"", ""R2237"", ""R2239"", ""R2241""]"	"[""R1392"", ""R1393"", ""R2217"", ""R2220"", ""R2223"", ""R2226"", ""R2229"", ""R2232"", ""R2235"", ""R2237"", ""R2239"", ""R2241""]"	1.7763568394002505e-15	0.0
YALI1B25506g	1.8718823069402972	optimal	1.8718823069402972	True	[]	[]	9.681144774731365e-14	0.0
YALI1B25553g	1.8718823069402972	optimal	1.8718823069402972	True	[]	[]	9.681144774731365e-14	0.0
YALI1B25906g	1.8718823069402972	optimal	1.8718823069402972	True	[]	[]	9.681144774731365e-14	0.0
YALI1B26033g	1.8718823069402972	optimal	1.8718823069402972	True	[]	[]	9.681144774731365e-14	0.0
YALI1B26112g	1.8718823069402972	optimal	1.8718823069402972	True	"[""R331""]"	"[""R331""]"	9.681144774731365e-14	0.0
YALI1B26153g	1.8718823069402972	optimal	1.8718823069402972	True	[]	[]	9.681144774731365e-14	0.0
YALI1B26205g	1.8718823069402972	optimal	1.8718823069402972	True	[]	[]	9.681144774731365e-14	0.0
YALI1B26350g	1.8718823069402954	optimal	1.8718823069402954	True	"[""R1406"", ""R1407"", ""R1408"", ""R1409"", ""R1410"", ""R1411"", ""R1412""]"	"[""R1406"", ""R1407"", ""R1408"", ""R1409"", ""R1410"", ""R1411"", ""R1412""]"	6.195044477408373e-14	0.0
YALI1B26679g	1.8718823069403099	optimal	1.8718823069403099	True	"[""R2062""]"	"[""R2062""]"	8.43769498715119e-14	0.0
YALI1B26749g	1.871882306940302	optimal	1.871882306940302	True	"[""R659""]"	"[""R659""]"	1.9095836023552692e-13	0.0
YALI1B27564g	1.8718823069402994	optimal	1.8718823069402994	True	[]	[]	9.85878045867139e-14	0.0
YALI1B27645g	1.8718823069402994	optimal	1.8718823069402994	True	[]	[]	9.85878045867139e-14	0.0
YALI1B27874g	0.0	optimal	0.0	True	"[""R335""]"	"[""R335""]"	2.8033131371785203e-15	0.0
YALI1B28025g	1.8718823069402946	optimal	1.8718823069402946	True	[]	[]	1.3944401189291966e-13	0.0
YALI1B28349g	1.8718823069402946	optimal	1.8718823069402946	True	[]	[]	1.3944401189291966e-13	0.0
YALI1B28394g	1.8718823069402946	optimal	1.8718823069402946	True	[]	[]	1.3944401189291966e-13	0.0
YALI1B28454g	1.8718823069402946	optimal	1.8718823069402946	True	"[""R1957""]"	"[""R1957""]"	1.3944401189291966e-13	0.0
YALI1B28659g	1.8718823069402946	optimal	1.8718823069402946	True	"[""R172""]"	"[""R172""]"	1.3944401189291966e-13	0.0
YALI1B29133g	1.8718823069402946	optimal	1.8718823069402946	True	"[""R386"", ""R388""]"	"[""R386"", ""R388""]"	1.3944401189291966e-13	0.0
YALI1B29243g	1.8718823069402946	optimal	1.8718823069402946	True	[]	[]	1.3944401189291966e-13	0.0
YALI1B29419g	1.8718823069402946	optimal	1.8718823069402946	True	[]	[]	1.3944401189291966e-13	0.0
YALI1B29483g	1.8718823069402946	optimal	1.8718823069402946	True	"[""R1974""]"	"[""R1974""]"	1.3944401189291966e-13	0.0
YALI1B29562g	1.8718823069402946	optimal	1.8718823069402946	True	"[""R1757""]"	"[""R1757""]"	1.3944401189291966e-13	0.0
YALI1B29867g	1.7939309564292734	optimal	1.7939309564292734	True	"[""R41"", ""R498""]"	"[""R41"", ""R498""]"	2.2737367544323206e-13	0.0
YALI1B29883g	1.871882306940297	optimal	1.871882306940297	True	"[""R1934"", ""R1943"", ""R1944"", ""R1945"", ""R1952""]"	"[""R1934"", ""R1943"", ""R1944"", ""R1945"", ""R1952""]"	1.4210854715202004e-13	0.0
YALI1B29895g	1.8718823069402986	optimal	1.8718823069402986	True	[]	[]	1.4166445794216997e-13	0.0
YALI1B30090g	0.03894304281345664	optimal	0.03894304281345664	True	"[""R1892"", ""R653""]"	"[""R1892"", ""R653""]"	4.749672877224498e-15	0.0
YALI1B30181g	0.0	optimal	0.0	True	"[""R176""]"	"[""R176""]"	0.0	0.0
YALI1B30275g	1.8718823069402981	optimal	1.8718823069402981	True	"[""R666"", ""R668"", ""R669""]"	"[""R666"", ""R668"", ""R669""]"	1.0791367799356522e-13	0.0
YALI1C00230g	0.0	optimal	0.0	True	"[""R350"", ""R351"", ""R352"", ""R353""]"	"[""R350"", ""R351"", ""R353""]"	1.7763568394002505e-15	0.0
YALI1C00293g	0.29306632037743346	optimal	0.29306632037743346	True	"[""R13"", ""R77""]"	"[""R13"", ""R77""]"	9.769962616701378e-15	0.0
YALI1C00464g	1.871882306940304	optimal	1.871882306940304	True	[]	[]	1.1901590823981678e-13	0.0
YALI1C00550g	1.871882306940304	optimal	1.871882306940304	True	[]	[]	1.1901590823981678e-13	0.0
YALI1C00694g	1.871882306940304	optimal	1.871882306940304	True	"[""R2050"", ""R2051"", ""R2052""]"	"[""R2050"", ""R2051"", ""R2052""]"	1.1901590823981678e-13	0.0
YALI1C00826g	1.871882306940304	optimal	1.871882306940304	True	[]	[]	1.1901590823981678e-13	0.0
YALI1C00999g	1.871882306940304	optimal	1.871882306940304	True	[]	[]	1.1901590823981678e-13	0.0
YALI1C01129g	1.871882306940304	optimal	1.871882306940304	True	[]	[]	1.1901590823981678e-13	0.0
YALI1C01520g	1.871882306940304	optimal	1.871882306940304	True	"[""R700""]"	"[""R700""]"	1.1901590823981678e-13	0.0
YALI1C01944g	1.871882306940304	optimal	1.871882306940304	True	[]	[]	1.1901590823981678e-13	0.0
YALI1C01965g	1.871882306940304	optimal	1.871882306940304	True	"[""R324""]"	"[""R324""]"	1.1901590823981678e-13	0.0
YALI1C02391g	1.871882306940304	optimal	1.871882306940304	True	"[""R790""]"	"[""R790""]"	1.1901590823981678e-13	0.0
YALI1C02550g	1.871882306940304	optimal	1.871882306940304	True	"[""R2112"", ""R2119"", ""R2121""]"	"[""R2112"", ""R2119"", ""R2121""]"	1.1901590823981678e-13	0.0
YALI1C03415g	1.871882306940304	optimal	1.871882306940304	True	"[""R825""]"	"[""R825""]"	1.1901590823981678e-13	0.0
YALI1C03848g	1.871882306940304	optimal	1.871882306940304	True	[]	[]	1.1901590823981678e-13	0.0
YALI1C04067g	1.871882306940304	optimal	1.871882306940304	True	[]	[]	1.1901590823981678e-13	0.0
YALI1C04093g	1.871882306940304	optimal	1.871882306940304	True	[]	[]	1.1901590823981678e-13	0.0
YALI1C04265g	1.871882306940304	optimal	1.871882306940304	True	"[""R722""]"	"[""R722""]"	1.1901590823981678e-13	0.0
YALI1C04281g	1.871882306940304	optimal	1.871882306940304	True	"[""R2062""]"	"[""R2062""]"	1.1901590823981678e-13	0.0
YALI1C04798g	1.871882306940304	optimal	1.871882306940304	True	[]	[]	1.1901590823981678e-13	0.0
YALI1C04882g	0.0	optimal	0.0	True	"[""R336""]"	"[""R336""]"	1.7763568394002505e-15	0.0
YALI1C05386g	1.8718823069403001	optimal	1.8718823069403001	True	"[""R1117"", ""R1118"", ""R1119"", ""R1120"", ""R1121"", ""R1122"", ""R1480"", ""R1482"", ""R1877""]"	"[""R1117"", ""R1118"", ""R1119"", ""R1120"", ""R1121"", ""R1122"", ""R1480"", ""R1482"", ""R1877""]"	1.1368683772161603e-13	0.0
YALI1C05570g	1.8718823069402968	optimal	1.8718823069402968	True	"[""R1740"", ""R1741""]"	"[""R1740"", ""R1741""]"	1.2256862191861728e-13	0.0
YALI1C05908g	1.8718823069403	optimal	1.8718823069403	True	"[""R610""]"	"[""R610""]"	1.4210854715202004e-13	0.0
YALI1C05972g	1.8718823069402988	optimal	1.8718823069402988	True	[]	[]	1.616484723854228e-13	0.0
YALI1C06006g	1.8718823069402988	optimal	1.8718823069402988	True	[]	[]	1.616484723854228e-13	0.0
YALI1C06222g	1.8718823069402988	optimal	1.8718823069402988	True	[]	[]	1.616484723854228e-13	0.0
YALI1C06626g	0.15942540041944286	optimal	0.15942540041944286	True	"[""R170""]"	"[""R170""]"	4.263256414560601e-14	0.0
YALI1C06681g	1.871882306940297	optimal	1.871882306940297	True	"[""R1379"", ""R1380"", ""R1381""]"	"[""R1379"", ""R1380"", ""R1381""]"	8.526512829121202e-14	0.0
YALI1C06951g	1.871882306940297	optimal	1.871882306940297	True	[]	[]	1.1013412404281553e-13	0.0
YALI1C07360g	1.871882306940297	optimal	1.871882306940297	True	[]	[]	1.1013412404281553e-13	0.0
YALI1C07423g	1.871882306940297	optimal	1.871882306940297	True	[]	[]	1.1013412404281553e-13	0.0
YALI1C07638g	1.8718823069402972	optimal	1.8718823069402972	True	"[""R1434"", ""R1435"", ""R1869""]"	"[""R1434"", ""R1435"", ""R1869""]"	8.526512829121202e-14	0.0
YALI1C07816g	1.8718823069402972	optimal	1.8718823069402972	True	"[""R61""]"	"[""R61""]"	8.526512829121202e-14	0.0
YALI1C08017g	1.8718823069402972	optimal	1.8718823069402972	True	[]	[]	8.526512829121202e-14	0.0
YALI1C08173g	1.8718823069402972	optimal	1.8718823069402972	True	"[""R648""]"	"[""R648""]"	8.526512829121202e-14	0.0
YALI1C08197g	1.8718823069402972	optimal	1.8718823069402972	True	"[""R635""]"	"[""R635""]"	8.526512829121202e-14	0.0
YALI1C08262g	1.8718823069402972	optimal	1.8718823069402972	True	"[""R344""]"	"[""R344""]"	8.526512829121202e-14	0.0
YALI1C08523g	1.8718823069402972	optimal	1.8718823069402972	True	[]	[]	8.526512829121202e-14	0.0
YALI1C08548g	1.8718823069402972	optimal	1.8718823069402972	True	[]	[]	8.526512829121202e-14	0.0
YALI1C08702g	1.8718823069402972	optimal	1.8718823069402972	True	[]	[]	8.526512829121202e-14	0.0
YALI1C09033g	1.815266353504013	optimal	1.815266353504013	True	"[""R314"", ""R315""]"	"[""R314"", ""R315""]"	8.526512829121202e-14	0.0
YALI1C09072g	1.8718823069403017	optimal	1.8718823069403017	True	"[""R2185""]"	"[""R2185""]"	1.1368683772161603e-13	0.0
YALI1C09285g	1.8718823069403017	optimal	1.8718823069403017	True	[]	[]	1.1368683772161603e-13	0.0
YALI1C09308g	1.8718823069403017	optimal	1.8718823069403017	True	[]	[]	1.1368683772161603e-13	0.0
YALI1C09380g	1.8718823069403017	optimal	1.8718823069403017	True	"[""R647""]"	"[""R647""]"	1.1368683772161603e-13	0.0
YALI1C09467g	0.15942540041944286	optimal	0.15942540041944286	True	"[""R415""]"	"[""R415""]"	7.105427357601002e-15	0.0
YALI1C09773g	1.871882306940297	optimal	1.871882306940297	True	"[""R504"", ""R512""]"	"[""R504"", ""R512""]"	5.684341886080802e-14	0.0
YALI1C10232g	1.871882306940297	optimal	1.871882306940297	True	"[""R873""]"	"[""R873""]"	5.684341886080802e-14	0.0
YALI1C10293g	1.871882306940297	optimal	1.871882306940297	True	[]	[]	5.684341886080802e-14	0.0
YALI1C10762g	1.871882306940297	optimal	1.871882306940297	True	[]	[]	5.684341886080802e-14	0.0
YALI1C11773g	1.871882306940297	optimal	1.871882306940297	True	[]	[]	5.684341886080802e-14	0.0
YALI1C12024g	1.871882306940297	optimal	1.871882306940297	True	"[""R1979""]"	"[""R1979""]"	5.684341886080802e-14	0.0
YALI1C12220g	1.871882306940297	optimal	1.871882306940297	True	[]	[]	5.684341886080802e-14	0.0
YALI1C12619g	1.871882306940297	optimal	1.871882306940297	True	[]	[]	5.684341886080802e-14	0.0
YALI1C13355g	1.871882306940297	optimal	1.871882306940297	True	[]	[]	5.684341886080802e-14	0.0
YALI1C13768g	1.871882306940297	optimal	1.871882306940297	True	[]	[]	5.684341886080802e-14	0.0
YALI1C15048g	1.871882306940297	optimal	1.871882306940297	True	[]	[]	5.684341886080802e-14	0.0
YALI1C15180g	1.871882306940297	optimal	1.871882306940297	True	"[""R494""]"	"[""R494""]"	5.684341886080802e-14	0.0
YALI1C15297g	0.0	optimal	0.0	True	"[""R762""]"	"[""R762""]"	0.0	0.0
YALI1C15420g	1.8718823069403032	optimal	1.8718823069403032	True	"[""R1725"", ""R1726""]"	[]	8.526512829121202e-14	0.0
YALI1C15526g	1.8718823069402903	optimal	1.8718823069402903	True	"[""R2058""]"	"[""R2058""]"	1.3500311979441904e-13	0.0
YALI1C15776g	1.8718823069402903	optimal	1.8718823069402903	True	[]	[]	1.3500311979441904e-13	0.0
YALI1C15945g	1.8718823069402903	optimal	1.8718823069402903	True	"[""R317""]"	"[""R317""]"	1.3500311979441904e-13	0.0
YALI1C15991g	1.8718823069402903	optimal	1.8718823069402903	True	"[""R1393"", ""R87"", ""R88""]"	"[""R1393"", ""R87"", ""R88""]"	1.3500311979441904e-13	0.0
YALI1C16485g	1.8718823069402903	optimal	1.8718823069402903	True	[]	[]	1.3500311979441904e-13	0.0
YALI1C16621g	1.7106943139688513	optimal	1.7106943139688513	True	"[""R714""]"	"[""R714""]"	8.526512829121202e-14	0.0
YALI1C16932g	1.8718823069402994	optimal	1.8718823069402994	True	[]	[]	7.105427357601002e-14	0.0
YALI1C17100g	1.871882306940297	optimal	1.871882306940297	True	"[""R305""]"	"[""R305""]"	1.1368683772161603e-13	0
YALI1C17932g	1.871882306940301	optimal	1.871882306940301	True	[]	[]	5.684341886080802e-14	0
YALI1C17947g	0.0	optimal	0.0	True	"[""R1950"", ""R1951"", ""R271"", ""R272""]"	"[""R271"", ""R272""]"	0.0	0.0
YALI1C18258g	1.8718823069403001	optimal	1.8718823069403001	True	"[""R318""]"	"[""R318""]"	1.1368683772161603e-13	0.0
YALI1C18590g	1.8718823069403008	optimal	1.8718823069403008	True	"[""R290""]"	"[""R290""]"	3.410605131648481e-13	0.0
YALI1C18771g	1.8718823069403008	optimal	1.8718823069403008	True	[]	[]	3.410605131648481e-13	0.0
YALI1C18872g	1.8718823069403008	optimal	1.8718823069403008	True	[]	[]	3.410605131648481e-13	0.0
YALI1C19814g	1.8718823069403008	optimal	1.8718823069403008	True	"[""R1724""]"	"[""R1724""]"	3.410605131648481e-13	0.0
YALI1C19943g	1.8718823069403008	optimal	1.8718823069403008	True	"[""R5""]"	"[""R5""]"	3.410605131648481e-13	0.0
YALI1C20054g	1.8718823069403008	optimal	1.8718823069403008	True	[]	[]	3.410605131648481e-13	0.0
YALI1C20198g	1.8718823069402963	optimal	1.8718823069402963	True	"[""R860""]"	"[""R860""]"	1.7053025658242404e-13	0.0
YALI1C20224g	1.8705702191338913	optimal	1.8705702191338913	True	"[""R1765""]"	"[""R1765""]"	8.526512829121202e-14	0.0
YALI1C21487g	0.0	optimal	0.0	True	"[""R775""]"	"[""R775""]"	7.105427357601002e-15	0.0
YALI1C21946g	1.8718823069403	optimal	1.8718823069403	True	[]	[]	1.4210854715202004e-13	0.0
YALI1C22186g	1.8718823069403	optimal	1.8718823069403	True	"[""R408"", ""R754""]"	"[""R408"", ""R754""]"	1.4210854715202004e-13	0.0
YALI1C22751g	1.8718823069403	optimal	1.8718823069403	True	[]	[]	1.4210854715202004e-13	0.0
YALI1C23511g	0.0	optimal	0.0	True	"[""R261"", ""R381"", ""R382""]"	"[""R261"", ""R381"", ""R382""]"	5.329070518200751e-15	0.0
YALI1C23601g	1.8718823069402994	optimal	1.8718823069402994	True	[]	[]	1.7053025658242404e-13	0.0
YALI1C23902g	1.8718823069402994	optimal	1.8718823069402994	True	[]	[]	1.7053025658242404e-13	0.0
YALI1C24124g	1.8718823069402994	optimal	1.8718823069402994	True	[]	[]	1.7053025658242404e-13	0.0
YALI1C24165g	1.8718823069402994	optimal	1.8718823069402994	True	[]	[]	1.7053025658242404e-13	0.0
YALI1C24367g	1.8718823069403023	optimal	1.8718823069403023	True	"[""R634""]"	"[""R634""]"	2.842170943040401e-14	0.0
YALI1C24488g	1.8718823069403023	optimal	1.8718823069403023	True	[]	[]	2.842170943040401e-14	0.0
YALI1C24567g	1.8718823069403023	optimal	1.8718823069403023	True	[]	[]	2.842170943040401e-14	0.0
YALI1C24611g	1.8718823069403023	optimal	1.8718823069403023	True	[]	[]	2.842170943040401e-14	0.0
YALI1C24647g	1.8718823069403023	optimal	1.8718823069403023	True	[]	[]	2.842170943040401e-14	0.0
YALI1C25029g	1.8718823069403023	optimal	1.8718823069403023	True	"[""R343""]"	"[""R343""]"	2.842170943040401e-14	0.0
YALI1C25093g	1.8718823069403023	optimal	1.8718823069403023	True	"[""R586"", ""R602""]"	"[""R586"", ""R602""]"	2.842170943040401e-14	0.0
YALI1C25190g	1.8718823069403023	optimal	1.8718823069403023	True	[]	[]	2.842170943040401e-14	0.0
YALI1C25352g	1.8718823069403023	optimal	1.8718823069403023	True	"[""R18""]"	"[""R18""]"	2.842170943040401e-14	0.0
YALI1C25512g	1.8718823069403023	optimal	1.8718823069403023	True	[]	[]	2.842170943040401e-14	0.0
YALI1C25598g	1.8718823069403023	optimal	1.8718823069403023	True	"[""R772""]"	"[""R772""]"	2.842170943040401e-14	0.0
YALI1C25782g	1.8718823069403023	optimal	1.8718823069403023	True	"[""R626""]"	"[""R626""]"	2.842170943040401e-14	0.0
YALI1C26017g	1.8718823069403023	optimal	1.8718823069403023	True	"[""R763""]"	"[""R763""]"	2.842170943040401e-14	0.0
YALI1C26036g	1.8718823069403023	optimal	1.8718823069403023	True	[]	[]	2.842170943040401e-14	0.0
YALI1C26276g	1.8718823069403023	optimal	1.8718823069403023	True	[]	[]	2.842170943040401e-14	0.0
YALI1C26544g	1.8718823069403023	optimal	1.8718823069403023	True	"[""R921""]"	"[""R921""]"	2.842170943040401e-14	0.0
YALI1C26939g	1.8718823069403023	optimal	1.8718823069403023	True	"[""R1403"", ""R1404"", ""R1405""]"	"[""R1403"", ""R1404"", ""R1405""]"	2.842170943040401e-14	0.0
YALI1C27061g	1.8718823069402994	optimal	1.8718823069402994	True	"[""R583"", ""R585"", ""R587"", ""R588"", ""R598"", ""R599"", ""R600"", ""R601""]"	"[""R583"", ""R585"", ""R587"", ""R588"", ""R598"", ""R599"", ""R600"", ""R601""]"	2.2737367544323206e-13	0.0
YALI1C27229g	1.8718823069403023	optimal	1.8718823069403023	True	[]	[]	5.684341886080802e-14	0.0
YALI1C27933g	1.8718823069403023	optimal	1.8718823069403023	True	"[""R2218"", ""R2221"", ""R2224"", ""R2227"", ""R2230"", ""R2233""]"	"[""R2218"", ""R2221"", ""R2224"", ""R2227"", ""R2230"", ""R2233""]"	5.684341886080802e-14	0.0
YALI1C28263g	1.8718823069403023	optimal	1.8718823069403023	True	[]	[]	5.684341886080802e-14	0.0
YALI1C28310g	1.8718823069403023	optimal	1.8718823069403023	True	[]	[]	5.684341886080802e-14	0.0
YALI1C28479g	1.8718823069403023	optimal	1.8718823069403023	True	"[""R717""]"	"[""R717""]"	5.684341886080802e-14	0.0
YALI1C28497g	1.8718823069403023	optimal	1.8718823069403023	True	"[""R66""]"	"[""R66""]"	5.684341886080802e-14	0.0
YALI1C28621g	1.8718823069403023	optimal	1.8718823069403023	True	[]	[]	5.684341886080802e-14	0.0
YALI1C29104g	1.8718823069403023	optimal	1.8718823069403023	True	[]	[]	5.684341886080802e-14	0.0
YALI1C29538g	1.8718823069403023	optimal	1.8718823069403023	True	[]	[]	5.684341886080802e-14	0.0
YALI1C29920g	1.8718823069403023	optimal	1.8718823069403023	True	[]	[]	5.684341886080802e-14	0.0
YALI1C30440g	1.8718823069403023	optimal	1.8718823069403023	True	[]	[]	5.684341886080802e-14	0.0
YALI1C30514g	0.0	optimal	0.0	True	"[""R178"", ""R179""]"	"[""R178"", ""R179""]"	8.881784197001252e-16	0.0
YALI1C31122g	1.871882306940295	optimal	1.871882306940295	True	"[""R852""]"	"[""R852""]"	1.7053025658242404e-13	0.0
YALI1C31510g	1.8718823069403	optimal	1.8718823069403	True	[]	[]	1.0835776720341528e-13	0.0
YALI1C32031g	1.8718823069402983	optimal	1.8718823069402983	True	"[""R258"", ""R259""]"	"[""R258"", ""R259""]"	1.4210854715202004e-13	0.0
YALI1C32119g	1.8718823069402992	optimal	1.8718823069402992	True	[]	[]	1.7053025658242404e-13	0.0
YALI1C32156g	1.8718823069402992	optimal	1.8718823069402992	True	"[""R837""]"	"[""R837""]"	1.7053025658242404e-13	0.0
YALI1C32184g	1.8718823069402992	optimal	1.8718823069402992	True	[]	[]	1.7053025658242404e-13	0.0
YALI1C32276g	0.29306632037743346	optimal	0.29306632037743346	True	"[""R279"", ""R280""]"	"[""R279"", ""R280""]"	2.842170943040401e-14	0.0
YALI1C32609g	1.8718823069402997	optimal	1.8718823069402997	True	[]	[]	5.684341886080802e-14	0.0
YALI1C32810g	1.8718823069402997	optimal	1.8718823069402997	True	"[""R113""]"	"[""R113""]"	5.684341886080802e-14	0.0
YALI1C32886g	1.8718823069402997	optimal	1.8718823069402997	True	[]	[]	5.684341886080802e-14	0.0
YALI1C33005g	1.8718823069402997	optimal	1.8718823069402997	True	[]	[]	5.684341886080802e-14	0.0
YALI1C33152g	1.8718823069402997	optimal	1.8718823069402997	True	[]	[]	5.684341886080802e-14	0.0
YALI1C33270g	1.8718823069402997	optimal	1.8718823069402997	True	[]	[]	5.684341886080802e-14	0.0
YALI1C33299g	1.8718823069402997	optimal	1.8718823069402997	True	"[""R2188""]"	"[""R2188""]"	5.684341886080802e-14	0.0
YALI1C33406g	1.8718823069402997	optimal	1.8718823069402997	True	[]	[]	5.684341886080802e-14	0.0
YALI1C353g	1.8718823069402997	optimal	1.8718823069402997	True	[]	[]	5.684341886080802e-14	0.0
YALI1D00094g	1.8718823069402997	optimal	1.8718823069402997	True	[]	[]	5.684341886080802e-14	0.0
YALI1D00376g	1.8718823069402997	optimal	1.8718823069402997	True	[]	[]	5.684341886080802e-14	0.0
YALI1D00515g	1.8718823069402997	optimal	1.8718823069402997	True	[]	[]	5.684341886080802e-14	0.0
YALI1D00581g	1.8718823069402997	optimal	1.8718823069402997	True	[]	[]	5.684341886080802e-14	0.0
YALI1D00614g	1.8718823069402997	optimal	1.8718823069402997	True	"[""R243""]"	"[""R243""]"	5.684341886080802e-14	0.0
YALI1D00766g	1.8718823069402997	optimal	1.8718823069402997	True	"[""R2062""]"	"[""R2062""]"	5.684341886080802e-14	0.0
YALI1D01188g	0.27287936335684576	optimal	0.27287936335684576	True	"[""R399""]"	"[""R399""]"	2.842170943040401e-14	0.0
YALI1D01234g	1.8718823069402981	optimal	1.8718823069402981	True	[]	[]	1.1368683772161603e-13	0.0
YALI1D01431g	0.0	optimal	0.0	True	"[""R26"", ""R27"", ""R491"", ""R492"", ""R520"", ""R521"", ""R796"", ""R797""]"	"[""R27"", ""R492"", ""R521"", ""R797""]"	4.440892098500626e-15	0.0
YALI1D01489g	1.8718823069402966	optimal	1.8718823069402966	True	"[""R64""]"	"[""R64""]"	1.4210854715202004e-13	0.0
YALI1D02000g	1.8718823069402994	optimal	1.8718823069402994	True	[]	[]	1.7053025658242404e-13	0.0
YALI1D02041g	1.8718823069402994	optimal	1.8718823069402994	True	[]	[]	1.7053025658242404e-13	0.0
YALI1D02416g	1.8718823069402994	optimal	1.8718823069402994	True	[]	[]	1.7053025658242404e-13	0.0
YALI1D02444g	1.8718823069402994	optimal	1.8718823069402994	True	[]	[]	1.7053025658242404e-13	0.0
YALI1D02625g	1.8718823069402994	optimal	1.8718823069402994	True	[]	[]	1.7053025658242404e-13	0.0
YALI1D02781g	1.8718823069402994	optimal	1.8718823069402994	True	"[""R1910""]"	"[""R1910""]"	1.7053025658242404e-13	0.0
YALI1D03047g	1.8718823069402923	optimal	1.8718823069402923	True	"[""R515""]"	"[""R515""]"	1.9895196601282805e-13	0.0
YALI1D03221g	0.08967109688914747	optimal	0.08967109688914747	True	"[""R1386"", ""R807""]"	"[""R1386"", ""R807""]"	1.0658141036401503e-14	0.0
YALI1D03865g	1.8718823069403034	optimal	1.8718823069403034	True	"[""R1907"", ""R355""]"	"[""R1907"", ""R355""]"	1.1368683772161603e-13	0.0
YALI1D03952g	0.29306632037743346	optimal	0.29306632037743346	True	"[""R497"", ""R76""]"	"[""R497"", ""R76""]"	2.842170943040401e-14	0.0
YALI1D04055g	1.8718823069402948	optimal	1.8718823069402948	True	[]	[]	1.7053025658242404e-13	0.0
YALI1D04261g	1.8718823069402948	optimal	1.8718823069402948	True	[]	[]	1.7053025658242404e-13	0.0
YALI1D04432g	1.8718823069402948	optimal	1.8718823069402948	True	"[""R630"", ""R631""]"	"[""R630"", ""R631""]"	1.7053025658242404e-13	0.0
YALI1D04566g	1.8718823069402948	optimal	1.8718823069402948	True	"[""R548""]"	"[""R548""]"	1.7053025658242404e-13	0.0
YALI1D05038g	1.8718823069402948	optimal	1.8718823069402948	True	[]	[]	1.7053025658242404e-13	0.0
YALI1D05111g	1.8718823069402948	optimal	1.8718823069402948	True	[]	[]	1.7053025658242404e-13	0.0
YALI1D05270g	1.8718823069402948	optimal	1.8718823069402948	True	"[""R375""]"	"[""R375""]"	1.7053025658242404e-13	0.0
YALI1D05320g	1.8718823069402948	optimal	1.8718823069402948	True	"[""R1470"", ""R1471"", ""R1472"", ""R1473"", ""R1474"", ""R1475"", ""R1476"", ""R1477"", ""R1478"", ""R1479"", ""R1874""]"	"[""R1470"", ""R1471"", ""R1472"", ""R1473"", ""R1474"", ""R1475"", ""R1476"", ""R1477"", ""R1478"", ""R1479"", ""R1874""]"	2.1316282072803006e-13	0.0
YALI1D05440g	1.8718823069402948	optimal	1.8718823069402948	True	"[""R558""]"	"[""R558""]"	1.1368683772161603e-13	0.0
YALI1D05474g	0.0	optimal	0.0	True	"[""R2254"", ""R2258"", ""R2262"", ""R251""]"	"[""R2254"", ""R2258"", ""R2262"", ""R251""]"	1.7763568394002505e-15	0.0
YALI1D05873g	1.8718823069402952	optimal	1.8718823069402952	True	"[""R496"", ""R741""]"	"[""R496"", ""R741""]"	1.1368683772161603e-13	0.0
YALI1D06302g	1.8718823069402988	optimal	1.8718823069402988	True	"[""R2062""]"	"[""R2062""]"	1.9895196601282805e-13	0.0
YALI1D06380g	1.8718823069402988	optimal	1.8718823069402988	True	[]	[]	1.9895196601282805e-13	0.0
YALI1D06883g	1.8718823069402988	optimal	1.8718823069402988	True	"[""R2137""]"	"[""R2137""]"	1.9895196601282805e-13	0.0
YALI1D07089g	1.8718823069402988	optimal	1.8718823069402988	True	"[""R2062""]"	"[""R2062""]"	1.9895196601282805e-13	0.0
YALI1D07232g	0.0	optimal	0.0	True	"[""R819"", ""R935"", ""R937""]"	"[""R819"", ""R935"", ""R937""]"	8.881784197001252e-16	0.0
YALI1D07451g	1.8718823069402928	optimal	1.8718823069402928	True	"[""R114""]"	"[""R114""]"	1.1368683772161603e-13	0.0
YALI1D07486g	1.8718823069403032	optimal	1.8718823069403032	True	[]	[]	8.526512829121202e-14	0.0
YALI1D07665g	1.8718823069403032	optimal	1.8718823069403032	True	"[""R1746"", ""R1747"", ""R1750"", ""R1751""]"	"[""R1746"", ""R1747"", ""R1750"", ""R1751""]"	8.526512829121202e-14	0.0
YALI1D07696g	1.8718823069403032	optimal	1.8718823069403032	True	"[""R2138""]"	"[""R2138""]"	8.526512829121202e-14	0.0
YALI1D07981g	1.8718823069403032	optimal	1.8718823069403032	True	"[""R2140""]"	"[""R2140""]"	8.526512829121202e-14	0.0
YALI1D08000g	1.8718823069403032	optimal	1.8718823069403032	True	"[""R2143"", ""R2148"", ""R2151"", ""R2154"", ""R2157"", ""R2161""]"	"[""R2143"", ""R2148"", ""R2151"", ""R2154"", ""R2157"", ""R2161""]"	8.526512829121202e-14	0.0
YALI1D08050g	0.0	optimal	0.0	True	"[""R2102"", ""R288""]"	"[""R2102"", ""R288""]"	1.7763568394002505e-15	0.0
YALI1D08082g	1.8718823069402915	optimal	1.8718823069402915	True	"[""R487""]"	"[""R487""]"	5.684341886080802e-14	0.0
YALI1D08125g	1.871882306940292	optimal	1.871882306940292	True	"[""R502""]"	"[""R502""]"	5.684341886080802e-14	0.0
YALI1D08205g	1.871882306940292	optimal	1.871882306940292	True	"[""R1744"", ""R1748"", ""R1749"", ""R1752"", ""R1753"", ""R1754"", ""R1755""]"	"[""R1744"", ""R1748"", ""R1749"", ""R1752"", ""R1753"", ""R1754"", ""R1755""]"	5.684341886080802e-14	0.0
YALI1D08339g	1.871882306940292	optimal	1.871882306940292	True	"[""R12""]"	"[""R12""]"	5.684341886080802e-14	0.0
YALI1D08734g	0.20595239043348756	optimal	0.20595239043348756	True	"[""R909""]"	"[""R909""]"	1.4210854715202004e-14	0.0
YALI1D08884g	1.871882306940299	optimal	1.871882306940299	True	[]	[]	1.9895196601282805e-13	0.0
YALI1D08946g	1.8718823069402935	optimal	1.8718823069402935	True	"[""R405"", ""R406""]"	"[""R405"", ""R406""]"	1.7053025658242404e-13	0.0
YALI1D09034g	1.8718823069402977	optimal	1.8718823069402977	True	[]	[]	1.184607967275042e-13	0.0
YALI1D09203g	1.8718823069402977	optimal	1.8718823069402977	True	"[""R2062""]"	"[""R2062""]"	1.184607967275042e-13	0.0
YALI1D09420g	1.8718823069402977	optimal	1.8718823069402977	True	[]	[]	1.184607967275042e-13	0.0
YALI1D09453g	1.8718823069402977	optimal	1.8718823069402977	True	[]	[]	1.184607967275042e-13	0.0
YALI1D09712g	1.8718823069402977	optimal	1.8718823069402977	True	[]	[]	1.184607967275042e-13	0.0
YALI1D09870g	1.8718823069402977	optimal	1.8718823069402977	True	"[""R150"", ""R802""]"	"[""R150"", ""R802""]"	1.184607967275042e-13	0.0
YALI1D10197g	1.8718823069402977	optimal	1.8718823069402977	True	[]	[]	1.184607967275042e-13	0.0
YALI1D10264g	1.8703863010535386	optimal	1.8703863010535386	True	"[""R2165"", ""R2168""]"	"[""R2165"", ""R2168""]"	1.4210854715202004e-13	0.0
YALI1D10495g	1.871882306940299	optimal	1.871882306940299	True	[]	[]	1.4210854715202004e-13	0.0
YALI1D10535g	1.871882306940299	optimal	1.871882306940299	True	[]	[]	1.4210854715202004e-13	0.0
YALI1D10768g	1.871882306940299	optimal	1.871882306940299	True	"[""R854"", ""R855""]"	"[""R854"", ""R855""]"	1.4210854715202004e-13	0.0
YALI1D10930g	0.0	optimal	0.0	True	"[""R1841""]"	"[""R1841""]"	0.0	0.0
YALI1D11015g	1.8718823069403063	optimal	1.8718823069403063	True	[]	[]	2.842170943040401e-14	0.0
YALI1D11159g	1.8718823069402986	optimal	1.8718823069402986	True	"[""R1968"", ""R1969"", ""R1970"", ""R2281""]"	"[""R1968"", ""R1969"", ""R1970"", ""R2281""]"	1.1368683772161603e-13	0.0
YALI1D11256g	1.8718823069402986	optimal	1.8718823069402986	True	[]	[]	1.1368683772161603e-13	0.0
YALI1D11686g	1.8718823069402986	optimal	1.8718823069402986	True	"[""R1383""]"	"[""R1383""]"	1.1368683772161603e-13	0.0
YALI1D11769g	1.8718823069403037	optimal	1.8718823069403037	True	"[""R2"", ""R3"", ""R303"", ""R304"", ""R305""]"	"[""R2"", ""R3"", ""R303"", ""R304"", ""R305""]"	5.684341886080802e-14	0.0
YALI1D11810g	1.8718823069403057	optimal	1.8718823069403057	True	[]	[]	5.684341886080802e-14	0.0
YALI1D11984g	1.8718823069402917	optimal	1.8718823069402917	True	"[""R239""]"	"[""R239""]"	8.526512829121202e-14	0.0
YALI1D12493g	1.8691754206414328	optimal	1.8691754206414328	True	"[""R499""]"	"[""R499""]"	5.684341886080802e-14	0.0
YALI1D12723g	1.8718823069402997	optimal	1.8718823069402997	True	[]	[]	1.4210854715202004e-13	0.0
YALI1D12832g	1.871882306940299	optimal	1.871882306940299	True	"[""R691""]"	"[""R691""]"	8.526512829121202e-14	0.0
YALI1D13201g	1.871882306940299	optimal	1.871882306940299	True	[]	[]	8.526512829121202e-14	0.0
YALI1D13238g	0.08967109688914747	optimal	0.08967109688914747	True	"[""R398""]"	"[""R398""]"	7.105427357601002e-15	0.0
YALI1D13510g	1.8718823069402988	optimal	1.8718823069402988	True	"[""R2171""]"	"[""R2171""]"	1.1368683772161603e-13	0.0
YALI1D13963g	1.7968119817125197	optimal	1.7968119817125197	True	"[""R148"", ""R418""]"	"[""R148"", ""R418""]"	1.7053025658242404e-13	0.0
YALI1D14058g	0.25217282299849414	optimal	0.25217282299849414	True	"[""R745""]"	"[""R745""]"	1.4210854715202004e-14	0.0
YALI1D14199g	1.8718823069402968	optimal	1.8718823069402968	True	[]	[]	1.9895196601282805e-13	0.0
YALI1D14260g	1.8718823069402968	optimal	1.8718823069402968	True	"[""R740""]"	"[""R740""]"	1.9895196601282805e-13	0.0
YALI1D14453g	1.8718823069402968	optimal	1.8718823069402968	True	[]	[]	1.9895196601282805e-13	0.0
YALI1D14532g	0.27287936335684576	optimal	0.27287936335684576	True	"[""R160""]"	"[""R160""]"	2.842170943040401e-14	0.0
YALI1D14639g	1.8718823069402957	optimal	1.8718823069402957	True	[]	[]	1.1368683772161603e-13	0.0
YALI1D14670g	1.8718823069402957	optimal	1.8718823069402957	True	"[""R871"", ""R876""]"	[]	1.1368683772161603e-13	0.0
YALI1D15030g	1.8718823069402957	optimal	1.8718823069402957	True	[]	[]	1.1368683772161603e-13	0.0
YALI1D15063g	0.0	optimal	0.0	True	"[""R177"", ""R251"", ""R737""]"	"[""R177"", ""R251"", ""R737""]"	5.329070518200751e-15	0.0
YALI1D15398g	1.8718823069402986	optimal	1.8718823069402986	True	[]	[]	1.7763568394002505e-13	0.0
YALI1D15424g	1.871882306940301	optimal	1.871882306940301	True	"[""R642""]"	"[""R642""]"	1.1368683772161603e-13	0.0
YALI1D15734g	1.871882306940301	optimal	1.871882306940301	True	[]	[]	1.1368683772161603e-13	0.0
YALI1D15848g	1.871882306940301	optimal	1.871882306940301	True	"[""R2172"", ""R2173""]"	"[""R2172"", ""R2173""]"	1.1368683772161603e-13	0.0
YALI1D16144g	1.871882306940301	optimal	1.871882306940301	True	"[""R2059""]"	"[""R2059""]"	1.1368683772161603e-13	0.0
YALI1D16151g	1.871882306940301	optimal	1.871882306940301	True	[]	[]	1.1368683772161603e-13	0.0
YALI1D16290g	0.0	optimal	0.0	True	"[""R644""]"	"[""R644""]"	8.881784197001252e-16	0.0
YALI1D16809g	0.27287936335684576	optimal	0.27287936335684576	True	"[""R164""]"	"[""R164""]"	3.552713678800501e-14	0.0
YALI1D17299g	1.871882306940299	optimal	1.871882306940299	True	[]	[]	8.526512829121202e-14	0
YALI1D17462g	0.20595239043348756	optimal	0.20595239043348756	True	"[""R153""]"	"[""R153""]"	1.04638520070921e-14	0
YALI1D17482g	1.8718823069402966	optimal	1.8718823069402966	True	"[""R685"", ""R686"", ""R687"", ""R688""]"	"[""R685"", ""R686"", ""R687"", ""R688""]"	1.1368683772161603e-13	0
YALI1D17620g	0.0	optimal	0.0	True	"[""R143"", ""R767""]"	"[""R143"", ""R767""]"	3.552713678800501e-15	0.0
YALI1D17983g	1.8718823069402968	optimal	1.8718823069402968	True	[]	[]	8.526512829121202e-14	0.0
YALI1D18037g	1.8718823069402983	optimal	1.8718823069402983	True	"[""R1394"", ""R1395"", ""R1396"", ""R2062"", ""R2218"", ""R2221"", ""R2224"", ""R2227"", ""R2230"", ""R2233""]"	"[""R1394"", ""R1395"", ""R1396"", ""R2062"", ""R2218"", ""R2221"", ""R2224"", ""R2227"", ""R2230"", ""R2233""]"	1.1368683772161603e-13	0.0
YALI1D18130g	0.20595239043348756	optimal	0.20595239043348756	True	"[""R607""]"	"[""R607""]"	1.0658141036401503e-14	0.0
YALI1D18577g	0.0	optimal	0.0	True	"[""R248""]"	"[""R248""]"	1.7763568394002505e-15	0.0
YALI1D18845g	1.8718823069402988	optimal	1.8718823069402988	True	"[""R174""]"	"[""R174""]"	2.2737367544323206e-13	0.0
YALI1D18890g	1.8718823069403	optimal	1.8718823069403	True	[]	[]	1.1368683772161603e-13	0.0
YALI1D19108g	1.8718823069403	optimal	1.8718823069403	True	"[""R142""]"	"[""R142""]"	1.1368683772161603e-13	0.0
YALI1D19110g	1.8718823069403	optimal	1.8718823069403	True	[]	[]	1.1368683772161603e-13	0.0
YALI1D19252g	1.8718823069403	optimal	1.8718823069403	True	"[""R2117"", ""R2282""]"	"[""R2117"", ""R2282""]"	1.1368683772161603e-13	0.0
YALI1D19951g	1.8718823069403	optimal	1.8718823069403	True	[]	[]	1.1368683772161603e-13	0.0
YALI1D20061g	1.8718823069403	optimal	1.8718823069403	True	"[""R49""]"	"[""R49""]"	1.1368683772161603e-13	0.0
YALI1D20222g	1.81670269472215	optimal	1.81670269472215	True	"[""R636"", ""R637""]"	"[""R636"", ""R637""]"	1.7053025658242404e-13	0.0
YALI1D20257g	1.8705702191338969	optimal	1.8705702191338969	True	"[""R1763"", ""R1766""]"	"[""R1763"", ""R1766""]"	1.1368683772161603e-13	0.0
YALI1D20359g	1.871882306940298	optimal	1.871882306940298	True	[]	[]	8.526512829121202e-14	0.0
YALI1D20473g	0.0	optimal	0.0	True	"[""R625""]"	"[""R625""]"	8.881784197001252e-15	0.0
YALI1D20676g	1.8718823069402992	optimal	1.8718823069402992	True	[]	[]	2.842170943040401e-14	0.0
YALI1D20706g	1.8718823069402992	optimal	1.8718823069402992	True	"[""R10""]"	"[""R10""]"	2.842170943040401e-14	0.0
YALI1D21022g	1.8718823069402992	optimal	1.8718823069402992	True	"[""R295""]"	"[""R295""]"	2.842170943040401e-14	0.0
YALI1D21023g	1.8718823069402992	optimal	1.8718823069402992	True	"[""R249"", ""R260""]"	"[""R249"", ""R260""]"	2.842170943040401e-14	0.0
YALI1D21408g	1.8718823069402986	optimal	1.8718823069402986	True	"[""R246""]"	"[""R246""]"	8.526512829121202e-14	0.0
YALI1D21511g	1.8718823069402997	optimal	1.8718823069402997	True	[]	[]	8.526512829121202e-14	0.0
YALI1D21543g	1.8718823069402997	optimal	1.8718823069402997	True	[]	[]	8.526512829121202e-14	0.0
YALI1D21631g	1.8718823069402997	optimal	1.8718823069402997	True	[]	[]	8.526512829121202e-14	0.0
YALI1D22083g	1.8718823069402997	optimal	1.8718823069402997	True	"[""R1723""]"	"[""R1723""]"	8.526512829121202e-14	0.0
YALI1D22124g	0.0	optimal	0.0	True	"[""R1445"", ""R1446"", ""R1447"", ""R1448"", ""R1449"", ""R1450"", ""R1451"", ""R1452"", ""R1453"", ""R1454"", ""R1455"", ""R1456"", ""R1460"", ""R1461"", ""R1462"", ""R1463"", ""R1464"", ""R1465"", ""R1466"", ""R1467"", ""R1468"", ""R1469"", ""R1870"", ""R1871""]"	"[""R1445"", ""R1446"", ""R1447"", ""R1448"", ""R1449"", ""R1450"", ""R1451"", ""R1452"", ""R1453"", ""R1454"", ""R1455"", ""R1456"", ""R1460"", ""R1461"", ""R1462"", ""R1463"", ""R1464"", ""R1465"", ""R1466"", ""R1467"", ""R1468"", ""R1469"", ""R1870"", ""R1871""]"	3.101685575046531e-15	0.0
YALI1D22237g	0.3302612297295661	optimal	0.3302612297295661	True	"[""R215""]"	"[""R215""]"	4.263256414560601e-14	0.0
YALI1D22274g	1.8718823069403019	optimal	1.8718823069403019	True	[]	[]	8.526512829121202e-14	0.0
YALI1D22834g	1.8718823069403019	optimal	1.8718823069403019	True	"[""R213""]"	"[""R213""]"	8.526512829121202e-14	0.0
YALI1D22906g	1.8718823069403019	optimal	1.8718823069403019	True	"[""R138""]"	"[""R138""]"	8.526512829121202e-14	0.0
YALI1D22997g	1.8718823069403019	optimal	1.8718823069403019	True	[]	[]	8.526512829121202e-14	0.0
YALI1D23067g	1.8718823069403019	optimal	1.8718823069403019	True	"[""R777""]"	"[""R777""]"	8.526512829121202e-14	0.0
YALI1D23128g	1.8718823069403019	optimal	1.8718823069403019	True	"[""R427"", ""R428"", ""R429"", ""R430"", ""R431"", ""R432"", ""R433"", ""R434"", ""R435"", ""R436"", ""R437"", ""R438"", ""R439"", ""R440"", ""R441"", ""R442"", ""R443"", ""R444"", ""R445"", ""R446"", ""R447"", ""R448"", ""R449"", ""R450"", ""R451"", ""R452"", ""R453"", ""R454"", ""R455"", ""R456"", ""R457"", ""R458"", ""R459"", ""R460"", ""R461"", ""R462"", ""R463"", ""R464"", ""R465"", ""R466"", ""R467"", ""R468"", ""R469"", ""R470"", ""R471"", ""R472"", ""R473"", ""R474"", ""R475"", ""R476"", ""R477"", ""R478"", ""R479"", ""R480"", ""R481"", ""R482"", ""R483"", ""R484"", ""R485"", ""R486""]"	"[""R427"", ""R428"", ""R429"", ""R430"", ""R431"", ""R432"", ""R433"", ""R434"", ""R435"", ""R436"", ""R437"", ""R438"", ""R439"", ""R440"", ""R441"", ""R442"", ""R443"", ""R444"", ""R445"", ""R446"", ""R447"", ""R448"", ""R449"", ""R450"", ""R451"", ""R452"", ""R453"", ""R454"", ""R455"", ""R456"", ""R457"", ""R458"", ""R459"", ""R460"", ""R461"", ""R462"", ""R463"", ""R464"", ""R465"", ""R466"", ""R467"", ""R468"", ""R469"", ""R470"", ""R471"", ""R472"", ""R473"", ""R474"", ""R475"", ""R476"", ""R477"", ""R478"", ""R479"", ""R480"", ""R481"", ""R482"", ""R483"", ""R484"", ""R485"", ""R486""]"	8.526512829121202e-14	0.0
YALI1D23237g	1.8718823069403019	optimal	1.8718823069403019	True	"[""R304""]"	"[""R304""]"	8.526512829121202e-14	0.0
YALI1D23885g	1.8718823069403019	optimal	1.8718823069403019	True	"[""R1982""]"	"[""R1982""]"	8.526512829121202e-14	0.0
YALI1D23995g	1.8718823069403019	optimal	1.8718823069403019	True	"[""R316""]"	"[""R316""]"	8.526512829121202e-14	0.0
YALI1D24109g	1.8718823069403019	optimal	1.8718823069403019	True	"[""R2062""]"	"[""R2062""]"	8.526512829121202e-14	0.0
YALI1D24249g	1.8718823069403019	optimal	1.8718823069403019	True	[]	[]	8.526512829121202e-14	0.0
YALI1D24333g	1.8718823069403019	optimal	1.8718823069403019	True	"[""R1897""]"	"[""R1897""]"	8.526512829121202e-14	0.0
YALI1D24361g	0.0	optimal	0.0	True	"[""R188""]"	"[""R188""]"	0.0	0.0
YALI1D24649g	1.8718823069402994	optimal	1.8718823069402994	True	"[""R615""]"	"[""R615""]"	1.4210854715202004e-13	0.0
YALI1D25037g	1.8718823069402994	optimal	1.8718823069402994	True	"[""R934""]"	"[""R934""]"	1.4210854715202004e-13	0.0
YALI1D25359g	1.8718823069402994	optimal	1.8718823069402994	True	[]	[]	1.4210854715202004e-13	0.0
YALI1D25400g	1.8718823069402994	optimal	1.8718823069402994	True	[]	[]	1.4210854715202004e-13	0.0
YALI1D25450g	0.0	optimal	0.0	True	"[""R561""]"	"[""R561""]"	5.773159728050814e-15	0.0
YALI1D25664g	1.8718823069403008	optimal	1.8718823069403008	True	"[""R267"", ""R268"", ""R269"", ""R270"", ""R661"", ""R662""]"	"[""R267"", ""R268"", ""R269"", ""R270"", ""R661"", ""R662""]"	1.9895196601282805e-13	0.0
YALI1D26320g	1.8718823069403008	optimal	1.8718823069403008	True	[]	[]	1.9895196601282805e-13	0.0
YALI1D26360g	1.8718823069403008	optimal	1.8718823069403008	True	"[""R1968"", ""R1969"", ""R1970"", ""R1976"", ""R2281"", ""R357"", ""R360"", ""R361"", ""R364"", ""R365"", ""R613"", ""R614"", ""R693""]"	"[""R1968"", ""R1969"", ""R1970"", ""R1976"", ""R2281"", ""R357"", ""R360"", ""R361"", ""R364"", ""R365"", ""R613"", ""R614"", ""R693""]"	1.9895196601282805e-13	0.0
YALI1D26438g	1.8718823069403008	optimal	1.8718823069403008	True	[]	[]	1.9895196601282805e-13	0.0
YALI1D26496g	0.0	optimal	0.0	True	"[""R186""]"	"[""R186""]"	1.7763568394002505e-15	0.0
YALI1D26610g	1.871882306940298	optimal	1.871882306940298	True	[]	[]	2.2737367544323206e-13	0.0
YALI1D26639g	1.871882306940291	optimal	1.871882306940291	True	"[""R2177"", ""R2181""]"	"[""R2177"", ""R2181""]"	8.526512829121202e-14	0.0
YALI1D27148g	0.0	optimal	0.0	True	"[""R417""]"	"[""R417""]"	8.881784197001252e-16	0.0
YALI1D27274g	1.8718823069403	optimal	1.8718823069403	True	"[""R629""]"	"[""R629""]"	1.1368683772161603e-13	0
YALI1D27808g	1.8718823069403112	optimal	1.8718823069403112	True	[]	[]	8.526512829121202e-14	0
YALI1D27826g	1.8718823069403112	optimal	1.8718823069403112	True	[]	[]	8.526512829121202e-14	0
YALI1D28087g	0.0	optimal	0.0	True	"[""R165""]"	"[""R165""]"	1.7763568394002505e-15	0.0
YALI1D28351g	1.8718823069403	optimal	1.8718823069403	True	[]	[]	1.9895196601282805e-13	0.0
YALI1D28569g	1.8718823069403	optimal	1.8718823069403	True	[]	[]	1.9895196601282805e-13	0.0
YALI1D29419g	0.20595239043348756	optimal	0.20595239043348756	True	"[""R96""]"	"[""R96""]"	1.7763568394002505e-14	0.0
YALI1D29481g	0.08967109688914747	optimal	0.08967109688914747	True	"[""R719""]"	"[""R719""]"	1.2434497875801753e-14	0.0
YALI1D29523g	1.8718823069403001	optimal	1.8718823069403001	True	[]	[]	1.4210854715202004e-13	0.0
YALI1D30196g	1.8718823069403001	optimal	1.8718823069403001	True	"[""R674""]"	"[""R674""]"	1.4210854715202004e-13	0.0
YALI1D30256g	1.8718823069403001	optimal	1.8718823069403001	True	"[""R740""]"	"[""R740""]"	1.4210854715202004e-13	0.0
YALI1D30570g	1.8718823069403001	optimal	1.8718823069403001	True	"[""R532""]"	"[""R532""]"	1.4210854715202004e-13	0.0
YALI1D30618g	1.8718823069403001	optimal	1.8718823069403001	True	"[""R693""]"	"[""R693""]"	1.4210854715202004e-13	0.0
YALI1D30866g	1.8718823069403001	optimal	1.8718823069403001	True	"[""R1968"", ""R1969"", ""R1970"", ""R2281""]"	"[""R1968"", ""R1969"", ""R1970"", ""R2281""]"	1.4210854715202004e-13	0.0
YALI1D31719g	1.8718823069403001	optimal	1.8718823069403001	True	[]	[]	1.4210854715202004e-13	0.0
YALI1D32209g	0.03894304281345176	optimal	0.03894304281345176	True	"[""R421"", ""R654""]"	"[""R421"", ""R654""]"	5.329070518200751e-15	0
YALI1D32268g	1.8718823069402961	optimal	1.8718823069402961	True	[]	[]	1.1368683772161603e-13	0
YALI1D32550g	1.8718823069402961	optimal	1.8718823069402961	True	"[""R2062""]"	"[""R2062""]"	1.1368683772161603e-13	0
YALI1D32568g	1.8718823069402961	optimal	1.8718823069402961	True	[]	[]	1.1368683772161603e-13	0
YALI1D32594g	1.8718823069402986	optimal	1.8718823069402986	True	"[""R2218"", ""R2221"", ""R2224"", ""R2227"", ""R2230"", ""R2233""]"	"[""R2218"", ""R2221"", ""R2224"", ""R2227"", ""R2230"", ""R2233""]"	8.526512829121202e-14	0
YALI1D32619g	1.8718823069402986	optimal	1.8718823069402986	True	[]	[]	8.526512829121202e-14	0
YALI1D32754g	1.871882306940299	optimal	1.871882306940299	True	"[""R100"", ""R101"", ""R102"", ""R97"", ""R98"", ""R99""]"	"[""R100"", ""R101"", ""R102"", ""R97"", ""R98"", ""R99""]"	1.9895196601282805e-13	0
YALI1D33380g	1.8718823069402932	optimal	1.8718823069402932	True	"[""R604"", ""R605""]"	"[""R604"", ""R605""]"	1.1368683772161603e-13	0.0
YALI1D33465g	1.8718823069402932	optimal	1.8718823069402932	True	[]	[]	1.1368683772161603e-13	0.0
YALI1D33780g	1.8718823069402932	optimal	1.8718823069402932	True	"[""R1908"", ""R1909"", ""R616""]"	"[""R1908"", ""R1909"", ""R616""]"	1.1368683772161603e-13	0.0
YALI1D33889g	1.8718823069402932	optimal	1.8718823069402932	True	"[""R306""]"	"[""R306""]"	1.1368683772161603e-13	0.0
YALI1D33961g	1.8718823069402932	optimal	1.8718823069402932	True	[]	[]	1.1368683772161603e-13	0.0
YALI1D34149g	1.8718823069402932	optimal	1.8718823069402932	True	[]	[]	1.1368683772161603e-13	0.0
YALI1D34288g	1.8718823069402932	optimal	1.8718823069402932	True	[]	[]	1.1368683772161603e-13	0.0
YALI1D34529g	1.8718823069402812	optimal	1.8718823069402812	True	"[""R822"", ""R823"", ""R875""]"	"[""R822"", ""R823"", ""R875""]"	8.526512829121202e-14	0.0
YALI1D34865g	0.20595239043348756	optimal	0.20595239043348756	True	"[""R152""]"	"[""R152""]"	1.7763568394002505e-14	0.0
YALI1D35593g	1.8703868964305619	optimal	1.8703868964305619	True	"[""R1773"", ""R2145""]"	"[""R1773"", ""R2145""]"	6.267208974009009e-14	0.0
YALI1D35735g	0.0	optimal	0.0	True	"[""R755""]"	"[""R755""]"	0.0	0.0
YALI1D35787g	1.7968119817125188	optimal	1.7968119817125188	True	"[""R147""]"	"[""R147""]"	1.1368683772161603e-13	0.0
YALI1D36215g	1.8718823069402963	optimal	1.8718823069402963	True	"[""R1960""]"	"[""R1960""]"	1.1368683772161603e-13	0.0
YALI1E00574g	1.8718823069402963	optimal	1.8718823069402963	True	"[""R357"", ""R360"", ""R361"", ""R365""]"	"[""R357"", ""R360"", ""R361"", ""R365""]"	1.1368683772161603e-13	0.0
YALI1E00588g	1.8718823069402963	optimal	1.8718823069402963	True	[]	[]	1.1368683772161603e-13	0.0
YALI1E00760g	0.25217282299849314	optimal	0.25217282299849314	True	"[""R127""]"	"[""R127""]"	2.4868995751603507e-14	0.0
YALI1E00907g	1.8718823069402986	optimal	1.8718823069402986	True	"[""R1559"", ""R1560"", ""R1561"", ""R1562"", ""R1563"", ""R1564"", ""R1565"", ""R1566"", ""R1567"", ""R1568""]"	"[""R1559"", ""R1560"", ""R1561"", ""R1562"", ""R1563"", ""R1564"", ""R1565"", ""R1566"", ""R1567"", ""R1568""]"	1.7053025658242404e-13	0.0
YALI1E01019g	1.8718823069402986	optimal	1.8718823069402986	True	[]	[]	1.7053025658242404e-13	0.0
YALI1E01159g	1.8718823069402986	optimal	1.8718823069402986	True	[]	[]	1.7053025658242404e-13	0.0
YALI1E01235g	1.8718823069402986	optimal	1.8718823069402986	True	[]	[]	1.7053025658242404e-13	0.0
YALI1E01589g	1.8718823069402986	optimal	1.8718823069402986	True	[]	[]	1.7053025658242404e-13	0.0
YALI1E01793g	0.15942540041944286	optimal	0.15942540041944286	True	"[""R391""]"	"[""R391""]"	2.1316282072803006e-14	0.0
YALI1E02413g	1.8718823069402981	optimal	1.8718823069402981	True	[]	[]	2.842170943040401e-14	0.0
YALI1E02616g	0.0	optimal	0.0	True	"[""R638""]"	"[""R638""]"	8.881784197001252e-16	0.0
YALI1E02678g	1.871882306940292	optimal	1.871882306940292	True	[]	[]	8.526512829121202e-14	0.0
YALI1E02832g	1.871882306940292	optimal	1.871882306940292	True	[]	[]	8.526512829121202e-14	0.0
YALI1E02885g	1.8718823069402997	optimal	1.8718823069402997	True	"[""R378""]"	"[""R378""]"	6.394884621840902e-14	0.0
YALI1E02906g	1.8718823069402997	optimal	1.8718823069402997	True	[]	[]	6.394884621840902e-14	0.0
YALI1E03039g	1.8718823069402997	optimal	1.8718823069402997	True	"[""R1932""]"	"[""R1932""]"	6.394884621840902e-14	0.0
YALI1E03300g	1.8718823069402997	optimal	1.8718823069402997	True	[]	[]	6.394884621840902e-14	0.0
YALI1E03387g	0.08967109688914747	optimal	0.08967109688914747	True	"[""R24"", ""R395""]"	"[""R24"", ""R395""]"	1.7763568394002505e-14	0.0
YALI1E03623g	1.8718823069403003	optimal	1.8718823069403003	True	"[""R816"", ""R821""]"	"[""R816"", ""R821""]"	1.7053025658242404e-13	0.0
YALI1E03762g	0.0	optimal	0.0	True	"[""R2108"", ""R778""]"	"[""R2108"", ""R778""]"	8.881784197001252e-16	0.0
YALI1E03870g	1.8718823069402957	optimal	1.8718823069402957	True	"[""R2"", ""R3""]"	"[""R2"", ""R3""]"	1.1368683772161603e-13	0.0
YALI1E04744g	1.8718823069402986	optimal	1.8718823069402986	True	[]	[]	1.4210854715202004e-13	0.0
YALI1E04823g	1.8718823069402986	optimal	1.8718823069402986	True	"[""R911""]"	"[""R911""]"	1.4210854715202004e-13	0.0
YALI1E05004g	1.8718823069402966	optimal	1.8718823069402966	True	"[""R2049"", ""R2053"", ""R2054""]"	"[""R2049"", ""R2053"", ""R2054""]"	1.1368683772161603e-13	0.0
YALI1E05074g	1.8718823069402986	optimal	1.8718823069402986	True	"[""R2183""]"	"[""R2183""]"	1.4210854715202004e-13	0.0
YALI1E05103g	1.8718823069402986	optimal	1.8718823069402986	True	"[""R413"", ""R645""]"	"[""R413"", ""R645""]"	1.4210854715202004e-13	0.0
YALI1E05180g	1.8718823069402986	optimal	1.8718823069402986	True	[]	[]	1.4210854715202004e-13	0.0
YALI1E05701g	1.8718823069402986	optimal	1.8718823069402986	True	[]	[]	1.4210854715202004e-13	0.0
YALI1E05731g	0.0	optimal	0.0	True	"[""R410""]"	"[""R410""]"	8.881784197001252e-16	0.0
YALI1E05833g	1.8718823069402943	optimal	1.8718823069402943	True	"[""R158""]"	"[""R158""]"	1.3145040611561853e-13	0.0
YALI1E05907g	0.0	optimal	0.0	True	"[""R157""]"	"[""R157""]"	5.10702591327572e-15	0.0
YALI1E05929g	1.8718823069403012	optimal	1.8718823069403012	True	[]	[]	1.7053025658242404e-13	0.0
YALI1E05963g	0.15942540041944286	optimal	0.15942540041944286	True	"[""R390""]"	"[""R390""]"	7.105427357601002e-15	0.0
YALI1E06015g	1.8718823069403001	optimal	1.8718823069403001	True	"[""R487""]"	"[""R487""]"	9.947598300641403e-14	0.0
YALI1E06056g	1.8718823069403001	optimal	1.8718823069403001	True	"[""R2184""]"	"[""R2184""]"	9.947598300641403e-14	0.0
YALI1E06573g	1.8718823069403001	optimal	1.8718823069403001	True	"[""R2062""]"	"[""R2062""]"	9.947598300641403e-14	0.0
YALI1E06759g	0.0	optimal	0.0	True	"[""R282"", ""R322""]"	"[""R282"", ""R322""]"	8.881784197001252e-16	0.0
YALI1E07121g	1.8718823069402943	optimal	1.8718823069402943	True	[]	[]	1.9895196601282805e-13	0.0
YALI1E07347g	0.0	optimal	0.0	True	"[""R1835""]"	"[""R1835""]"	0.0	0.0
YALI1E07506g	0.0	optimal	0.0	True	"[""R646""]"	"[""R646""]"	0.0	0.0
YALI1E07601g	1.8718823069402974	optimal	1.8718823069402974	True	"[""R648""]"	"[""R648""]"	8.526512829121202e-14	0.0
YALI1E07676g	0.08967109688914747	optimal	0.08967109688914747	True	"[""R505""]"	"[""R505""]"	1.0283440765590512e-14	0.0
YALI1E07744g	1.8718823069402992	optimal	1.8718823069402992	True	[]	[]	6.084022174945858e-14	0.0
YALI1E07899g	1.8718823069402992	optimal	1.8718823069402992	True	[]	[]	6.084022174945858e-14	0.0
YALI1E08382g	1.8691754206414297	optimal	1.8691754206414297	True	"[""R581"", ""R582""]"	"[""R581"", ""R582""]"	7.549516567451064e-14	0.0
YALI1E08530g	1.8718823069402994	optimal	1.8718823069402994	True	"[""R422""]"	"[""R422""]"	8.992806499463768e-14	0.0
YALI1E08575g	1.8718823069402992	optimal	1.8718823069402992	True	[]	[]	6.084022174945858e-14	0.0
YALI1E08620g	1.8718823069402992	optimal	1.8718823069402992	True	[]	[]	6.084022174945858e-14	0.0
YALI1E08937g	1.8718823069402992	optimal	1.8718823069402992	True	"[""R151""]"	"[""R151""]"	6.084022174945858e-14	0.0
YALI1E09329g	1.8718823069402992	optimal	1.8718823069402992	True	[]	[]	6.084022174945858e-14	0.0
YALI1E10210g	1.8718823069402992	optimal	1.8718823069402992	True	[]	[]	6.084022174945858e-14	0.0
YALI1E10364g	1.8718823069403059	optimal	1.8718823069403059	True	"[""R_CYSS_m"", ""R_CYST_II""]"	"[""R_CYSS_m"", ""R_CYST_II""]"	6.217248937900877e-14	0.0
YALI1E10492g	1.8718823069403023	optimal	1.8718823069403023	True	[]	[]	1.0014211682118912e-13	0.0
YALI1E10951g	1.8718823069403023	optimal	1.8718823069403023	True	[]	[]	1.0014211682118912e-13	0.0
YALI1E11255g	1.8718823069403003	optimal	1.8718823069403003	True	"[""R244"", ""r0210""]"	"[""R244"", ""r0210""]"	1.341149413747189e-13	0.0
YALI1E11370g	1.8718823069403003	optimal	1.8718823069403003	True	[]	[]	1.341149413747189e-13	0.0
YALI1E11415g	1.8718823069403003	optimal	1.8718823069403003	True	[]	[]	1.341149413747189e-13	0.0
YALI1E11510g	0.08967109688914747	optimal	0.08967109688914747	True	"[""R505""]"	"[""R505""]"	6.9111383282915995e-15	0.0
YALI1E11768g	1.8718823069402957	optimal	1.8718823069402957	True	[]	[]	1.156852391659413e-13	0.0
YALI1E11943g	1.8718823069402957	optimal	1.8718823069402957	True	"[""R329""]"	"[""R329""]"	1.156852391659413e-13	0.0
YALI1E12482g	1.8718823069402957	optimal	1.8718823069402957	True	[]	[]	1.156852391659413e-13	0.0
YALI1E12730g	1.8718823069403048	optimal	1.8718823069403048	True	"[""R304""]"	"[""R304""]"	9.281464485866309e-14	0.0
YALI1E12893g	1.8718823069403048	optimal	1.8718823069403048	True	[]	[]	9.281464485866309e-14	0.0
YALI1E12987g	1.8718823069403048	optimal	1.8718823069403048	True	"[""R511"", ""R514""]"	"[""R511"", ""R514""]"	9.281464485866309e-14	0.0
YALI1E13223g	1.8718823069403048	optimal	1.8718823069403048	True	[]	[]	9.281464485866309e-14	0.0
YALI1E13329g	1.8718823069403048	optimal	1.8718823069403048	True	[]	[]	9.281464485866309e-14	0.0
YALI1E13514g	1.8718823069403048	optimal	1.8718823069403048	True	"[""R870"", ""R879""]"	[]	9.281464485866309e-14	0.0
YALI1E13899g	1.8718823069403048	optimal	1.8718823069403048	True	"[""R83""]"	"[""R83""]"	9.281464485866309e-14	0.0
YALI1E14125g	1.8718823069403048	optimal	1.8718823069403048	True	[]	[]	9.281464485866309e-14	0.0
YALI1E14153g	1.8718823069403048	optimal	1.8718823069403048	True	"[""R726"", ""R727""]"	"[""R726"", ""R727""]"	9.281464485866309e-14	0.0
YALI1E14316g	1.8718823069403048	optimal	1.8718823069403048	True	"[""R116""]"	"[""R116""]"	9.281464485866309e-14	0.0
YALI1E14505g	1.8718823069403048	optimal	1.8718823069403048	True	[]	[]	9.281464485866309e-14	0.0
YALI1E14619g	1.8718823069403048	optimal	1.8718823069403048	True	"[""R2251"", ""R2252""]"	"[""R2251"", ""R2252""]"	9.281464485866309e-14	0.0
YALI1E14709g	1.8718823069403048	optimal	1.8718823069403048	True	"[""R57""]"	"[""R57""]"	9.281464485866309e-14	0.0
YALI1E14925g	1.8718823069403048	optimal	1.8718823069403048	True	[]	[]	9.281464485866309e-14	0.0
YALI1E15432g	0.0	optimal	0.0	True	"[""R1844"", ""R1845""]"	"[""R1844"", ""R1845""]"	0.0	0.0
YALI1E15452g	1.8718823069402954	optimal	1.8718823069402954	True	"[""R257"", ""R513"", ""R801""]"	"[""R257"", ""R513"", ""R801""]"	1.4210854715202004e-13	0.0
YALI1E15555g	1.8718823069403	optimal	1.8718823069403	True	"[""R2082""]"	"[""R2082""]"	8.526512829121202e-14	0.0
YALI1E15606g	1.8718823069402966	optimal	1.8718823069402966	True	"[""R304""]"	"[""R304""]"	9.237055564881302e-14	0.0
YALI1E15659g	0.14989878416810523	optimal	0.14989878416810523	True	"[""R545"", ""R65""]"	"[""R545"", ""R65""]"	7.105427357601002e-15	0.0
YALI1E15804g	1.8718823069403043	optimal	1.8718823069403043	True	[]	[]	5.684341886080802e-14	0.0
YALI1E16002g	0.20595239043348756	optimal	0.20595239043348756	True	"[""R609""]"	"[""R609""]"	2.842170943040401e-14	0.0
YALI1E16068g	0.0	optimal	0.0	True	"[""R392"", ""R393""]"	"[""R392"", ""R393""]"	0.0	0.0
YALI1E16694g	1.8718823069403052	optimal	1.8718823069403052	True	[]	[]	1.1368683772161603e-13	0.0
YALI1E17162g	1.8718823069403052	optimal	1.8718823069403052	True	"[""R1836""]"	"[""R1836""]"	1.1368683772161603e-13	0.0
YALI1E17214g	1.8718823069402992	optimal	1.8718823069402992	True	"[""R534"", ""R_MDHy""]"	"[""R534"", ""R_MDHy""]"	1.1368683772161603e-13	0.0
YALI1E17258g	1.8718823069402997	optimal	1.8718823069402997	True	"[""R746""]"	[]	8.526512829121202e-14	0.0
YALI1E17326g	1.8718823069402997	optimal	1.8718823069402997	True	[]	[]	8.526512829121202e-14	0.0
YALI1E17355g	1.8718823069402997	optimal	1.8718823069402997	True	[]	[]	8.526512829121202e-14	0.0
YALI1E17431g	0.0	optimal	0.0	True	"[""R196"", ""R197""]"	"[""R196"", ""R197""]"	1.7763568394002505e-15	0.0
YALI1E17574g	0.0	optimal	0.0	True	"[""R368""]"	"[""R368""]"	1.7763568394002505e-15	0.0
YALI1E17616g	0.0	optimal	0.0	True	"[""R143""]"	"[""R143""]"	1.7763568394002505e-15	0.0
YALI1E17699g	1.8718823069403039	optimal	1.8718823069403039	True	[]	[]	1.1368683772161603e-13	0.0
YALI1E17754g	1.8718823069402986	optimal	1.8718823069402986	True	"[""R148""]"	"[""R148""]"	8.526512829121202e-14	0.0
YALI1E17935g	1.8718823069402986	optimal	1.8718823069402986	True	[]	[]	8.526512829121202e-14	0.0
YALI1E18121g	1.8718823069402986	optimal	1.8718823069402986	True	[]	[]	8.526512829121202e-14	0.0
YALI1E18171g	1.8718823069402986	optimal	1.8718823069402986	True	[]	[]	8.526512829121202e-14	0.0
YALI1E18242g	1.8718823069402986	optimal	1.8718823069402986	True	[]	[]	8.526512829121202e-14	0.0
YALI1E18269g	1.8718823069402986	optimal	1.8718823069402986	True	"[""R695""]"	"[""R695""]"	8.526512829121202e-14	0.0
YALI1E18441g	1.871882306940295	optimal	1.871882306940295	True	"[""R1499"", ""R1500"", ""R1501"", ""R1502"", ""R1503"", ""R1504"", ""R1505"", ""R1506"", ""R1507"", ""R1511"", ""R1512"", ""R1513"", ""R1514"", ""R1515"", ""R1516"", ""R1517"", ""R1518"", ""R1519"", ""R1520"", ""R1521"", ""R1522"", ""R1523"", ""R1524"", ""R1525"", ""R1526"", ""R1527"", ""R1528"", ""R1529"", ""R1530"", ""R1531"", ""R1532"", ""R1533"", ""R42""]"	"[""R1499"", ""R1500"", ""R1501"", ""R1502"", ""R1503"", ""R1504"", ""R1505"", ""R1506"", ""R1507"", ""R1511"", ""R1512"", ""R1513"", ""R1514"", ""R1515"", ""R1516"", ""R1517"", ""R1518"", ""R1519"", ""R1520"", ""R1521"", ""R1522"", ""R1523"", ""R1524"", ""R1525"", ""R1526"", ""R1527"", ""R1528"", ""R1529"", ""R1530"", ""R1531"", ""R1532"", ""R1533"", ""R42""]"	7.815970093361102e-14	0.0
YALI1E18480g	1.8718823069402988	optimal	1.8718823069402988	True	"[""R2253"", ""R2257"", ""R2261""]"	"[""R2253"", ""R2257"", ""R2261""]"	1.1368683772161603e-13	0.0
YALI1E18539g	1.8718823069403006	optimal	1.8718823069403006	True	[]	[]	8.526512829121202e-14	0.0
YALI1E18927g	1.8718823069403006	optimal	1.8718823069403006	True	[]	[]	8.526512829121202e-14	0.0
YALI1E18961g	0.0	optimal	0.0	True	"[""R737"", ""R738""]"	"[""R737"", ""R738""]"	2.4077961846558082e-15	0.0
YALI1E19014g	1.8718823069402923	optimal	1.8718823069402923	True	[]	[]	8.526512829121202e-14	0.0
YALI1E19036g	1.8718823069402923	optimal	1.8718823069402923	True	[]	[]	8.526512829121202e-14	0.0
YALI1E19172g	1.8718823069402963	optimal	1.8718823069402963	True	"[""R1457"", ""R1458"", ""R1459"", ""R1872"", ""R1898"", ""R2043"", ""R297"", ""R298"", ""R299"", ""R300"", ""R301""]"	"[""R1457"", ""R1458"", ""R1459"", ""R1872"", ""R1898"", ""R2043"", ""R297"", ""R298"", ""R299"", ""R300"", ""R301""]"	8.526512829121202e-14	0.0
YALI1E19263g	1.8718823069402928	optimal	1.8718823069402928	True	[]	[]	5.684341886080802e-14	0.0
YALI1E19557g	1.8718823069402928	optimal	1.8718823069402928	True	[]	[]	5.684341886080802e-14	0.0
YALI1E19603g	0.25217282299849625	optimal	0.25217282299849625	True	"[""R745""]"	"[""R745""]"	1.4210854715202004e-14	0.0
YALI1E19647g	1.8718823069402994	optimal	1.8718823069402994	True	"[""R1815"", ""R1816"", ""R1817"", ""R1818"", ""R1819"", ""R1820"", ""R1821"", ""R1822"", ""R1823"", ""R1824"", ""R1825"", ""R1826"", ""R1827"", ""R1828"", ""R1829"", ""R1830"", ""R1831"", ""R1832"", ""R1833"", ""R1834""]"	[]	8.526512829121202e-14	0.0
YALI1E19682g	1.8718823069402994	optimal	1.8718823069402994	True	"[""R903"", ""R904"", ""R905"", ""R906""]"	"[""R903"", ""R904"", ""R905"", ""R906""]"	8.526512829121202e-14	0.0
YALI1E19852g	1.8718823069402994	optimal	1.8718823069402994	True	"[""R128"", ""R1939"", ""R1940""]"	"[""R128"", ""R1939"", ""R1940""]"	8.526512829121202e-14	0.0
YALI1E19902g	1.8718823069402828	optimal	1.8718823069402828	True	"[""R304""]"	"[""R304""]"	1.1368683772161603e-13	0.0
YALI1E19958g	1.8718823069402764	optimal	1.8718823069402764	True	"[""R380"", ""R414"", ""R800""]"	"[""R380"", ""R414"", ""R800""]"	5.684341886080802e-14	0.0
YALI1E20016g	1.8718823069402764	optimal	1.8718823069402764	True	"[""R1441""]"	"[""R1441""]"	5.684341886080802e-14	0.0
YALI1E20049g	1.8718823069402764	optimal	1.8718823069402764	True	"[""R1728"", ""R1729""]"	"[""R1728"", ""R1729""]"	5.684341886080802e-14	0.0
YALI1E20159g	1.8718823069402764	optimal	1.8718823069402764	True	"[""R212"", ""R293""]"	"[""R212"", ""R293""]"	5.684341886080802e-14	0.0
YALI1E20192g	1.8718823069402764	optimal	1.8718823069402764	True	"[""R1976"", ""R613"", ""R614""]"	"[""R1976"", ""R613"", ""R614""]"	5.684341886080802e-14	0.0
YALI1E20626g	1.8718823069402764	optimal	1.8718823069402764	True	"[""R198"", ""R200"", ""R2136"", ""R664""]"	"[""R198"", ""R200"", ""R2136"", ""R664""]"	5.684341886080802e-14	0.0
YALI1E20666g	1.8718823069402764	optimal	1.8718823069402764	True	"[""R372""]"	"[""R372""]"	5.684341886080802e-14	0.0
YALI1E20751g	0.33026122972956606	optimal	0.33026122972956606	True	"[""R214""]"	"[""R214""]"	1.4210854715202004e-14	0.0
YALI1E20766g	1.8718823069403026	optimal	1.8718823069403026	True	"[""R74""]"	"[""R74""]"	1.1368683772161603e-13	0.0
YALI1E20885g	1.871882306940295	optimal	1.871882306940295	True	"[""R311""]"	"[""R311""]"	1.1368683772161603e-13	0.0
YALI1E21128g	1.871882306940295	optimal	1.871882306940295	True	[]	[]	1.1368683772161603e-13	0.0
YALI1E21230g	1.871882306940295	optimal	1.871882306940295	True	"[""R338""]"	"[""R338""]"	1.1368683772161603e-13	0.0
YALI1E21312g	1.871882306940295	optimal	1.871882306940295	True	[]	[]	1.1368683772161603e-13	0.0
YALI1E21345g	0.0	optimal	0.0	True	"[""R154"", ""R155""]"	"[""R154"", ""R155""]"	7.327471962526033e-15	0.0
YALI1E21406g	1.8718823069402997	optimal	1.8718823069402997	True	"[""R340""]"	"[""R340""]"	5.684341886080802e-14	0
YALI1E21478g	1.8718823069402997	optimal	1.8718823069402997	True	[]	[]	5.684341886080802e-14	0
YALI1E21552g	1.8718823069402997	optimal	1.8718823069402997	True	[]	[]	5.684341886080802e-14	0
YALI1E21915g	1.8718823069402997	optimal	1.8718823069402997	True	"[""R2066"", ""R2120"", ""R50""]"	"[""R2066"", ""R2120"", ""R50""]"	5.684341886080802e-14	0
YALI1E21983g	1.8718823069402997	optimal	1.8718823069402997	True	"[""R394""]"	"[""R394""]"	5.684341886080802e-14	0
YALI1E22041g	1.8718823069402997	optimal	1.8718823069402997	True	[]	[]	5.684341886080802e-14	0
YALI1E22238g	1.8718823069402997	optimal	1.8718823069402997	True	"[""R1534"", ""R1535"", ""R1536"", ""R1537"", ""R1538"", ""R1539"", ""R1540"", ""R1541"", ""R1542"", ""R1543"", ""R1544"", ""R1545"", ""R79"", ""R80"", ""R81"", ""R84"", ""R85"", ""R86""]"	"[""R1534"", ""R1535"", ""R1536"", ""R1537"", ""R1538"", ""R1539"", ""R1540"", ""R1541"", ""R1542"", ""R1543"", ""R1544"", ""R1545"", ""R79"", ""R80"", ""R81"", ""R84"", ""R85"", ""R86""]"	5.684341886080802e-14	0
YALI1E22262g	1.8718823069402997	optimal	1.8718823069402997	True	[]	[]	5.684341886080802e-14	0
YALI1E22303g	1.792753158770383	optimal	1.792753158770383	True	"[""R538"", ""R_OAADCm""]"	"[""R538"", ""R_OAADCm""]"	5.684341886080802e-14	0.0
YALI1E22633g	1.8718823069403046	optimal	1.8718823069403046	True	"[""R1743"", ""R1842""]"	"[""R1743"", ""R1842""]"	1.7053025658242404e-13	0.0
YALI1E22718g	1.8718823069403032	optimal	1.8718823069403032	True	"[""R287""]"	"[""R287""]"	1.1368683772161603e-13	0.0
YALI1E22736g	1.8718823069403032	optimal	1.8718823069403032	True	[]	[]	1.1368683772161603e-13	0.0
YALI1E23635g	1.8718823069403032	optimal	1.8718823069403032	True	"[""R304""]"	"[""R304""]"	1.1368683772161603e-13	0.0
YALI1E23809g	1.8718823069403032	optimal	1.8718823069403032	True	[]	[]	1.1368683772161603e-13	0.0
YALI1E23988g	1.8718823069403032	optimal	1.8718823069403032	True	"[""R1947""]"	"[""R1947""]"	1.1368683772161603e-13	0.0
YALI1E24028g	1.8718823069403032	optimal	1.8718823069403032	True	[]	[]	1.1368683772161603e-13	0.0
YALI1E24113g	1.8718823069403032	optimal	1.8718823069403032	True	[]	[]	1.1368683772161603e-13	0.0
YALI1E24149g	1.8718823069403032	optimal	1.8718823069403032	True	[]	[]	1.1368683772161603e-13	0.0
YALI1E24245g	1.8718823069403032	optimal	1.8718823069403032	True	[]	[]	1.1368683772161603e-13	0.0
YALI1E24318g	1.8718823069403032	optimal	1.8718823069403032	True	[]	[]	1.1368683772161603e-13	0.0
YALI1E24461g	1.8718823069403032	optimal	1.8718823069403032	True	"[""R2188""]"	"[""R2188""]"	1.1368683772161603e-13	0.0
YALI1E24479g	1.8718823069403032	optimal	1.8718823069403032	True	[]	[]	1.1368683772161603e-13	0.0
YALI1E24532g	1.8718823069403032	optimal	1.8718823069403032	True	[]	[]	1.1368683772161603e-13	0.0
YALI1E24567g	1.8718823069403032	optimal	1.8718823069403032	True	[]	[]	1.1368683772161603e-13	0.0
YALI1E24922g	1.8718823069403008	optimal	1.8718823069403008	True	"[""R2073"", ""R624"", ""R770"", ""R773""]"	"[""R2073"", ""R624"", ""R770"", ""R773""]"	1.4210854715202004e-13	0.0
YALI1E25018g	1.8718823069403008	optimal	1.8718823069403008	True	[]	[]	1.4210854715202004e-13	0.0
YALI1E25290g	1.8718823069402912	optimal	1.8718823069402912	True	"[""R731""]"	"[""R731""]"	8.526512829121202e-14	0.0
YALI1E25364g	1.8718823069402912	optimal	1.8718823069402912	True	[]	[]	8.526512829121202e-14	0.0
YALI1E25400g	1.8718823069402912	optimal	1.8718823069402912	True	"[""R2086""]"	"[""R2086""]"	8.526512829121202e-14	0.0
YALI1E25443g	1.8718823069402912	optimal	1.8718823069402912	True	"[""R752"", ""R753""]"	"[""R752"", ""R753""]"	8.526512829121202e-14	0.0
YALI1E25585g	1.8718823069402912	optimal	1.8718823069402912	True	[]	[]	8.526512829121202e-14	0.0
YALI1E25932g	1.8718823069402912	optimal	1.8718823069402912	True	"[""R371""]"	"[""R371""]"	8.526512829121202e-14	0.0
YALI1E26181g	1.8718823069402912	optimal	1.8718823069402912	True	[]	[]	8.526512829121202e-14	0.0
YALI1E26513g	1.8718823069402912	optimal	1.8718823069402912	True	[]	[]	8.526512829121202e-14	0.0
YALI1E26811g	1.8718823069402912	optimal	1.8718823069402912	True	"[""R325""]"	"[""R325""]"	8.526512829121202e-14	0.0
YALI1E27113g	1.8718823069402912	optimal	1.8718823069402912	True	"[""R2057""]"	"[""R2057""]"	8.526512829121202e-14	0.0
YALI1E27144g	0.0	optimal	0.0	True	"[""R625""]"	"[""R625""]"	3.552713678800501e-15	0.0
YALI1E27218g	1.8718823069403059	optimal	1.8718823069403059	True	"[""R2062""]"	"[""R2062""]"	2.842170943040401e-14	0.0
YALI1E27279g	1.8718823069403059	optimal	1.8718823069403059	True	"[""R1393""]"	"[""R1393""]"	2.842170943040401e-14	0.0
YALI1E27441g	1.8718823069403059	optimal	1.8718823069403059	True	[]	[]	2.842170943040401e-14	0.0
YALI1E27791g	1.8718823069403059	optimal	1.8718823069403059	True	[]	[]	2.842170943040401e-14	0.0
YALI1E28097g	1.8718823069403059	optimal	1.8718823069403059	True	[]	[]	2.842170943040401e-14	0.0
YALI1E28300g	1.8718823069403059	optimal	1.8718823069403059	True	[]	[]	2.842170943040401e-14	0.0
YALI1E28545g	1.8718823069403059	optimal	1.8718823069403059	True	[]	[]	2.842170943040401e-14	0.0
YALI1E28575g	1.8718823069403059	optimal	1.8718823069403059	True	"[""R496"", ""R741""]"	"[""R496"", ""R741""]"	2.842170943040401e-14	0.0
YALI1E28631g	1.8718823069402977	optimal	1.8718823069402977	True	"[""R518""]"	"[""R518""]"	8.526512829121202e-14	0.0
YALI1E28779g	1.8718823069402977	optimal	1.8718823069402977	True	"[""R931""]"	"[""R931""]"	1.7053025658242404e-13	0.0
YALI1E29179g	1.8718823069402977	optimal	1.8718823069402977	True	[]	[]	1.7053025658242404e-13	0.0
YALI1E29319g	0.0	optimal	0.0	True	"[""R522""]"	"[""R522""]"	0.0	0.0
YALI1E30014g	1.8718823069402935	optimal	1.8718823069402935	True	[]	[]	6.394884621840902e-14	0.0
YALI1E30028g	1.8718823069403006	optimal	1.8718823069403006	True	"[""R404""]"	"[""R404""]"	2.842170943040401e-14	0.0
YALI1E30173g	1.8718823069403006	optimal	1.8718823069403006	True	[]	[]	2.842170943040401e-14	0.0
YALI1E30400g	1.8718823069403006	optimal	1.8718823069403006	True	[]	[]	2.842170943040401e-14	0.0
YALI1E30496g	1.8718823069403006	optimal	1.8718823069403006	True	"[""R379""]"	"[""R379""]"	2.842170943040401e-14	0.0
YALI1E30815g	1.8718823069403006	optimal	1.8718823069403006	True	"[""R2254"", ""R2258""]"	"[""R2254"", ""R2258""]"	2.842170943040401e-14	0.0
YALI1E30886g	1.8167026947221534	optimal	1.8167026947221534	True	"[""R256"", ""R313"", ""R720""]"	"[""R256"", ""R313"", ""R720""]"	5.684341886080802e-14	0.0
YALI1E31685g	1.8718823069402948	optimal	1.8718823069402948	True	[]	[]	4.529709940470639e-14	0.0
YALI1E31754g	1.8718823069402963	optimal	1.8718823069402963	True	"[""R779""]"	"[""R779""]"	8.526512829121202e-14	0.0
YALI1E31947g	1.8718823069402963	optimal	1.8718823069402963	True	"[""R693""]"	"[""R693""]"	8.526512829121202e-14	0.0
YALI1E32054g	1.8718823069402963	optimal	1.8718823069402963	True	[]	[]	8.526512829121202e-14	0.0
YALI1E32118g	1.8718823069402963	optimal	1.8718823069402963	True	[]	[]	8.526512829121202e-14	0.0
YALI1E32180g	1.8718823069402963	optimal	1.8718823069402963	True	[]	[]	8.526512829121202e-14	0.0
YALI1E32241g	1.8718823069402963	optimal	1.8718823069402963	True	[]	[]	8.526512829121202e-14	0.0
YALI1E32315g	1.8718823069402963	optimal	1.8718823069402963	True	[]	[]	8.526512829121202e-14	0.0
YALI1E32332g	1.8718823069402963	optimal	1.8718823069402963	True	[]	[]	8.526512829121202e-14	0.0
YALI1E32603g	1.8718823069402963	optimal	1.8718823069402963	True	[]	[]	8.526512829121202e-14	0.0
YALI1E32908g	1.8718823069402963	optimal	1.8718823069402963	True	[]	[]	8.526512829121202e-14	0.0
YALI1E33150g	1.8718823069402963	optimal	1.8718823069402963	True	[]	[]	8.526512829121202e-14	0.0
YALI1E33285g	1.8718823069402963	optimal	1.8718823069402963	True	"[""R663"", ""R730"", ""SPHPL""]"	"[""R663"", ""R730"", ""SPHPL""]"	8.526512829121202e-14	0.0
YALI1E33302g	1.8718823069402963	optimal	1.8718823069402963	True	[]	[]	8.526512829121202e-14	0.0
YALI1E33633g	0.0	optimal	0.0	True	"[""R337""]"	"[""R337""]"	1.5898393712632242e-13	0.0
YALI1E34072g	1.7939309564292936	optimal	1.7939309564292936	True	"[""R1374"", ""R563""]"	"[""R1374"", ""R563""]"	4.334310688136611e-13	0.0
YALI1E34269g	0.07468955720749561	optimal	0.07468955720749561	True	"[""R126""]"	"[""R126""]"	3.05089287166993e-13	0.0
YALI1E34408g	1.8718823069403163	optimal	1.8718823069403163	True	"[""R776""]"	"[""R776""]"	7.295830606324216e-13	0.0
YALI1E34425g	1.8718823069403163	optimal	1.8718823069403163	True	"[""R7""]"	"[""R7""]"	7.295830606324216e-13	0.0
YALI1E35005g	0.0	optimal	0.0	True	"[""R2109"", ""R632"", ""R640""]"	"[""R2109"", ""R632"", ""R640""]"	1.5898393712632242e-13	0.0
YALI1E35082g	1.8718823069402757	optimal	1.8718823069402757	True	"[""R740""]"	"[""R740""]"	1.6986412276764895e-13	0.0
YALI1E35410g	1.8718823069402792	optimal	1.8718823069402792	True	"[""R240""]"	"[""R240""]"	7.247535904753022e-13	0.0
YALI1E35520g	1.8718823069403134	optimal	1.8718823069403134	True	"[""R320""]"	"[""R320""]"	2.2737367544323206e-13	0.0
YALI1E35652g	1.8718823069403134	optimal	1.8718823069403134	True	[]	[]	2.2737367544323206e-13	0.0
YALI1E35815g	1.8714148028965905	optimal	1.8714148028965905	True	"[""R332""]"	"[""R332""]"	2.34035013590983e-13	0.0
YALI1E35955g	1.8718823069403492	optimal	1.8718823069403492	True	"[""R175"", ""R88""]"	"[""R175"", ""R88""]"	3.481659405224491e-13	0.0
YALI1E36437g	1.8718823069402732	optimal	1.8718823069402732	True	"[""R1708"", ""R89""]"	"[""R1708"", ""R89""]"	5.103140132689532e-13	0.0
YALI1E36477g	1.871882306940327	optimal	1.871882306940327	True	"[""R1915"", ""R1916"", ""R1917"", ""R1918"", ""R1919"", ""R1920"", ""R1921"", ""R1922"", ""R1923"", ""R1924"", ""R1925"", ""R1926"", ""R1927"", ""R1928"", ""R1929"", ""R250"", ""R786"", ""R787""]"	"[""R1915"", ""R1916"", ""R1917"", ""R1918"", ""R1919"", ""R1920"", ""R1921"", ""R1922"", ""R1923"", ""R1924"", ""R1925"", ""R1926"", ""R1927"", ""R1928"", ""R1929"", ""R250"", ""R786"", ""R787""]"	9.094947017729282e-13	1.199040866595169e-13
YALI1E36540g	1.871882306940327	optimal	1.871882306940327	True	[]	[]	9.094947017729282e-13	1.199040866595169e-13
YALI1E36568g	0.0	optimal	0.0	True	"[""R143""]"	"[""R143""]"	2.5224267119483557e-12	9.596767824859853e-13
YALI1E37063g	1.8718823069401558	optimal	1.8718823069401558	True	[]	[]	3.1814550993658486e-12	0.0
YALI1E37118g	1.8718823069399884	optimal	1.8718823069399884	True	"[""R1764""]"	"[""R1764""]"	1.7053025658242404e-12	0.0
YALI1E37603g	1.8718823069399884	optimal	1.8718823069399884	True	"[""R2062""]"	"[""R2062""]"	1.7053025658242404e-12	0.0
YALI1E37764g	1.8718823069399884	optimal	1.8718823069399884	True	[]	[]	1.7053025658242404e-12	0.0
YALI1E37982g	1.8718823069399884	optimal	1.8718823069399884	True	[]	[]	1.7053025658242404e-12	0.0
YALI1E38034g	1.8718823069399884	optimal	1.8718823069399884	True	[]	[]	1.7053025658242404e-12	0.0
YALI1E38131g	1.8718823069399884	optimal	1.8718823069399884	True	[]	[]	1.7053025658242404e-12	0.0
YALI1E38308g	1.8718823069399884	optimal	1.8718823069399884	True	[]	[]	1.7053025658242404e-12	0.0
YALI1E38561g	1.8718823069399884	optimal	1.8718823069399884	True	[]	[]	1.7053025658242404e-12	0.0
YALI1E38701g	1.8718823069399884	optimal	1.8718823069399884	True	[]	[]	1.7053025658242404e-12	0.0
YALI1E38749g	1.8718823069399884	optimal	1.8718823069399884	True	"[""R149""]"	"[""R149""]"	1.7053025658242404e-12	0.0
YALI1E38810g	1.8717888470470854	optimal	1.8717888470470854	True	"[""R1771"", ""R1772""]"	"[""R1771""]"	1.4921397450962104e-12	1.6253665080512292e-13
YALI1E38859g	1.8718823069401667	optimal	1.8718823069401667	True	"[""R354""]"	"[""R354""]"	1.1368683772161603e-12	0.0
YALI1E38912g	1.8718823069401682	optimal	1.8718823069401682	True	[]	[]	1.0054179711005418e-12	1.2612133559741778e-13
YALI1E39128g	1.8718823069401682	optimal	1.8718823069401682	True	[]	[]	1.0054179711005418e-12	1.2612133559741778e-13
YALI1E39221g	0.038943042814749695	optimal	0.038943042814749695	True	"[""R650""]"	"[""R650""]"	6.252776074688882e-13	0.0
YALI1E39248g	1.871882306940352	optimal	1.871882306940352	True	"[""R1757""]"	"[""R1757""]"	1.1368683772161603e-12	0.0
YALI1E39295g	1.871882306940352	optimal	1.871882306940352	True	[]	[]	1.1368683772161603e-12	0.0
YALI1E39395g	1.871882306940352	optimal	1.871882306940352	True	[]	[]	1.1368683772161603e-12	0.0
YALI1E39676g	1.871882306940352	optimal	1.871882306940352	True	"[""R275""]"	"[""R275""]"	1.1368683772161603e-12	0.0
YALI1E39693g	1.871882306940352	optimal	1.871882306940352	True	"[""R1976"", ""R613"", ""R614""]"	"[""R1976"", ""R613"", ""R614""]"	1.1368683772161603e-12	0.0
YALI1E40076g	1.871882306940352	optimal	1.871882306940352	True	[]	[]	1.1368683772161603e-12	0.0
YALI1E40305g	0.15942540041944286	optimal	0.15942540041944286	True	"[""R416""]"	"[""R416""]"	7.958078640513122e-13	2.244921721839361e-13
YALI1E40361g	1.8718823069402677	optimal	1.8718823069402677	True	"[""R305""]"	"[""R305""]"	9.094947017729282e-13	0
YALI1E40471g	1.8718823069402732	optimal	1.8718823069402732	True	"[""R173""]"	"[""R173""]"	1.4779288903810084e-12	0
YALI1E40502g	1.8718823069402732	optimal	1.8718823069402732	True	[]	[]	1.4779288903810084e-12	0
YALI1E40671g	1.785375451352859	optimal	1.785375451352859	True	"[""R_CAT2p""]"	"[""R_CAT2p""]"	1.0231815394945443e-12	0.0
YALI1E41148g	1.871882306940314	optimal	1.871882306940314	True	"[""R929""]"	"[""R929""]"	4.547473508864641e-13	0.0
YALI1E41251g	1.871882306940308	optimal	1.871882306940308	True	[]	[]	1.0231815394945443e-12	0.0
YALI1E41276g	1.871882306940308	optimal	1.871882306940308	True	[]	[]	1.0231815394945443e-12	0.0
YALI1E41315g	1.871882306940308	optimal	1.871882306940308	True	[]	[]	1.0231815394945443e-12	0.0
YALI1E41754g	1.871882306940308	optimal	1.871882306940308	True	[]	[]	1.0231815394945443e-12	0.0
YALI1E41850g	1.871882306940308	optimal	1.871882306940308	True	[]	[]	1.0231815394945443e-12	0.0
YALI1E41893g	1.871882306940304	optimal	1.871882306940304	True	"[""R_G6PPer"", ""R_GNP"", ""R_NDP1"", ""R_NDP7g"", ""R_NTP3pp"", ""R_NTP7"", ""R_PGAM1_PhosHydro"", ""r0242""]"	"[""R_G6PPer"", ""R_GNP"", ""R_NDP1"", ""R_NDP7g"", ""R_NTP3pp"", ""R_NTP7"", ""R_PGAM1_PhosHydro"", ""r0242""]"	3.31942806575114e-13	0.0
YALI1F00472g	1.8718823069403048	optimal	1.8718823069403048	True	"[""R524"", ""R525"", ""R526"", ""R527"", ""R528"", ""R529""]"	"[""R524"", ""R525"", ""R526"", ""R527"", ""R528"", ""R529""]"	3.7315983636432293e-13	0.0
YALI1F00616g	1.8718823069403083	optimal	1.8718823069403083	True	"[""R857""]"	"[""R857""]"	2.6595392554895625e-13	0.0
YALI1F00654g	1.871882306940245	optimal	1.871882306940245	True	"[""R346""]"	"[""R346""]"	2.095990048189833e-12	0.0
YALI1F00821g	1.871882306940245	optimal	1.871882306940245	True	"[""R334""]"	"[""R334""]"	2.095990048189833e-12	0.0
YALI1F01456g	1.871882306940245	optimal	1.871882306940245	True	"[""R2062""]"	"[""R2062""]"	2.095990048189833e-12	0.0
YALI1F01755g	1.871882306940245	optimal	1.871882306940245	True	[]	[]	2.095990048189833e-12	0.0
YALI1F01981g	1.8718823069403043	optimal	1.8718823069403043	True	"[""R940""]"	"[""R940""]"	4.580780199603396e-13	0.0
YALI1F02074g	1.8718823069403043	optimal	1.8718823069403043	True	"[""R1989""]"	"[""R1989""]"	4.580780199603396e-13	0.0
YALI1F02132g	1.8718823069403043	optimal	1.8718823069403043	True	"[""R2258"", ""R2262""]"	"[""R2258"", ""R2262""]"	4.580780199603396e-13	0.0
YALI1F02309g	0.0	optimal	0.0	True	"[""R402"", ""R404"", ""R633"", ""R702"", ""R703"", ""R704"", ""R705"", ""R755""]"	"[""R402"", ""R404"", ""R633"", ""R702"", ""R703"", ""R704"", ""R705"", ""R755""]"	9.592326932761353e-14	0.0
YALI1F02481g	1.8718823069402961	optimal	1.8718823069402961	True	[]	[]	4.763411887154234e-13	0
YALI1F02508g	1.8718823069402961	optimal	1.8718823069402961	True	[]	[]	4.763411887154234e-13	0
YALI1F02518g	1.8718823069402961	optimal	1.8718823069402961	True	[]	[]	4.763411887154234e-13	0
YALI1F02592g	1.8718823069402961	optimal	1.8718823069402961	True	[]	[]	4.763411887154234e-13	0
YALI1F02758g	1.8718823069402948	optimal	1.8718823069402948	True	"[""R305""]"	"[""R305""]"	1.5631940186722204e-13	0
YALI1F03136g	1.8718823069402946	optimal	1.8718823069402946	True	"[""R2189""]"	"[""R2189""]"	1.1368683772161603e-13	0
YALI1F03371g	1.8718823069403032	optimal	1.8718823069403032	True	"[""R2062""]"	"[""R2062""]"	1.0942358130705543e-12	0
YALI1F03452g	1.8718823069403032	optimal	1.8718823069403032	True	"[""R2190""]"	"[""R2190""]"	1.0942358130705543e-12	0
YALI1F03527g	1.8718823069403032	optimal	1.8718823069403032	True	"[""R523""]"	"[""R523""]"	1.0942358130705543e-12	0
YALI1F03803g	1.8718823069403032	optimal	1.8718823069403032	True	"[""R95""]"	"[""R95""]"	1.0942358130705543e-12	0
YALI1F03883g	1.8718823069403032	optimal	1.8718823069403032	True	"[""R2114""]"	"[""R2114""]"	1.0942358130705543e-12	0
YALI1F03908g	1.8718823069403032	optimal	1.8718823069403032	True	[]	[]	1.0942358130705543e-12	0
YALI1F04082g	1.8718823069403032	optimal	1.8718823069403032	True	"[""R357"", ""R360"", ""R361"", ""R363"", ""R365"", ""R748""]"	"[""R357"", ""R360"", ""R361"", ""R363"", ""R365"", ""R748""]"	1.0942358130705543e-12	0
YALI1F04110g	1.8718823069403032	optimal	1.8718823069403032	True	[]	[]	1.0942358130705543e-12	0
YALI1F04157g	1.8718823069403032	optimal	1.8718823069403032	True	"[""R1719""]"	"[""R1719""]"	1.0942358130705543e-12	0
YALI1F04185g	1.8718823069403032	optimal	1.8718823069403032	True	[]	[]	1.0942358130705543e-12	0
YALI1F04433g	1.8718823069403032	optimal	1.8718823069403032	True	[]	[]	1.0942358130705543e-12	0
YALI1F04455g	1.8718823069402994	optimal	1.8718823069402994	True	"[""R304""]"	"[""R304""]"	1.9184653865522705e-13	0
YALI1F05089g	1.8718823069402994	optimal	1.8718823069402994	True	"[""R304""]"	"[""R304""]"	1.9184653865522705e-13	0
YALI1F05220g	1.8718823069402994	optimal	1.8718823069402994	True	"[""R1714"", ""R370"", ""R675""]"	"[""R1714"", ""R370"", ""R675""]"	1.9184653865522705e-13	0
YALI1F05415g	1.8718823069402994	optimal	1.8718823069402994	True	"[""R2191""]"	"[""R2191""]"	1.9184653865522705e-13	0
YALI1F05509g	1.8718823069402994	optimal	1.8718823069402994	True	[]	[]	1.9184653865522705e-13	0
YALI1F05574g	1.8718823069402994	optimal	1.8718823069402994	True	[]	[]	1.9184653865522705e-13	0
YALI1F06018g	0.0	optimal	0.0	True	"[""R495""]"	"[""R495""]"	1.2573275753879898e-13	0.0
YALI1F06197g	1.8718823069402954	optimal	1.8718823069402954	True	"[""R1385"", ""R488"", ""R489""]"	"[""R1385"", ""R488"", ""R489""]"	8.668621376273222e-13	0.0
YALI1F06236g	1.8718823069402954	optimal	1.8718823069402954	True	"[""R304""]"	"[""R304""]"	9.521272659185342e-13	0.0
YALI1F06351g	1.8718823069402974	optimal	1.8718823069402974	True	"[""R367""]"	"[""R367""]"	7.815970093361102e-13	0.0
YALI1F06787g	0.0	optimal	0.0	True	"[""R519""]"	"[""R519""]"	4.529709940470639e-14	0.0
YALI1F06858g	1.8718823069402948	optimal	1.8718823069402948	True	[]	[]	8.917311333789257e-13	0
YALI1F06904g	1.8718823069402948	optimal	1.8718823069402948	True	[]	[]	8.917311333789257e-13	0
YALI1F07384g	1.8718823069402948	optimal	1.8718823069402948	True	[]	[]	8.917311333789257e-13	0
YALI1F07630g	1.8718823069402952	optimal	1.8718823069402952	True	"[""R1968"", ""R1969"", ""R1970"", ""R2281""]"	"[""R1968"", ""R1969"", ""R1970"", ""R2281""]"	7.125411372044255e-13	0
YALI1F07747g	1.8718823069402952	optimal	1.8718823069402952	True	"[""R2193""]"	"[""R2193""]"	7.125411372044255e-13	0
YALI1F07827g	0.15942540041944286	optimal	0.15942540041944286	True	"[""R1711"", ""R6""]"	"[""R1711"", ""R6""]"	2.744471316873387e-13	0
YALI1F07847g	1.8718823069402901	optimal	1.8718823069402901	True	"[""R768""]"	"[""R768""]"	6.992184609089236e-13	0
YALI1F08075g	1.8718823069402697	optimal	1.8718823069402697	True	[]	[]	3.6731728769723304e-13	0
YALI1F08225g	1.8718823069402697	optimal	1.8718823069402697	True	"[""R835"", ""R836"", ""R938"", ""R939""]"	"[""R835"", ""R836"", ""R938"", ""R939""]"	3.6731728769723304e-13	0
YALI1F08349g	1.8718823069402697	optimal	1.8718823069402697	True	"[""R407""]"	"[""R407""]"	3.6731728769723304e-13	0
YALI1F08363g	0.0	optimal	0.0	True	"[""R557""]"	"[""R557""]"	3.730349362740526e-14	0.0
YALI1F08705g	1.8718823069403017	optimal	1.8718823069403017	True	[]	[]	4.263256414560601e-13	0.0
YALI1F08845g	1.8676447347259753	optimal	1.8676447347259753	True	"[""R2024"", ""R2268"", ""R90"", ""R91"", ""R92""]"	"[""R2024"", ""R2268"", ""R90""]"	7.673861546209082e-13	0.0
YALI1F08885g	1.8718823069402966	optimal	1.8718823069402966	True	[]	[]	3.694822225952521e-13	0.0
YALI1F09003g	1.8718823069403145	optimal	1.8718823069403145	True	"[""R2062""]"	"[""R2062""]"	2.8421709430404007e-13	0.0
YALI1F09433g	1.8718823069403145	optimal	1.8718823069403145	True	[]	[]	2.8421709430404007e-13	0.0
YALI1F09542g	1.8718823069403145	optimal	1.8718823069403145	True	"[""R202"", ""R203"", ""R204"", ""R205""]"	"[""R202"", ""R203"", ""R204"", ""R205""]"	2.8421709430404007e-13	0.0
YALI1F09598g	1.8376517500793819	optimal	1.8376517500793819	True	"[""R660""]"	"[""R660""]"	6.821210263296962e-13	0.0
YALI1F09747g	1.8718823069402966	optimal	1.8718823069402966	True	"[""R103"", ""R104"", ""R105"", ""R106"", ""R107"", ""R108"", ""R109"", ""R110"", ""R111"", ""R112""]"	"[""R103"", ""R104"", ""R105"", ""R106"", ""R107"", ""R108"", ""R109"", ""R110"", ""R111"", ""R112""]"	3.126388037344441e-13	0.0
YALI1F09856g	1.8718823069403003	optimal	1.8718823069403003	True	"[""R785""]"	"[""R785""]"	5.60440582830779e-13	0.0
YALI1F09965g	1.8718823069403003	optimal	1.8718823069403003	True	[]	[]	5.60440582830779e-13	0.0
YALI1F10110g	1.8718823069403003	optimal	1.8718823069403003	True	"[""R546""]"	"[""R546""]"	5.60440582830779e-13	0.0
YALI1F10122g	1.8718823069403003	optimal	1.8718823069403003	True	"[""R912""]"	"[""R912""]"	5.60440582830779e-13	0.0
YALI1F10224g	1.8718823069403003	optimal	1.8718823069403003	True	[]	[]	5.60440582830779e-13	0.0
YALI1F10253g	1.8718823069403003	optimal	1.8718823069403003	True	[]	[]	5.60440582830779e-13	0.0
YALI1F10342g	1.8718823069403003	optimal	1.8718823069403003	True	[]	[]	5.60440582830779e-13	0.0
YALI1F10633g	1.8718823069403003	optimal	1.8718823069403003	True	"[""R2146"", ""R2149"", ""R2152"", ""R2155"", ""R2159"", ""R2162""]"	"[""R2146"", ""R2149"", ""R2152"", ""R2155"", ""R2159"", ""R2162""]"	5.60440582830779e-13	0.0
YALI1F11049g	1.6180305877462715	optimal	1.6180305877462715	True	"[""R326""]"	"[""R326""]"	3.694822225952521e-13	0
YALI1F11199g	1.8718823069402963	optimal	1.8718823069402963	True	"[""R1911""]"	"[""R1911""]"	1.0524914273446484e-12	0.0
YALI1F11396g	1.8718823069403125	optimal	1.8718823069403125	True	[]	[]	8.490985692333197e-13	0.0
YALI1F11481g	1.8718823069403125	optimal	1.8718823069403125	True	[]	[]	8.490985692333197e-13	0.0
YALI1F11583g	1.8718823069403125	optimal	1.8718823069403125	True	[]	[]	8.490985692333197e-13	0.0
YALI1F11605g	1.8718823069403125	optimal	1.8718823069403125	True	"[""R1742""]"	"[""R1742""]"	8.490985692333197e-13	0.0
YALI1F11635g	1.8718823069403125	optimal	1.8718823069403125	True	"[""R564""]"	"[""R564""]"	8.490985692333197e-13	0.0
YALI1F11827g	1.8718823069403125	optimal	1.8718823069403125	True	"[""R328""]"	"[""R328""]"	8.490985692333197e-13	0.0
YALI1F12013g	1.8718823069403066	optimal	1.8718823069403066	True	"[""R305""]"	"[""R305""]"	5.684341886080801e-13	0.0
YALI1F12138g	0.0	optimal	0.0	True	"[""R716""]"	"[""R716""]"	7.638334409421077e-14	0.0
YALI1F12176g	1.8718823069402943	optimal	1.8718823069402943	True	[]	[]	4.762856775641922e-13	0.0
YALI1F12649g	1.8718823069402943	optimal	1.8718823069402943	True	[]	[]	4.762856775641922e-13	0.0
YALI1F12666g	1.8718823069402943	optimal	1.8718823069402943	True	[]	[]	4.762856775641922e-13	0.0
YALI1F12842g	1.871882306940301	optimal	1.871882306940301	True	"[""R694""]"	"[""R694""]"	4.571898415406395e-13	0.0
YALI1F12874g	1.8718823069402992	optimal	1.8718823069402992	True	"[""R589"", ""R590"", ""R591"", ""R592"", ""R593"", ""R594"", ""R595"", ""R596"", ""R597"", ""R603""]"	"[""R589"", ""R590"", ""R591"", ""R592"", ""R593"", ""R594"", ""R595"", ""R596"", ""R597"", ""R603""]"	4.982680934517703e-13	0.0
YALI1F12895g	1.8718823069403054	optimal	1.8718823069403054	True	"[""R1954""]"	"[""R1954""]"	9.50350909079134e-13	0.0
YALI1F12917g	1.8718823069403054	optimal	1.8718823069403054	True	[]	[]	9.50350909079134e-13	0.0
YALI1F12969g	0.0	optimal	0.0	True	"[""R1059"", ""R1060"", ""R781"", ""R782"", ""R788"", ""R789""]"	"[""R1059"", ""R1060"", ""R781"", ""R782"", ""R788"", ""R789""]"	4.529709940470639e-14	0.0
YALI1F13017g	1.8718823069403003	optimal	1.8718823069403003	True	[]	[]	3.410605131648481e-13	0.0
YALI1F13039g	1.8718823069403017	optimal	1.8718823069403017	True	"[""R792""]"	"[""R792""]"	4.263256414560601e-13	0.0
YALI1F13097g	1.8718823069403017	optimal	1.8718823069403017	True	[]	[]	4.263256414560601e-13	0.0
YALI1F13170g	1.8718823069403017	optimal	1.8718823069403017	True	"[""R307""]"	"[""R307""]"	4.263256414560601e-13	0.0
YALI1F13202g	1.8718823069403017	optimal	1.8718823069403017	True	"[""R1092"", ""R265""]"	"[""R1092"", ""R265""]"	4.263256414560601e-13	0.0
YALI1F13505g	1.837651750079381	optimal	1.837651750079381	True	"[""R641""]"	"[""R641""]"	4.334310688136611e-13	0.0
YALI1F13550g	1.871882306940311	optimal	1.871882306940311	True	"[""R1767"", ""R1768""]"	"[""R1767"", ""R1768""]"	1.9895196601282805e-13	0.0
YALI1F14495g	1.8718823069403068	optimal	1.8718823069403068	True	[]	[]	4.405364961712621e-13	0.0
YALI1F14583g	1.8718823069403068	optimal	1.8718823069403068	True	"[""R803""]"	"[""R803""]"	4.405364961712621e-13	0.0
YALI1F14882g	1.8718823069403068	optimal	1.8718823069403068	True	[]	[]	4.405364961712621e-13	0.0
YALI1F14958g	0.0	optimal	0.0	True	"[""R182"", ""R183"", ""R184"", ""R185""]"	"[""R182"", ""R183"", ""R184"", ""R185""]"	0.0	0.0
YALI1F15334g	1.8718823069403008	optimal	1.8718823069403008	True	[]	[]	3.694822225952521e-13	0.0
YALI1F15367g	1.8718823069403017	optimal	1.8718823069403017	True	"[""R2195""]"	"[""R2195""]"	8.242295734817162e-13	0.0
YALI1F15403g	1.8718823069403017	optimal	1.8718823069403017	True	"[""R374""]"	"[""R374""]"	8.242295734817162e-13	0.0
YALI1F15517g	0.0	optimal	0.0	True	"[""R117""]"	"[""R117""]"	3.6415315207705135e-14	0.0
YALI1F15781g	1.8718823069403012	optimal	1.8718823069403012	True	"[""R1420"", ""R1421"", ""R1422"", ""R1423"", ""R1424"", ""R1425"", ""R1426""]"	"[""R1420"", ""R1421"", ""R1422"", ""R1423"", ""R1424"", ""R1425"", ""R1426""]"	5.080380560684716e-13	0.0
YALI1F15961g	1.8718823069402937	optimal	1.8718823069402937	True	[]	[]	7.389644451905042e-13	0.0
YALI1F16045g	1.8718823069402937	optimal	1.8718823069402937	True	"[""R1756""]"	"[""R1756""]"	7.389644451905042e-13	0.0
YALI1F16069g	1.8718823069402937	optimal	1.8718823069402937	True	"[""R11""]"	"[""R11""]"	7.389644451905042e-13	0.0
YALI1F16984g	0.33026122972956606	optimal	0.33026122972956606	True	"[""R35"", ""R36"", ""R47"", ""R724"", ""R725""]"	"[""R35"", ""R36"", ""R47"", ""R724"", ""R725""]"	8.952838470577262e-13	0.0
YALI1F17082g	1.8718823069402952	optimal	1.8718823069402952	True	"[""R199"", ""R201"", ""R206"", ""R207"", ""R208"", ""R209""]"	"[""R199"", ""R201"", ""R206"", ""R207"", ""R208"", ""R209""]"	7.531752999057062e-13	0.0
YALI1F17337g	1.8718823069402952	optimal	1.8718823069402952	True	[]	[]	7.531752999057062e-13	0.0
YALI1F17569g	1.8718823069402952	optimal	1.8718823069402952	True	[]	[]	7.531752999057062e-13	0.0
YALI1F17962g	0.35916653605201787	optimal	0.35916653605201787	True	"[""R400""]"	"[""R400""]"	3.8546943414985435e-13	0.0
YALI1F18105g	1.8718823069403026	optimal	1.8718823069403026	True	[]	[]	2.8421709430404007e-13	0.0
YALI1F18152g	1.8718823069403026	optimal	1.8718823069403026	True	[]	[]	2.8421709430404007e-13	0.0
YALI1F18429g	1.8718823069403026	optimal	1.8718823069403026	True	[]	[]	2.8421709430404007e-13	0.0
YALI1F18740g	1.8718823069403026	optimal	1.8718823069403026	True	[]	[]	2.8421709430404007e-13	0.0
YALI1F18835g	1.8718823069403026	optimal	1.8718823069403026	True	[]	[]	2.8421709430404007e-13	0.0
YALI1F18897g	1.8718823069403026	optimal	1.8718823069403026	True	"[""R285"", ""R54"", ""R63"", ""R73""]"	"[""R285"", ""R54"", ""R63"", ""R73""]"	2.8421709430404007e-13	0.0
YALI1F18920g	1.8718823069403026	optimal	1.8718823069403026	True	[]	[]	2.8421709430404007e-13	0.0
YALI1F18979g	1.8718823069403026	optimal	1.8718823069403026	True	[]	[]	2.8421709430404007e-13	0.0
YALI1F19090g	1.8718823069403026	optimal	1.8718823069403026	True	[]	[]	2.8421709430404007e-13	0.0
YALI1F19697g	1.871882306940296	optimal	1.871882306940296	True	"[""R1483"", ""R1484"", ""R1485"", ""R1486"", ""R1873"", ""R618"", ""R619"", ""R620"", ""R621"", ""R622"", ""R623""]"	"[""R1483"", ""R1484"", ""R1485"", ""R1486"", ""R1873"", ""R618"", ""R619"", ""R620"", ""R621"", ""R622"", ""R623""]"	3.410605131648481e-13	0.0
YALI1F20637g	1.8718823069402988	optimal	1.8718823069402988	True	"[""R722""]"	"[""R722""]"	2.2737367544323206e-13	0.0
YALI1F20788g	1.8718823069402988	optimal	1.8718823069402988	True	"[""R834""]"	"[""R834""]"	2.2737367544323206e-13	0.0
YALI1F20914g	1.8718823069401784	optimal	1.8718823069401784	True	"[""R764""]"	"[""R764""]"	4.547473508864641e-13	0.0
YALI1F20965g	1.8718823069402062	optimal	1.8718823069402062	True	[]	[]	5.400124791776761e-13	0.0
YALI1F21467g	1.8718823069402062	optimal	1.8718823069402062	True	[]	[]	5.400124791776761e-13	0.0
YALI1F21567g	1.8718823069402062	optimal	1.8718823069402062	True	"[""R2146"", ""R2149"", ""R2152"", ""R2155"", ""R2159"", ""R2162""]"	"[""R2146"", ""R2149"", ""R2152"", ""R2155"", ""R2159"", ""R2162""]"	5.400124791776761e-13	0.0
YALI1F21690g	1.8718823069402062	optimal	1.8718823069402062	True	[]	[]	5.400124791776761e-13	0.0
YALI1F21728g	1.8718823069402062	optimal	1.8718823069402062	True	[]	[]	5.400124791776761e-13	0.0
YALI1F21769g	0.0	optimal	0.0	True	"[""R531""]"	"[""R531""]"	2.2737367544323206e-13	0.0
YALI1F21875g	1.8718823069402122	optimal	1.8718823069402122	True	[]	[]	4.263256414560601e-13	0.0
YALI1F21908g	1.8718823069402122	optimal	1.8718823069402122	True	[]	[]	4.263256414560601e-13	0.0
YALI1F22321g	1.8718823069402122	optimal	1.8718823069402122	True	"[""R137""]"	"[""R137""]"	4.263256414560601e-13	0.0
YALI1F22436g	1.8718823069402337	optimal	1.8718823069402337	True	"[""R292""]"	"[""R292""]"	7.958078640513122e-13	0.0
YALI1F22568g	1.8718823069402337	optimal	1.8718823069402337	True	[]	[]	6.750155989720952e-13	0.0
YALI1F22908g	1.8718823069402337	optimal	1.8718823069402337	True	"[""R286""]"	"[""R286""]"	6.750155989720952e-13	0.0
YALI1F22993g	1.8718823069402337	optimal	1.8718823069402337	True	"[""R2062""]"	"[""R2062""]"	6.750155989720952e-13	0.0
YALI1F23441g	1.8718823069402337	optimal	1.8718823069402337	True	[]	[]	6.750155989720952e-13	0.0
YALI1F23664g	1.8718823069402337	optimal	1.8718823069402337	True	"[""R330""]"	"[""R330""]"	6.750155989720952e-13	0.0
YALI1F23706g	1.8718823069402337	optimal	1.8718823069402337	True	"[""R2200""]"	"[""R2200""]"	6.750155989720952e-13	0.0
YALI1F23922g	1.8718823069402337	optimal	1.8718823069402337	True	[]	[]	6.750155989720952e-13	0.0
YALI1F24031g	1.8718823069402337	optimal	1.8718823069402337	True	[]	[]	6.750155989720952e-13	0.0
YALI1F24171g	1.8718823069402337	optimal	1.8718823069402337	True	[]	[]	6.750155989720952e-13	0.0
YALI1F24343g	1.8718823069402337	optimal	1.8718823069402337	True	"[""R2062""]"	"[""R2062""]"	6.750155989720952e-13	0.0
YALI1F24667g	1.8718823069403334	optimal	1.8718823069403334	True	"[""R2186"", ""R366""]"	"[""R2186"", ""R366""]"	6.821210263296962e-13	0.0
YALI1F24773g	1.8718823069403334	optimal	1.8718823069403334	True	[]	[]	6.821210263296962e-13	0.0
YALI1F25444g	1.8718823069403334	optimal	1.8718823069403334	True	"[""R1720""]"	[]	6.821210263296962e-13	0.0
YALI1F25587g	1.8718823069403334	optimal	1.8718823069403334	True	"[""R839"", ""R843""]"	"[""R839"", ""R843""]"	6.821210263296962e-13	0.0
YALI1F25649g	1.8718823069403334	optimal	1.8718823069403334	True	[]	[]	6.821210263296962e-13	0.0
YALI1F25908g	1.8718823069403334	optimal	1.8718823069403334	True	"[""R291""]"	"[""R291""]"	6.821210263296962e-13	0.0
YALI1F25924g	1.8718823069403334	optimal	1.8718823069403334	True	"[""R302""]"	"[""R302""]"	6.821210263296962e-13	0.0
YALI1F25951g	1.8718823069403334	optimal	1.8718823069403334	True	[]	[]	6.821210263296962e-13	0.0
YALI1F25984g	1.8718823069403334	optimal	1.8718823069403334	True	[]	[]	6.821210263296962e-13	0.0
YALI1F26167g	1.8718823069403334	optimal	1.8718823069403334	True	[]	[]	6.821210263296962e-13	0.0
YALI1F26427g	1.8718823069403334	optimal	1.8718823069403334	True	[]	[]	6.821210263296962e-13	0.0
YALI1F26873g	0.0	optimal	0.0	True	"[""R798"", ""R799""]"	"[""R798"", ""R799""]"	1.1368683772161603e-13	0.0
YALI1F26924g	1.871882306940286	optimal	1.871882306940286	True	"[""R933""]"	"[""R933""]"	7.958078640513122e-13	0.0
YALI1F26967g	1.871882306940313	optimal	1.871882306940313	True	[]	[]	4.547473508864641e-13	0.0
YALI1F27002g	0.0	optimal	0.0	True	"[""R1839""]"	"[""R1839""]"	4.615867556885186e-13	0.0
YALI1F27211g	1.8718823069402832	optimal	1.8718823069402832	True	"[""R303""]"	"[""R303""]"	3.410605131648481e-13	0.0
YALI1F27343g	1.8718823069402832	optimal	1.8718823069402832	True	"[""R373""]"	"[""R373""]"	3.410605131648481e-13	0.0
YALI1F27556g	1.8718823069402832	optimal	1.8718823069402832	True	"[""R693""]"	"[""R693""]"	3.410605131648481e-13	0.0
YALI1F27686g	1.8718823069402832	optimal	1.8718823069402832	True	"[""R667""]"	"[""R667""]"	3.410605131648481e-13	0.0
YALI1F27761g	1.8718823069402832	optimal	1.8718823069402832	True	"[""R16""]"	"[""R16""]"	3.410605131648481e-13	0.0
YALI1F27904g	0.03894304281381907	optimal	0.03894304281381907	True	"[""R628"", ""R656""]"	"[""R628"", ""R656""]"	4.547473508864641e-13	0.0
YALI1F27989g	1.871882306940298	optimal	1.871882306940298	True	[]	[]	7.958078640513122e-13	0.0
YALI1F28064g	1.8718823069402972	optimal	1.8718823069402972	True	"[""R191""]"	"[""R191""]"	1.0800249583553523e-12	0.0
YALI1F28092g	1.8718823069403416	optimal	1.8718823069403416	True	"[""R340"", ""R342""]"	"[""R340"", ""R342""]"	4.227729277772596e-13	0.0
YALI1F28274g	0.20595239043348756	optimal	0.20595239043348756	True	"[""R1025"", ""R1026"", ""R2202""]"	"[""R1025"", ""R1026"", ""R2202""]"	6.252776074688882e-13	0.0
YALI1F28485g	1.8718823069402788	optimal	1.8718823069402788	True	"[""R611""]"	"[""R611""]"	1.1368683772161603e-12	0.0
YALI1F28833g	1.8718823069402788	optimal	1.8718823069402788	True	"[""R850""]"	"[""R850""]"	1.1368683772161603e-12	0.0
YALI1F29301g	1.8718823069402788	optimal	1.8718823069402788	True	[]	[]	1.1368683772161603e-12	0.0
YALI1F29751g	1.8718823069402788	optimal	1.8718823069402788	True	"[""R252""]"	"[""R252""]"	1.1368683772161603e-12	0.0
YALI1F29836g	1.8718823069402788	optimal	1.8718823069402788	True	"[""R1955""]"	"[""R1955""]"	1.1368683772161603e-12	0.0
YALI1F29987g	1.8718823069402788	optimal	1.8718823069402788	True	"[""R276""]"	"[""R276""]"	1.1368683772161603e-12	0.0
YALI1F30034g	1.8718823069402788	optimal	1.8718823069402788	True	"[""R747""]"	"[""R747""]"	1.1368683772161603e-12	0.0
YALI1F30179g	1.8718823069402788	optimal	1.8718823069402788	True	[]	[]	1.1368683772161603e-12	0.0
YALI1F30289g	1.8718823069402788	optimal	1.8718823069402788	True	[]	[]	1.1368683772161603e-12	0.0
YALI1F30459g	0.35916653605201787	optimal	0.35916653605201787	True	"[""R51"", ""R758""]"	"[""R51"", ""R758""]"	3.410605131648481e-13	0.0
YALI1F30479g	1.871882306940273	optimal	1.871882306940273	True	"[""R139""]"	"[""R139""]"	2.2737367544323206e-13	0.0
YALI1F30703g	1.8718823069402772	optimal	1.8718823069402772	True	[]	[]	1.8474111129762605e-13	0.0
YALI1F30754g	1.8718823069402726	optimal	1.8718823069402726	True	"[""R115""]"	"[""R115""]"	2.8421709430404007e-13	0.0
YALI1F30877g	1.8718823069403085	optimal	1.8718823069403085	True	"[""R2203""]"	"[""R2203""]"	5.684341886080801e-13	0.0
YALI1F30903g	1.8718823069403085	optimal	1.8718823069403085	True	"[""R1718"", ""R1840"", ""R8""]"	"[""R1718"", ""R1840"", ""R8""]"	5.684341886080801e-13	0.0
YALI1F31135g	1.8718823069403085	optimal	1.8718823069403085	True	"[""R384""]"	"[""R384""]"	5.684341886080801e-13	0.0
YALI1F31153g	1.8718823069403085	optimal	1.8718823069403085	True	"[""R1975"", ""R1977""]"	"[""R1975"", ""R1977""]"	5.684341886080801e-13	0.0
YALI1F31215g	1.8718823069403085	optimal	1.8718823069403085	True	"[""R2253"", ""R2257"", ""R2261""]"	"[""R2253"", ""R2257"", ""R2261""]"	5.684341886080801e-13	0.0
YALI1F31283g	1.8718823069403085	optimal	1.8718823069403085	True	"[""R1721""]"	"[""R1721""]"	5.684341886080801e-13	0.0
YALI1F31381g	1.8718823069403085	optimal	1.8718823069403085	True	"[""R862""]"	"[""R862""]"	5.684341886080801e-13	0.0
YALI1F31405g	1.8718823069403085	optimal	1.8718823069403085	True	"[""R319"", ""R780""]"	"[""R319"", ""R780""]"	5.684341886080801e-13	0.0
YALI1F31854g	1.8718823069403085	optimal	1.8718823069403085	True	[]	[]	5.684341886080801e-13	0.0
YALI1F32002g	1.8718823069403085	optimal	1.8718823069403085	True	"[""R383""]"	"[""R383""]"	5.684341886080801e-13	0.0
YALI1F32010g	1.8718823069402986	optimal	1.8718823069402986	True	"[""R305""]"	"[""R305""]"	5.684341886080801e-13	0.0
YALI1F32232g	1.7968119817125652	optimal	1.7968119817125652	True	"[""R769""]"	"[""R769""]"	3.410605131648481e-13	0.0
YALI1F32287g	1.871882306940363	optimal	1.871882306940363	True	[]	[]	3.410605131648481e-13	0.0
YALI1F32330g	1.871882306940363	optimal	1.871882306940363	True	[]	[]	3.410605131648481e-13	0.0
YALI1F32363g	1.871882306940363	optimal	1.871882306940363	True	[]	[]	3.410605131648481e-13	0.0
YALI1F32476g	1.8718823069402757	optimal	1.8718823069402757	True	"[""R2062"", ""R570"", ""R573""]"	"[""R2062"", ""R570""]"	2.2737367544323206e-13	0.0
YALI1F32534g	1.8718823069402757	optimal	1.8718823069402757	True	"[""R2204""]"	"[""R2204""]"	2.2737367544323206e-13	0.0
YALI1F32841g	1.8718823069402757	optimal	1.8718823069402757	True	[]	[]	2.2737367544323206e-13	0.0
YALI1F32910g	1.8718823069402757	optimal	1.8718823069402757	True	[]	[]	2.2737367544323206e-13	0.0
YALI1F32969g	1.8718823069402757	optimal	1.8718823069402757	True	"[""R397""]"	"[""R397""]"	2.2737367544323206e-13	0.0
YALI1F33143g	1.8718823069402757	optimal	1.8718823069402757	True	[]	[]	2.2737367544323206e-13	0.0
YALI1F33189g	1.8718823069402757	optimal	1.8718823069402757	True	[]	[]	2.2737367544323206e-13	0.0
YALI1F33246g	1.8718823069402757	optimal	1.8718823069402757	True	[]	[]	2.2737367544323206e-13	0.0
YALI1F33579g	1.8718823069402757	optimal	1.8718823069402757	True	"[""R1912""]"	"[""R1912""]"	2.2737367544323206e-13	0.0
YALI1F33681g	1.8718823069402757	optimal	1.8718823069402757	True	"[""R2067"", ""R742""]"	"[""R2067"", ""R742""]"	2.2737367544323206e-13	0.0
YALI1F33754g	1.8718823069403037	optimal	1.8718823069403037	True	"[""R831"", ""R832"", ""R833""]"	"[""R831"", ""R832"", ""R833""]"	5.684341886080801e-13	0.0
YALI1F33819g	1.8718823069403037	optimal	1.8718823069403037	True	"[""R166""]"	"[""R166""]"	5.684341886080801e-13	0.0
YALI1F33861g	1.7939309564292838	optimal	1.7939309564292838	True	"[""R516""]"	"[""R516""]"	4.547473508864641e-13	0.0
YALI1F33951g	1.8718823069402704	optimal	1.8718823069402704	True	"[""R122"", ""R123""]"	"[""R122"", ""R123""]"	3.410605131648481e-13	0.0
YALI1F34029g	1.8718823069402704	optimal	1.8718823069402704	True	"[""R1933""]"	"[""R1933""]"	4.547473508864641e-13	0.0
YALI1F34051g	1.8718823069402704	optimal	1.8718823069402704	True	"[""R409""]"	"[""R409""]"	4.547473508864641e-13	0.0
YALI1F34187g	1.8718823069402704	optimal	1.8718823069402704	True	"[""R1760"", ""R56"", ""R58"", ""R981"", ""R983""]"	"[""R1760"", ""R56"", ""R58"", ""R981"", ""R983""]"	4.547473508864641e-13	0.0
YALI1F34625g	1.8718823069402704	optimal	1.8718823069402704	True	"[""R40""]"	"[""R40""]"	4.547473508864641e-13	0.0
YALI1F34675g	1.8718823069402704	optimal	1.8718823069402704	True	[]	[]	4.547473508864641e-13	0.0
YALI1F35109g	1.8489260782325447	optimal	1.8489260782325447	True	"[""R1938"", ""R28""]"	"[""R1938"", ""R28""]"	5.684341886080801e-13	0.0
YALI1F35542g	1.8718823069402797	optimal	1.8718823069402797	True	[]	[]	2.8421709430404007e-13	0.0
YALI1F35690g	1.8718823069402797	optimal	1.8718823069402797	True	[]	[]	2.8421709430404007e-13	0.0
YALI1F35822g	1.8718823069402797	optimal	1.8718823069402797	True	[]	[]	2.8421709430404007e-13	0.0
YALI1F35868g	1.8718823069402797	optimal	1.8718823069402797	True	[]	[]	2.8421709430404007e-13	0.0
YALI1F36094g	1.8718823069402797	optimal	1.8718823069402797	True	[]	[]	2.8421709430404007e-13	0.0
YALI1F36415g	1.8718823069402797	optimal	1.8718823069402797	True	[]	[]	2.8421709430404007e-13	0.0
YALI1F36584g	1.8718823069402797	optimal	1.8718823069402797	True	[]	[]	2.8421709430404007e-13	0.0
YALI1F36733g	1.8718823069402797	optimal	1.8718823069402797	True	[]	[]	2.8421709430404007e-13	0.0
YALI1F36930g	1.8718823069402797	optimal	1.8718823069402797	True	[]	[]	2.8421709430404007e-13	0.0
YALI1F36966g	1.8718823069402797	optimal	1.8718823069402797	True	[]	[]	2.8421709430404007e-13	0.0
YALI1F37194g	1.8718823069402797	optimal	1.8718823069402797	True	[]	[]	2.8421709430404007e-13	0.0
YALI1F37272g	1.8718823069402797	optimal	1.8718823069402797	True	[]	[]	2.8421709430404007e-13	0.0
YALI1F37354g	0.0	optimal	0.0	True	"[""R547""]"	"[""R547""]"	1.1368683772161603e-13	0.0
YALI1F37498g	1.8718823069403485	optimal	1.8718823069403485	True	"[""R1397"", ""R1398"", ""R1399""]"	"[""R1397"", ""R1398"", ""R1399""]"	4.547473508864641e-13	0.0
YALI1F37559g	0.03894304281237605	optimal	0.03894304281237605	True	"[""R59""]"	"[""R59""]"	9.094947017729282e-13	0.0
YALI1F37658g	1.8718823069403216	optimal	1.8718823069403216	True	"[""R869"", ""R878"", ""R882"", ""R887""]"	"[""R882""]"	4.547473508864641e-13	0.0
YALI1F37714g	1.869175420641409	optimal	1.869175420641409	True	"[""R1903"", ""R264"", ""R675"", ""R676"", ""R677"", ""R678"", ""R679"", ""R680"", ""R681"", ""R682"", ""R683"", ""R684"", ""R761""]"	"[""R1903"", ""R264"", ""R675"", ""R676"", ""R677"", ""R678"", ""R679"", ""R680"", ""R681"", ""R682"", ""R683"", ""R684"", ""R761""]"	6.252776074688882e-13	0.0
YALI1F37916g	1.8718823069402462	optimal	1.8718823069402462	True	"[""R167"", ""R168"", ""R169"", ""R744""]"	"[""R167"", ""R168"", ""R169"", ""R744""]"	4.547473508864641e-13	0.0
YALI1F38116g	1.8464061360891384	optimal	1.8464061360891384	True	"[""R411"", ""R412""]"	"[""R411"", ""R412""]"	6.821210263296962e-13	0.0
YALI1F38220g	1.8718823069402746	optimal	1.8718823069402746	True	[]	[]	2.0250467969162855e-13	0.0
YALI1F38317g	1.8718823069403192	optimal	1.8718823069403192	True	"[""R1394"", ""R1395"", ""R1396"", ""R2218"", ""R2221"", ""R2224"", ""R2227"", ""R2230"", ""R2233""]"	"[""R1394"", ""R1395"", ""R1396"", ""R2218"", ""R2221"", ""R2224"", ""R2227"", ""R2230"", ""R2233""]"	3.410605131648481e-13	0.0
YALI1F38386g	1.8718823069403192	optimal	1.8718823069403192	True	[]	[]	3.410605131648481e-13	0.0
YALI1F38466g	1.8718823069403192	optimal	1.8718823069403192	True	"[""R254""]"	"[""R254""]"	3.410605131648481e-13	0.0
YALI1F38476g	1.8718823069403192	optimal	1.8718823069403192	True	"[""R210""]"	"[""R210""]"	3.410605131648481e-13	0.0
YALI1F38629g	1.8718823069403192	optimal	1.8718823069403192	True	[]	[]	3.410605131648481e-13	0.0
YALI1F38776g	0.08967109688914747	optimal	0.08967109688914747	True	"[""R1170"", ""R396""]"	"[""R1170"", ""R396""]"	4.547473508864641e-13	0.0
YALI1F38820g	1.8718823069403132	optimal	1.8718823069403132	True	[]	[]	6.252776074688882e-13	0.0
YALI1F38986g	1.8718823069403132	optimal	1.8718823069403132	True	"[""R783""]"	"[""R783""]"	6.252776074688882e-13	0.0
YALI1F39058g	1.8718823069403132	optimal	1.8718823069403132	True	"[""R2205""]"	"[""R2205""]"	6.252776074688882e-13	0.0
YALI1F39330g	1.8718823069403132	optimal	1.8718823069403132	True	[]	[]	6.252776074688882e-13	0.0
YALI1F39426g	1.8718823069403132	optimal	1.8718823069403132	True	[]	[]	6.252776074688882e-13	0.0
YALI1F39620g	1.8718823069403132	optimal	1.8718823069403132	True	[]	[]	6.252776074688882e-13	0.0
YALI1M00056g	1.8718823069403132	optimal	1.8718823069403132	True	"[""R2062""]"	"[""R2062""]"	6.252776074688882e-13	0.0
YALI1M00064g	1.8718823069403132	optimal	1.8718823069403132	True	"[""R2062""]"	"[""R2062""]"	6.252776074688882e-13	0.0
YALI1M00131g	1.871882306940275	optimal	1.871882306940275	True	"[""R2206""]"	"[""R2206""]"	3.410605131648481e-13	0.0
YALI1M00260g	1.8718823069403132	optimal	1.8718823069403132	True	[]	[]	6.252776074688882e-13	0.0
YALI1M00267g	1.8718823069403132	optimal	1.8718823069403132	True	[]	[]	6.252776074688882e-13	0.0
YALI1M00277g	1.871882306940275	optimal	1.871882306940275	True	"[""R304""]"	"[""R304""]"	3.410605131648481e-13	0.0
YALI1M00296g	1.8718823069403132	optimal	1.8718823069403132	True	"[""R2062""]"	"[""R2062""]"	6.252776074688882e-13	0.0
YALI1M00318g	1.8718823069403132	optimal	1.8718823069403132	True	[]	[]	6.252776074688882e-13	0.0
YALI1M00325g	1.8718823069403132	optimal	1.8718823069403132	True	"[""R304""]"	"[""R304""]"	6.252776074688882e-13	0.0
YALI1M00335g	1.8718823069403132	optimal	1.8718823069403132	True	"[""R2062""]"	"[""R2062""]"	6.252776074688882e-13	0.0
YALI1M00338r	1.8718823069403132	optimal	1.8718823069403132	True	"[""R2062""]"	"[""R2062""]"	6.252776074688882e-13	0.0
YALI1M00390g	1.8718823069403083	optimal	1.8718823069403083	True	"[""R305""]"	"[""R305""]"	8.526512829121202e-13	0.0
YALI1M00458g	1.8718823069403114	optimal	1.8718823069403114	True	"[""R2062""]"	"[""R2062""]"	7.958078640513122e-13	0.0
YALIUNK1	1.8718823069403094	optimal	1.8718823069403094	True	"[""R266""]"	"[""R266""]"	6.252776074688882e-13	0.0
YALIUNK3	1.8718823069403094	optimal	1.8718823069403094	True	"[""R2048""]"	"[""R2048""]"	6.252776074688882e-13	0.0
YALIUNK4	1.8718823069403094	optimal	1.8718823069403094	True	"[""R2046""]"	"[""R2046""]"	6.252776074688882e-13	0.0
YALIfMp29	1.8718823069403094	optimal	1.8718823069403094	True	"[""R2062""]"	"[""R2062""]"	6.252776074688882e-13	0.0
YalifMp05	1.8718823069403079	optimal	1.8718823069403079	True	"[""R2206""]"	"[""R2206""]"	4.547473508864641e-13	0.0
YalifMp06	1.8718823069403483	optimal	1.8718823069403483	True	"[""R2206""]"	"[""R2206""]"	3.410605131648481e-13	0.0
