gene_id	ko_status	ko_growth	ko_growth_ratio	raw_growth	raw_status	raw_growth_repr	numerically_valid	audit_status	audited_essential_at_1pct	audited_essential_at_5pct	audited_essential_at_10pct	audited_essential_at_15pct
YALI0B10406g	optimal	1.8718823069402968	0.9999999999999984	1.8718823069402968	optimal	1.8718823069402968	True	valid	False	False	False	False
YALI0D12573g	optimal	1.8718823069402968	0.9999999999999984	1.8718823069402968	optimal	1.8718823069402968	True	valid	False	False	False	False
YALI0D17490g	optimal	1.8718823069402968	0.9999999999999984	1.8718823069402968	optimal	1.8718823069402968	True	valid	False	False	False	False
YALI0D27654g	optimal	1.8718823069402968	0.9999999999999984	1.8718823069402968	optimal	1.8718823069402968	True	valid	False	False	False	False
YALI0E07787g	optimal	1.8718823069402968	0.9999999999999984	1.8718823069402968	optimal	1.8718823069402968	True	valid	False	False	False	False
YALI0E12442g	optimal	1.8718823069402968	0.9999999999999984	1.8718823069402968	optimal	1.8718823069402968	True	valid	False	False	False	False
YALI0E16192g	optimal	1.8718823069402968	0.9999999999999984	1.8718823069402968	optimal	1.8718823069402968	True	valid	False	False	False	False
YALI0E18568g	optimal	1.8718823069402968	0.9999999999999984	1.8718823069402968	optimal	1.8718823069402968	True	valid	False	False	False	False
YALI0F04114g	optimal	1.8718823069402968	0.9999999999999984	1.8718823069402968	optimal	1.8718823069402968	True	valid	False	False	False	False
YALI1A00309g	optimal	0.0	0.0	0.0	optimal	0.0	True	valid	True	True	True	True
YALI1A00538g	optimal	1.8718823069403008	1.0000000000000007	1.8718823069403008	optimal	1.8718823069403008	True	valid	False	False	False	False
YALI1A00661g	optimal	1.8718823069403008	1.0000000000000007	1.8718823069403008	optimal	1.8718823069403008	True	valid	False	False	False	False
YALI1A01198g	optimal	1.8718823069403008	1.0000000000000007	1.8718823069403008	optimal	1.8718823069403008	True	valid	False	False	False	False
YALI1A01577g	optimal	1.8718823069403008	1.0000000000000007	1.8718823069403008	optimal	1.8718823069403008	True	valid	False	False	False	False
YALI1A01602g	optimal	1.8718823069403008	1.0000000000000007	1.8718823069403008	optimal	1.8718823069403008	True	valid	False	False	False	False
YALI1A02198g	optimal	1.8718823069403008	1.0000000000000007	1.8718823069403008	optimal	1.8718823069403008	True	valid	False	False	False	False
YALI1A02335g	optimal	1.8718823069403008	1.0000000000000007	1.8718823069403008	optimal	1.8718823069403008	True	valid	False	False	False	False
YALI1A02653g	optimal	1.8718823069403008	1.0000000000000007	1.8718823069403008	optimal	1.8718823069403008	True	valid	False	False	False	False
YALI1A02775g	optimal	1.8718823069402986	0.9999999999999994	1.8718823069402986	optimal	1.8718823069402986	True	valid	False	False	False	False
YALI1A02974g	optimal	1.8718823069403	1.0000000000000002	1.8718823069403	optimal	1.8718823069403	True	valid	False	False	False	False
YALI1A03069g	optimal	1.8718823069403	1.0000000000000002	1.8718823069403	optimal	1.8718823069403	True	valid	False	False	False	False
YALI1A03210g	optimal	1.8718823069403	1.0000000000000002	1.8718823069403	optimal	1.8718823069403	True	valid	False	False	False	False
YALI1A03322g	optimal	1.8718823069403028	1.0000000000000016	1.8718823069403028	optimal	1.8718823069403028	True	valid	False	False	False	False
YALI1A03512g	optimal	1.8718823069403026	1.0000000000000016	1.8718823069403026	optimal	1.8718823069403026	True	valid	False	False	False	False
YALI1A04817g	optimal	1.8718823069403028	1.0000000000000016	1.8718823069403028	optimal	1.8718823069403028	True	valid	False	False	False	False
YALI1A05116g	optimal	1.871882306940297	0.9999999999999986	1.871882306940297	optimal	1.871882306940297	True	valid	False	False	False	False
YALI1A05459g	optimal	1.871882306940297	0.9999999999999986	1.871882306940297	optimal	1.871882306940297	True	valid	False	False	False	False
YALI1A06229g	optimal	1.871882306940297	0.9999999999999986	1.871882306940297	optimal	1.871882306940297	True	valid	False	False	False	False
YALI1A06361g	optimal	1.8718823069402966	0.9999999999999983	1.8718823069402966	optimal	1.8718823069402966	True	valid	False	False	False	False
YALI1A06453g	optimal	1.8718823069402997	1.0	1.8718823069402997	optimal	1.8718823069402997	True	valid	False	False	False	False
YALI1A06640g	optimal	1.8718823069402941	0.999999999999997	1.8718823069402941	optimal	1.8718823069402941	True	valid	False	False	False	False
YALI1A06873g	optimal	1.8718823069402941	0.999999999999997	1.8718823069402941	optimal	1.8718823069402941	True	valid	False	False	False	False
YALI1A07014g	optimal	1.8718823069402941	0.999999999999997	1.8718823069402941	optimal	1.8718823069402941	True	valid	False	False	False	False
YALI1A07103g	optimal	1.8718823069402941	0.999999999999997	1.8718823069402941	optimal	1.8718823069402941	True	valid	False	False	False	False
YALI1A07575g	optimal	1.8718823069402941	0.999999999999997	1.8718823069402941	optimal	1.8718823069402941	True	valid	False	False	False	False
YALI1A07887g	optimal	1.8718823069402941	0.999999999999997	1.8718823069402941	optimal	1.8718823069402941	True	valid	False	False	False	False
YALI1A08512g	optimal	1.8718823069402941	0.999999999999997	1.8718823069402941	optimal	1.8718823069402941	True	valid	False	False	False	False
YALI1A08546g	optimal	1.8718823069402941	0.999999999999997	1.8718823069402941	optimal	1.8718823069402941	True	valid	False	False	False	False
YALI1A08672g	optimal	1.8718823069402941	0.999999999999997	1.8718823069402941	optimal	1.8718823069402941	True	valid	False	False	False	False
YALI1A08781g	optimal	1.8718823069402941	0.999999999999997	1.8718823069402941	optimal	1.8718823069402941	True	valid	False	False	False	False
YALI1A09121g	optimal	1.8718823069402941	0.999999999999997	1.8718823069402941	optimal	1.8718823069402941	True	valid	False	False	False	False
YALI1A09408g	optimal	1.8718823069402941	0.999999999999997	1.8718823069402941	optimal	1.8718823069402941	True	valid	False	False	False	False
YALI1A09553g	optimal	1.8718823069402941	0.999999999999997	1.8718823069402941	optimal	1.8718823069402941	True	valid	False	False	False	False
YALI1A09694g	optimal	1.8718823069402941	0.999999999999997	1.8718823069402941	optimal	1.8718823069402941	True	valid	False	False	False	False
YALI1A09766g	optimal	1.8718823069402941	0.999999999999997	1.8718823069402941	optimal	1.8718823069402941	True	valid	False	False	False	False
YALI1A09911g	optimal	1.8718823069402941	0.999999999999997	1.8718823069402941	optimal	1.8718823069402941	True	valid	False	False	False	False
YALI1A09939g	optimal	0.0	0.0	0.0	optimal	0.0	True	valid	True	True	True	True
YALI1A10254g	optimal	1.8718823069402977	0.9999999999999989	1.8718823069402977	optimal	1.8718823069402977	True	valid	False	False	False	False
YALI1A10708g	optimal	1.8718823069402977	0.9999999999999989	1.8718823069402977	optimal	1.8718823069402977	True	valid	False	False	False	False
YALI1A11258g	optimal	1.8718823069402977	0.9999999999999989	1.8718823069402977	optimal	1.8718823069402977	True	valid	False	False	False	False
YALI1A11654g	optimal	1.8718823069402977	0.9999999999999989	1.8718823069402977	optimal	1.8718823069402977	True	valid	False	False	False	False
YALI1A12284g	optimal	1.8718823069402977	0.9999999999999989	1.8718823069402977	optimal	1.8718823069402977	True	valid	False	False	False	False
YALI1A12540g	optimal	1.8718823069402977	0.9999999999999989	1.8718823069402977	optimal	1.8718823069402977	True	valid	False	False	False	False
YALI1A12688g	optimal	1.8718823069402977	0.9999999999999989	1.8718823069402977	optimal	1.8718823069402977	True	valid	False	False	False	False
YALI1A13454g	optimal	1.8718823069402977	0.9999999999999989	1.8718823069402977	optimal	1.8718823069402977	True	valid	False	False	False	False
YALI1A13994g	optimal	1.8718823069402977	0.9999999999999989	1.8718823069402977	optimal	1.8718823069402977	True	valid	False	False	False	False
YALI1A14024g	optimal	1.8718823069402977	0.9999999999999989	1.8718823069402977	optimal	1.8718823069402977	True	valid	False	False	False	False
YALI1A14287g	optimal	1.8718823069402977	0.9999999999999989	1.8718823069402977	optimal	1.8718823069402977	True	valid	False	False	False	False
YALI1A14721g	optimal	1.8718823069402977	0.9999999999999989	1.8718823069402977	optimal	1.8718823069402977	True	valid	False	False	False	False
YALI1A14736g	optimal	1.8718823069402977	0.9999999999999989	1.8718823069402977	optimal	1.8718823069402977	True	valid	False	False	False	False
YALI1A15132g	optimal	1.8718823069402977	0.9999999999999989	1.8718823069402977	optimal	1.8718823069402977	True	valid	False	False	False	False
YALI1A15227g	optimal	1.8718823069402977	0.9999999999999989	1.8718823069402977	optimal	1.8718823069402977	True	valid	False	False	False	False
YALI1A15624g	optimal	1.8718823069402977	0.9999999999999989	1.8718823069402977	optimal	1.8718823069402977	True	valid	False	False	False	False
YALI1A15863g	optimal	1.8718823069402977	0.9999999999999989	1.8718823069402977	optimal	1.8718823069402977	True	valid	False	False	False	False
YALI1A15879g	optimal	0.15942540041944286	0.08516849581212878	0.15942540041944286	optimal	0.15942540041944286	True	valid	False	False	True	True
YALI1A15925g	optimal	1.8718823069402946	0.9999999999999972	1.8718823069402946	optimal	1.8718823069402946	True	valid	False	False	False	False
YALI1A16292g	optimal	1.8718823069402946	0.9999999999999972	1.8718823069402946	optimal	1.8718823069402946	True	valid	False	False	False	False
YALI1A16422g	optimal	1.8718823069402946	0.9999999999999972	1.8718823069402946	optimal	1.8718823069402946	True	valid	False	False	False	False
YALI1A16642g	optimal	1.8718823069402946	0.9999999999999972	1.8718823069402946	optimal	1.8718823069402946	True	valid	False	False	False	False
YALI1A16988g	optimal	1.8718823069402946	0.9999999999999972	1.8718823069402946	optimal	1.8718823069402946	True	valid	False	False	False	False
YALI1A17289g	optimal	1.8718823069402946	0.9999999999999972	1.8718823069402946	optimal	1.8718823069402946	True	valid	False	False	False	False
YALI1A17570g	optimal	1.8718823069402946	0.9999999999999972	1.8718823069402946	optimal	1.8718823069402946	True	valid	False	False	False	False
YALI1A17640g	optimal	1.8718823069402946	0.9999999999999972	1.8718823069402946	optimal	1.8718823069402946	True	valid	False	False	False	False
YALI1A18062g	optimal	1.8718823069402946	0.9999999999999972	1.8718823069402946	optimal	1.8718823069402946	True	valid	False	False	False	False
YALI1A18344g	optimal	0.0	0.0	0.0	optimal	0.0	True	valid	True	True	True	True
YALI1A18514g	optimal	1.8718823069402994	0.9999999999999999	1.8718823069402994	optimal	1.8718823069402994	True	valid	False	False	False	False
YALI1A19526g	optimal	0.0	0.0	0.0	optimal	0.0	True	valid	True	True	True	True
YALI1A19862g	optimal	1.871882306940303	1.0000000000000018	1.871882306940303	optimal	1.871882306940303	True	valid	False	False	False	False
YALI1A20063g	optimal	1.8718823069403	1.0000000000000002	1.8718823069403	optimal	1.8718823069403	True	valid	False	False	False	False
YALI1A20089g	optimal	1.8718823069403	1.0000000000000002	1.8718823069403	optimal	1.8718823069403	True	valid	False	False	False	False
YALI1A20176g	optimal	1.8714148028965751	0.999750249232021	1.8714148028965751	optimal	1.8714148028965751	True	valid	False	False	False	False
YALI1A20201g	optimal	1.8718823069403037	1.0000000000000022	1.8718823069403037	optimal	1.8718823069403037	True	valid	False	False	False	False
YALI1A20528g	optimal	1.8718823069403037	1.0000000000000022	1.8718823069403037	optimal	1.8718823069403037	True	valid	False	False	False	False
YALI1A20558g	optimal	1.8718823069403037	1.0000000000000022	1.8718823069403037	optimal	1.8718823069403037	True	valid	False	False	False	False
YALI1A20611g	optimal	1.8718823069403037	1.0000000000000022	1.8718823069403037	optimal	1.8718823069403037	True	valid	False	False	False	False
YALI1A21000g	optimal	1.8718823069403037	1.0000000000000022	1.8718823069403037	optimal	1.8718823069403037	True	valid	False	False	False	False
YALI1A21156g	optimal	1.8718823069403052	1.0000000000000029	1.8718823069403052	optimal	1.8718823069403052	True	valid	False	False	False	False
YALI1A21372g	optimal	1.8718823069403052	1.0000000000000029	1.8718823069403052	optimal	1.8718823069403052	True	valid	False	False	False	False
YALI1A21711g	optimal	1.8718823069403052	1.0000000000000029	1.8718823069403052	optimal	1.8718823069403052	True	valid	False	False	False	False
YALI1A21970g	optimal	1.8718823069403052	1.0000000000000029	1.8718823069403052	optimal	1.8718823069403052	True	valid	False	False	False	False
YALI1A22129g	optimal	1.8718823069403052	1.0000000000000029	1.8718823069403052	optimal	1.8718823069403052	True	valid	False	False	False	False
YALI1A22228g	optimal	1.8718823069403052	1.0000000000000029	1.8718823069403052	optimal	1.8718823069403052	True	valid	False	False	False	False
YALI1A22275g	optimal	1.8718823069403052	1.0000000000000029	1.8718823069403052	optimal	1.8718823069403052	True	valid	False	False	False	False
YALI1A22440g	optimal	1.68514107488371	0.9002387963365981	1.68514107488371	optimal	1.68514107488371	True	valid	False	False	False	False
YALI1B00214g	optimal	1.871882306940297	0.9999999999999986	1.871882306940297	optimal	1.871882306940297	True	valid	False	False	False	False
YALI1B00357g	optimal	1.871882306940297	0.9999999999999986	1.871882306940297	optimal	1.871882306940297	True	valid	False	False	False	False
YALI1B00578g	optimal	1.871882306940297	0.9999999999999986	1.871882306940297	optimal	1.871882306940297	True	valid	False	False	False	False
YALI1B00908g	optimal	1.871882306940297	0.9999999999999986	1.871882306940297	optimal	1.871882306940297	True	valid	False	False	False	False
YALI1B01084g	optimal	1.871882306940297	0.9999999999999986	1.871882306940297	optimal	1.871882306940297	True	valid	False	False	False	False
YALI1B01136g	optimal	1.871882306940297	0.9999999999999986	1.871882306940297	optimal	1.871882306940297	True	valid	False	False	False	False
YALI1B01428g	optimal	0.03894304281345364	0.02080421545150897	0.03894304281345364	optimal	0.03894304281345364	True	valid	False	True	True	True
YALI1B02194g	optimal	1.8718823069402981	0.9999999999999992	1.8718823069402981	optimal	1.8718823069402981	True	valid	False	False	False	False
YALI1B02283g	optimal	1.8718823069402981	0.9999999999999992	1.8718823069402981	optimal	1.8718823069402981	True	valid	False	False	False	False
YALI1B02345g	optimal	0.0	0.0	0.0	optimal	0.0	True	valid	True	True	True	True
YALI1B02487g	optimal	1.8718823069402974	0.9999999999999988	1.8718823069402974	optimal	1.8718823069402974	True	valid	False	False	False	False
YALI1B02637g	optimal	1.8718823069402997	1.0	1.8718823069402997	optimal	1.8718823069402997	True	valid	False	False	False	False
YALI1B02733g	optimal	1.8718823069402997	1.0	1.8718823069402997	optimal	1.8718823069402997	True	valid	False	False	False	False
YALI1B02806g	optimal	1.8718823069402974	0.9999999999999988	1.8718823069402974	optimal	1.8718823069402974	True	valid	False	False	False	False
YALI1B02833g	optimal	1.8718823069402974	0.9999999999999988	1.8718823069402974	optimal	1.8718823069402974	True	valid	False	False	False	False
YALI1B03198g	optimal	1.8718823069402974	0.9999999999999988	1.8718823069402974	optimal	1.8718823069402974	True	valid	False	False	False	False
YALI1B03314g	optimal	1.8718823069402974	0.9999999999999988	1.8718823069402974	optimal	1.8718823069402974	True	valid	False	False	False	False
YALI1B03719g	optimal	1.8718823069402974	0.9999999999999988	1.8718823069402974	optimal	1.8718823069402974	True	valid	False	False	False	False
YALI1B03910g	optimal	1.8718823069402974	0.9999999999999988	1.8718823069402974	optimal	1.8718823069402974	True	valid	False	False	False	False
YALI1B04138g	optimal	1.8718823069402974	0.9999999999999988	1.8718823069402974	optimal	1.8718823069402974	True	valid	False	False	False	False
YALI1B04309g	optimal	1.8691754206414268	0.9985539228140377	1.8691754206414268	optimal	1.8691754206414268	True	valid	False	False	False	False
YALI1B04433g	optimal	1.8718823069402994	0.9999999999999999	1.8718823069402994	optimal	1.8718823069402994	True	valid	False	False	False	False
YALI1B04589g	optimal	1.8718823069402997	1.0	1.8718823069402997	optimal	1.8718823069402997	True	valid	False	False	False	False
YALI1B04831g	optimal	1.8718823069402997	1.0	1.8718823069402997	optimal	1.8718823069402997	True	valid	False	False	False	False
YALI1B05024g	optimal	1.8718823069402977	0.9999999999999989	1.8718823069402977	optimal	1.8718823069402977	True	valid	False	False	False	False
YALI1B05072g	optimal	1.8718823069402977	0.9999999999999989	1.8718823069402977	optimal	1.8718823069402977	True	valid	False	False	False	False
YALI1B05364g	optimal	1.8718823069402977	0.9999999999999989	1.8718823069402977	optimal	1.8718823069402977	True	valid	False	False	False	False
YALI1B05571g	optimal	0.0	0.0	0.0	optimal	0.0	True	valid	True	True	True	True
YALI1B05609g	optimal	1.8718823069402954	0.9999999999999978	1.8718823069402954	optimal	1.8718823069402954	True	valid	False	False	False	False
YALI1B05798g	optimal	1.8718823069402952	0.9999999999999977	1.8718823069402952	optimal	1.8718823069402952	True	valid	False	False	False	False
YALI1B07094g	optimal	0.0	0.0	0.0	optimal	0.0	True	valid	True	True	True	True
YALI1B07366g	optimal	0.0	0.0	0.0	optimal	0.0	True	valid	True	True	True	True
YALI1B07538g	optimal	0.0	0.0	0.0	optimal	0.0	True	valid	True	True	True	True
YALI1B07957g	optimal	1.8718823069403	1.0000000000000002	1.8718823069403	optimal	1.8718823069403	True	valid	False	False	False	False
YALI1B08123g	optimal	1.8718823069403001	1.0000000000000002	1.8718823069403001	optimal	1.8718823069403001	True	valid	False	False	False	False
YALI1B08461g	optimal	1.8718823069403001	1.0000000000000002	1.8718823069403001	optimal	1.8718823069403001	True	valid	False	False	False	False
YALI1B08885g	optimal	1.8718823069403001	1.0000000000000002	1.8718823069403001	optimal	1.8718823069403001	True	valid	False	False	False	False
YALI1B09025g	optimal	1.8718823069403001	1.0000000000000002	1.8718823069403001	optimal	1.8718823069403001	True	valid	False	False	False	False
YALI1B09211g	optimal	1.8718823069403001	1.0000000000000002	1.8718823069403001	optimal	1.8718823069403001	True	valid	False	False	False	False
YALI1B09367g	optimal	1.8718823069403001	1.0000000000000002	1.8718823069403001	optimal	1.8718823069403001	True	valid	False	False	False	False
YALI1B09592g	optimal	0.0	0.0	0.0	optimal	0.0	True	valid	True	True	True	True
YALI1B10130g	optimal	1.7968119817125194	0.9598958091812476	1.7968119817125194	optimal	1.7968119817125194	True	valid	False	False	False	False
YALI1B10635g	optimal	0.25217282299849275	0.13471617422928894	0.25217282299849275	optimal	0.25217282299849275	True	valid	False	False	False	True
YALI1B10813g	optimal	1.8718823069403014	1.0000000000000009	1.8718823069403014	optimal	1.8718823069403014	True	valid	False	False	False	False
YALI1B11402g	optimal	1.8718823069403008	1.0000000000000007	1.8718823069403008	optimal	1.8718823069403008	True	valid	False	False	False	False
YALI1B11448g	optimal	1.8718823069403008	1.0000000000000007	1.8718823069403008	optimal	1.8718823069403008	True	valid	False	False	False	False
YALI1B11532g	optimal	1.871882306940296	0.999999999999998	1.871882306940296	optimal	1.871882306940296	True	valid	False	False	False	False
YALI1B12010g	optimal	0.0	0.0	0.0	optimal	0.0	True	valid	True	True	True	True
YALI1B12042g	optimal	1.871882306940299	0.9999999999999997	1.871882306940299	optimal	1.871882306940299	True	valid	False	False	False	False
YALI1B12489g	optimal	1.8718823069402986	0.9999999999999994	1.8718823069402986	optimal	1.8718823069402986	True	valid	False	False	False	False
YALI1B12742g	optimal	1.8718823069402986	0.9999999999999994	1.8718823069402986	optimal	1.8718823069402986	True	valid	False	False	False	False
YALI1B12781g	optimal	1.8718823069402986	0.9999999999999994	1.8718823069402986	optimal	1.8718823069402986	True	valid	False	False	False	False
YALI1B12966g	optimal	1.8718823069402986	0.9999999999999994	1.8718823069402986	optimal	1.8718823069402986	True	valid	False	False	False	False
YALI1B12993g	optimal	1.8718823069402986	0.9999999999999994	1.8718823069402986	optimal	1.8718823069402986	True	valid	False	False	False	False
YALI1B13179g	optimal	1.8718823069402986	0.9999999999999994	1.8718823069402986	optimal	1.8718823069402986	True	valid	False	False	False	False
YALI1B13948g	optimal	1.8718823069402986	0.9999999999999994	1.8718823069402986	optimal	1.8718823069402986	True	valid	False	False	False	False
YALI1B14044g	optimal	1.8718823069402986	0.9999999999999994	1.8718823069402986	optimal	1.8718823069402986	True	valid	False	False	False	False
YALI1B14382g	optimal	1.8718823069402986	0.9999999999999994	1.8718823069402986	optimal	1.8718823069402986	True	valid	False	False	False	False
YALI1B14733g	optimal	1.8718823069402986	0.9999999999999994	1.8718823069402986	optimal	1.8718823069402986	True	valid	False	False	False	False
YALI1B14826g	optimal	1.871882306940303	1.0000000000000018	1.871882306940303	optimal	1.871882306940303	True	valid	False	False	False	False
YALI1B14978g	optimal	1.8718823069403043	1.0000000000000024	1.8718823069403043	optimal	1.8718823069403043	True	valid	False	False	False	False
YALI1B15015g	optimal	1.8718823069403043	1.0000000000000024	1.8718823069403043	optimal	1.8718823069403043	True	valid	False	False	False	False
YALI1B15180g	optimal	1.8718823069403043	1.0000000000000024	1.8718823069403043	optimal	1.8718823069403043	True	valid	False	False	False	False
YALI1B15440g	optimal	1.8718823069403043	1.0000000000000024	1.8718823069403043	optimal	1.8718823069403043	True	valid	False	False	False	False
YALI1B15733g	optimal	1.8718823069403043	1.0000000000000024	1.8718823069403043	optimal	1.8718823069403043	True	valid	False	False	False	False
YALI1B15928g	optimal	1.8718823069403043	1.0000000000000024	1.8718823069403043	optimal	1.8718823069403043	True	valid	False	False	False	False
YALI1B17155g	optimal	1.8718823069403043	1.0000000000000024	1.8718823069403043	optimal	1.8718823069403043	True	valid	False	False	False	False
YALI1B17838g	optimal	1.8718823069403043	1.0000000000000024	1.8718823069403043	optimal	1.8718823069403043	True	valid	False	False	False	False
YALI1B17871g	optimal	1.8718823069403043	1.0000000000000024	1.8718823069403043	optimal	1.8718823069403043	True	valid	False	False	False	False
YALI1B17927g	optimal	1.8718823069403043	1.0000000000000024	1.8718823069403043	optimal	1.8718823069403043	True	valid	False	False	False	False
YALI1B18012g	optimal	1.8718823069403043	1.0000000000000024	1.8718823069403043	optimal	1.8718823069403043	True	valid	False	False	False	False
YALI1B18292g	optimal	1.8718823069403043	1.0000000000000024	1.8718823069403043	optimal	1.8718823069403043	True	valid	False	False	False	False
YALI1B18311g	optimal	1.8718823069403043	1.0000000000000024	1.8718823069403043	optimal	1.8718823069403043	True	valid	False	False	False	False
YALI1B18499g	optimal	1.8718823069403043	1.0000000000000024	1.8718823069403043	optimal	1.8718823069403043	True	valid	False	False	False	False
YALI1B18572g	optimal	1.8718823069403043	1.0000000000000024	1.8718823069403043	optimal	1.8718823069403043	True	valid	False	False	False	False
YALI1B18845g	optimal	1.8718823069403043	1.0000000000000024	1.8718823069403043	optimal	1.8718823069403043	True	valid	False	False	False	False
YALI1B18955g	optimal	0.0	0.0	0.0	optimal	0.0	True	valid	True	True	True	True
YALI1B19021g	optimal	1.871882306940293	0.9999999999999964	1.871882306940293	optimal	1.871882306940293	True	valid	False	False	False	False
YALI1B19079g	optimal	0.0	0.0	0.0	optimal	0.0	True	valid	True	True	True	True
YALI1B19107g	optimal	1.8718823069402917	0.9999999999999958	1.8718823069402917	optimal	1.8718823069402917	True	valid	False	False	False	False
YALI1B19217g	optimal	1.8718823069402892	0.9999999999999944	1.8718823069402892	optimal	1.8718823069402892	True	valid	False	False	False	False
YALI1B19348g	optimal	1.8718823069402892	0.9999999999999944	1.8718823069402892	optimal	1.8718823069402892	True	valid	False	False	False	False
YALI1B19490g	optimal	1.8718823069402892	0.9999999999999944	1.8718823069402892	optimal	1.8718823069402892	True	valid	False	False	False	False
YALI1B19507g	optimal	1.8718823069403026	1.0000000000000016	1.8718823069403026	optimal	1.8718823069403026	True	valid	False	False	False	False
YALI1B19576g	optimal	1.8718823069403026	1.0000000000000016	1.8718823069403026	optimal	1.8718823069403026	True	valid	False	False	False	False
YALI1B19844g	optimal	0.0	0.0	0.0	optimal	0.0	True	valid	True	True	True	True
YALI1B19932g	optimal	1.8718823069402981	0.9999999999999992	1.8718823069402981	optimal	1.8718823069402981	True	valid	False	False	False	False
YALI1B20108g	optimal	1.8718823069402981	0.9999999999999992	1.8718823069402981	optimal	1.8718823069402981	True	valid	False	False	False	False
YALI1B20153g	optimal	0.03894304281345905	0.02080421545151186	0.03894304281345905	optimal	0.03894304281345905	True	valid	False	True	True	True
YALI1B20289g	optimal	0.08967109688914747	0.047904238720926896	0.08967109688914747	optimal	0.08967109688914747	True	valid	False	True	True	True
YALI1B20462g	optimal	1.8718823069402941	0.999999999999997	1.8718823069402941	optimal	1.8718823069402941	True	valid	False	False	False	False
YALI1B20527g	optimal	1.8718823069402937	0.9999999999999968	1.8718823069402937	optimal	1.8718823069402937	True	valid	False	False	False	False
YALI1B20835g	optimal	1.8718823069402941	0.999999999999997	1.8718823069402941	optimal	1.8718823069402941	True	valid	False	False	False	False
YALI1B21004g	optimal	0.0	0.0	0.0	optimal	0.0	True	valid	True	True	True	True
YALI1B21070g	optimal	0.0	0.0	0.0	optimal	0.0	True	valid	True	True	True	True
YALI1B21088g	optimal	1.8718823069403012	1.0000000000000009	1.8718823069403012	optimal	1.8718823069403012	True	valid	False	False	False	False
YALI1B21134g	optimal	1.8718823069403023	1.0000000000000013	1.8718823069403023	optimal	1.8718823069403023	True	valid	False	False	False	False
YALI1B21155g	optimal	1.8718823069403023	1.0000000000000013	1.8718823069403023	optimal	1.8718823069403023	True	valid	False	False	False	False
YALI1B21313g	optimal	1.8718823069403023	1.0000000000000013	1.8718823069403023	optimal	1.8718823069403023	True	valid	False	False	False	False
YALI1B21356g	optimal	1.8718823069403023	1.0000000000000013	1.8718823069403023	optimal	1.8718823069403023	True	valid	False	False	False	False
YALI1B21538g	optimal	1.8718823069403023	1.0000000000000013	1.8718823069403023	optimal	1.8718823069403023	True	valid	False	False	False	False
YALI1B21618g	optimal	1.8718823069403023	1.0000000000000013	1.8718823069403023	optimal	1.8718823069403023	True	valid	False	False	False	False
YALI1B22321g	optimal	1.8718823069403023	1.0000000000000013	1.8718823069403023	optimal	1.8718823069403023	True	valid	False	False	False	False
YALI1B22375g	optimal	1.8718823069403023	1.0000000000000013	1.8718823069403023	optimal	1.8718823069403023	True	valid	False	False	False	False
YALI1B22549g	optimal	0.33026122972956606	0.17643268944050078	0.33026122972956606	optimal	0.33026122972956606	True	valid	False	False	False	False
YALI1B22614g	optimal	0.03894304281345371	0.020804215451509008	0.03894304281345371	optimal	0.03894304281345371	True	valid	False	True	True	True
YALI1B22820g	optimal	0.0	0.0	0.0	optimal	0.0	True	valid	True	True	True	True
YALI1B22853g	optimal	0.20595239043348756	0.1100242198293592	0.20595239043348756	optimal	0.20595239043348756	True	valid	False	False	False	True
YALI1B22883g	optimal	1.8718823069403003	1.0000000000000004	1.8718823069403003	optimal	1.8718823069403003	True	valid	False	False	False	False
YALI1B23017g	optimal	1.8718823069403003	1.0000000000000004	1.8718823069403003	optimal	1.8718823069403003	True	valid	False	False	False	False
YALI1B23153g	optimal	1.8718823069403003	1.0000000000000004	1.8718823069403003	optimal	1.8718823069403003	True	valid	False	False	False	False
YALI1B23237g	optimal	1.8718823069403003	1.0000000000000004	1.8718823069403003	optimal	1.8718823069403003	True	valid	False	False	False	False
YALI1B23300g	optimal	1.8718823069403003	1.0000000000000004	1.8718823069403003	optimal	1.8718823069403003	True	valid	False	False	False	False
YALI1B23834g	optimal	0.0	0.0	0.0	optimal	0.0	True	valid	True	True	True	True
YALI1B24424g	optimal	1.8718823069402935	0.9999999999999967	1.8718823069402935	optimal	1.8718823069402935	True	valid	False	False	False	False
YALI1B24638g	optimal	1.8718823069403	1.0000000000000002	1.8718823069403	optimal	1.8718823069403	True	valid	False	False	False	False
YALI1B25360g	optimal	1.8718823069403	1.0000000000000002	1.8718823069403	optimal	1.8718823069403	True	valid	False	False	False	False
YALI1B25395g	optimal	1.8718823069403	1.0000000000000002	1.8718823069403	optimal	1.8718823069403	True	valid	False	False	False	False
YALI1B25427g	optimal	0.0	0.0	0.0	optimal	0.0	True	valid	True	True	True	True
YALI1B25506g	optimal	1.8718823069402972	0.9999999999999987	1.8718823069402972	optimal	1.8718823069402972	True	valid	False	False	False	False
YALI1B25553g	optimal	1.8718823069402972	0.9999999999999987	1.8718823069402972	optimal	1.8718823069402972	True	valid	False	False	False	False
YALI1B25906g	optimal	1.8718823069402972	0.9999999999999987	1.8718823069402972	optimal	1.8718823069402972	True	valid	False	False	False	False
YALI1B26033g	optimal	1.8718823069402972	0.9999999999999987	1.8718823069402972	optimal	1.8718823069402972	True	valid	False	False	False	False
YALI1B26112g	optimal	1.8718823069402972	0.9999999999999987	1.8718823069402972	optimal	1.8718823069402972	True	valid	False	False	False	False
YALI1B26153g	optimal	1.8718823069402972	0.9999999999999987	1.8718823069402972	optimal	1.8718823069402972	True	valid	False	False	False	False
YALI1B26205g	optimal	1.8718823069402972	0.9999999999999987	1.8718823069402972	optimal	1.8718823069402972	True	valid	False	False	False	False
YALI1B26350g	optimal	1.8718823069402954	0.9999999999999978	1.8718823069402954	optimal	1.8718823069402954	True	valid	False	False	False	False
YALI1B26679g	optimal	1.8718823069403099	1.0000000000000056	1.8718823069403099	optimal	1.8718823069403099	True	valid	False	False	False	False
YALI1B26749g	optimal	1.871882306940302	1.0000000000000013	1.871882306940302	optimal	1.871882306940302	True	valid	False	False	False	False
YALI1B27564g	optimal	1.8718823069402994	0.9999999999999999	1.8718823069402994	optimal	1.8718823069402994	True	valid	False	False	False	False
YALI1B27645g	optimal	1.8718823069402994	0.9999999999999999	1.8718823069402994	optimal	1.8718823069402994	True	valid	False	False	False	False
YALI1B27874g	optimal	0.0	0.0	0.0	optimal	0.0	True	valid	True	True	True	True
YALI1B28025g	optimal	1.8718823069402946	0.9999999999999972	1.8718823069402946	optimal	1.8718823069402946	True	valid	False	False	False	False
YALI1B28349g	optimal	1.8718823069402946	0.9999999999999972	1.8718823069402946	optimal	1.8718823069402946	True	valid	False	False	False	False
YALI1B28394g	optimal	1.8718823069402946	0.9999999999999972	1.8718823069402946	optimal	1.8718823069402946	True	valid	False	False	False	False
YALI1B28454g	optimal	1.8718823069402946	0.9999999999999972	1.8718823069402946	optimal	1.8718823069402946	True	valid	False	False	False	False
YALI1B28659g	optimal	1.8718823069402946	0.9999999999999972	1.8718823069402946	optimal	1.8718823069402946	True	valid	False	False	False	False
YALI1B29133g	optimal	1.8718823069402946	0.9999999999999972	1.8718823069402946	optimal	1.8718823069402946	True	valid	False	False	False	False
YALI1B29243g	optimal	1.8718823069402946	0.9999999999999972	1.8718823069402946	optimal	1.8718823069402946	True	valid	False	False	False	False
YALI1B29419g	optimal	1.8718823069402946	0.9999999999999972	1.8718823069402946	optimal	1.8718823069402946	True	valid	False	False	False	False
YALI1B29483g	optimal	1.8718823069402946	0.9999999999999972	1.8718823069402946	optimal	1.8718823069402946	True	valid	False	False	False	False
YALI1B29562g	optimal	1.8718823069402946	0.9999999999999972	1.8718823069402946	optimal	1.8718823069402946	True	valid	False	False	False	False
YALI1B29867g	optimal	1.7939309564292734	0.9583567031848053	1.7939309564292734	optimal	1.7939309564292734	True	valid	False	False	False	False
YALI1B29883g	optimal	1.871882306940297	0.9999999999999986	1.871882306940297	optimal	1.871882306940297	True	valid	False	False	False	False
YALI1B29895g	optimal	1.8718823069402986	0.9999999999999994	1.8718823069402986	optimal	1.8718823069402986	True	valid	False	False	False	False
YALI1B30090g	optimal	0.03894304281345664	0.020804215451510573	0.03894304281345664	optimal	0.03894304281345664	True	valid	False	True	True	True
YALI1B30181g	optimal	0.0	0.0	0.0	optimal	0.0	True	valid	True	True	True	True
YALI1B30275g	optimal	1.8718823069402981	0.9999999999999992	1.8718823069402981	optimal	1.8718823069402981	True	valid	False	False	False	False
YALI1C00230g	optimal	0.0	0.0	0.0	optimal	0.0	True	valid	True	True	True	True
YALI1C00293g	optimal	0.29306632037743346	0.15656236468011037	0.29306632037743346	optimal	0.29306632037743346	True	valid	False	False	False	False
YALI1C00464g	optimal	1.871882306940304	1.0000000000000024	1.871882306940304	optimal	1.871882306940304	True	valid	False	False	False	False
YALI1C00550g	optimal	1.871882306940304	1.0000000000000024	1.871882306940304	optimal	1.871882306940304	True	valid	False	False	False	False
YALI1C00694g	optimal	1.871882306940304	1.0000000000000024	1.871882306940304	optimal	1.871882306940304	True	valid	False	False	False	False
YALI1C00826g	optimal	1.871882306940304	1.0000000000000024	1.871882306940304	optimal	1.871882306940304	True	valid	False	False	False	False
YALI1C00999g	optimal	1.871882306940304	1.0000000000000024	1.871882306940304	optimal	1.871882306940304	True	valid	False	False	False	False
YALI1C01129g	optimal	1.871882306940304	1.0000000000000024	1.871882306940304	optimal	1.871882306940304	True	valid	False	False	False	False
YALI1C01520g	optimal	1.871882306940304	1.0000000000000024	1.871882306940304	optimal	1.871882306940304	True	valid	False	False	False	False
YALI1C01944g	optimal	1.871882306940304	1.0000000000000024	1.871882306940304	optimal	1.871882306940304	True	valid	False	False	False	False
YALI1C01965g	optimal	1.871882306940304	1.0000000000000024	1.871882306940304	optimal	1.871882306940304	True	valid	False	False	False	False
YALI1C02391g	optimal	1.871882306940304	1.0000000000000024	1.871882306940304	optimal	1.871882306940304	True	valid	False	False	False	False
YALI1C02550g	optimal	1.871882306940304	1.0000000000000024	1.871882306940304	optimal	1.871882306940304	True	valid	False	False	False	False
YALI1C03415g	optimal	1.871882306940304	1.0000000000000024	1.871882306940304	optimal	1.871882306940304	True	valid	False	False	False	False
YALI1C03848g	optimal	1.871882306940304	1.0000000000000024	1.871882306940304	optimal	1.871882306940304	True	valid	False	False	False	False
YALI1C04067g	optimal	1.871882306940304	1.0000000000000024	1.871882306940304	optimal	1.871882306940304	True	valid	False	False	False	False
YALI1C04093g	optimal	1.871882306940304	1.0000000000000024	1.871882306940304	optimal	1.871882306940304	True	valid	False	False	False	False
YALI1C04265g	optimal	1.871882306940304	1.0000000000000024	1.871882306940304	optimal	1.871882306940304	True	valid	False	False	False	False
YALI1C04281g	optimal	1.871882306940304	1.0000000000000024	1.871882306940304	optimal	1.871882306940304	True	valid	False	False	False	False
YALI1C04798g	optimal	1.871882306940304	1.0000000000000024	1.871882306940304	optimal	1.871882306940304	True	valid	False	False	False	False
YALI1C04882g	optimal	0.0	0.0	0.0	optimal	0.0	True	valid	True	True	True	True
YALI1C05386g	optimal	1.8718823069403001	1.0000000000000002	1.8718823069403001	optimal	1.8718823069403001	True	valid	False	False	False	False
YALI1C05570g	optimal	1.8718823069402968	0.9999999999999984	1.8718823069402968	optimal	1.8718823069402968	True	valid	False	False	False	False
YALI1C05908g	optimal	1.8718823069403	1.0000000000000002	1.8718823069403	optimal	1.8718823069403	True	valid	False	False	False	False
YALI1C05972g	optimal	1.8718823069402988	0.9999999999999996	1.8718823069402988	optimal	1.8718823069402988	True	valid	False	False	False	False
YALI1C06006g	optimal	1.8718823069402988	0.9999999999999996	1.8718823069402988	optimal	1.8718823069402988	True	valid	False	False	False	False
YALI1C06222g	optimal	1.8718823069402988	0.9999999999999996	1.8718823069402988	optimal	1.8718823069402988	True	valid	False	False	False	False
YALI1C06626g	optimal	0.15942540041944286	0.08516849581212878	0.15942540041944286	optimal	0.15942540041944286	True	valid	False	False	True	True
YALI1C06681g	optimal	1.871882306940297	0.9999999999999986	1.871882306940297	optimal	1.871882306940297	True	valid	False	False	False	False
YALI1C06951g	optimal	1.871882306940297	0.9999999999999986	1.871882306940297	optimal	1.871882306940297	True	valid	False	False	False	False
YALI1C07360g	optimal	1.871882306940297	0.9999999999999986	1.871882306940297	optimal	1.871882306940297	True	valid	False	False	False	False
YALI1C07423g	optimal	1.871882306940297	0.9999999999999986	1.871882306940297	optimal	1.871882306940297	True	valid	False	False	False	False
YALI1C07638g	optimal	1.8718823069402972	0.9999999999999987	1.8718823069402972	optimal	1.8718823069402972	True	valid	False	False	False	False
YALI1C07816g	optimal	1.8718823069402972	0.9999999999999987	1.8718823069402972	optimal	1.8718823069402972	True	valid	False	False	False	False
YALI1C08017g	optimal	1.8718823069402972	0.9999999999999987	1.8718823069402972	optimal	1.8718823069402972	True	valid	False	False	False	False
YALI1C08173g	optimal	1.8718823069402972	0.9999999999999987	1.8718823069402972	optimal	1.8718823069402972	True	valid	False	False	False	False
YALI1C08197g	optimal	1.8718823069402972	0.9999999999999987	1.8718823069402972	optimal	1.8718823069402972	True	valid	False	False	False	False
YALI1C08262g	optimal	1.8718823069402972	0.9999999999999987	1.8718823069402972	optimal	1.8718823069402972	True	valid	False	False	False	False
YALI1C08523g	optimal	1.8718823069402972	0.9999999999999987	1.8718823069402972	optimal	1.8718823069402972	True	valid	False	False	False	False
YALI1C08548g	optimal	1.8718823069402972	0.9999999999999987	1.8718823069402972	optimal	1.8718823069402972	True	valid	False	False	False	False
YALI1C08702g	optimal	1.8718823069402972	0.9999999999999987	1.8718823069402972	optimal	1.8718823069402972	True	valid	False	False	False	False
YALI1C09033g	optimal	1.815266353504013	0.9697545335909346	1.815266353504013	optimal	1.815266353504013	True	valid	False	False	False	False
YALI1C09072g	optimal	1.8718823069403017	1.000000000000001	1.8718823069403017	optimal	1.8718823069403017	True	valid	False	False	False	False
YALI1C09285g	optimal	1.8718823069403017	1.000000000000001	1.8718823069403017	optimal	1.8718823069403017	True	valid	False	False	False	False
YALI1C09308g	optimal	1.8718823069403017	1.000000000000001	1.8718823069403017	optimal	1.8718823069403017	True	valid	False	False	False	False
YALI1C09380g	optimal	1.8718823069403017	1.000000000000001	1.8718823069403017	optimal	1.8718823069403017	True	valid	False	False	False	False
YALI1C09467g	optimal	0.15942540041944286	0.08516849581212878	0.15942540041944286	optimal	0.15942540041944286	True	valid	False	False	True	True
YALI1C09773g	optimal	1.871882306940297	0.9999999999999986	1.871882306940297	optimal	1.871882306940297	True	valid	False	False	False	False
YALI1C10232g	optimal	1.871882306940297	0.9999999999999986	1.871882306940297	optimal	1.871882306940297	True	valid	False	False	False	False
YALI1C10293g	optimal	1.871882306940297	0.9999999999999986	1.871882306940297	optimal	1.871882306940297	True	valid	False	False	False	False
YALI1C10762g	optimal	1.871882306940297	0.9999999999999986	1.871882306940297	optimal	1.871882306940297	True	valid	False	False	False	False
YALI1C11773g	optimal	1.871882306940297	0.9999999999999986	1.871882306940297	optimal	1.871882306940297	True	valid	False	False	False	False
YALI1C12024g	optimal	1.871882306940297	0.9999999999999986	1.871882306940297	optimal	1.871882306940297	True	valid	False	False	False	False
YALI1C12220g	optimal	1.871882306940297	0.9999999999999986	1.871882306940297	optimal	1.871882306940297	True	valid	False	False	False	False
YALI1C12619g	optimal	1.871882306940297	0.9999999999999986	1.871882306940297	optimal	1.871882306940297	True	valid	False	False	False	False
YALI1C13355g	optimal	1.871882306940297	0.9999999999999986	1.871882306940297	optimal	1.871882306940297	True	valid	False	False	False	False
YALI1C13768g	optimal	1.871882306940297	0.9999999999999986	1.871882306940297	optimal	1.871882306940297	True	valid	False	False	False	False
YALI1C15048g	optimal	1.871882306940297	0.9999999999999986	1.871882306940297	optimal	1.871882306940297	True	valid	False	False	False	False
YALI1C15180g	optimal	1.871882306940297	0.9999999999999986	1.871882306940297	optimal	1.871882306940297	True	valid	False	False	False	False
YALI1C15297g	optimal	0.0	0.0	0.0	optimal	0.0	True	valid	True	True	True	True
YALI1C15420g	optimal	1.8718823069403032	1.000000000000002	1.8718823069403032	optimal	1.8718823069403032	True	valid	False	False	False	False
YALI1C15526g	optimal	1.8718823069402903	0.999999999999995	1.8718823069402903	optimal	1.8718823069402903	True	valid	False	False	False	False
YALI1C15776g	optimal	1.8718823069402903	0.999999999999995	1.8718823069402903	optimal	1.8718823069402903	True	valid	False	False	False	False
YALI1C15945g	optimal	1.8718823069402903	0.999999999999995	1.8718823069402903	optimal	1.8718823069402903	True	valid	False	False	False	False
YALI1C15991g	optimal	1.8718823069402903	0.999999999999995	1.8718823069402903	optimal	1.8718823069402903	True	valid	False	False	False	False
YALI1C16485g	optimal	1.8718823069402903	0.999999999999995	1.8718823069402903	optimal	1.8718823069402903	True	valid	False	False	False	False
YALI1C16621g	optimal	1.7106943139688513	0.9138898891378916	1.7106943139688513	optimal	1.7106943139688513	True	valid	False	False	False	False
YALI1C16932g	optimal	1.8718823069402994	0.9999999999999999	1.8718823069402994	optimal	1.8718823069402994	True	valid	False	False	False	False
YALI1C17100g	optimal	1.871882306940297	0.9999999999999986	1.871882306940297	optimal	1.871882306940297	True	valid	False	False	False	False
YALI1C17932g	optimal	1.871882306940301	1.0000000000000007	1.871882306940301	optimal	1.871882306940301	True	valid	False	False	False	False
YALI1C17947g	optimal	0.0	0.0	0.0	optimal	0.0	True	valid	True	True	True	True
YALI1C18258g	optimal	1.8718823069403001	1.0000000000000002	1.8718823069403001	optimal	1.8718823069403001	True	valid	False	False	False	False
YALI1C18590g	optimal	1.8718823069403008	1.0000000000000007	1.8718823069403008	optimal	1.8718823069403008	True	valid	False	False	False	False
YALI1C18771g	optimal	1.8718823069403008	1.0000000000000007	1.8718823069403008	optimal	1.8718823069403008	True	valid	False	False	False	False
YALI1C18872g	optimal	1.8718823069403008	1.0000000000000007	1.8718823069403008	optimal	1.8718823069403008	True	valid	False	False	False	False
YALI1C19814g	optimal	1.8718823069403008	1.0000000000000007	1.8718823069403008	optimal	1.8718823069403008	True	valid	False	False	False	False
YALI1C19943g	optimal	1.8718823069403008	1.0000000000000007	1.8718823069403008	optimal	1.8718823069403008	True	valid	False	False	False	False
YALI1C20054g	optimal	1.8718823069403008	1.0000000000000007	1.8718823069403008	optimal	1.8718823069403008	True	valid	False	False	False	False
YALI1C20198g	optimal	1.8718823069402963	0.9999999999999982	1.8718823069402963	optimal	1.8718823069402963	True	valid	False	False	False	False
YALI1C20224g	optimal	1.8705702191338913	0.9992990543254009	1.8705702191338913	optimal	1.8705702191338913	True	valid	False	False	False	False
YALI1C21487g	optimal	0.0	0.0	0.0	optimal	0.0	True	valid	True	True	True	True
YALI1C21946g	optimal	1.8718823069403	1.0000000000000002	1.8718823069403	optimal	1.8718823069403	True	valid	False	False	False	False
YALI1C22186g	optimal	1.8718823069403	1.0000000000000002	1.8718823069403	optimal	1.8718823069403	True	valid	False	False	False	False
YALI1C22751g	optimal	1.8718823069403	1.0000000000000002	1.8718823069403	optimal	1.8718823069403	True	valid	False	False	False	False
YALI1C23511g	optimal	0.0	0.0	0.0	optimal	0.0	True	valid	True	True	True	True
YALI1C23601g	optimal	1.8718823069402994	0.9999999999999999	1.8718823069402994	optimal	1.8718823069402994	True	valid	False	False	False	False
YALI1C23902g	optimal	1.8718823069402994	0.9999999999999999	1.8718823069402994	optimal	1.8718823069402994	True	valid	False	False	False	False
YALI1C24124g	optimal	1.8718823069402994	0.9999999999999999	1.8718823069402994	optimal	1.8718823069402994	True	valid	False	False	False	False
YALI1C24165g	optimal	1.8718823069402994	0.9999999999999999	1.8718823069402994	optimal	1.8718823069402994	True	valid	False	False	False	False
YALI1C24367g	optimal	1.8718823069403023	1.0000000000000013	1.8718823069403023	optimal	1.8718823069403023	True	valid	False	False	False	False
YALI1C24488g	optimal	1.8718823069403023	1.0000000000000013	1.8718823069403023	optimal	1.8718823069403023	True	valid	False	False	False	False
YALI1C24567g	optimal	1.8718823069403023	1.0000000000000013	1.8718823069403023	optimal	1.8718823069403023	True	valid	False	False	False	False
YALI1C24611g	optimal	1.8718823069403023	1.0000000000000013	1.8718823069403023	optimal	1.8718823069403023	True	valid	False	False	False	False
YALI1C24647g	optimal	1.8718823069403023	1.0000000000000013	1.8718823069403023	optimal	1.8718823069403023	True	valid	False	False	False	False
YALI1C25029g	optimal	1.8718823069403023	1.0000000000000013	1.8718823069403023	optimal	1.8718823069403023	True	valid	False	False	False	False
YALI1C25093g	optimal	1.8718823069403023	1.0000000000000013	1.8718823069403023	optimal	1.8718823069403023	True	valid	False	False	False	False
YALI1C25190g	optimal	1.8718823069403023	1.0000000000000013	1.8718823069403023	optimal	1.8718823069403023	True	valid	False	False	False	False
YALI1C25352g	optimal	1.8718823069403023	1.0000000000000013	1.8718823069403023	optimal	1.8718823069403023	True	valid	False	False	False	False
YALI1C25512g	optimal	1.8718823069403023	1.0000000000000013	1.8718823069403023	optimal	1.8718823069403023	True	valid	False	False	False	False
YALI1C25598g	optimal	1.8718823069403023	1.0000000000000013	1.8718823069403023	optimal	1.8718823069403023	True	valid	False	False	False	False
YALI1C25782g	optimal	1.8718823069403023	1.0000000000000013	1.8718823069403023	optimal	1.8718823069403023	True	valid	False	False	False	False
YALI1C26017g	optimal	1.8718823069403023	1.0000000000000013	1.8718823069403023	optimal	1.8718823069403023	True	valid	False	False	False	False
YALI1C26036g	optimal	1.8718823069403023	1.0000000000000013	1.8718823069403023	optimal	1.8718823069403023	True	valid	False	False	False	False
YALI1C26276g	optimal	1.8718823069403023	1.0000000000000013	1.8718823069403023	optimal	1.8718823069403023	True	valid	False	False	False	False
YALI1C26544g	optimal	1.8718823069403023	1.0000000000000013	1.8718823069403023	optimal	1.8718823069403023	True	valid	False	False	False	False
YALI1C26939g	optimal	1.8718823069403023	1.0000000000000013	1.8718823069403023	optimal	1.8718823069403023	True	valid	False	False	False	False
YALI1C27061g	optimal	1.8718823069402994	0.9999999999999999	1.8718823069402994	optimal	1.8718823069402994	True	valid	False	False	False	False
YALI1C27229g	optimal	1.8718823069403023	1.0000000000000013	1.8718823069403023	optimal	1.8718823069403023	True	valid	False	False	False	False
YALI1C27933g	optimal	1.8718823069403023	1.0000000000000013	1.8718823069403023	optimal	1.8718823069403023	True	valid	False	False	False	False
YALI1C28263g	optimal	1.8718823069403023	1.0000000000000013	1.8718823069403023	optimal	1.8718823069403023	True	valid	False	False	False	False
YALI1C28310g	optimal	1.8718823069403023	1.0000000000000013	1.8718823069403023	optimal	1.8718823069403023	True	valid	False	False	False	False
YALI1C28479g	optimal	1.8718823069403023	1.0000000000000013	1.8718823069403023	optimal	1.8718823069403023	True	valid	False	False	False	False
YALI1C28497g	optimal	1.8718823069403023	1.0000000000000013	1.8718823069403023	optimal	1.8718823069403023	True	valid	False	False	False	False
YALI1C28621g	optimal	1.8718823069403023	1.0000000000000013	1.8718823069403023	optimal	1.8718823069403023	True	valid	False	False	False	False
YALI1C29104g	optimal	1.8718823069403023	1.0000000000000013	1.8718823069403023	optimal	1.8718823069403023	True	valid	False	False	False	False
YALI1C29538g	optimal	1.8718823069403023	1.0000000000000013	1.8718823069403023	optimal	1.8718823069403023	True	valid	False	False	False	False
YALI1C29920g	optimal	1.8718823069403023	1.0000000000000013	1.8718823069403023	optimal	1.8718823069403023	True	valid	False	False	False	False
YALI1C30440g	optimal	1.8718823069403023	1.0000000000000013	1.8718823069403023	optimal	1.8718823069403023	True	valid	False	False	False	False
YALI1C30514g	optimal	0.0	0.0	0.0	optimal	0.0	True	valid	True	True	True	True
YALI1C31122g	optimal	1.871882306940295	0.9999999999999976	1.871882306940295	optimal	1.871882306940295	True	valid	False	False	False	False
YALI1C31510g	optimal	1.8718823069403	1.0000000000000002	1.8718823069403	optimal	1.8718823069403	True	valid	False	False	False	False
YALI1C32031g	optimal	1.8718823069402983	0.9999999999999993	1.8718823069402983	optimal	1.8718823069402983	True	valid	False	False	False	False
YALI1C32119g	optimal	1.8718823069402992	0.9999999999999998	1.8718823069402992	optimal	1.8718823069402992	True	valid	False	False	False	False
YALI1C32156g	optimal	1.8718823069402992	0.9999999999999998	1.8718823069402992	optimal	1.8718823069402992	True	valid	False	False	False	False
YALI1C32184g	optimal	1.8718823069402992	0.9999999999999998	1.8718823069402992	optimal	1.8718823069402992	True	valid	False	False	False	False
YALI1C32276g	optimal	0.29306632037743346	0.15656236468011037	0.29306632037743346	optimal	0.29306632037743346	True	valid	False	False	False	False
YALI1C32609g	optimal	1.8718823069402997	1.0	1.8718823069402997	optimal	1.8718823069402997	True	valid	False	False	False	False
YALI1C32810g	optimal	1.8718823069402997	1.0	1.8718823069402997	optimal	1.8718823069402997	True	valid	False	False	False	False
YALI1C32886g	optimal	1.8718823069402997	1.0	1.8718823069402997	optimal	1.8718823069402997	True	valid	False	False	False	False
YALI1C33005g	optimal	1.8718823069402997	1.0	1.8718823069402997	optimal	1.8718823069402997	True	valid	False	False	False	False
YALI1C33152g	optimal	1.8718823069402997	1.0	1.8718823069402997	optimal	1.8718823069402997	True	valid	False	False	False	False
YALI1C33270g	optimal	1.8718823069402997	1.0	1.8718823069402997	optimal	1.8718823069402997	True	valid	False	False	False	False
YALI1C33299g	optimal	1.8718823069402997	1.0	1.8718823069402997	optimal	1.8718823069402997	True	valid	False	False	False	False
YALI1C33406g	optimal	1.8718823069402997	1.0	1.8718823069402997	optimal	1.8718823069402997	True	valid	False	False	False	False
YALI1C353g	optimal	1.8718823069402997	1.0	1.8718823069402997	optimal	1.8718823069402997	True	valid	False	False	False	False
YALI1D00094g	optimal	1.8718823069402997	1.0	1.8718823069402997	optimal	1.8718823069402997	True	valid	False	False	False	False
YALI1D00376g	optimal	1.8718823069402997	1.0	1.8718823069402997	optimal	1.8718823069402997	True	valid	False	False	False	False
YALI1D00515g	optimal	1.8718823069402997	1.0	1.8718823069402997	optimal	1.8718823069402997	True	valid	False	False	False	False
YALI1D00581g	optimal	1.8718823069402997	1.0	1.8718823069402997	optimal	1.8718823069402997	True	valid	False	False	False	False
YALI1D00614g	optimal	1.8718823069402997	1.0	1.8718823069402997	optimal	1.8718823069402997	True	valid	False	False	False	False
YALI1D00766g	optimal	1.8718823069402997	1.0	1.8718823069402997	optimal	1.8718823069402997	True	valid	False	False	False	False
YALI1D01188g	optimal	0.27287936335684576	0.14577805578112596	0.27287936335684576	optimal	0.27287936335684576	True	valid	False	False	False	True
YALI1D01234g	optimal	1.8718823069402981	0.9999999999999992	1.8718823069402981	optimal	1.8718823069402981	True	valid	False	False	False	False
YALI1D01431g	optimal	0.0	0.0	0.0	optimal	0.0	True	valid	True	True	True	True
YALI1D01489g	optimal	1.8718823069402966	0.9999999999999983	1.8718823069402966	optimal	1.8718823069402966	True	valid	False	False	False	False
YALI1D02000g	optimal	1.8718823069402994	0.9999999999999999	1.8718823069402994	optimal	1.8718823069402994	True	valid	False	False	False	False
YALI1D02041g	optimal	1.8718823069402994	0.9999999999999999	1.8718823069402994	optimal	1.8718823069402994	True	valid	False	False	False	False
YALI1D02416g	optimal	1.8718823069402994	0.9999999999999999	1.8718823069402994	optimal	1.8718823069402994	True	valid	False	False	False	False
YALI1D02444g	optimal	1.8718823069402994	0.9999999999999999	1.8718823069402994	optimal	1.8718823069402994	True	valid	False	False	False	False
YALI1D02625g	optimal	1.8718823069402994	0.9999999999999999	1.8718823069402994	optimal	1.8718823069402994	True	valid	False	False	False	False
YALI1D02781g	optimal	1.8718823069402994	0.9999999999999999	1.8718823069402994	optimal	1.8718823069402994	True	valid	False	False	False	False
YALI1D03047g	optimal	1.8718823069402923	0.9999999999999961	1.8718823069402923	optimal	1.8718823069402923	True	valid	False	False	False	False
YALI1D03221g	optimal	0.08967109688914747	0.047904238720926896	0.08967109688914747	optimal	0.08967109688914747	True	valid	False	True	True	True
YALI1D03865g	optimal	1.8718823069403034	1.000000000000002	1.8718823069403034	optimal	1.8718823069403034	True	valid	False	False	False	False
YALI1D03952g	optimal	0.29306632037743346	0.15656236468011037	0.29306632037743346	optimal	0.29306632037743346	True	valid	False	False	False	False
YALI1D04055g	optimal	1.8718823069402948	0.9999999999999973	1.8718823069402948	optimal	1.8718823069402948	True	valid	False	False	False	False
YALI1D04261g	optimal	1.8718823069402948	0.9999999999999973	1.8718823069402948	optimal	1.8718823069402948	True	valid	False	False	False	False
YALI1D04432g	optimal	1.8718823069402948	0.9999999999999973	1.8718823069402948	optimal	1.8718823069402948	True	valid	False	False	False	False
YALI1D04566g	optimal	1.8718823069402948	0.9999999999999973	1.8718823069402948	optimal	1.8718823069402948	True	valid	False	False	False	False
YALI1D05038g	optimal	1.8718823069402948	0.9999999999999973	1.8718823069402948	optimal	1.8718823069402948	True	valid	False	False	False	False
YALI1D05111g	optimal	1.8718823069402948	0.9999999999999973	1.8718823069402948	optimal	1.8718823069402948	True	valid	False	False	False	False
YALI1D05270g	optimal	1.8718823069402948	0.9999999999999973	1.8718823069402948	optimal	1.8718823069402948	True	valid	False	False	False	False
YALI1D05320g	optimal	1.8718823069402948	0.9999999999999973	1.8718823069402948	optimal	1.8718823069402948	True	valid	False	False	False	False
YALI1D05440g	optimal	1.8718823069402948	0.9999999999999973	1.8718823069402948	optimal	1.8718823069402948	True	valid	False	False	False	False
YALI1D05474g	optimal	0.0	0.0	0.0	optimal	0.0	True	valid	True	True	True	True
YALI1D05873g	optimal	1.8718823069402952	0.9999999999999977	1.8718823069402952	optimal	1.8718823069402952	True	valid	False	False	False	False
YALI1D06302g	optimal	1.8718823069402988	0.9999999999999996	1.8718823069402988	optimal	1.8718823069402988	True	valid	False	False	False	False
YALI1D06380g	optimal	1.8718823069402988	0.9999999999999996	1.8718823069402988	optimal	1.8718823069402988	True	valid	False	False	False	False
YALI1D06883g	optimal	1.8718823069402988	0.9999999999999996	1.8718823069402988	optimal	1.8718823069402988	True	valid	False	False	False	False
YALI1D07089g	optimal	1.8718823069402988	0.9999999999999996	1.8718823069402988	optimal	1.8718823069402988	True	valid	False	False	False	False
YALI1D07232g	optimal	0.0	0.0	0.0	optimal	0.0	True	valid	True	True	True	True
YALI1D07451g	optimal	1.8718823069402928	0.9999999999999963	1.8718823069402928	optimal	1.8718823069402928	True	valid	False	False	False	False
YALI1D07486g	optimal	1.8718823069403032	1.000000000000002	1.8718823069403032	optimal	1.8718823069403032	True	valid	False	False	False	False
YALI1D07665g	optimal	1.8718823069403032	1.000000000000002	1.8718823069403032	optimal	1.8718823069403032	True	valid	False	False	False	False
YALI1D07696g	optimal	1.8718823069403032	1.000000000000002	1.8718823069403032	optimal	1.8718823069403032	True	valid	False	False	False	False
YALI1D07981g	optimal	1.8718823069403032	1.000000000000002	1.8718823069403032	optimal	1.8718823069403032	True	valid	False	False	False	False
YALI1D08000g	optimal	1.8718823069403032	1.000000000000002	1.8718823069403032	optimal	1.8718823069403032	True	valid	False	False	False	False
YALI1D08050g	optimal	0.0	0.0	0.0	optimal	0.0	True	valid	True	True	True	True
YALI1D08082g	optimal	1.8718823069402915	0.9999999999999956	1.8718823069402915	optimal	1.8718823069402915	True	valid	False	False	False	False
YALI1D08125g	optimal	1.871882306940292	0.9999999999999959	1.871882306940292	optimal	1.871882306940292	True	valid	False	False	False	False
YALI1D08205g	optimal	1.871882306940292	0.9999999999999959	1.871882306940292	optimal	1.871882306940292	True	valid	False	False	False	False
YALI1D08339g	optimal	1.871882306940292	0.9999999999999959	1.871882306940292	optimal	1.871882306940292	True	valid	False	False	False	False
YALI1D08734g	optimal	0.20595239043348756	0.1100242198293592	0.20595239043348756	optimal	0.20595239043348756	True	valid	False	False	False	True
YALI1D08884g	optimal	1.871882306940299	0.9999999999999997	1.871882306940299	optimal	1.871882306940299	True	valid	False	False	False	False
YALI1D08946g	optimal	1.8718823069402935	0.9999999999999967	1.8718823069402935	optimal	1.8718823069402935	True	valid	False	False	False	False
YALI1D09034g	optimal	1.8718823069402977	0.9999999999999989	1.8718823069402977	optimal	1.8718823069402977	True	valid	False	False	False	False
YALI1D09203g	optimal	1.8718823069402977	0.9999999999999989	1.8718823069402977	optimal	1.8718823069402977	True	valid	False	False	False	False
YALI1D09420g	optimal	1.8718823069402977	0.9999999999999989	1.8718823069402977	optimal	1.8718823069402977	True	valid	False	False	False	False
YALI1D09453g	optimal	1.8718823069402977	0.9999999999999989	1.8718823069402977	optimal	1.8718823069402977	True	valid	False	False	False	False
YALI1D09712g	optimal	1.8718823069402977	0.9999999999999989	1.8718823069402977	optimal	1.8718823069402977	True	valid	False	False	False	False
YALI1D09870g	optimal	1.8718823069402977	0.9999999999999989	1.8718823069402977	optimal	1.8718823069402977	True	valid	False	False	False	False
YALI1D10197g	optimal	1.8718823069402977	0.9999999999999989	1.8718823069402977	optimal	1.8718823069402977	True	valid	False	False	False	False
YALI1D10264g	optimal	1.8703863010535386	0.9992008013104167	1.8703863010535386	optimal	1.8703863010535386	True	valid	False	False	False	False
YALI1D10495g	optimal	1.871882306940299	0.9999999999999997	1.871882306940299	optimal	1.871882306940299	True	valid	False	False	False	False
YALI1D10535g	optimal	1.871882306940299	0.9999999999999997	1.871882306940299	optimal	1.871882306940299	True	valid	False	False	False	False
YALI1D10768g	optimal	1.871882306940299	0.9999999999999997	1.871882306940299	optimal	1.871882306940299	True	valid	False	False	False	False
YALI1D10930g	optimal	0.0	0.0	0.0	optimal	0.0	True	valid	True	True	True	True
YALI1D11015g	optimal	1.8718823069403063	1.0000000000000036	1.8718823069403063	optimal	1.8718823069403063	True	valid	False	False	False	False
YALI1D11159g	optimal	1.8718823069402986	0.9999999999999994	1.8718823069402986	optimal	1.8718823069402986	True	valid	False	False	False	False
YALI1D11256g	optimal	1.8718823069402986	0.9999999999999994	1.8718823069402986	optimal	1.8718823069402986	True	valid	False	False	False	False
YALI1D11686g	optimal	1.8718823069402986	0.9999999999999994	1.8718823069402986	optimal	1.8718823069402986	True	valid	False	False	False	False
YALI1D11769g	optimal	1.8718823069403037	1.0000000000000022	1.8718823069403037	optimal	1.8718823069403037	True	valid	False	False	False	False
YALI1D11810g	optimal	1.8718823069403057	1.000000000000003	1.8718823069403057	optimal	1.8718823069403057	True	valid	False	False	False	False
YALI1D11984g	optimal	1.8718823069402917	0.9999999999999958	1.8718823069402917	optimal	1.8718823069402917	True	valid	False	False	False	False
YALI1D12493g	optimal	1.8691754206414328	0.9985539228140409	1.8691754206414328	optimal	1.8691754206414328	True	valid	False	False	False	False
YALI1D12723g	optimal	1.8718823069402997	1.0	1.8718823069402997	optimal	1.8718823069402997	True	valid	False	False	False	False
YALI1D12832g	optimal	1.871882306940299	0.9999999999999997	1.871882306940299	optimal	1.871882306940299	True	valid	False	False	False	False
YALI1D13201g	optimal	1.871882306940299	0.9999999999999997	1.871882306940299	optimal	1.871882306940299	True	valid	False	False	False	False
YALI1D13238g	optimal	0.08967109688914747	0.047904238720926896	0.08967109688914747	optimal	0.08967109688914747	True	valid	False	True	True	True
YALI1D13510g	optimal	1.8718823069402988	0.9999999999999996	1.8718823069402988	optimal	1.8718823069402988	True	valid	False	False	False	False
YALI1D13963g	optimal	1.7968119817125197	0.9598958091812477	1.7968119817125197	optimal	1.7968119817125197	True	valid	False	False	False	False
YALI1D14058g	optimal	0.25217282299849414	0.1347161742292897	0.25217282299849414	optimal	0.25217282299849414	True	valid	False	False	False	True
YALI1D14199g	optimal	1.8718823069402968	0.9999999999999984	1.8718823069402968	optimal	1.8718823069402968	True	valid	False	False	False	False
YALI1D14260g	optimal	1.8718823069402968	0.9999999999999984	1.8718823069402968	optimal	1.8718823069402968	True	valid	False	False	False	False
YALI1D14453g	optimal	1.8718823069402968	0.9999999999999984	1.8718823069402968	optimal	1.8718823069402968	True	valid	False	False	False	False
YALI1D14532g	optimal	0.27287936335684576	0.14577805578112596	0.27287936335684576	optimal	0.27287936335684576	True	valid	False	False	False	True
YALI1D14639g	optimal	1.8718823069402957	0.9999999999999979	1.8718823069402957	optimal	1.8718823069402957	True	valid	False	False	False	False
YALI1D14670g	optimal	1.8718823069402957	0.9999999999999979	1.8718823069402957	optimal	1.8718823069402957	True	valid	False	False	False	False
YALI1D15030g	optimal	1.8718823069402957	0.9999999999999979	1.8718823069402957	optimal	1.8718823069402957	True	valid	False	False	False	False
YALI1D15063g	optimal	0.0	0.0	0.0	optimal	0.0	True	valid	True	True	True	True
YALI1D15398g	optimal	1.8718823069402986	0.9999999999999994	1.8718823069402986	optimal	1.8718823069402986	True	valid	False	False	False	False
YALI1D15424g	optimal	1.871882306940301	1.0000000000000007	1.871882306940301	optimal	1.871882306940301	True	valid	False	False	False	False
YALI1D15734g	optimal	1.871882306940301	1.0000000000000007	1.871882306940301	optimal	1.871882306940301	True	valid	False	False	False	False
YALI1D15848g	optimal	1.871882306940301	1.0000000000000007	1.871882306940301	optimal	1.871882306940301	True	valid	False	False	False	False
YALI1D16144g	optimal	1.871882306940301	1.0000000000000007	1.871882306940301	optimal	1.871882306940301	True	valid	False	False	False	False
YALI1D16151g	optimal	1.871882306940301	1.0000000000000007	1.871882306940301	optimal	1.871882306940301	True	valid	False	False	False	False
YALI1D16290g	optimal	0.0	0.0	0.0	optimal	0.0	True	valid	True	True	True	True
YALI1D16809g	optimal	0.27287936335684576	0.14577805578112596	0.27287936335684576	optimal	0.27287936335684576	True	valid	False	False	False	True
YALI1D17299g	optimal	1.871882306940299	0.9999999999999997	1.871882306940299	optimal	1.871882306940299	True	valid	False	False	False	False
YALI1D17462g	optimal	0.20595239043348756	0.1100242198293592	0.20595239043348756	optimal	0.20595239043348756	True	valid	False	False	False	True
YALI1D17482g	optimal	1.8718823069402966	0.9999999999999983	1.8718823069402966	optimal	1.8718823069402966	True	valid	False	False	False	False
YALI1D17620g	optimal	0.0	0.0	0.0	optimal	0.0	True	valid	True	True	True	True
YALI1D17983g	optimal	1.8718823069402968	0.9999999999999984	1.8718823069402968	optimal	1.8718823069402968	True	valid	False	False	False	False
YALI1D18037g	optimal	1.8718823069402983	0.9999999999999993	1.8718823069402983	optimal	1.8718823069402983	True	valid	False	False	False	False
YALI1D18130g	optimal	0.20595239043348756	0.1100242198293592	0.20595239043348756	optimal	0.20595239043348756	True	valid	False	False	False	True
YALI1D18577g	optimal	0.0	0.0	0.0	optimal	0.0	True	valid	True	True	True	True
YALI1D18845g	optimal	1.8718823069402988	0.9999999999999996	1.8718823069402988	optimal	1.8718823069402988	True	valid	False	False	False	False
YALI1D18890g	optimal	1.8718823069403	1.0000000000000002	1.8718823069403	optimal	1.8718823069403	True	valid	False	False	False	False
YALI1D19108g	optimal	1.8718823069403	1.0000000000000002	1.8718823069403	optimal	1.8718823069403	True	valid	False	False	False	False
YALI1D19110g	optimal	1.8718823069403	1.0000000000000002	1.8718823069403	optimal	1.8718823069403	True	valid	False	False	False	False
YALI1D19252g	optimal	1.8718823069403	1.0000000000000002	1.8718823069403	optimal	1.8718823069403	True	valid	False	False	False	False
YALI1D19951g	optimal	1.8718823069403	1.0000000000000002	1.8718823069403	optimal	1.8718823069403	True	valid	False	False	False	False
YALI1D20061g	optimal	1.8718823069403	1.0000000000000002	1.8718823069403	optimal	1.8718823069403	True	valid	False	False	False	False
YALI1D20222g	optimal	1.81670269472215	0.97052185812454	1.81670269472215	optimal	1.81670269472215	True	valid	False	False	False	False
YALI1D20257g	optimal	1.8705702191338969	0.9992990543254039	1.8705702191338969	optimal	1.8705702191338969	True	valid	False	False	False	False
YALI1D20359g	optimal	1.871882306940298	0.999999999999999	1.871882306940298	optimal	1.871882306940298	True	valid	False	False	False	False
YALI1D20473g	optimal	0.0	0.0	0.0	optimal	0.0	True	valid	True	True	True	True
YALI1D20676g	optimal	1.8718823069402992	0.9999999999999998	1.8718823069402992	optimal	1.8718823069402992	True	valid	False	False	False	False
YALI1D20706g	optimal	1.8718823069402992	0.9999999999999998	1.8718823069402992	optimal	1.8718823069402992	True	valid	False	False	False	False
YALI1D21022g	optimal	1.8718823069402992	0.9999999999999998	1.8718823069402992	optimal	1.8718823069402992	True	valid	False	False	False	False
YALI1D21023g	optimal	1.8718823069402992	0.9999999999999998	1.8718823069402992	optimal	1.8718823069402992	True	valid	False	False	False	False
YALI1D21408g	optimal	1.8718823069402986	0.9999999999999994	1.8718823069402986	optimal	1.8718823069402986	True	valid	False	False	False	False
YALI1D21511g	optimal	1.8718823069402997	1.0	1.8718823069402997	optimal	1.8718823069402997	True	valid	False	False	False	False
YALI1D21543g	optimal	1.8718823069402997	1.0	1.8718823069402997	optimal	1.8718823069402997	True	valid	False	False	False	False
YALI1D21631g	optimal	1.8718823069402997	1.0	1.8718823069402997	optimal	1.8718823069402997	True	valid	False	False	False	False
YALI1D22083g	optimal	1.8718823069402997	1.0	1.8718823069402997	optimal	1.8718823069402997	True	valid	False	False	False	False
YALI1D22124g	optimal	0.0	0.0	0.0	optimal	0.0	True	valid	True	True	True	True
YALI1D22237g	optimal	0.3302612297295661	0.1764326894405008	0.3302612297295661	optimal	0.3302612297295661	True	valid	False	False	False	False
YALI1D22274g	optimal	1.8718823069403019	1.000000000000001	1.8718823069403019	optimal	1.8718823069403019	True	valid	False	False	False	False
YALI1D22834g	optimal	1.8718823069403019	1.000000000000001	1.8718823069403019	optimal	1.8718823069403019	True	valid	False	False	False	False
YALI1D22906g	optimal	1.8718823069403019	1.000000000000001	1.8718823069403019	optimal	1.8718823069403019	True	valid	False	False	False	False
YALI1D22997g	optimal	1.8718823069403019	1.000000000000001	1.8718823069403019	optimal	1.8718823069403019	True	valid	False	False	False	False
YALI1D23067g	optimal	1.8718823069403019	1.000000000000001	1.8718823069403019	optimal	1.8718823069403019	True	valid	False	False	False	False
YALI1D23128g	optimal	1.8718823069403019	1.000000000000001	1.8718823069403019	optimal	1.8718823069403019	True	valid	False	False	False	False
YALI1D23237g	optimal	1.8718823069403019	1.000000000000001	1.8718823069403019	optimal	1.8718823069403019	True	valid	False	False	False	False
YALI1D23885g	optimal	1.8718823069403019	1.000000000000001	1.8718823069403019	optimal	1.8718823069403019	True	valid	False	False	False	False
YALI1D23995g	optimal	1.8718823069403019	1.000000000000001	1.8718823069403019	optimal	1.8718823069403019	True	valid	False	False	False	False
YALI1D24109g	optimal	1.8718823069403019	1.000000000000001	1.8718823069403019	optimal	1.8718823069403019	True	valid	False	False	False	False
YALI1D24249g	optimal	1.8718823069403019	1.000000000000001	1.8718823069403019	optimal	1.8718823069403019	True	valid	False	False	False	False
YALI1D24333g	optimal	1.8718823069403019	1.000000000000001	1.8718823069403019	optimal	1.8718823069403019	True	valid	False	False	False	False
YALI1D24361g	optimal	0.0	0.0	0.0	optimal	0.0	True	valid	True	True	True	True
YALI1D24649g	optimal	1.8718823069402994	0.9999999999999999	1.8718823069402994	optimal	1.8718823069402994	True	valid	False	False	False	False
YALI1D25037g	optimal	1.8718823069402994	0.9999999999999999	1.8718823069402994	optimal	1.8718823069402994	True	valid	False	False	False	False
YALI1D25359g	optimal	1.8718823069402994	0.9999999999999999	1.8718823069402994	optimal	1.8718823069402994	True	valid	False	False	False	False
YALI1D25400g	optimal	1.8718823069402994	0.9999999999999999	1.8718823069402994	optimal	1.8718823069402994	True	valid	False	False	False	False
YALI1D25450g	optimal	0.0	0.0	0.0	optimal	0.0	True	valid	True	True	True	True
YALI1D25664g	optimal	1.8718823069403008	1.0000000000000007	1.8718823069403008	optimal	1.8718823069403008	True	valid	False	False	False	False
YALI1D26320g	optimal	1.8718823069403008	1.0000000000000007	1.8718823069403008	optimal	1.8718823069403008	True	valid	False	False	False	False
YALI1D26360g	optimal	1.8718823069403008	1.0000000000000007	1.8718823069403008	optimal	1.8718823069403008	True	valid	False	False	False	False
YALI1D26438g	optimal	1.8718823069403008	1.0000000000000007	1.8718823069403008	optimal	1.8718823069403008	True	valid	False	False	False	False
YALI1D26496g	optimal	0.0	0.0	0.0	optimal	0.0	True	valid	True	True	True	True
YALI1D26610g	optimal	1.871882306940298	0.999999999999999	1.871882306940298	optimal	1.871882306940298	True	valid	False	False	False	False
YALI1D26639g	optimal	1.871882306940291	0.9999999999999953	1.871882306940291	optimal	1.871882306940291	True	valid	False	False	False	False
YALI1D27148g	optimal	0.0	0.0	0.0	optimal	0.0	True	valid	True	True	True	True
YALI1D27274g	optimal	1.8718823069403	1.0000000000000002	1.8718823069403	optimal	1.8718823069403	True	valid	False	False	False	False
YALI1D27808g	optimal	1.8718823069403112	1.0000000000000062	1.8718823069403112	optimal	1.8718823069403112	True	valid	False	False	False	False
YALI1D27826g	optimal	1.8718823069403112	1.0000000000000062	1.8718823069403112	optimal	1.8718823069403112	True	valid	False	False	False	False
YALI1D28087g	optimal	0.0	0.0	0.0	optimal	0.0	True	valid	True	True	True	True
YALI1D28351g	optimal	1.8718823069403	1.0000000000000002	1.8718823069403	optimal	1.8718823069403	True	valid	False	False	False	False
YALI1D28569g	optimal	1.8718823069403	1.0000000000000002	1.8718823069403	optimal	1.8718823069403	True	valid	False	False	False	False
YALI1D29419g	optimal	0.20595239043348756	0.1100242198293592	0.20595239043348756	optimal	0.20595239043348756	True	valid	False	False	False	True
YALI1D29481g	optimal	0.08967109688914747	0.047904238720926896	0.08967109688914747	optimal	0.08967109688914747	True	valid	False	True	True	True
YALI1D29523g	optimal	1.8718823069403001	1.0000000000000002	1.8718823069403001	optimal	1.8718823069403001	True	valid	False	False	False	False
YALI1D30196g	optimal	1.8718823069403001	1.0000000000000002	1.8718823069403001	optimal	1.8718823069403001	True	valid	False	False	False	False
YALI1D30256g	optimal	1.8718823069403001	1.0000000000000002	1.8718823069403001	optimal	1.8718823069403001	True	valid	False	False	False	False
YALI1D30570g	optimal	1.8718823069403001	1.0000000000000002	1.8718823069403001	optimal	1.8718823069403001	True	valid	False	False	False	False
YALI1D30618g	optimal	1.8718823069403001	1.0000000000000002	1.8718823069403001	optimal	1.8718823069403001	True	valid	False	False	False	False
YALI1D30866g	optimal	1.8718823069403001	1.0000000000000002	1.8718823069403001	optimal	1.8718823069403001	True	valid	False	False	False	False
YALI1D31719g	optimal	1.8718823069403001	1.0000000000000002	1.8718823069403001	optimal	1.8718823069403001	True	valid	False	False	False	False
YALI1D32209g	optimal	0.03894304281345176	0.020804215451507967	0.03894304281345176	optimal	0.03894304281345176	True	valid	False	True	True	True
YALI1D32268g	optimal	1.8718823069402961	0.9999999999999981	1.8718823069402961	optimal	1.8718823069402961	True	valid	False	False	False	False
YALI1D32550g	optimal	1.8718823069402961	0.9999999999999981	1.8718823069402961	optimal	1.8718823069402961	True	valid	False	False	False	False
YALI1D32568g	optimal	1.8718823069402961	0.9999999999999981	1.8718823069402961	optimal	1.8718823069402961	True	valid	False	False	False	False
YALI1D32594g	optimal	1.8718823069402986	0.9999999999999994	1.8718823069402986	optimal	1.8718823069402986	True	valid	False	False	False	False
YALI1D32619g	optimal	1.8718823069402986	0.9999999999999994	1.8718823069402986	optimal	1.8718823069402986	True	valid	False	False	False	False
YALI1D32754g	optimal	1.871882306940299	0.9999999999999997	1.871882306940299	optimal	1.871882306940299	True	valid	False	False	False	False
YALI1D33380g	optimal	1.8718823069402932	0.9999999999999966	1.8718823069402932	optimal	1.8718823069402932	True	valid	False	False	False	False
YALI1D33465g	optimal	1.8718823069402932	0.9999999999999966	1.8718823069402932	optimal	1.8718823069402932	True	valid	False	False	False	False
YALI1D33780g	optimal	1.8718823069402932	0.9999999999999966	1.8718823069402932	optimal	1.8718823069402932	True	valid	False	False	False	False
YALI1D33889g	optimal	1.8718823069402932	0.9999999999999966	1.8718823069402932	optimal	1.8718823069402932	True	valid	False	False	False	False
YALI1D33961g	optimal	1.8718823069402932	0.9999999999999966	1.8718823069402932	optimal	1.8718823069402932	True	valid	False	False	False	False
YALI1D34149g	optimal	1.8718823069402932	0.9999999999999966	1.8718823069402932	optimal	1.8718823069402932	True	valid	False	False	False	False
YALI1D34288g	optimal	1.8718823069402932	0.9999999999999966	1.8718823069402932	optimal	1.8718823069402932	True	valid	False	False	False	False
YALI1D34529g	optimal	1.8718823069402812	0.9999999999999901	1.8718823069402812	optimal	1.8718823069402812	True	valid	False	False	False	False
YALI1D34865g	optimal	0.20595239043348756	0.1100242198293592	0.20595239043348756	optimal	0.20595239043348756	True	valid	False	False	False	True
YALI1D35593g	optimal	1.8703868964305619	0.9992011193736949	1.8703868964305619	optimal	1.8703868964305619	True	valid	False	False	False	False
YALI1D35735g	optimal	0.0	0.0	0.0	optimal	0.0	True	valid	True	True	True	True
YALI1D35787g	optimal	1.7968119817125188	0.9598958091812473	1.7968119817125188	optimal	1.7968119817125188	True	valid	False	False	False	False
YALI1D36215g	optimal	1.8718823069402963	0.9999999999999982	1.8718823069402963	optimal	1.8718823069402963	True	valid	False	False	False	False
YALI1E00574g	optimal	1.8718823069402963	0.9999999999999982	1.8718823069402963	optimal	1.8718823069402963	True	valid	False	False	False	False
YALI1E00588g	optimal	1.8718823069402963	0.9999999999999982	1.8718823069402963	optimal	1.8718823069402963	True	valid	False	False	False	False
YALI1E00760g	optimal	0.25217282299849314	0.13471617422928917	0.25217282299849314	optimal	0.25217282299849314	True	valid	False	False	False	True
YALI1E00907g	optimal	1.8718823069402986	0.9999999999999994	1.8718823069402986	optimal	1.8718823069402986	True	valid	False	False	False	False
YALI1E01019g	optimal	1.8718823069402986	0.9999999999999994	1.8718823069402986	optimal	1.8718823069402986	True	valid	False	False	False	False
YALI1E01159g	optimal	1.8718823069402986	0.9999999999999994	1.8718823069402986	optimal	1.8718823069402986	True	valid	False	False	False	False
YALI1E01235g	optimal	1.8718823069402986	0.9999999999999994	1.8718823069402986	optimal	1.8718823069402986	True	valid	False	False	False	False
YALI1E01589g	optimal	1.8718823069402986	0.9999999999999994	1.8718823069402986	optimal	1.8718823069402986	True	valid	False	False	False	False
YALI1E01793g	optimal	0.15942540041944286	0.08516849581212878	0.15942540041944286	optimal	0.15942540041944286	True	valid	False	False	True	True
YALI1E02413g	optimal	1.8718823069402981	0.9999999999999992	1.8718823069402981	optimal	1.8718823069402981	True	valid	False	False	False	False
YALI1E02616g	optimal	0.0	0.0	0.0	optimal	0.0	True	valid	True	True	True	True
YALI1E02678g	optimal	1.871882306940292	0.9999999999999959	1.871882306940292	optimal	1.871882306940292	True	valid	False	False	False	False
YALI1E02832g	optimal	1.871882306940292	0.9999999999999959	1.871882306940292	optimal	1.871882306940292	True	valid	False	False	False	False
YALI1E02885g	optimal	1.8718823069402997	1.0	1.8718823069402997	optimal	1.8718823069402997	True	valid	False	False	False	False
YALI1E02906g	optimal	1.8718823069402997	1.0	1.8718823069402997	optimal	1.8718823069402997	True	valid	False	False	False	False
YALI1E03039g	optimal	1.8718823069402997	1.0	1.8718823069402997	optimal	1.8718823069402997	True	valid	False	False	False	False
YALI1E03300g	optimal	1.8718823069402997	1.0	1.8718823069402997	optimal	1.8718823069402997	True	valid	False	False	False	False
YALI1E03387g	optimal	0.08967109688914747	0.047904238720926896	0.08967109688914747	optimal	0.08967109688914747	True	valid	False	True	True	True
YALI1E03623g	optimal	1.8718823069403003	1.0000000000000004	1.8718823069403003	optimal	1.8718823069403003	True	valid	False	False	False	False
YALI1E03762g	optimal	0.0	0.0	0.0	optimal	0.0	True	valid	True	True	True	True
YALI1E03870g	optimal	1.8718823069402957	0.9999999999999979	1.8718823069402957	optimal	1.8718823069402957	True	valid	False	False	False	False
YALI1E04744g	optimal	1.8718823069402986	0.9999999999999994	1.8718823069402986	optimal	1.8718823069402986	True	valid	False	False	False	False
YALI1E04823g	optimal	1.8718823069402986	0.9999999999999994	1.8718823069402986	optimal	1.8718823069402986	True	valid	False	False	False	False
YALI1E05004g	optimal	1.8718823069402966	0.9999999999999983	1.8718823069402966	optimal	1.8718823069402966	True	valid	False	False	False	False
YALI1E05074g	optimal	1.8718823069402986	0.9999999999999994	1.8718823069402986	optimal	1.8718823069402986	True	valid	False	False	False	False
YALI1E05103g	optimal	1.8718823069402986	0.9999999999999994	1.8718823069402986	optimal	1.8718823069402986	True	valid	False	False	False	False
YALI1E05180g	optimal	1.8718823069402986	0.9999999999999994	1.8718823069402986	optimal	1.8718823069402986	True	valid	False	False	False	False
YALI1E05701g	optimal	1.8718823069402986	0.9999999999999994	1.8718823069402986	optimal	1.8718823069402986	True	valid	False	False	False	False
YALI1E05731g	optimal	0.0	0.0	0.0	optimal	0.0	True	valid	True	True	True	True
YALI1E05833g	optimal	1.8718823069402943	0.9999999999999971	1.8718823069402943	optimal	1.8718823069402943	True	valid	False	False	False	False
YALI1E05907g	optimal	0.0	0.0	0.0	optimal	0.0	True	valid	True	True	True	True
YALI1E05929g	optimal	1.8718823069403012	1.0000000000000009	1.8718823069403012	optimal	1.8718823069403012	True	valid	False	False	False	False
YALI1E05963g	optimal	0.15942540041944286	0.08516849581212878	0.15942540041944286	optimal	0.15942540041944286	True	valid	False	False	True	True
YALI1E06015g	optimal	1.8718823069403001	1.0000000000000002	1.8718823069403001	optimal	1.8718823069403001	True	valid	False	False	False	False
YALI1E06056g	optimal	1.8718823069403001	1.0000000000000002	1.8718823069403001	optimal	1.8718823069403001	True	valid	False	False	False	False
YALI1E06573g	optimal	1.8718823069403001	1.0000000000000002	1.8718823069403001	optimal	1.8718823069403001	True	valid	False	False	False	False
YALI1E06759g	optimal	0.0	0.0	0.0	optimal	0.0	True	valid	True	True	True	True
YALI1E07121g	optimal	1.8718823069402943	0.9999999999999971	1.8718823069402943	optimal	1.8718823069402943	True	valid	False	False	False	False
YALI1E07347g	optimal	0.0	0.0	0.0	optimal	0.0	True	valid	True	True	True	True
YALI1E07506g	optimal	0.0	0.0	0.0	optimal	0.0	True	valid	True	True	True	True
YALI1E07601g	optimal	1.8718823069402974	0.9999999999999988	1.8718823069402974	optimal	1.8718823069402974	True	valid	False	False	False	False
YALI1E07676g	optimal	0.08967109688914747	0.047904238720926896	0.08967109688914747	optimal	0.08967109688914747	True	valid	False	True	True	True
YALI1E07744g	optimal	1.8718823069402992	0.9999999999999998	1.8718823069402992	optimal	1.8718823069402992	True	valid	False	False	False	False
YALI1E07899g	optimal	1.8718823069402992	0.9999999999999998	1.8718823069402992	optimal	1.8718823069402992	True	valid	False	False	False	False
YALI1E08382g	optimal	1.8691754206414297	0.9985539228140392	1.8691754206414297	optimal	1.8691754206414297	True	valid	False	False	False	False
YALI1E08530g	optimal	1.8718823069402994	0.9999999999999999	1.8718823069402994	optimal	1.8718823069402994	True	valid	False	False	False	False
YALI1E08575g	optimal	1.8718823069402992	0.9999999999999998	1.8718823069402992	optimal	1.8718823069402992	True	valid	False	False	False	False
YALI1E08620g	optimal	1.8718823069402992	0.9999999999999998	1.8718823069402992	optimal	1.8718823069402992	True	valid	False	False	False	False
YALI1E08937g	optimal	1.8718823069402992	0.9999999999999998	1.8718823069402992	optimal	1.8718823069402992	True	valid	False	False	False	False
YALI1E09329g	optimal	1.8718823069402992	0.9999999999999998	1.8718823069402992	optimal	1.8718823069402992	True	valid	False	False	False	False
YALI1E10210g	optimal	1.8718823069402992	0.9999999999999998	1.8718823069402992	optimal	1.8718823069402992	True	valid	False	False	False	False
YALI1E10364g	optimal	1.8718823069403059	1.0000000000000033	1.8718823069403059	optimal	1.8718823069403059	True	valid	False	False	False	False
YALI1E10492g	optimal	1.8718823069403023	1.0000000000000013	1.8718823069403023	optimal	1.8718823069403023	True	valid	False	False	False	False
YALI1E10951g	optimal	1.8718823069403023	1.0000000000000013	1.8718823069403023	optimal	1.8718823069403023	True	valid	False	False	False	False
YALI1E11255g	optimal	1.8718823069403003	1.0000000000000004	1.8718823069403003	optimal	1.8718823069403003	True	valid	False	False	False	False
YALI1E11370g	optimal	1.8718823069403003	1.0000000000000004	1.8718823069403003	optimal	1.8718823069403003	True	valid	False	False	False	False
YALI1E11415g	optimal	1.8718823069403003	1.0000000000000004	1.8718823069403003	optimal	1.8718823069403003	True	valid	False	False	False	False
YALI1E11510g	optimal	0.08967109688914747	0.047904238720926896	0.08967109688914747	optimal	0.08967109688914747	True	valid	False	True	True	True
YALI1E11768g	optimal	1.8718823069402957	0.9999999999999979	1.8718823069402957	optimal	1.8718823069402957	True	valid	False	False	False	False
YALI1E11943g	optimal	1.8718823069402957	0.9999999999999979	1.8718823069402957	optimal	1.8718823069402957	True	valid	False	False	False	False
YALI1E12482g	optimal	1.8718823069402957	0.9999999999999979	1.8718823069402957	optimal	1.8718823069402957	True	valid	False	False	False	False
YALI1E12730g	optimal	1.8718823069403048	1.0000000000000027	1.8718823069403048	optimal	1.8718823069403048	True	valid	False	False	False	False
YALI1E12893g	optimal	1.8718823069403048	1.0000000000000027	1.8718823069403048	optimal	1.8718823069403048	True	valid	False	False	False	False
YALI1E12987g	optimal	1.8718823069403048	1.0000000000000027	1.8718823069403048	optimal	1.8718823069403048	True	valid	False	False	False	False
YALI1E13223g	optimal	1.8718823069403048	1.0000000000000027	1.8718823069403048	optimal	1.8718823069403048	True	valid	False	False	False	False
YALI1E13329g	optimal	1.8718823069403048	1.0000000000000027	1.8718823069403048	optimal	1.8718823069403048	True	valid	False	False	False	False
YALI1E13514g	optimal	1.8718823069403048	1.0000000000000027	1.8718823069403048	optimal	1.8718823069403048	True	valid	False	False	False	False
YALI1E13899g	optimal	1.8718823069403048	1.0000000000000027	1.8718823069403048	optimal	1.8718823069403048	True	valid	False	False	False	False
YALI1E14125g	optimal	1.8718823069403048	1.0000000000000027	1.8718823069403048	optimal	1.8718823069403048	True	valid	False	False	False	False
YALI1E14153g	optimal	1.8718823069403048	1.0000000000000027	1.8718823069403048	optimal	1.8718823069403048	True	valid	False	False	False	False
YALI1E14316g	optimal	1.8718823069403048	1.0000000000000027	1.8718823069403048	optimal	1.8718823069403048	True	valid	False	False	False	False
YALI1E14505g	optimal	1.8718823069403048	1.0000000000000027	1.8718823069403048	optimal	1.8718823069403048	True	valid	False	False	False	False
YALI1E14619g	optimal	1.8718823069403048	1.0000000000000027	1.8718823069403048	optimal	1.8718823069403048	True	valid	False	False	False	False
YALI1E14709g	optimal	1.8718823069403048	1.0000000000000027	1.8718823069403048	optimal	1.8718823069403048	True	valid	False	False	False	False
YALI1E14925g	optimal	1.8718823069403048	1.0000000000000027	1.8718823069403048	optimal	1.8718823069403048	True	valid	False	False	False	False
YALI1E15432g	optimal	0.0	0.0	0.0	optimal	0.0	True	valid	True	True	True	True
YALI1E15452g	optimal	1.8718823069402954	0.9999999999999978	1.8718823069402954	optimal	1.8718823069402954	True	valid	False	False	False	False
YALI1E15555g	optimal	1.8718823069403	1.0000000000000002	1.8718823069403	optimal	1.8718823069403	True	valid	False	False	False	False
YALI1E15606g	optimal	1.8718823069402966	0.9999999999999983	1.8718823069402966	optimal	1.8718823069402966	True	valid	False	False	False	False
YALI1E15659g	optimal	0.14989878416810523	0.08007917143739848	0.14989878416810523	optimal	0.14989878416810523	True	valid	False	False	True	True
YALI1E15804g	optimal	1.8718823069403043	1.0000000000000024	1.8718823069403043	optimal	1.8718823069403043	True	valid	False	False	False	False
YALI1E16002g	optimal	0.20595239043348756	0.1100242198293592	0.20595239043348756	optimal	0.20595239043348756	True	valid	False	False	False	True
YALI1E16068g	optimal	0.0	0.0	0.0	optimal	0.0	True	valid	True	True	True	True
YALI1E16694g	optimal	1.8718823069403052	1.0000000000000029	1.8718823069403052	optimal	1.8718823069403052	True	valid	False	False	False	False
YALI1E17162g	optimal	1.8718823069403052	1.0000000000000029	1.8718823069403052	optimal	1.8718823069403052	True	valid	False	False	False	False
YALI1E17214g	optimal	1.8718823069402992	0.9999999999999998	1.8718823069402992	optimal	1.8718823069402992	True	valid	False	False	False	False
YALI1E17258g	optimal	1.8718823069402997	1.0	1.8718823069402997	optimal	1.8718823069402997	True	valid	False	False	False	False
YALI1E17326g	optimal	1.8718823069402997	1.0	1.8718823069402997	optimal	1.8718823069402997	True	valid	False	False	False	False
YALI1E17355g	optimal	1.8718823069402997	1.0	1.8718823069402997	optimal	1.8718823069402997	True	valid	False	False	False	False
YALI1E17431g	optimal	0.0	0.0	0.0	optimal	0.0	True	valid	True	True	True	True
YALI1E17574g	optimal	0.0	0.0	0.0	optimal	0.0	True	valid	True	True	True	True
YALI1E17616g	optimal	0.0	0.0	0.0	optimal	0.0	True	valid	True	True	True	True
YALI1E17699g	optimal	1.8718823069403039	1.0000000000000022	1.8718823069403039	optimal	1.8718823069403039	True	valid	False	False	False	False
YALI1E17754g	optimal	1.8718823069402986	0.9999999999999994	1.8718823069402986	optimal	1.8718823069402986	True	valid	False	False	False	False
YALI1E17935g	optimal	1.8718823069402986	0.9999999999999994	1.8718823069402986	optimal	1.8718823069402986	True	valid	False	False	False	False
YALI1E18121g	optimal	1.8718823069402986	0.9999999999999994	1.8718823069402986	optimal	1.8718823069402986	True	valid	False	False	False	False
YALI1E18171g	optimal	1.8718823069402986	0.9999999999999994	1.8718823069402986	optimal	1.8718823069402986	True	valid	False	False	False	False
YALI1E18242g	optimal	1.8718823069402986	0.9999999999999994	1.8718823069402986	optimal	1.8718823069402986	True	valid	False	False	False	False
YALI1E18269g	optimal	1.8718823069402986	0.9999999999999994	1.8718823069402986	optimal	1.8718823069402986	True	valid	False	False	False	False
YALI1E18441g	optimal	1.871882306940295	0.9999999999999976	1.871882306940295	optimal	1.871882306940295	True	valid	False	False	False	False
YALI1E18480g	optimal	1.8718823069402988	0.9999999999999996	1.8718823069402988	optimal	1.8718823069402988	True	valid	False	False	False	False
YALI1E18539g	optimal	1.8718823069403006	1.0000000000000004	1.8718823069403006	optimal	1.8718823069403006	True	valid	False	False	False	False
YALI1E18927g	optimal	1.8718823069403006	1.0000000000000004	1.8718823069403006	optimal	1.8718823069403006	True	valid	False	False	False	False
YALI1E18961g	optimal	0.0	0.0	0.0	optimal	0.0	True	valid	True	True	True	True
YALI1E19014g	optimal	1.8718823069402923	0.9999999999999961	1.8718823069402923	optimal	1.8718823069402923	True	valid	False	False	False	False
YALI1E19036g	optimal	1.8718823069402923	0.9999999999999961	1.8718823069402923	optimal	1.8718823069402923	True	valid	False	False	False	False
YALI1E19172g	optimal	1.8718823069402963	0.9999999999999982	1.8718823069402963	optimal	1.8718823069402963	True	valid	False	False	False	False
YALI1E19263g	optimal	1.8718823069402928	0.9999999999999963	1.8718823069402928	optimal	1.8718823069402928	True	valid	False	False	False	False
YALI1E19557g	optimal	1.8718823069402928	0.9999999999999963	1.8718823069402928	optimal	1.8718823069402928	True	valid	False	False	False	False
YALI1E19603g	optimal	0.25217282299849625	0.13471617422929083	0.25217282299849625	optimal	0.25217282299849625	True	valid	False	False	False	True
YALI1E19647g	optimal	1.8718823069402994	0.9999999999999999	1.8718823069402994	optimal	1.8718823069402994	True	valid	False	False	False	False
YALI1E19682g	optimal	1.8718823069402994	0.9999999999999999	1.8718823069402994	optimal	1.8718823069402994	True	valid	False	False	False	False
YALI1E19852g	optimal	1.8718823069402994	0.9999999999999999	1.8718823069402994	optimal	1.8718823069402994	True	valid	False	False	False	False
YALI1E19902g	optimal	1.8718823069402828	0.999999999999991	1.8718823069402828	optimal	1.8718823069402828	True	valid	False	False	False	False
YALI1E19958g	optimal	1.8718823069402764	0.9999999999999876	1.8718823069402764	optimal	1.8718823069402764	True	valid	False	False	False	False
YALI1E20016g	optimal	1.8718823069402764	0.9999999999999876	1.8718823069402764	optimal	1.8718823069402764	True	valid	False	False	False	False
YALI1E20049g	optimal	1.8718823069402764	0.9999999999999876	1.8718823069402764	optimal	1.8718823069402764	True	valid	False	False	False	False
YALI1E20159g	optimal	1.8718823069402764	0.9999999999999876	1.8718823069402764	optimal	1.8718823069402764	True	valid	False	False	False	False
YALI1E20192g	optimal	1.8718823069402764	0.9999999999999876	1.8718823069402764	optimal	1.8718823069402764	True	valid	False	False	False	False
YALI1E20626g	optimal	1.8718823069402764	0.9999999999999876	1.8718823069402764	optimal	1.8718823069402764	True	valid	False	False	False	False
YALI1E20666g	optimal	1.8718823069402764	0.9999999999999876	1.8718823069402764	optimal	1.8718823069402764	True	valid	False	False	False	False
YALI1E20751g	optimal	0.33026122972956606	0.17643268944050078	0.33026122972956606	optimal	0.33026122972956606	True	valid	False	False	False	False
YALI1E20766g	optimal	1.8718823069403026	1.0000000000000016	1.8718823069403026	optimal	1.8718823069403026	True	valid	False	False	False	False
YALI1E20885g	optimal	1.871882306940295	0.9999999999999976	1.871882306940295	optimal	1.871882306940295	True	valid	False	False	False	False
YALI1E21128g	optimal	1.871882306940295	0.9999999999999976	1.871882306940295	optimal	1.871882306940295	True	valid	False	False	False	False
YALI1E21230g	optimal	1.871882306940295	0.9999999999999976	1.871882306940295	optimal	1.871882306940295	True	valid	False	False	False	False
YALI1E21312g	optimal	1.871882306940295	0.9999999999999976	1.871882306940295	optimal	1.871882306940295	True	valid	False	False	False	False
YALI1E21345g	optimal	0.0	0.0	0.0	optimal	0.0	True	valid	True	True	True	True
YALI1E21406g	optimal	1.8718823069402997	1.0	1.8718823069402997	optimal	1.8718823069402997	True	valid	False	False	False	False
YALI1E21478g	optimal	1.8718823069402997	1.0	1.8718823069402997	optimal	1.8718823069402997	True	valid	False	False	False	False
YALI1E21552g	optimal	1.8718823069402997	1.0	1.8718823069402997	optimal	1.8718823069402997	True	valid	False	False	False	False
YALI1E21915g	optimal	1.8718823069402997	1.0	1.8718823069402997	optimal	1.8718823069402997	True	valid	False	False	False	False
YALI1E21983g	optimal	1.8718823069402997	1.0	1.8718823069402997	optimal	1.8718823069402997	True	valid	False	False	False	False
YALI1E22041g	optimal	1.8718823069402997	1.0	1.8718823069402997	optimal	1.8718823069402997	True	valid	False	False	False	False
YALI1E22238g	optimal	1.8718823069402997	1.0	1.8718823069402997	optimal	1.8718823069402997	True	valid	False	False	False	False
YALI1E22262g	optimal	1.8718823069402997	1.0	1.8718823069402997	optimal	1.8718823069402997	True	valid	False	False	False	False
YALI1E22303g	optimal	1.792753158770383	0.9577274982104736	1.792753158770383	optimal	1.792753158770383	True	valid	False	False	False	False
YALI1E22633g	optimal	1.8718823069403046	1.0000000000000027	1.8718823069403046	optimal	1.8718823069403046	True	valid	False	False	False	False
YALI1E22718g	optimal	1.8718823069403032	1.000000000000002	1.8718823069403032	optimal	1.8718823069403032	True	valid	False	False	False	False
YALI1E22736g	optimal	1.8718823069403032	1.000000000000002	1.8718823069403032	optimal	1.8718823069403032	True	valid	False	False	False	False
YALI1E23635g	optimal	1.8718823069403032	1.000000000000002	1.8718823069403032	optimal	1.8718823069403032	True	valid	False	False	False	False
YALI1E23809g	optimal	1.8718823069403032	1.000000000000002	1.8718823069403032	optimal	1.8718823069403032	True	valid	False	False	False	False
YALI1E23988g	optimal	1.8718823069403032	1.000000000000002	1.8718823069403032	optimal	1.8718823069403032	True	valid	False	False	False	False
YALI1E24028g	optimal	1.8718823069403032	1.000000000000002	1.8718823069403032	optimal	1.8718823069403032	True	valid	False	False	False	False
YALI1E24113g	optimal	1.8718823069403032	1.000000000000002	1.8718823069403032	optimal	1.8718823069403032	True	valid	False	False	False	False
YALI1E24149g	optimal	1.8718823069403032	1.000000000000002	1.8718823069403032	optimal	1.8718823069403032	True	valid	False	False	False	False
YALI1E24245g	optimal	1.8718823069403032	1.000000000000002	1.8718823069403032	optimal	1.8718823069403032	True	valid	False	False	False	False
YALI1E24318g	optimal	1.8718823069403032	1.000000000000002	1.8718823069403032	optimal	1.8718823069403032	True	valid	False	False	False	False
YALI1E24461g	optimal	1.8718823069403032	1.000000000000002	1.8718823069403032	optimal	1.8718823069403032	True	valid	False	False	False	False
YALI1E24479g	optimal	1.8718823069403032	1.000000000000002	1.8718823069403032	optimal	1.8718823069403032	True	valid	False	False	False	False
YALI1E24532g	optimal	1.8718823069403032	1.000000000000002	1.8718823069403032	optimal	1.8718823069403032	True	valid	False	False	False	False
YALI1E24567g	optimal	1.8718823069403032	1.000000000000002	1.8718823069403032	optimal	1.8718823069403032	True	valid	False	False	False	False
YALI1E24922g	optimal	1.8718823069403008	1.0000000000000007	1.8718823069403008	optimal	1.8718823069403008	True	valid	False	False	False	False
YALI1E25018g	optimal	1.8718823069403008	1.0000000000000007	1.8718823069403008	optimal	1.8718823069403008	True	valid	False	False	False	False
YALI1E25290g	optimal	1.8718823069402912	0.9999999999999954	1.8718823069402912	optimal	1.8718823069402912	True	valid	False	False	False	False
YALI1E25364g	optimal	1.8718823069402912	0.9999999999999954	1.8718823069402912	optimal	1.8718823069402912	True	valid	False	False	False	False
YALI1E25400g	optimal	1.8718823069402912	0.9999999999999954	1.8718823069402912	optimal	1.8718823069402912	True	valid	False	False	False	False
YALI1E25443g	optimal	1.8718823069402912	0.9999999999999954	1.8718823069402912	optimal	1.8718823069402912	True	valid	False	False	False	False
YALI1E25585g	optimal	1.8718823069402912	0.9999999999999954	1.8718823069402912	optimal	1.8718823069402912	True	valid	False	False	False	False
YALI1E25932g	optimal	1.8718823069402912	0.9999999999999954	1.8718823069402912	optimal	1.8718823069402912	True	valid	False	False	False	False
YALI1E26181g	optimal	1.8718823069402912	0.9999999999999954	1.8718823069402912	optimal	1.8718823069402912	True	valid	False	False	False	False
YALI1E26513g	optimal	1.8718823069402912	0.9999999999999954	1.8718823069402912	optimal	1.8718823069402912	True	valid	False	False	False	False
YALI1E26811g	optimal	1.8718823069402912	0.9999999999999954	1.8718823069402912	optimal	1.8718823069402912	True	valid	False	False	False	False
YALI1E27113g	optimal	1.8718823069402912	0.9999999999999954	1.8718823069402912	optimal	1.8718823069402912	True	valid	False	False	False	False
YALI1E27144g	optimal	0.0	0.0	0.0	optimal	0.0	True	valid	True	True	True	True
YALI1E27218g	optimal	1.8718823069403059	1.0000000000000033	1.8718823069403059	optimal	1.8718823069403059	True	valid	False	False	False	False
YALI1E27279g	optimal	1.8718823069403059	1.0000000000000033	1.8718823069403059	optimal	1.8718823069403059	True	valid	False	False	False	False
YALI1E27441g	optimal	1.8718823069403059	1.0000000000000033	1.8718823069403059	optimal	1.8718823069403059	True	valid	False	False	False	False
YALI1E27791g	optimal	1.8718823069403059	1.0000000000000033	1.8718823069403059	optimal	1.8718823069403059	True	valid	False	False	False	False
YALI1E28097g	optimal	1.8718823069403059	1.0000000000000033	1.8718823069403059	optimal	1.8718823069403059	True	valid	False	False	False	False
YALI1E28300g	optimal	1.8718823069403059	1.0000000000000033	1.8718823069403059	optimal	1.8718823069403059	True	valid	False	False	False	False
YALI1E28545g	optimal	1.8718823069403059	1.0000000000000033	1.8718823069403059	optimal	1.8718823069403059	True	valid	False	False	False	False
YALI1E28575g	optimal	1.8718823069403059	1.0000000000000033	1.8718823069403059	optimal	1.8718823069403059	True	valid	False	False	False	False
YALI1E28631g	optimal	1.8718823069402977	0.9999999999999989	1.8718823069402977	optimal	1.8718823069402977	True	valid	False	False	False	False
YALI1E28779g	optimal	1.8718823069402977	0.9999999999999989	1.8718823069402977	optimal	1.8718823069402977	True	valid	False	False	False	False
YALI1E29179g	optimal	1.8718823069402977	0.9999999999999989	1.8718823069402977	optimal	1.8718823069402977	True	valid	False	False	False	False
YALI1E29319g	optimal	0.0	0.0	0.0	optimal	0.0	True	valid	True	True	True	True
YALI1E30014g	optimal	1.8718823069402935	0.9999999999999967	1.8718823069402935	optimal	1.8718823069402935	True	valid	False	False	False	False
YALI1E30028g	optimal	1.8718823069403006	1.0000000000000004	1.8718823069403006	optimal	1.8718823069403006	True	valid	False	False	False	False
YALI1E30173g	optimal	1.8718823069403006	1.0000000000000004	1.8718823069403006	optimal	1.8718823069403006	True	valid	False	False	False	False
YALI1E30400g	optimal	1.8718823069403006	1.0000000000000004	1.8718823069403006	optimal	1.8718823069403006	True	valid	False	False	False	False
YALI1E30496g	optimal	1.8718823069403006	1.0000000000000004	1.8718823069403006	optimal	1.8718823069403006	True	valid	False	False	False	False
YALI1E30815g	optimal	1.8718823069403006	1.0000000000000004	1.8718823069403006	optimal	1.8718823069403006	True	valid	False	False	False	False
YALI1E30886g	optimal	1.8167026947221534	0.9705218581245417	1.8167026947221534	optimal	1.8167026947221534	True	valid	False	False	False	False
YALI1E31685g	optimal	1.8718823069402948	0.9999999999999973	1.8718823069402948	optimal	1.8718823069402948	True	valid	False	False	False	False
YALI1E31754g	optimal	1.8718823069402963	0.9999999999999982	1.8718823069402963	optimal	1.8718823069402963	True	valid	False	False	False	False
YALI1E31947g	optimal	1.8718823069402963	0.9999999999999982	1.8718823069402963	optimal	1.8718823069402963	True	valid	False	False	False	False
YALI1E32054g	optimal	1.8718823069402963	0.9999999999999982	1.8718823069402963	optimal	1.8718823069402963	True	valid	False	False	False	False
YALI1E32118g	optimal	1.8718823069402963	0.9999999999999982	1.8718823069402963	optimal	1.8718823069402963	True	valid	False	False	False	False
YALI1E32180g	optimal	1.8718823069402963	0.9999999999999982	1.8718823069402963	optimal	1.8718823069402963	True	valid	False	False	False	False
YALI1E32241g	optimal	1.8718823069402963	0.9999999999999982	1.8718823069402963	optimal	1.8718823069402963	True	valid	False	False	False	False
YALI1E32315g	optimal	1.8718823069402963	0.9999999999999982	1.8718823069402963	optimal	1.8718823069402963	True	valid	False	False	False	False
YALI1E32332g	optimal	1.8718823069402963	0.9999999999999982	1.8718823069402963	optimal	1.8718823069402963	True	valid	False	False	False	False
YALI1E32603g	optimal	1.8718823069402963	0.9999999999999982	1.8718823069402963	optimal	1.8718823069402963	True	valid	False	False	False	False
YALI1E32908g	optimal	1.8718823069402963	0.9999999999999982	1.8718823069402963	optimal	1.8718823069402963	True	valid	False	False	False	False
YALI1E33150g	optimal	1.8718823069402963	0.9999999999999982	1.8718823069402963	optimal	1.8718823069402963	True	valid	False	False	False	False
YALI1E33285g	optimal	1.8718823069402963	0.9999999999999982	1.8718823069402963	optimal	1.8718823069402963	True	valid	False	False	False	False
YALI1E33302g	optimal	1.8718823069402963	0.9999999999999982	1.8718823069402963	optimal	1.8718823069402963	True	valid	False	False	False	False
YALI1E33633g	optimal	0.0	0.0	0.0	optimal	0.0	True	valid	True	True	True	True
YALI1E34072g	optimal	1.7939309564292936	0.9583567031848161	1.7939309564292936	optimal	1.7939309564292936	True	valid	False	False	False	False
YALI1E34269g	optimal	0.07468955720749561	0.03990077630979911	0.07468955720749561	optimal	0.07468955720749561	True	valid	False	True	True	True
YALI1E34408g	optimal	1.8718823069403163	1.0000000000000089	1.8718823069403163	optimal	1.8718823069403163	True	valid	False	False	False	False
YALI1E34425g	optimal	1.8718823069403163	1.0000000000000089	1.8718823069403163	optimal	1.8718823069403163	True	valid	False	False	False	False
YALI1E35005g	optimal	0.0	0.0	0.0	optimal	0.0	True	valid	True	True	True	True
YALI1E35082g	optimal	1.8718823069402757	0.9999999999999872	1.8718823069402757	optimal	1.8718823069402757	True	valid	False	False	False	False
YALI1E35410g	optimal	1.8718823069402792	0.9999999999999891	1.8718823069402792	optimal	1.8718823069402792	True	valid	False	False	False	False
YALI1E35520g	optimal	1.8718823069403134	1.0000000000000073	1.8718823069403134	optimal	1.8718823069403134	True	valid	False	False	False	False
YALI1E35652g	optimal	1.8718823069403134	1.0000000000000073	1.8718823069403134	optimal	1.8718823069403134	True	valid	False	False	False	False
YALI1E35815g	optimal	1.8714148028965905	0.9997502492320293	1.8714148028965905	optimal	1.8714148028965905	True	valid	False	False	False	False
YALI1E35955g	optimal	1.8718823069403492	1.0000000000000264	1.8718823069403492	optimal	1.8718823069403492	True	valid	False	False	False	False
YALI1E36437g	optimal	1.8718823069402732	0.9999999999999859	1.8718823069402732	optimal	1.8718823069402732	True	valid	False	False	False	False
YALI1E36477g	optimal	1.871882306940327	1.0000000000000147	1.871882306940327	optimal	1.871882306940327	True	valid	False	False	False	False
YALI1E36540g	optimal	1.871882306940327	1.0000000000000147	1.871882306940327	optimal	1.871882306940327	True	valid	False	False	False	False
YALI1E36568g	optimal	0.0	0.0	0.0	optimal	0.0	True	valid	True	True	True	True
YALI1E37063g	optimal	1.8718823069401558	0.9999999999999232	1.8718823069401558	optimal	1.8718823069401558	True	valid	False	False	False	False
YALI1E37118g	optimal	1.8718823069399884	0.9999999999998337	1.8718823069399884	optimal	1.8718823069399884	True	valid	False	False	False	False
YALI1E37603g	optimal	1.8718823069399884	0.9999999999998337	1.8718823069399884	optimal	1.8718823069399884	True	valid	False	False	False	False
YALI1E37764g	optimal	1.8718823069399884	0.9999999999998337	1.8718823069399884	optimal	1.8718823069399884	True	valid	False	False	False	False
YALI1E37982g	optimal	1.8718823069399884	0.9999999999998337	1.8718823069399884	optimal	1.8718823069399884	True	valid	False	False	False	False
YALI1E38034g	optimal	1.8718823069399884	0.9999999999998337	1.8718823069399884	optimal	1.8718823069399884	True	valid	False	False	False	False
YALI1E38131g	optimal	1.8718823069399884	0.9999999999998337	1.8718823069399884	optimal	1.8718823069399884	True	valid	False	False	False	False
YALI1E38308g	optimal	1.8718823069399884	0.9999999999998337	1.8718823069399884	optimal	1.8718823069399884	True	valid	False	False	False	False
YALI1E38561g	optimal	1.8718823069399884	0.9999999999998337	1.8718823069399884	optimal	1.8718823069399884	True	valid	False	False	False	False
YALI1E38701g	optimal	1.8718823069399884	0.9999999999998337	1.8718823069399884	optimal	1.8718823069399884	True	valid	False	False	False	False
YALI1E38749g	optimal	1.8718823069399884	0.9999999999998337	1.8718823069399884	optimal	1.8718823069399884	True	valid	False	False	False	False
YALI1E38810g	optimal	1.8717888470470854	0.9999500717043653	1.8717888470470854	optimal	1.8717888470470854	True	valid	False	False	False	False
YALI1E38859g	optimal	1.8718823069401667	0.999999999999929	1.8718823069401667	optimal	1.8718823069401667	True	valid	False	False	False	False
YALI1E38912g	optimal	1.8718823069401682	0.9999999999999297	1.8718823069401682	optimal	1.8718823069401682	True	valid	False	False	False	False
YALI1E39128g	optimal	1.8718823069401682	0.9999999999999297	1.8718823069401682	optimal	1.8718823069401682	True	valid	False	False	False	False
YALI1E39221g	optimal	0.038943042814749695	0.02080421545220135	0.038943042814749695	optimal	0.038943042814749695	True	valid	False	True	True	True
YALI1E39248g	optimal	1.871882306940352	1.000000000000028	1.871882306940352	optimal	1.871882306940352	True	valid	False	False	False	False
YALI1E39295g	optimal	1.871882306940352	1.000000000000028	1.871882306940352	optimal	1.871882306940352	True	valid	False	False	False	False
YALI1E39395g	optimal	1.871882306940352	1.000000000000028	1.871882306940352	optimal	1.871882306940352	True	valid	False	False	False	False
YALI1E39676g	optimal	1.871882306940352	1.000000000000028	1.871882306940352	optimal	1.871882306940352	True	valid	False	False	False	False
YALI1E39693g	optimal	1.871882306940352	1.000000000000028	1.871882306940352	optimal	1.871882306940352	True	valid	False	False	False	False
YALI1E40076g	optimal	1.871882306940352	1.000000000000028	1.871882306940352	optimal	1.871882306940352	True	valid	False	False	False	False
YALI1E40305g	optimal	0.15942540041944286	0.08516849581212878	0.15942540041944286	optimal	0.15942540041944286	True	valid	False	False	True	True
YALI1E40361g	optimal	1.8718823069402677	0.9999999999999829	1.8718823069402677	optimal	1.8718823069402677	True	valid	False	False	False	False
YALI1E40471g	optimal	1.8718823069402732	0.9999999999999859	1.8718823069402732	optimal	1.8718823069402732	True	valid	False	False	False	False
YALI1E40502g	optimal	1.8718823069402732	0.9999999999999859	1.8718823069402732	optimal	1.8718823069402732	True	valid	False	False	False	False
YALI1E40671g	optimal	1.785375451352859	0.95378616739594	1.785375451352859	optimal	1.785375451352859	True	valid	False	False	False	False
YALI1E41148g	optimal	1.871882306940314	1.0000000000000078	1.871882306940314	optimal	1.871882306940314	True	valid	False	False	False	False
YALI1E41251g	optimal	1.871882306940308	1.0000000000000044	1.871882306940308	optimal	1.871882306940308	True	valid	False	False	False	False
YALI1E41276g	optimal	1.871882306940308	1.0000000000000044	1.871882306940308	optimal	1.871882306940308	True	valid	False	False	False	False
YALI1E41315g	optimal	1.871882306940308	1.0000000000000044	1.871882306940308	optimal	1.871882306940308	True	valid	False	False	False	False
YALI1E41754g	optimal	1.871882306940308	1.0000000000000044	1.871882306940308	optimal	1.871882306940308	True	valid	False	False	False	False
YALI1E41850g	optimal	1.871882306940308	1.0000000000000044	1.871882306940308	optimal	1.871882306940308	True	valid	False	False	False	False
YALI1E41893g	optimal	1.871882306940304	1.0000000000000024	1.871882306940304	optimal	1.871882306940304	True	valid	False	False	False	False
YALI1F00472g	optimal	1.8718823069403048	1.0000000000000027	1.8718823069403048	optimal	1.8718823069403048	True	valid	False	False	False	False
YALI1F00616g	optimal	1.8718823069403083	1.0000000000000047	1.8718823069403083	optimal	1.8718823069403083	True	valid	False	False	False	False
YALI1F00654g	optimal	1.871882306940245	0.9999999999999708	1.871882306940245	optimal	1.871882306940245	True	valid	False	False	False	False
YALI1F00821g	optimal	1.871882306940245	0.9999999999999708	1.871882306940245	optimal	1.871882306940245	True	valid	False	False	False	False
YALI1F01456g	optimal	1.871882306940245	0.9999999999999708	1.871882306940245	optimal	1.871882306940245	True	valid	False	False	False	False
YALI1F01755g	optimal	1.871882306940245	0.9999999999999708	1.871882306940245	optimal	1.871882306940245	True	valid	False	False	False	False
YALI1F01981g	optimal	1.8718823069403043	1.0000000000000024	1.8718823069403043	optimal	1.8718823069403043	True	valid	False	False	False	False
YALI1F02074g	optimal	1.8718823069403043	1.0000000000000024	1.8718823069403043	optimal	1.8718823069403043	True	valid	False	False	False	False
YALI1F02132g	optimal	1.8718823069403043	1.0000000000000024	1.8718823069403043	optimal	1.8718823069403043	True	valid	False	False	False	False
YALI1F02309g	optimal	0.0	0.0	0.0	optimal	0.0	True	valid	True	True	True	True
YALI1F02481g	optimal	1.8718823069402961	0.9999999999999981	1.8718823069402961	optimal	1.8718823069402961	True	valid	False	False	False	False
YALI1F02508g	optimal	1.8718823069402961	0.9999999999999981	1.8718823069402961	optimal	1.8718823069402961	True	valid	False	False	False	False
YALI1F02518g	optimal	1.8718823069402961	0.9999999999999981	1.8718823069402961	optimal	1.8718823069402961	True	valid	False	False	False	False
YALI1F02592g	optimal	1.8718823069402961	0.9999999999999981	1.8718823069402961	optimal	1.8718823069402961	True	valid	False	False	False	False
YALI1F02758g	optimal	1.8718823069402948	0.9999999999999973	1.8718823069402948	optimal	1.8718823069402948	True	valid	False	False	False	False
YALI1F03136g	optimal	1.8718823069402946	0.9999999999999972	1.8718823069402946	optimal	1.8718823069402946	True	valid	False	False	False	False
YALI1F03371g	optimal	1.8718823069403032	1.000000000000002	1.8718823069403032	optimal	1.8718823069403032	True	valid	False	False	False	False
YALI1F03452g	optimal	1.8718823069403032	1.000000000000002	1.8718823069403032	optimal	1.8718823069403032	True	valid	False	False	False	False
YALI1F03527g	optimal	1.8718823069403032	1.000000000000002	1.8718823069403032	optimal	1.8718823069403032	True	valid	False	False	False	False
YALI1F03803g	optimal	1.8718823069403032	1.000000000000002	1.8718823069403032	optimal	1.8718823069403032	True	valid	False	False	False	False
YALI1F03883g	optimal	1.8718823069403032	1.000000000000002	1.8718823069403032	optimal	1.8718823069403032	True	valid	False	False	False	False
YALI1F03908g	optimal	1.8718823069403032	1.000000000000002	1.8718823069403032	optimal	1.8718823069403032	True	valid	False	False	False	False
YALI1F04082g	optimal	1.8718823069403032	1.000000000000002	1.8718823069403032	optimal	1.8718823069403032	True	valid	False	False	False	False
YALI1F04110g	optimal	1.8718823069403032	1.000000000000002	1.8718823069403032	optimal	1.8718823069403032	True	valid	False	False	False	False
YALI1F04157g	optimal	1.8718823069403032	1.000000000000002	1.8718823069403032	optimal	1.8718823069403032	True	valid	False	False	False	False
YALI1F04185g	optimal	1.8718823069403032	1.000000000000002	1.8718823069403032	optimal	1.8718823069403032	True	valid	False	False	False	False
YALI1F04433g	optimal	1.8718823069403032	1.000000000000002	1.8718823069403032	optimal	1.8718823069403032	True	valid	False	False	False	False
YALI1F04455g	optimal	1.8718823069402994	0.9999999999999999	1.8718823069402994	optimal	1.8718823069402994	True	valid	False	False	False	False
YALI1F05089g	optimal	1.8718823069402994	0.9999999999999999	1.8718823069402994	optimal	1.8718823069402994	True	valid	False	False	False	False
YALI1F05220g	optimal	1.8718823069402994	0.9999999999999999	1.8718823069402994	optimal	1.8718823069402994	True	valid	False	False	False	False
YALI1F05415g	optimal	1.8718823069402994	0.9999999999999999	1.8718823069402994	optimal	1.8718823069402994	True	valid	False	False	False	False
YALI1F05509g	optimal	1.8718823069402994	0.9999999999999999	1.8718823069402994	optimal	1.8718823069402994	True	valid	False	False	False	False
YALI1F05574g	optimal	1.8718823069402994	0.9999999999999999	1.8718823069402994	optimal	1.8718823069402994	True	valid	False	False	False	False
YALI1F06018g	optimal	0.0	0.0	0.0	optimal	0.0	True	valid	True	True	True	True
YALI1F06197g	optimal	1.8718823069402954	0.9999999999999978	1.8718823069402954	optimal	1.8718823069402954	True	valid	False	False	False	False
YALI1F06236g	optimal	1.8718823069402954	0.9999999999999978	1.8718823069402954	optimal	1.8718823069402954	True	valid	False	False	False	False
YALI1F06351g	optimal	1.8718823069402974	0.9999999999999988	1.8718823069402974	optimal	1.8718823069402974	True	valid	False	False	False	False
YALI1F06787g	optimal	0.0	0.0	0.0	optimal	0.0	True	valid	True	True	True	True
YALI1F06858g	optimal	1.8718823069402948	0.9999999999999973	1.8718823069402948	optimal	1.8718823069402948	True	valid	False	False	False	False
YALI1F06904g	optimal	1.8718823069402948	0.9999999999999973	1.8718823069402948	optimal	1.8718823069402948	True	valid	False	False	False	False
YALI1F07384g	optimal	1.8718823069402948	0.9999999999999973	1.8718823069402948	optimal	1.8718823069402948	True	valid	False	False	False	False
YALI1F07630g	optimal	1.8718823069402952	0.9999999999999977	1.8718823069402952	optimal	1.8718823069402952	True	valid	False	False	False	False
YALI1F07747g	optimal	1.8718823069402952	0.9999999999999977	1.8718823069402952	optimal	1.8718823069402952	True	valid	False	False	False	False
YALI1F07827g	optimal	0.15942540041944286	0.08516849581212878	0.15942540041944286	optimal	0.15942540041944286	True	valid	False	False	True	True
YALI1F07847g	optimal	1.8718823069402901	0.9999999999999949	1.8718823069402901	optimal	1.8718823069402901	True	valid	False	False	False	False
YALI1F08075g	optimal	1.8718823069402697	0.999999999999984	1.8718823069402697	optimal	1.8718823069402697	True	valid	False	False	False	False
YALI1F08225g	optimal	1.8718823069402697	0.999999999999984	1.8718823069402697	optimal	1.8718823069402697	True	valid	False	False	False	False
YALI1F08349g	optimal	1.8718823069402697	0.999999999999984	1.8718823069402697	optimal	1.8718823069402697	True	valid	False	False	False	False
YALI1F08363g	optimal	0.0	0.0	0.0	optimal	0.0	True	valid	True	True	True	True
YALI1F08705g	optimal	1.8718823069403017	1.000000000000001	1.8718823069403017	optimal	1.8718823069403017	True	valid	False	False	False	False
YALI1F08845g	optimal	1.8676447347259753	0.9977361973033171	1.8676447347259753	optimal	1.8676447347259753	True	valid	False	False	False	False
YALI1F08885g	optimal	1.8718823069402966	0.9999999999999983	1.8718823069402966	optimal	1.8718823069402966	True	valid	False	False	False	False
YALI1F09003g	optimal	1.8718823069403145	1.000000000000008	1.8718823069403145	optimal	1.8718823069403145	True	valid	False	False	False	False
YALI1F09433g	optimal	1.8718823069403145	1.000000000000008	1.8718823069403145	optimal	1.8718823069403145	True	valid	False	False	False	False
YALI1F09542g	optimal	1.8718823069403145	1.000000000000008	1.8718823069403145	optimal	1.8718823069403145	True	valid	False	False	False	False
YALI1F09598g	optimal	1.8376517500793819	0.9817132964321514	1.8376517500793819	optimal	1.8376517500793819	True	valid	False	False	False	False
YALI1F09747g	optimal	1.8718823069402966	0.9999999999999983	1.8718823069402966	optimal	1.8718823069402966	True	valid	False	False	False	False
YALI1F09856g	optimal	1.8718823069403003	1.0000000000000004	1.8718823069403003	optimal	1.8718823069403003	True	valid	False	False	False	False
YALI1F09965g	optimal	1.8718823069403003	1.0000000000000004	1.8718823069403003	optimal	1.8718823069403003	True	valid	False	False	False	False
YALI1F10110g	optimal	1.8718823069403003	1.0000000000000004	1.8718823069403003	optimal	1.8718823069403003	True	valid	False	False	False	False
YALI1F10122g	optimal	1.8718823069403003	1.0000000000000004	1.8718823069403003	optimal	1.8718823069403003	True	valid	False	False	False	False
YALI1F10224g	optimal	1.8718823069403003	1.0000000000000004	1.8718823069403003	optimal	1.8718823069403003	True	valid	False	False	False	False
YALI1F10253g	optimal	1.8718823069403003	1.0000000000000004	1.8718823069403003	optimal	1.8718823069403003	True	valid	False	False	False	False
YALI1F10342g	optimal	1.8718823069403003	1.0000000000000004	1.8718823069403003	optimal	1.8718823069403003	True	valid	False	False	False	False
YALI1F10633g	optimal	1.8718823069403003	1.0000000000000004	1.8718823069403003	optimal	1.8718823069403003	True	valid	False	False	False	False
YALI1F11049g	optimal	1.6180305877462715	0.8643869231239417	1.6180305877462715	optimal	1.6180305877462715	True	valid	False	False	False	False
YALI1F11199g	optimal	1.8718823069402963	0.9999999999999982	1.8718823069402963	optimal	1.8718823069402963	True	valid	False	False	False	False
YALI1F11396g	optimal	1.8718823069403125	1.0000000000000069	1.8718823069403125	optimal	1.8718823069403125	True	valid	False	False	False	False
YALI1F11481g	optimal	1.8718823069403125	1.0000000000000069	1.8718823069403125	optimal	1.8718823069403125	True	valid	False	False	False	False
YALI1F11583g	optimal	1.8718823069403125	1.0000000000000069	1.8718823069403125	optimal	1.8718823069403125	True	valid	False	False	False	False
YALI1F11605g	optimal	1.8718823069403125	1.0000000000000069	1.8718823069403125	optimal	1.8718823069403125	True	valid	False	False	False	False
YALI1F11635g	optimal	1.8718823069403125	1.0000000000000069	1.8718823069403125	optimal	1.8718823069403125	True	valid	False	False	False	False
YALI1F11827g	optimal	1.8718823069403125	1.0000000000000069	1.8718823069403125	optimal	1.8718823069403125	True	valid	False	False	False	False
YALI1F12013g	optimal	1.8718823069403066	1.0000000000000038	1.8718823069403066	optimal	1.8718823069403066	True	valid	False	False	False	False
YALI1F12138g	optimal	0.0	0.0	0.0	optimal	0.0	True	valid	True	True	True	True
YALI1F12176g	optimal	1.8718823069402943	0.9999999999999971	1.8718823069402943	optimal	1.8718823069402943	True	valid	False	False	False	False
YALI1F12649g	optimal	1.8718823069402943	0.9999999999999971	1.8718823069402943	optimal	1.8718823069402943	True	valid	False	False	False	False
YALI1F12666g	optimal	1.8718823069402943	0.9999999999999971	1.8718823069402943	optimal	1.8718823069402943	True	valid	False	False	False	False
YALI1F12842g	optimal	1.871882306940301	1.0000000000000007	1.871882306940301	optimal	1.871882306940301	True	valid	False	False	False	False
YALI1F12874g	optimal	1.8718823069402992	0.9999999999999998	1.8718823069402992	optimal	1.8718823069402992	True	valid	False	False	False	False
YALI1F12895g	optimal	1.8718823069403054	1.000000000000003	1.8718823069403054	optimal	1.8718823069403054	True	valid	False	False	False	False
YALI1F12917g	optimal	1.8718823069403054	1.000000000000003	1.8718823069403054	optimal	1.8718823069403054	True	valid	False	False	False	False
YALI1F12969g	optimal	0.0	0.0	0.0	optimal	0.0	True	valid	True	True	True	True
YALI1F13017g	optimal	1.8718823069403003	1.0000000000000004	1.8718823069403003	optimal	1.8718823069403003	True	valid	False	False	False	False
YALI1F13039g	optimal	1.8718823069403017	1.000000000000001	1.8718823069403017	optimal	1.8718823069403017	True	valid	False	False	False	False
YALI1F13097g	optimal	1.8718823069403017	1.000000000000001	1.8718823069403017	optimal	1.8718823069403017	True	valid	False	False	False	False
YALI1F13170g	optimal	1.8718823069403017	1.000000000000001	1.8718823069403017	optimal	1.8718823069403017	True	valid	False	False	False	False
YALI1F13202g	optimal	1.8718823069403017	1.000000000000001	1.8718823069403017	optimal	1.8718823069403017	True	valid	False	False	False	False
YALI1F13505g	optimal	1.837651750079381	0.981713296432151	1.837651750079381	optimal	1.837651750079381	True	valid	False	False	False	False
YALI1F13550g	optimal	1.871882306940311	1.000000000000006	1.871882306940311	optimal	1.871882306940311	True	valid	False	False	False	False
YALI1F14495g	optimal	1.8718823069403068	1.0000000000000038	1.8718823069403068	optimal	1.8718823069403068	True	valid	False	False	False	False
YALI1F14583g	optimal	1.8718823069403068	1.0000000000000038	1.8718823069403068	optimal	1.8718823069403068	True	valid	False	False	False	False
YALI1F14882g	optimal	1.8718823069403068	1.0000000000000038	1.8718823069403068	optimal	1.8718823069403068	True	valid	False	False	False	False
YALI1F14958g	optimal	0.0	0.0	0.0	optimal	0.0	True	valid	True	True	True	True
YALI1F15334g	optimal	1.8718823069403008	1.0000000000000007	1.8718823069403008	optimal	1.8718823069403008	True	valid	False	False	False	False
YALI1F15367g	optimal	1.8718823069403017	1.000000000000001	1.8718823069403017	optimal	1.8718823069403017	True	valid	False	False	False	False
YALI1F15403g	optimal	1.8718823069403017	1.000000000000001	1.8718823069403017	optimal	1.8718823069403017	True	valid	False	False	False	False
YALI1F15517g	optimal	0.0	0.0	0.0	optimal	0.0	True	valid	True	True	True	True
YALI1F15781g	optimal	1.8718823069403012	1.0000000000000009	1.8718823069403012	optimal	1.8718823069403012	True	valid	False	False	False	False
YALI1F15961g	optimal	1.8718823069402937	0.9999999999999968	1.8718823069402937	optimal	1.8718823069402937	True	valid	False	False	False	False
YALI1F16045g	optimal	1.8718823069402937	0.9999999999999968	1.8718823069402937	optimal	1.8718823069402937	True	valid	False	False	False	False
YALI1F16069g	optimal	1.8718823069402937	0.9999999999999968	1.8718823069402937	optimal	1.8718823069402937	True	valid	False	False	False	False
YALI1F16984g	optimal	0.33026122972956606	0.17643268944050078	0.33026122972956606	optimal	0.33026122972956606	True	valid	False	False	False	False
YALI1F17082g	optimal	1.8718823069402952	0.9999999999999977	1.8718823069402952	optimal	1.8718823069402952	True	valid	False	False	False	False
YALI1F17337g	optimal	1.8718823069402952	0.9999999999999977	1.8718823069402952	optimal	1.8718823069402952	True	valid	False	False	False	False
YALI1F17569g	optimal	1.8718823069402952	0.9999999999999977	1.8718823069402952	optimal	1.8718823069402952	True	valid	False	False	False	False
YALI1F17962g	optimal	0.35916653605201787	0.1918745290344116	0.35916653605201787	optimal	0.35916653605201787	True	valid	False	False	False	False
YALI1F18105g	optimal	1.8718823069403026	1.0000000000000016	1.8718823069403026	optimal	1.8718823069403026	True	valid	False	False	False	False
YALI1F18152g	optimal	1.8718823069403026	1.0000000000000016	1.8718823069403026	optimal	1.8718823069403026	True	valid	False	False	False	False
YALI1F18429g	optimal	1.8718823069403026	1.0000000000000016	1.8718823069403026	optimal	1.8718823069403026	True	valid	False	False	False	False
YALI1F18740g	optimal	1.8718823069403026	1.0000000000000016	1.8718823069403026	optimal	1.8718823069403026	True	valid	False	False	False	False
YALI1F18835g	optimal	1.8718823069403026	1.0000000000000016	1.8718823069403026	optimal	1.8718823069403026	True	valid	False	False	False	False
YALI1F18897g	optimal	1.8718823069403026	1.0000000000000016	1.8718823069403026	optimal	1.8718823069403026	True	valid	False	False	False	False
YALI1F18920g	optimal	1.8718823069403026	1.0000000000000016	1.8718823069403026	optimal	1.8718823069403026	True	valid	False	False	False	False
YALI1F18979g	optimal	1.8718823069403026	1.0000000000000016	1.8718823069403026	optimal	1.8718823069403026	True	valid	False	False	False	False
YALI1F19090g	optimal	1.8718823069403026	1.0000000000000016	1.8718823069403026	optimal	1.8718823069403026	True	valid	False	False	False	False
YALI1F19697g	optimal	1.871882306940296	0.999999999999998	1.871882306940296	optimal	1.871882306940296	True	valid	False	False	False	False
YALI1F20637g	optimal	1.8718823069402988	0.9999999999999996	1.8718823069402988	optimal	1.8718823069402988	True	valid	False	False	False	False
YALI1F20788g	optimal	1.8718823069402988	0.9999999999999996	1.8718823069402988	optimal	1.8718823069402988	True	valid	False	False	False	False
YALI1F20914g	optimal	1.8718823069401784	0.9999999999999353	1.8718823069401784	optimal	1.8718823069401784	True	valid	False	False	False	False
YALI1F20965g	optimal	1.8718823069402062	0.99999999999995	1.8718823069402062	optimal	1.8718823069402062	True	valid	False	False	False	False
YALI1F21467g	optimal	1.8718823069402062	0.99999999999995	1.8718823069402062	optimal	1.8718823069402062	True	valid	False	False	False	False
YALI1F21567g	optimal	1.8718823069402062	0.99999999999995	1.8718823069402062	optimal	1.8718823069402062	True	valid	False	False	False	False
YALI1F21690g	optimal	1.8718823069402062	0.99999999999995	1.8718823069402062	optimal	1.8718823069402062	True	valid	False	False	False	False
YALI1F21728g	optimal	1.8718823069402062	0.99999999999995	1.8718823069402062	optimal	1.8718823069402062	True	valid	False	False	False	False
YALI1F21769g	optimal	0.0	0.0	0.0	optimal	0.0	True	valid	True	True	True	True
YALI1F21875g	optimal	1.8718823069402122	0.9999999999999533	1.8718823069402122	optimal	1.8718823069402122	True	valid	False	False	False	False
YALI1F21908g	optimal	1.8718823069402122	0.9999999999999533	1.8718823069402122	optimal	1.8718823069402122	True	valid	False	False	False	False
YALI1F22321g	optimal	1.8718823069402122	0.9999999999999533	1.8718823069402122	optimal	1.8718823069402122	True	valid	False	False	False	False
YALI1F22436g	optimal	1.8718823069402337	0.9999999999999648	1.8718823069402337	optimal	1.8718823069402337	True	valid	False	False	False	False
YALI1F22568g	optimal	1.8718823069402337	0.9999999999999648	1.8718823069402337	optimal	1.8718823069402337	True	valid	False	False	False	False
YALI1F22908g	optimal	1.8718823069402337	0.9999999999999648	1.8718823069402337	optimal	1.8718823069402337	True	valid	False	False	False	False
YALI1F22993g	optimal	1.8718823069402337	0.9999999999999648	1.8718823069402337	optimal	1.8718823069402337	True	valid	False	False	False	False
YALI1F23441g	optimal	1.8718823069402337	0.9999999999999648	1.8718823069402337	optimal	1.8718823069402337	True	valid	False	False	False	False
YALI1F23664g	optimal	1.8718823069402337	0.9999999999999648	1.8718823069402337	optimal	1.8718823069402337	True	valid	False	False	False	False
YALI1F23706g	optimal	1.8718823069402337	0.9999999999999648	1.8718823069402337	optimal	1.8718823069402337	True	valid	False	False	False	False
YALI1F23922g	optimal	1.8718823069402337	0.9999999999999648	1.8718823069402337	optimal	1.8718823069402337	True	valid	False	False	False	False
YALI1F24031g	optimal	1.8718823069402337	0.9999999999999648	1.8718823069402337	optimal	1.8718823069402337	True	valid	False	False	False	False
YALI1F24171g	optimal	1.8718823069402337	0.9999999999999648	1.8718823069402337	optimal	1.8718823069402337	True	valid	False	False	False	False
YALI1F24343g	optimal	1.8718823069402337	0.9999999999999648	1.8718823069402337	optimal	1.8718823069402337	True	valid	False	False	False	False
YALI1F24667g	optimal	1.8718823069403334	1.000000000000018	1.8718823069403334	optimal	1.8718823069403334	True	valid	False	False	False	False
YALI1F24773g	optimal	1.8718823069403334	1.000000000000018	1.8718823069403334	optimal	1.8718823069403334	True	valid	False	False	False	False
YALI1F25444g	optimal	1.8718823069403334	1.000000000000018	1.8718823069403334	optimal	1.8718823069403334	True	valid	False	False	False	False
YALI1F25587g	optimal	1.8718823069403334	1.000000000000018	1.8718823069403334	optimal	1.8718823069403334	True	valid	False	False	False	False
YALI1F25649g	optimal	1.8718823069403334	1.000000000000018	1.8718823069403334	optimal	1.8718823069403334	True	valid	False	False	False	False
YALI1F25908g	optimal	1.8718823069403334	1.000000000000018	1.8718823069403334	optimal	1.8718823069403334	True	valid	False	False	False	False
YALI1F25924g	optimal	1.8718823069403334	1.000000000000018	1.8718823069403334	optimal	1.8718823069403334	True	valid	False	False	False	False
YALI1F25951g	optimal	1.8718823069403334	1.000000000000018	1.8718823069403334	optimal	1.8718823069403334	True	valid	False	False	False	False
YALI1F25984g	optimal	1.8718823069403334	1.000000000000018	1.8718823069403334	optimal	1.8718823069403334	True	valid	False	False	False	False
YALI1F26167g	optimal	1.8718823069403334	1.000000000000018	1.8718823069403334	optimal	1.8718823069403334	True	valid	False	False	False	False
YALI1F26427g	optimal	1.8718823069403334	1.000000000000018	1.8718823069403334	optimal	1.8718823069403334	True	valid	False	False	False	False
YALI1F26873g	optimal	0.0	0.0	0.0	optimal	0.0	True	valid	True	True	True	True
YALI1F26924g	optimal	1.871882306940286	0.9999999999999927	1.871882306940286	optimal	1.871882306940286	True	valid	False	False	False	False
YALI1F26967g	optimal	1.871882306940313	1.000000000000007	1.871882306940313	optimal	1.871882306940313	True	valid	False	False	False	False
YALI1F27002g	optimal	0.0	0.0	0.0	optimal	0.0	True	valid	True	True	True	True
YALI1F27211g	optimal	1.8718823069402832	0.9999999999999912	1.8718823069402832	optimal	1.8718823069402832	True	valid	False	False	False	False
YALI1F27343g	optimal	1.8718823069402832	0.9999999999999912	1.8718823069402832	optimal	1.8718823069402832	True	valid	False	False	False	False
YALI1F27556g	optimal	1.8718823069402832	0.9999999999999912	1.8718823069402832	optimal	1.8718823069402832	True	valid	False	False	False	False
YALI1F27686g	optimal	1.8718823069402832	0.9999999999999912	1.8718823069402832	optimal	1.8718823069402832	True	valid	False	False	False	False
YALI1F27761g	optimal	1.8718823069402832	0.9999999999999912	1.8718823069402832	optimal	1.8718823069402832	True	valid	False	False	False	False
YALI1F27904g	optimal	0.03894304281381907	0.020804215451704192	0.03894304281381907	optimal	0.03894304281381907	True	valid	False	True	True	True
YALI1F27989g	optimal	1.871882306940298	0.999999999999999	1.871882306940298	optimal	1.871882306940298	True	valid	False	False	False	False
YALI1F28064g	optimal	1.8718823069402972	0.9999999999999987	1.8718823069402972	optimal	1.8718823069402972	True	valid	False	False	False	False
YALI1F28092g	optimal	1.8718823069403416	1.0000000000000224	1.8718823069403416	optimal	1.8718823069403416	True	valid	False	False	False	False
YALI1F28274g	optimal	0.20595239043348756	0.1100242198293592	0.20595239043348756	optimal	0.20595239043348756	True	valid	False	False	False	True
YALI1F28485g	optimal	1.8718823069402788	0.9999999999999889	1.8718823069402788	optimal	1.8718823069402788	True	valid	False	False	False	False
YALI1F28833g	optimal	1.8718823069402788	0.9999999999999889	1.8718823069402788	optimal	1.8718823069402788	True	valid	False	False	False	False
YALI1F29301g	optimal	1.8718823069402788	0.9999999999999889	1.8718823069402788	optimal	1.8718823069402788	True	valid	False	False	False	False
YALI1F29751g	optimal	1.8718823069402788	0.9999999999999889	1.8718823069402788	optimal	1.8718823069402788	True	valid	False	False	False	False
YALI1F29836g	optimal	1.8718823069402788	0.9999999999999889	1.8718823069402788	optimal	1.8718823069402788	True	valid	False	False	False	False
YALI1F29987g	optimal	1.8718823069402788	0.9999999999999889	1.8718823069402788	optimal	1.8718823069402788	True	valid	False	False	False	False
YALI1F30034g	optimal	1.8718823069402788	0.9999999999999889	1.8718823069402788	optimal	1.8718823069402788	True	valid	False	False	False	False
YALI1F30179g	optimal	1.8718823069402788	0.9999999999999889	1.8718823069402788	optimal	1.8718823069402788	True	valid	False	False	False	False
YALI1F30289g	optimal	1.8718823069402788	0.9999999999999889	1.8718823069402788	optimal	1.8718823069402788	True	valid	False	False	False	False
YALI1F30459g	optimal	0.35916653605201787	0.1918745290344116	0.35916653605201787	optimal	0.35916653605201787	True	valid	False	False	False	False
YALI1F30479g	optimal	1.871882306940273	0.9999999999999858	1.871882306940273	optimal	1.871882306940273	True	valid	False	False	False	False
YALI1F30703g	optimal	1.8718823069402772	0.999999999999988	1.8718823069402772	optimal	1.8718823069402772	True	valid	False	False	False	False
YALI1F30754g	optimal	1.8718823069402726	0.9999999999999856	1.8718823069402726	optimal	1.8718823069402726	True	valid	False	False	False	False
YALI1F30877g	optimal	1.8718823069403085	1.0000000000000047	1.8718823069403085	optimal	1.8718823069403085	True	valid	False	False	False	False
YALI1F30903g	optimal	1.8718823069403085	1.0000000000000047	1.8718823069403085	optimal	1.8718823069403085	True	valid	False	False	False	False
YALI1F31135g	optimal	1.8718823069403085	1.0000000000000047	1.8718823069403085	optimal	1.8718823069403085	True	valid	False	False	False	False
YALI1F31153g	optimal	1.8718823069403085	1.0000000000000047	1.8718823069403085	optimal	1.8718823069403085	True	valid	False	False	False	False
YALI1F31215g	optimal	1.8718823069403085	1.0000000000000047	1.8718823069403085	optimal	1.8718823069403085	True	valid	False	False	False	False
YALI1F31283g	optimal	1.8718823069403085	1.0000000000000047	1.8718823069403085	optimal	1.8718823069403085	True	valid	False	False	False	False
YALI1F31381g	optimal	1.8718823069403085	1.0000000000000047	1.8718823069403085	optimal	1.8718823069403085	True	valid	False	False	False	False
YALI1F31405g	optimal	1.8718823069403085	1.0000000000000047	1.8718823069403085	optimal	1.8718823069403085	True	valid	False	False	False	False
YALI1F31854g	optimal	1.8718823069403085	1.0000000000000047	1.8718823069403085	optimal	1.8718823069403085	True	valid	False	False	False	False
YALI1F32002g	optimal	1.8718823069403085	1.0000000000000047	1.8718823069403085	optimal	1.8718823069403085	True	valid	False	False	False	False
YALI1F32010g	optimal	1.8718823069402986	0.9999999999999994	1.8718823069402986	optimal	1.8718823069402986	True	valid	False	False	False	False
YALI1F32232g	optimal	1.7968119817125652	0.959895809181272	1.7968119817125652	optimal	1.7968119817125652	True	valid	False	False	False	False
YALI1F32287g	optimal	1.871882306940363	1.0000000000000338	1.871882306940363	optimal	1.871882306940363	True	valid	False	False	False	False
YALI1F32330g	optimal	1.871882306940363	1.0000000000000338	1.871882306940363	optimal	1.871882306940363	True	valid	False	False	False	False
YALI1F32363g	optimal	1.871882306940363	1.0000000000000338	1.871882306940363	optimal	1.871882306940363	True	valid	False	False	False	False
YALI1F32476g	optimal	1.8718823069402757	0.9999999999999872	1.8718823069402757	optimal	1.8718823069402757	True	valid	False	False	False	False
YALI1F32534g	optimal	1.8718823069402757	0.9999999999999872	1.8718823069402757	optimal	1.8718823069402757	True	valid	False	False	False	False
YALI1F32841g	optimal	1.8718823069402757	0.9999999999999872	1.8718823069402757	optimal	1.8718823069402757	True	valid	False	False	False	False
YALI1F32910g	optimal	1.8718823069402757	0.9999999999999872	1.8718823069402757	optimal	1.8718823069402757	True	valid	False	False	False	False
YALI1F32969g	optimal	1.8718823069402757	0.9999999999999872	1.8718823069402757	optimal	1.8718823069402757	True	valid	False	False	False	False
YALI1F33143g	optimal	1.8718823069402757	0.9999999999999872	1.8718823069402757	optimal	1.8718823069402757	True	valid	False	False	False	False
YALI1F33189g	optimal	1.8718823069402757	0.9999999999999872	1.8718823069402757	optimal	1.8718823069402757	True	valid	False	False	False	False
YALI1F33246g	optimal	1.8718823069402757	0.9999999999999872	1.8718823069402757	optimal	1.8718823069402757	True	valid	False	False	False	False
YALI1F33579g	optimal	1.8718823069402757	0.9999999999999872	1.8718823069402757	optimal	1.8718823069402757	True	valid	False	False	False	False
YALI1F33681g	optimal	1.8718823069402757	0.9999999999999872	1.8718823069402757	optimal	1.8718823069402757	True	valid	False	False	False	False
YALI1F33754g	optimal	1.8718823069403037	1.0000000000000022	1.8718823069403037	optimal	1.8718823069403037	True	valid	False	False	False	False
YALI1F33819g	optimal	1.8718823069403037	1.0000000000000022	1.8718823069403037	optimal	1.8718823069403037	True	valid	False	False	False	False
YALI1F33861g	optimal	1.7939309564292838	0.9583567031848109	1.7939309564292838	optimal	1.7939309564292838	True	valid	False	False	False	False
YALI1F33951g	optimal	1.8718823069402704	0.9999999999999843	1.8718823069402704	optimal	1.8718823069402704	True	valid	False	False	False	False
YALI1F34029g	optimal	1.8718823069402704	0.9999999999999843	1.8718823069402704	optimal	1.8718823069402704	True	valid	False	False	False	False
YALI1F34051g	optimal	1.8718823069402704	0.9999999999999843	1.8718823069402704	optimal	1.8718823069402704	True	valid	False	False	False	False
YALI1F34187g	optimal	1.8718823069402704	0.9999999999999843	1.8718823069402704	optimal	1.8718823069402704	True	valid	False	False	False	False
YALI1F34625g	optimal	1.8718823069402704	0.9999999999999843	1.8718823069402704	optimal	1.8718823069402704	True	valid	False	False	False	False
YALI1F34675g	optimal	1.8718823069402704	0.9999999999999843	1.8718823069402704	optimal	1.8718823069402704	True	valid	False	False	False	False
YALI1F35109g	optimal	1.8489260782325447	0.9877362862918031	1.8489260782325447	optimal	1.8489260782325447	True	valid	False	False	False	False
YALI1F35542g	optimal	1.8718823069402797	0.9999999999999893	1.8718823069402797	optimal	1.8718823069402797	True	valid	False	False	False	False
YALI1F35690g	optimal	1.8718823069402797	0.9999999999999893	1.8718823069402797	optimal	1.8718823069402797	True	valid	False	False	False	False
YALI1F35822g	optimal	1.8718823069402797	0.9999999999999893	1.8718823069402797	optimal	1.8718823069402797	True	valid	False	False	False	False
YALI1F35868g	optimal	1.8718823069402797	0.9999999999999893	1.8718823069402797	optimal	1.8718823069402797	True	valid	False	False	False	False
YALI1F36094g	optimal	1.8718823069402797	0.9999999999999893	1.8718823069402797	optimal	1.8718823069402797	True	valid	False	False	False	False
YALI1F36415g	optimal	1.8718823069402797	0.9999999999999893	1.8718823069402797	optimal	1.8718823069402797	True	valid	False	False	False	False
YALI1F36584g	optimal	1.8718823069402797	0.9999999999999893	1.8718823069402797	optimal	1.8718823069402797	True	valid	False	False	False	False
YALI1F36733g	optimal	1.8718823069402797	0.9999999999999893	1.8718823069402797	optimal	1.8718823069402797	True	valid	False	False	False	False
YALI1F36930g	optimal	1.8718823069402797	0.9999999999999893	1.8718823069402797	optimal	1.8718823069402797	True	valid	False	False	False	False
YALI1F36966g	optimal	1.8718823069402797	0.9999999999999893	1.8718823069402797	optimal	1.8718823069402797	True	valid	False	False	False	False
YALI1F37194g	optimal	1.8718823069402797	0.9999999999999893	1.8718823069402797	optimal	1.8718823069402797	True	valid	False	False	False	False
YALI1F37272g	optimal	1.8718823069402797	0.9999999999999893	1.8718823069402797	optimal	1.8718823069402797	True	valid	False	False	False	False
YALI1F37354g	optimal	0.0	0.0	0.0	optimal	0.0	True	valid	True	True	True	True
YALI1F37498g	optimal	1.8718823069403485	1.0000000000000262	1.8718823069403485	optimal	1.8718823069403485	True	valid	False	False	False	False
YALI1F37559g	optimal	0.03894304281237605	0.0208042154509333	0.03894304281237605	optimal	0.03894304281237605	True	valid	False	True	True	True
YALI1F37658g	optimal	1.8718823069403216	1.0000000000000118	1.8718823069403216	optimal	1.8718823069403216	True	valid	False	False	False	False
YALI1F37714g	optimal	1.869175420641409	0.9985539228140282	1.869175420641409	optimal	1.869175420641409	True	valid	False	False	False	False
YALI1F37916g	optimal	1.8718823069402462	0.9999999999999715	1.8718823069402462	optimal	1.8718823069402462	True	valid	False	False	False	False
YALI1F38116g	optimal	1.8464061360891384	0.9863900787155772	1.8464061360891384	optimal	1.8464061360891384	True	valid	False	False	False	False
YALI1F38220g	optimal	1.8718823069402746	0.9999999999999866	1.8718823069402746	optimal	1.8718823069402746	True	valid	False	False	False	False
YALI1F38317g	optimal	1.8718823069403192	1.0000000000000104	1.8718823069403192	optimal	1.8718823069403192	True	valid	False	False	False	False
YALI1F38386g	optimal	1.8718823069403192	1.0000000000000104	1.8718823069403192	optimal	1.8718823069403192	True	valid	False	False	False	False
YALI1F38466g	optimal	1.8718823069403192	1.0000000000000104	1.8718823069403192	optimal	1.8718823069403192	True	valid	False	False	False	False
YALI1F38476g	optimal	1.8718823069403192	1.0000000000000104	1.8718823069403192	optimal	1.8718823069403192	True	valid	False	False	False	False
YALI1F38629g	optimal	1.8718823069403192	1.0000000000000104	1.8718823069403192	optimal	1.8718823069403192	True	valid	False	False	False	False
YALI1F38776g	optimal	0.08967109688914747	0.047904238720926896	0.08967109688914747	optimal	0.08967109688914747	True	valid	False	True	True	True
YALI1F38820g	optimal	1.8718823069403132	1.0000000000000073	1.8718823069403132	optimal	1.8718823069403132	True	valid	False	False	False	False
YALI1F38986g	optimal	1.8718823069403132	1.0000000000000073	1.8718823069403132	optimal	1.8718823069403132	True	valid	False	False	False	False
YALI1F39058g	optimal	1.8718823069403132	1.0000000000000073	1.8718823069403132	optimal	1.8718823069403132	True	valid	False	False	False	False
YALI1F39330g	optimal	1.8718823069403132	1.0000000000000073	1.8718823069403132	optimal	1.8718823069403132	True	valid	False	False	False	False
YALI1F39426g	optimal	1.8718823069403132	1.0000000000000073	1.8718823069403132	optimal	1.8718823069403132	True	valid	False	False	False	False
YALI1F39620g	optimal	1.8718823069403132	1.0000000000000073	1.8718823069403132	optimal	1.8718823069403132	True	valid	False	False	False	False
YALI1M00056g	optimal	1.8718823069403132	1.0000000000000073	1.8718823069403132	optimal	1.8718823069403132	True	valid	False	False	False	False
YALI1M00064g	optimal	1.8718823069403132	1.0000000000000073	1.8718823069403132	optimal	1.8718823069403132	True	valid	False	False	False	False
YALI1M00131g	optimal	1.871882306940275	0.9999999999999868	1.871882306940275	optimal	1.871882306940275	True	valid	False	False	False	False
YALI1M00260g	optimal	1.8718823069403132	1.0000000000000073	1.8718823069403132	optimal	1.8718823069403132	True	valid	False	False	False	False
YALI1M00267g	optimal	1.8718823069403132	1.0000000000000073	1.8718823069403132	optimal	1.8718823069403132	True	valid	False	False	False	False
YALI1M00277g	optimal	1.871882306940275	0.9999999999999868	1.871882306940275	optimal	1.871882306940275	True	valid	False	False	False	False
YALI1M00296g	optimal	1.8718823069403132	1.0000000000000073	1.8718823069403132	optimal	1.8718823069403132	True	valid	False	False	False	False
YALI1M00318g	optimal	1.8718823069403132	1.0000000000000073	1.8718823069403132	optimal	1.8718823069403132	True	valid	False	False	False	False
YALI1M00325g	optimal	1.8718823069403132	1.0000000000000073	1.8718823069403132	optimal	1.8718823069403132	True	valid	False	False	False	False
YALI1M00335g	optimal	1.8718823069403132	1.0000000000000073	1.8718823069403132	optimal	1.8718823069403132	True	valid	False	False	False	False
YALI1M00338r	optimal	1.8718823069403132	1.0000000000000073	1.8718823069403132	optimal	1.8718823069403132	True	valid	False	False	False	False
YALI1M00390g	optimal	1.8718823069403083	1.0000000000000047	1.8718823069403083	optimal	1.8718823069403083	True	valid	False	False	False	False
YALI1M00458g	optimal	1.8718823069403114	1.0000000000000062	1.8718823069403114	optimal	1.8718823069403114	True	valid	False	False	False	False
YALIUNK1	optimal	1.8718823069403094	1.0000000000000053	1.8718823069403094	optimal	1.8718823069403094	True	valid	False	False	False	False
YALIUNK3	optimal	1.8718823069403094	1.0000000000000053	1.8718823069403094	optimal	1.8718823069403094	True	valid	False	False	False	False
YALIUNK4	optimal	1.8718823069403094	1.0000000000000053	1.8718823069403094	optimal	1.8718823069403094	True	valid	False	False	False	False
YALIfMp29	optimal	1.8718823069403094	1.0000000000000053	1.8718823069403094	optimal	1.8718823069403094	True	valid	False	False	False	False
YalifMp05	optimal	1.8718823069403079	1.0000000000000044	1.8718823069403079	optimal	1.8718823069403079	True	valid	False	False	False	False
YalifMp06	optimal	1.8718823069403483	1.000000000000026	1.8718823069403483	optimal	1.8718823069403483	True	valid	False	False	False	False
