label	status	objective	growth	hydrolysis	numerically_valid	max_mass_residual	max_bound_violation	max_constraint_violation
baseline/FBA	optimal	1.8718823069403008	1.8718823069403008	"{""R2021"": 0.0, ""R2029"": 0.0, ""R2034"": 0.0, ""R2039"": 0.0}"	True	2.2815598152078898e-14	0.0	0.0
baseline/pFBA	optimal	939.1095403298143	1.8718822969403008	"{""R2021"": 0.0, ""R2029"": 0.0, ""R2034"": 0.0, ""R2039"": 0.0}"	True	4.748306782487166e-14	0.0	0.0
baseline/R2021/free_max	optimal	0.0	0.0	"{""R2021"": 0.0, ""R2029"": 0.0, ""R2034"": 0.0, ""R2039"": 0.0}"	True	0.0	0.0	0.0
baseline/R2021/near_min	optimal	0.0	1.8531634738708977	"{""R2021"": 0.0, ""R2029"": 0.0, ""R2034"": 0.0, ""R2039"": 0.0}"	True	4.7240694429212526e-14	0.0	0.0
baseline/R2021/near_max	optimal	0.0	1.8531634738708977	"{""R2021"": 0.0, ""R2029"": 0.0, ""R2034"": 0.0, ""R2039"": 0.0}"	True	3.8957525356694833e-14	0.0	0.0
baseline/R2021/FVA_1.0_min	optimal	0.0	1.8718822969403008	"{""R2021"": 0.0, ""R2029"": 0.0, ""R2034"": 0.0, ""R2039"": 0.0}"	True	6.572455253650578e-14	0.0	0.0
baseline/R2021/FVA_1.0_max	optimal	0.0	1.8718822969403008	"{""R2021"": 0.0, ""R2029"": 0.0, ""R2034"": 0.0, ""R2039"": 0.0}"	True	6.572455253650578e-14	0.0	0.0
baseline/R2021/FVA_0.0_min	optimal	0.0	0.0	"{""R2021"": 0.0, ""R2029"": 0.0, ""R2034"": 0.0, ""R2039"": 0.0}"	True	0.0	0.0	0.0
baseline/R2021/FVA_0.0_max	optimal	0.0	0.0	"{""R2021"": 0.0, ""R2029"": 0.0, ""R2034"": 0.0, ""R2039"": 0.0}"	True	0.0	0.0	0.0
baseline/R2029/free_max	optimal	0.0	0.0	"{""R2021"": 0.0, ""R2029"": 0.0, ""R2034"": 0.0, ""R2039"": 0.0}"	True	0.0	0.0	0.0
baseline/R2029/near_min	optimal	0.0	1.8531634738708977	"{""R2021"": 0.0, ""R2029"": 0.0, ""R2034"": 0.0, ""R2039"": 0.0}"	True	4.7240694429212526e-14	0.0	0.0
baseline/R2029/near_max	optimal	0.0	1.8531634738708977	"{""R2021"": 0.0, ""R2029"": 0.0, ""R2034"": 0.0, ""R2039"": 0.0}"	True	3.8957525356694833e-14	0.0	0.0
baseline/R2029/FVA_1.0_min	optimal	0.0	1.8718822969403008	"{""R2021"": 0.0, ""R2029"": 0.0, ""R2034"": 0.0, ""R2039"": 0.0}"	True	6.572455253650578e-14	0.0	0.0
baseline/R2029/FVA_1.0_max	optimal	0.0	1.8718822969403008	"{""R2021"": 0.0, ""R2029"": 0.0, ""R2034"": 0.0, ""R2039"": 0.0}"	True	6.572455253650578e-14	0.0	0.0
baseline/R2029/FVA_0.0_min	optimal	0.0	0.0	"{""R2021"": 0.0, ""R2029"": 0.0, ""R2034"": 0.0, ""R2039"": 0.0}"	True	0.0	0.0	0.0
baseline/R2029/FVA_0.0_max	optimal	0.0	0.0	"{""R2021"": 0.0, ""R2029"": 0.0, ""R2034"": 0.0, ""R2039"": 0.0}"	True	0.0	0.0	0.0
baseline/R2034/free_max	optimal	0.0	0.0	"{""R2021"": 0.0, ""R2029"": 0.0, ""R2034"": 0.0, ""R2039"": 0.0}"	True	0.0	0.0	0.0
baseline/R2034/near_min	optimal	0.0	1.8531634738708977	"{""R2021"": 0.0, ""R2029"": 0.0, ""R2034"": 0.0, ""R2039"": 0.0}"	True	1.0638950657948509e-13	0	0.0
baseline/R2034/near_max	optimal	0.0	1.8531634738708977	"{""R2021"": 0.0, ""R2029"": 0.0, ""R2034"": 0.0, ""R2039"": 0.0}"	True	3.981504795996793e-14	0	0.0
baseline/R2034/FVA_1.0_min	optimal	0.0	1.8718822969403008	"{""R2021"": 0.0, ""R2029"": 0.0, ""R2034"": 0.0, ""R2039"": 0.0}"	True	6.158962229108056e-14	0.0	0.0
baseline/R2034/FVA_1.0_max	optimal	0.0	1.8718822969403008	"{""R2021"": 0.0, ""R2029"": 0.0, ""R2034"": 0.0, ""R2039"": 0.0}"	True	3.32924557961572e-08	0	3.3292479989044475e-08
baseline/R2034/FVA_0.0_min	optimal	0.0	0.0	"{""R2021"": 0.0, ""R2029"": 0.0, ""R2034"": 0.0, ""R2039"": 0.0}"	True	0.0	0.0	0.0
baseline/R2034/FVA_0.0_max	optimal	0.0	0.0	"{""R2021"": 0.0, ""R2029"": 0.0, ""R2034"": 0.0, ""R2039"": 0.0}"	True	0.0	0.0	0.0
baseline/R2039/free_max	optimal	0.0	0.0	"{""R2021"": 0.0, ""R2029"": 0.0, ""R2034"": 0.0, ""R2039"": 0.0}"	True	0.0	0.0	0.0
baseline/R2039/near_min	optimal	0.0	1.8531634738708977	"{""R2021"": 0.0, ""R2029"": 0.0, ""R2034"": 0.0, ""R2039"": 0.0}"	True	1.0412504192203187e-13	0.0	0.0
baseline/R2039/near_max	optimal	0.0	1.8531634738708977	"{""R2021"": 0.0, ""R2029"": 0.0, ""R2034"": 0.0, ""R2039"": 0.0}"	True	4.2816227993625056e-14	0.0	0.0
baseline/R2039/FVA_1.0_min	optimal	0.0	1.8718822969403008	"{""R2021"": 0.0, ""R2029"": 0.0, ""R2034"": 0.0, ""R2039"": 0.0}"	True	3.32924557961572e-08	0	3.3292479989044475e-08
baseline/R2039/FVA_1.0_max	optimal	0.0	1.8718822969403008	"{""R2021"": 0.0, ""R2029"": 0.0, ""R2034"": 0.0, ""R2039"": 0.0}"	True	6.158962229108056e-14	0.0	0.0
baseline/R2039/FVA_0.0_min	optimal	0.0	0.0	"{""R2021"": 0.0, ""R2029"": 0.0, ""R2034"": 0.0, ""R2039"": 0.0}"	True	0.0	0.0	0.0
baseline/R2039/FVA_0.0_max	optimal	0.0	0.0	"{""R2021"": 0.0, ""R2029"": 0.0, ""R2034"": 0.0, ""R2039"": 0.0}"	True	0.0	0.0	0.0
supply/R2021/0.0001/FBA	optimal	1.8718823069402883	1.8718823069402883	"{""R2021"": 0.0, ""R2029"": 0.0, ""R2034"": 0.0, ""R2039"": 0.0}"	True	4.929417334390007e-14	0.0	0.0
supply/R2021/0.0001/pFBA	optimal	939.1095403297775	1.8718822969402884	"{""R2021"": 0.0, ""R2029"": 0.0, ""R2034"": 0.0, ""R2039"": 0.0}"	True	8.898659803815989e-14	0.0	0.0
supply/R2021/0.0001/R2021/free_max	optimal	0.0	0.0	"{""R2021"": 0.0, ""R2029"": 0.0, ""R2034"": 0.0, ""R2039"": 0.0}"	True	0.0	0.0	0.0
supply/R2021/0.0001/R2021/near_min	optimal	0.0	1.8531634738708855	"{""R2021"": 0.0, ""R2029"": 0.0, ""R2034"": 0.0, ""R2039"": 0.0}"	True	1.2268200236080495e-13	0.0	0.0
supply/R2021/0.0001/R2021/near_max	optimal	0.0	1.8531634738708855	"{""R2021"": 0.0, ""R2029"": 0.0, ""R2034"": 0.0, ""R2039"": 0.0}"	True	7.665225333804149e-14	0.0	0.0
supply/R2029/0.0001/FBA	optimal	1.871882306940296	1.871882306940296	"{""R2021"": 0.0, ""R2029"": 0.0, ""R2034"": 0.0, ""R2039"": 0.0}"	True	9.001070830523539e-14	0.0	0.0
supply/R2029/0.0001/pFBA	optimal	939.1095403297936	1.871882296940296	"{""R2021"": 0.0, ""R2029"": 0.0, ""R2034"": 0.0, ""R2039"": 0.0}"	True	5.267948620726881e-14	0.0	0.0
supply/R2029/0.0001/R2029/free_max	optimal	0.0	0.0	"{""R2021"": 0.0, ""R2029"": 0.0, ""R2034"": 0.0, ""R2039"": 0.0}"	True	0.0	0.0	0.0
supply/R2029/0.0001/R2029/near_min	optimal	0.0	1.853163473870893	"{""R2021"": 0.0, ""R2029"": 0.0, ""R2034"": 0.0, ""R2039"": 0.0}"	True	1.850350927166955e-13	0.0	0.0
supply/R2029/0.0001/R2029/near_max	optimal	0.0	1.853163473870893	"{""R2021"": 0.0, ""R2029"": 0.0, ""R2034"": 0.0, ""R2039"": 0.0}"	True	1.1038400553851913e-13	0.0	0.0
supply/R2034/0.0001/FBA	optimal	1.8718823069403003	1.8718823069403003	"{""R2021"": 0.0, ""R2029"": 0.0, ""R2034"": 0.0, ""R2039"": 0.0}"	True	4.0963678846553386e-14	0.0	0.0
supply/R2034/0.0001/pFBA	optimal	939.1095403298232	1.8718822969403004	"{""R2021"": 0.0, ""R2029"": 0.0, ""R2034"": 0.0, ""R2039"": 0.0}"	True	4.289277266700253e-14	0.0	0.0
supply/R2034/0.0001/R2034/free_max	optimal	0.0	0.0	"{""R2021"": 0.0, ""R2029"": 0.0, ""R2034"": 0.0, ""R2039"": 0.0}"	True	0.0	0.0	0.0
supply/R2034/0.0001/R2034/near_min	optimal	0.0	1.8531634738708973	"{""R2021"": 0.0, ""R2029"": 0.0, ""R2034"": 0.0, ""R2039"": 0.0}"	True	5.933610807556944e-14	0.0	0.0
supply/R2034/0.0001/R2034/near_max	optimal	0.0	1.8531634738708973	"{""R2021"": 0.0, ""R2029"": 0.0, ""R2034"": 0.0, ""R2039"": 0.0}"	True	2.5270584236292137e-14	0	0.0
supply/R2039/0.0001/FBA	optimal	1.8718823069402921	1.8718823069402921	"{""R2021"": 0.0, ""R2029"": 0.0, ""R2034"": 0.0, ""R2039"": 0.0}"	True	7.044354249224893e-14	0	0.0
supply/R2039/0.0001/pFBA	optimal	939.1095403297985	1.8718822969402922	"{""R2021"": 0.0, ""R2029"": 0.0, ""R2034"": 0.0, ""R2039"": 0.0}"	True	4.664758163075433e-14	0.0	0.0
supply/R2039/0.0001/R2039/free_max	optimal	0.0	0.0	"{""R2021"": 0.0, ""R2029"": 0.0, ""R2034"": 0.0, ""R2039"": 0.0}"	True	0.0	0.0	0.0
supply/R2039/0.0001/R2039/near_min	optimal	0.0	1.8531634738708893	"{""R2021"": 0.0, ""R2029"": 0.0, ""R2034"": 0.0, ""R2039"": 0.0}"	True	1.1671788752512513e-13	0	0.0
supply/R2039/0.0001/R2039/near_max	optimal	0.0	1.8531634738708893	"{""R2021"": 0.0, ""R2029"": 0.0, ""R2034"": 0.0, ""R2039"": 0.0}"	True	1.2747840435166358e-13	0	0.0
supply/all/0.0001/FBA	optimal	1.8718823069402977	1.8718823069402977	"{""R2021"": 0.0, ""R2029"": 0.0, ""R2034"": 0.0, ""R2039"": 0.0}"	True	2.6184241407045672e-14	0	0.0
supply/all/0.0001/pFBA	optimal	939.1095403298058	1.8718822969402977	"{""R2021"": 0.0, ""R2029"": 0.0, ""R2034"": 0.0, ""R2039"": 0.0}"	True	9.23202486680097e-14	0.0	0.0
supply/all/0.0001/R2021/free_max	optimal	0.0	0.0	"{""R2021"": 0.0, ""R2029"": 0.0, ""R2034"": 0.0, ""R2039"": 0.0}"	True	0.0	0.0	0.0
supply/all/0.0001/R2021/near_min	optimal	0.0	1.8531634738708946	"{""R2021"": 0.0, ""R2029"": 0.0, ""R2034"": 0.0, ""R2039"": 0.0}"	True	5.583652030322073e-14	0	0.0
supply/all/0.0001/R2021/near_max	optimal	0.0	1.8531634738708946	"{""R2021"": 0.0, ""R2029"": 0.0, ""R2034"": 0.0, ""R2039"": 0.0}"	True	5.941159565182874e-14	0.0	0.0
supply/all/0.0001/R2029/free_max	optimal	0.0	0.0	"{""R2021"": 0.0, ""R2029"": 0.0, ""R2034"": 0.0, ""R2039"": 0.0}"	True	0.0	0.0	0.0
supply/all/0.0001/R2029/near_min	optimal	0.0	1.8531634738708946	"{""R2021"": 0.0, ""R2029"": 0.0, ""R2034"": 0.0, ""R2039"": 0.0}"	True	5.583652030322073e-14	0	0.0
supply/all/0.0001/R2029/near_max	optimal	0.0	1.8531634738708946	"{""R2021"": 0.0, ""R2029"": 0.0, ""R2034"": 0.0, ""R2039"": 0.0}"	True	5.941159565182874e-14	0.0	0.0
supply/all/0.0001/R2034/free_max	optimal	0.0	0.0	"{""R2021"": 0.0, ""R2029"": 0.0, ""R2034"": 0.0, ""R2039"": 0.0}"	True	0.0	0.0	0.0
supply/all/0.0001/R2034/near_min	optimal	0.0	1.8531634738708946	"{""R2021"": 0.0, ""R2029"": 0.0, ""R2034"": 0.0, ""R2039"": 0.0}"	True	5.1716253892178377e-14	0	0.0
supply/all/0.0001/R2034/near_max	optimal	0.0	1.8531634738708946	"{""R2021"": 0.0, ""R2029"": 0.0, ""R2034"": 0.0, ""R2039"": 0.0}"	True	8.692612601945982e-14	0.0	0.0
supply/all/0.0001/R2039/free_max	optimal	0.0	0.0	"{""R2021"": 0.0, ""R2029"": 0.0, ""R2034"": 0.0, ""R2039"": 0.0}"	True	0.0	0.0	0.0
supply/all/0.0001/R2039/near_min	optimal	0.0	1.8531634738708946	"{""R2021"": 0.0, ""R2029"": 0.0, ""R2034"": 0.0, ""R2039"": 0.0}"	True	2.3789219834487174e-13	0.0	0.0
supply/all/0.0001/R2039/near_max	optimal	0.0	1.8531634738708946	"{""R2021"": 0.0, ""R2029"": 0.0, ""R2034"": 0.0, ""R2039"": 0.0}"	True	4.549735154596446e-14	0.0	0.0
supply/all/0.0001/joint_half_supply	infeasible				False			
supply_drains/R2021/0.0001/FBA	optimal	1.8718823069402968	1.8718823069402968	"{""R2021"": 0.0, ""R2029"": 0.0, ""R2034"": 0.0, ""R2039"": 0.0}"	True	7.371276440799879e-14	0.0	0.0
supply_drains/R2021/0.0001/pFBA	optimal	939.1095403297954	1.8718822969402968	"{""R2021"": 0.0, ""R2029"": 0.0, ""R2034"": 0.0, ""R2039"": 0.0}"	True	1.3368375417072142e-13	0.0	0.0
supply_drains/R2021/0.0001/R2021/free_max	optimal	0.0	0.0	"{""R2021"": 0.0, ""R2029"": 0.0, ""R2034"": 0.0, ""R2039"": 0.0}"	True	0.0	0.0	0.0
supply_drains/R2021/0.0001/R2021/near_min	optimal	0.0	1.8531634738708938	"{""R2021"": 0.0, ""R2029"": 0.0, ""R2034"": 0.0, ""R2039"": 0.0}"	True	7.920427551669218e-14	0.0	0.0
supply_drains/R2021/0.0001/R2021/near_max	optimal	0.0	1.8531634738708938	"{""R2021"": 0.0, ""R2029"": 0.0, ""R2034"": 0.0, ""R2039"": 0.0}"	True	6.28355874277009e-14	0.0	0.0
supply_drains/R2029/0.0001/FBA	optimal	1.8718823069402968	1.8718823069402968	"{""R2021"": 0.0, ""R2029"": 0.0, ""R2034"": 0.0, ""R2039"": 0.0}"	True	7.371276440799879e-14	0.0	0.0
supply_drains/R2029/0.0001/pFBA	optimal	939.1095403297954	1.8718822969402968	"{""R2021"": 0.0, ""R2029"": 0.0, ""R2034"": 0.0, ""R2039"": 0.0}"	True	1.3368375417072142e-13	0.0	0.0
supply_drains/R2029/0.0001/R2029/free_max	optimal	0.0	0.0	"{""R2021"": 0.0, ""R2029"": 0.0, ""R2034"": 0.0, ""R2039"": 0.0}"	True	0.0	0.0	0.0
supply_drains/R2029/0.0001/R2029/near_min	optimal	0.0	1.8531634738708938	"{""R2021"": 0.0, ""R2029"": 0.0, ""R2034"": 0.0, ""R2039"": 0.0}"	True	9.935509446418189e-14	0	0.0
supply_drains/R2029/0.0001/R2029/near_max	optimal	0.0	1.8531634738708938	"{""R2021"": 0.0, ""R2029"": 0.0, ""R2034"": 0.0, ""R2039"": 0.0}"	True	9.691680509342493e-14	0.0	0.0
supply_drains/R2034/0.0001/FBA	optimal	1.8718823069402981	1.8718823069402981	"{""R2021"": 0.0, ""R2029"": 0.0, ""R2034"": 0.0, ""R2039"": 0.0}"	True	1.1356749416747969e-13	0.0	0.0
supply_drains/R2034/0.0001/pFBA	optimal	939.1095403298007	1.8718822969402982	"{""R2021"": 0.0, ""R2029"": 0.0, ""R2034"": 0.0, ""R2039"": 0.0}"	True	8.701679242613392e-14	0.0	0.0
supply_drains/R2034/0.0001/R2034/free_max	optimal	0.0	0.0	"{""R2021"": 0.0, ""R2029"": 0.0, ""R2034"": 0.0, ""R2039"": 0.0}"	True	0.0	0.0	0.0
supply_drains/R2034/0.0001/R2034/near_min	optimal	0.0	1.853163473870895	"{""R2021"": 0.0, ""R2029"": 0.0, ""R2034"": 0.0, ""R2039"": 0.0}"	True	2.3207672762703968e-14	0.0	0.0
supply_drains/R2034/0.0001/R2034/near_max	optimal	0.0	1.853163473870895	"{""R2021"": 0.0, ""R2029"": 0.0, ""R2034"": 0.0, ""R2039"": 0.0}"	True	1.2645440250480533e-13	0.0	0.0
supply_drains/R2039/0.0001/FBA	optimal	1.8718823069402923	1.8718823069402923	"{""R2021"": 0.0, ""R2029"": 0.0, ""R2034"": 0.0, ""R2039"": 0.0}"	True	8.995164639188924e-14	0.0	0.0
supply_drains/R2039/0.0001/pFBA	optimal	939.1095403297946	1.8718822969402924	"{""R2021"": 0.0, ""R2029"": 0.0, ""R2034"": 0.0, ""R2039"": 0.0}"	True	3.566417994260718e-14	0.0	0.0
supply_drains/R2039/0.0001/R2039/free_max	optimal	0.0	0.0	"{""R2021"": 0.0, ""R2029"": 0.0, ""R2034"": 0.0, ""R2039"": 0.0}"	True	0.0	0.0	0.0
supply_drains/R2039/0.0001/R2039/near_min	optimal	0.0	1.8531634738708895	"{""R2021"": 0.0, ""R2029"": 0.0, ""R2034"": 0.0, ""R2039"": 0.0}"	True	1.6692268227369578e-13	0.0	0.0
supply_drains/R2039/0.0001/R2039/near_max	optimal	0.0	1.8531634738708895	"{""R2021"": 0.0, ""R2029"": 0.0, ""R2034"": 0.0, ""R2039"": 0.0}"	True	8.286405416002562e-14	0	0.0
supply_drains/all/0.0001/FBA	optimal	1.8718823069403	1.8718823069403	"{""R2021"": 0.0, ""R2029"": 0.0, ""R2034"": 0.0, ""R2039"": 0.0}"	True	4.5806051009525395e-14	0.0	0.0
supply_drains/all/0.0001/pFBA	optimal	939.1095403298037	1.8718822969403	"{""R2021"": 0.0, ""R2029"": 0.0, ""R2034"": 0.0, ""R2039"": 0.0}"	True	8.084293868018677e-14	0.0	0.0
supply_drains/all/0.0001/R2021/free_max	optimal	0.0	0.0	"{""R2021"": 0.0, ""R2029"": 0.0, ""R2034"": 0.0, ""R2039"": 0.0}"	True	0.0	0.0	0.0
supply_drains/all/0.0001/R2021/near_min	optimal	0.0	1.8531634738708969	"{""R2021"": 0.0, ""R2029"": 0.0, ""R2034"": 0.0, ""R2039"": 0.0}"	True	7.770767333097929e-14	0	0.0
supply_drains/all/0.0001/R2021/near_max	optimal	0.0	1.8531634738708969	"{""R2021"": 0.0, ""R2029"": 0.0, ""R2034"": 0.0, ""R2039"": 0.0}"	True	1.1862575808804787e-13	0.0	0.0
supply_drains/all/0.0001/R2029/free_max	optimal	0.0	0.0	"{""R2021"": 0.0, ""R2029"": 0.0, ""R2034"": 0.0, ""R2039"": 0.0}"	True	0.0	0.0	0.0
supply_drains/all/0.0001/R2029/near_min	optimal	0.0	1.8531634738708969	"{""R2021"": 0.0, ""R2029"": 0.0, ""R2034"": 0.0, ""R2039"": 0.0}"	True	7.770767333097929e-14	0	0.0
supply_drains/all/0.0001/R2029/near_max	optimal	0.0	1.8531634738708969	"{""R2021"": 0.0, ""R2029"": 0.0, ""R2034"": 0.0, ""R2039"": 0.0}"	True	4.344829075512979e-14	0.0	0.0
supply_drains/all/0.0001/R2034/free_max	optimal	0.0	0.0	"{""R2021"": 0.0, ""R2029"": 0.0, ""R2034"": 0.0, ""R2039"": 0.0}"	True	0.0	0.0	0.0
supply_drains/all/0.0001/R2034/near_min	optimal	0.0	1.8531634738708969	"{""R2021"": 0.0, ""R2029"": 0.0, ""R2034"": 0.0, ""R2039"": 0.0}"	True	1.1569231358511678e-13	0	0.0
supply_drains/all/0.0001/R2034/near_max	optimal	0.0	1.8531634738708969	"{""R2021"": 0.0, ""R2029"": 0.0, ""R2034"": 0.0, ""R2039"": 0.0}"	True	6.45006238090412e-14	0.0	0.0
supply_drains/all/0.0001/R2039/free_max	optimal	0.0	0.0	"{""R2021"": 0.0, ""R2029"": 0.0, ""R2034"": 0.0, ""R2039"": 0.0}"	True	0.0	0.0	0.0
supply_drains/all/0.0001/R2039/near_min	optimal	0.0	1.8531634738708969	"{""R2021"": 0.0, ""R2029"": 0.0, ""R2034"": 0.0, ""R2039"": 0.0}"	True	8.72909871555555e-14	0.0	0.0
supply_drains/all/0.0001/R2039/near_max	optimal	0.0	1.8531634738708969	"{""R2021"": 0.0, ""R2029"": 0.0, ""R2034"": 0.0, ""R2039"": 0.0}"	True	3.8512243524455037e-14	0.0	0.0
supply_drains/all/0.0001/joint_half_supply	infeasible				False			
supply_water/R2021/0.0001/FBA	optimal	1.8718823069402997	1.8718823069402997	"{""R2021"": 0.0, ""R2029"": 0.0, ""R2034"": 0.0, ""R2039"": 0.0}"	True	2.9433432687658856e-14	0.0	0.0
supply_water/R2021/0.0001/pFBA	optimal	939.1095403298148	1.8718822969402997	"{""R2021"": 0.0, ""R2029"": 0.0, ""R2034"": 0.0, ""R2039"": 0.0}"	True	4.7259207181307716e-14	0.0	0.0
supply_water/R2021/0.0001/R2021/free_max	optimal	0.0	0.0	"{""R2021"": 0.0, ""R2029"": 0.0, ""R2034"": 0.0, ""R2039"": 0.0}"	True	0.0	0.0	0.0
supply_water/R2021/0.0001/R2021/near_min	optimal	0.0	1.8531634738708966	"{""R2021"": 0.0, ""R2029"": 0.0, ""R2034"": 0.0, ""R2039"": 0.0}"	True	4.5050970264959127e-14	0	0.0
supply_water/R2021/0.0001/R2021/near_max	optimal	0.0	1.8531634738708966	"{""R2021"": 0.0, ""R2029"": 0.0, ""R2034"": 0.0, ""R2039"": 0.0}"	True	9.684410933775978e-14	0.0	0.0
supply_water/R2029/0.0001/FBA	optimal	1.8718823069403001	1.8718823069403001	"{""R2021"": 0.0, ""R2029"": 0.0, ""R2034"": 0.0, ""R2039"": 0.0}"	True	2.561107792856121e-14	0.0	0.0
supply_water/R2029/0.0001/pFBA	optimal	939.1095403298078	1.8718822969403002	"{""R2021"": 0.0, ""R2029"": 0.0, ""R2034"": 0.0, ""R2039"": 0.0}"	True	5.816343500580912e-14	0.0	0.0
supply_water/R2029/0.0001/R2029/free_max	optimal	0.0	0.0	"{""R2021"": 0.0, ""R2029"": 0.0, ""R2034"": 0.0, ""R2039"": 0.0}"	True	0.0	0.0	0.0
supply_water/R2029/0.0001/R2029/near_min	optimal	0.0	1.853163473870897	"{""R2021"": 0.0, ""R2029"": 0.0, ""R2034"": 0.0, ""R2039"": 0.0}"	True	5.732611583239393e-14	0	0.0
supply_water/R2029/0.0001/R2029/near_max	optimal	0.0	1.853163473870897	"{""R2021"": 0.0, ""R2029"": 0.0, ""R2034"": 0.0, ""R2039"": 0.0}"	True	7.065767242131482e-14	0	0.0
supply_water/R2034/0.0001/FBA	optimal	1.8718823069402954	1.8718823069402954	"{""R2021"": 0.0, ""R2029"": 0.0, ""R2034"": 0.0, ""R2039"": 0.0}"	True	1.3962802810664476e-13	0.0	0.0
supply_water/R2034/0.0001/pFBA	optimal	939.109540329793	1.8718822969402955	"{""R2021"": 0.0, ""R2029"": 0.0, ""R2034"": 0.0, ""R2039"": 0.0}"	True	5.957642148710085e-14	0.0	0.0
supply_water/R2034/0.0001/R2034/free_max	optimal	0.0	0.0	"{""R2021"": 0.0, ""R2029"": 0.0, ""R2034"": 0.0, ""R2039"": 0.0}"	True	0.0	0.0	0.0
supply_water/R2034/0.0001/R2034/near_min	optimal	0.0	1.8531634738708926	"{""R2021"": 0.0, ""R2029"": 0.0, ""R2034"": 0.0, ""R2039"": 0.0}"	True	3.195577483183776e-14	0	0.0
supply_water/R2034/0.0001/R2034/near_max	optimal	0.0	1.8531634738708926	"{""R2021"": 0.0, ""R2029"": 0.0, ""R2034"": 0.0, ""R2039"": 0.0}"	True	6.923744889052175e-14	0.0	0.0
supply_water/R2039/0.0001/FBA	optimal	1.8718823069403017	1.8718823069403017	"{""R2021"": 0.0, ""R2029"": 0.0, ""R2034"": 0.0, ""R2039"": 0.0}"	True	2.2367307658810454e-14	0.0	0.0
supply_water/R2039/0.0001/pFBA	optimal	939.1095403298274	1.8718822969403017	"{""R2021"": 0.0, ""R2029"": 0.0, ""R2034"": 0.0, ""R2039"": 0.0}"	True	8.398864286343621e-14	0.0	0.0
supply_water/R2039/0.0001/R2039/free_max	optimal	0.0	0.0	"{""R2021"": 0.0, ""R2029"": 0.0, ""R2034"": 0.0, ""R2039"": 0.0}"	True	0.0	0.0	0.0
supply_water/R2039/0.0001/R2039/near_min	optimal	0.0	1.8531634738708986	"{""R2021"": 0.0, ""R2029"": 0.0, ""R2034"": 0.0, ""R2039"": 0.0}"	True	7.841692789903321e-14	0	0.0
supply_water/R2039/0.0001/R2039/near_max	optimal	0.0	1.8531634738708986	"{""R2021"": 0.0, ""R2029"": 0.0, ""R2034"": 0.0, ""R2039"": 0.0}"	True	3.424710059811431e-14	0.0	0.0
supply_water/all/0.0001/FBA	optimal	1.8718823069402966	1.8718823069402966	"{""R2021"": 0.0, ""R2029"": 0.0, ""R2034"": 0.0, ""R2039"": 0.0}"	True	1.3577385201378467e-13	0	0.0
supply_water/all/0.0001/pFBA	optimal	939.1095403298095	1.8718822969402966	"{""R2021"": 0.0, ""R2029"": 0.0, ""R2034"": 0.0, ""R2039"": 0.0}"	True	9.146321395571422e-14	0.0	0.0
supply_water/all/0.0001/R2021/free_max	optimal	0.0	0.0	"{""R2021"": 0.0, ""R2029"": 0.0, ""R2034"": 0.0, ""R2039"": 0.0}"	True	0.0	0.0	0.0
supply_water/all/0.0001/R2021/near_min	optimal	0.0	1.8531634738708935	"{""R2021"": 0.0, ""R2029"": 0.0, ""R2034"": 0.0, ""R2039"": 0.0}"	True	7.511569491414072e-14	0.0	0.0
supply_water/all/0.0001/R2021/near_max	optimal	0.0	1.8531634738708935	"{""R2021"": 0.0, ""R2029"": 0.0, ""R2034"": 0.0, ""R2039"": 0.0}"	True	6.045261947279501e-14	0.0	0.0
supply_water/all/0.0001/R2029/free_max	optimal	0.0	0.0	"{""R2021"": 0.0, ""R2029"": 0.0, ""R2034"": 0.0, ""R2039"": 0.0}"	True	0.0	0.0	0.0
supply_water/all/0.0001/R2029/near_min	optimal	0.0	1.8531634738708935	"{""R2021"": 0.0, ""R2029"": 0.0, ""R2034"": 0.0, ""R2039"": 0.0}"	True	7.511569491414072e-14	0.0	0.0
supply_water/all/0.0001/R2029/near_max	optimal	0.0	1.8531634738708935	"{""R2021"": 0.0, ""R2029"": 0.0, ""R2034"": 0.0, ""R2039"": 0.0}"	True	6.045261947279501e-14	0.0	0.0
supply_water/all/0.0001/R2034/free_max	optimal	0.0	0.0	"{""R2021"": 0.0, ""R2029"": 0.0, ""R2034"": 0.0, ""R2039"": 0.0}"	True	0.0	0.0	0.0
supply_water/all/0.0001/R2034/near_min	optimal	0.0	1.8531634738708935	"{""R2021"": 0.0, ""R2029"": 0.0, ""R2034"": 0.0, ""R2039"": 0.0}"	True	1.4777458770542928e-13	0.0	0.0
supply_water/all/0.0001/R2034/near_max	optimal	0.0	1.8531634738708935	"{""R2021"": 0.0, ""R2029"": 0.0, ""R2034"": 0.0, ""R2039"": 0.0}"	True	7.653174426656972e-14	0.0	0.0
supply_water/all/0.0001/R2039/free_max	optimal	0.0	0.0	"{""R2021"": 0.0, ""R2029"": 0.0, ""R2034"": 0.0, ""R2039"": 0.0}"	True	0.0	0.0	0.0
supply_water/all/0.0001/R2039/near_min	optimal	0.0	1.8531634738708935	"{""R2021"": 0.0, ""R2029"": 0.0, ""R2034"": 0.0, ""R2039"": 0.0}"	True	3.085921275458592e-14	0.0	0.0
supply_water/all/0.0001/R2039/near_max	optimal	0.0	1.8531634738708935	"{""R2021"": 0.0, ""R2029"": 0.0, ""R2034"": 0.0, ""R2039"": 0.0}"	True	7.600647541905481e-14	0.0	0.0
supply_water/all/0.0001/joint_half_supply	infeasible				False			
supply_water_drains/R2021/0.0001/FBA	optimal	1.8718823069403012	1.8718823069403012	"{""R2021"": 0.0001, ""R2029"": 0.0, ""R2034"": 0.0, ""R2039"": 0.0}"	True	3.507640683984847e-14	0.0	0.0
supply_water_drains/R2021/0.0001/pFBA	optimal	939.1095403298268	1.8718822969403013	"{""R2021"": 0.0, ""R2029"": 0.0, ""R2034"": 0.0, ""R2039"": 0.0}"	True	5.176539535564628e-14	0.0	0.0
supply_water_drains/R2021/0.0001/R2021/free_max	optimal	0.0001	0.0	"{""R2021"": 0.0001, ""R2029"": 0.0, ""R2034"": 0.0, ""R2039"": 0.0}"	True	2.3306280950291525e-16	0.0	0.0
supply_water_drains/R2021/0.0001/R2021/near_min	optimal	0.0	1.8531634738708982	"{""R2021"": 0.0, ""R2029"": 0.0, ""R2034"": 0.0, ""R2039"": 0.0}"	True	7.965302679588393e-14	0	0.0
supply_water_drains/R2021/0.0001/R2021/near_max	optimal	0.0001	1.8531634738708982	"{""R2021"": 0.0001, ""R2029"": 0.0, ""R2034"": 0.0, ""R2039"": 0.0}"	True	9.309508730310362e-14	0.0	0.0
supply_water_drains/R2029/0.0001/FBA	optimal	1.871882306940295	1.871882306940295	"{""R2021"": 0.0, ""R2029"": 0.0, ""R2034"": 0.0, ""R2039"": 0.0}"	True	1.4054892232689964e-13	0	0.0
supply_water_drains/R2029/0.0001/pFBA	optimal	939.1095403297961	1.871882296940295	"{""R2021"": 0.0, ""R2029"": 0.0, ""R2034"": 0.0, ""R2039"": 0.0}"	True	1.090295388694873e-13	0.0	0.0
supply_water_drains/R2029/0.0001/R2029/free_max	optimal	0.0001	0.0	"{""R2021"": 0.0, ""R2029"": 0.0001, ""R2034"": 0.0, ""R2039"": 0.0}"	True	2.3306280950291525e-16	0.0	0.0
supply_water_drains/R2029/0.0001/R2029/near_min	optimal	0.0	1.8531634738708922	"{""R2021"": 0.0, ""R2029"": 0.0, ""R2034"": 0.0, ""R2039"": 0.0}"	True	5.2709572817555284e-14	0.0	0.0
supply_water_drains/R2029/0.0001/R2029/near_max	optimal	0.0001	1.8531634738708922	"{""R2021"": 0.0, ""R2029"": 0.0001, ""R2034"": 0.0, ""R2039"": 0.0}"	True	9.003613284618017e-14	0.0	0.0
supply_water_drains/R2034/0.0001/FBA	optimal	1.8718913179819634	1.8718913179819634	"{""R2021"": 0.0, ""R2029"": 0.0, ""R2034"": 0.0001, ""R2039"": 0.0}"	True	6.8510559096506e-14	0	0.0
supply_water_drains/R2034/0.0001/pFBA	optimal	939.1139227291754	1.8718913079819635	"{""R2021"": 0.0, ""R2029"": 0.0, ""R2034"": 0.0001, ""R2039"": 0.0}"	True	3.854718193946338e-14	0.0	0.0
supply_water_drains/R2034/0.0001/R2034/free_max	optimal	0.0001	0.0	"{""R2021"": 0.0, ""R2029"": 0.0, ""R2034"": 0.0001, ""R2039"": 0.0}"	True	2.3306280950291525e-16	0.0	0.0
supply_water_drains/R2034/0.0001/R2034/near_min	optimal	0.0	1.853172394802144	"{""R2021"": 0.0, ""R2029"": 0.0, ""R2034"": 0.0, ""R2039"": 0.0}"	True	2.966334622866388e-14	0.0	0.0
supply_water_drains/R2034/0.0001/R2034/near_max	optimal	0.0001	1.853172394802144	"{""R2021"": 0.0, ""R2029"": 0.0, ""R2034"": 0.0001, ""R2039"": 0.0}"	True	4.543788305680363e-14	0	0.0
supply_water_drains/R2039/0.0001/FBA	optimal	1.871888314301402	1.871888314301402	"{""R2021"": 0.0, ""R2029"": 0.0, ""R2034"": 0.0, ""R2039"": 5e-05}"	True	2.4369395390522186e-14	0.0	0.0
supply_water_drains/R2039/0.0001/pFBA	optimal	939.1088702627164	1.871888304301402	"{""R2021"": 0.0, ""R2029"": 0.0, ""R2034"": 0.0, ""R2039"": 5e-05}"	True	4.123685036017469e-14	0.0	0.0
supply_water_drains/R2039/0.0001/R2039/free_max	optimal	0.0001	0.0	"{""R2021"": 0.0, ""R2029"": 0.0, ""R2034"": 0.0, ""R2039"": 0.0001}"	True	2.3306280950291525e-16	0.0	0.0
supply_water_drains/R2039/0.0001/R2039/near_min	optimal	0.0	1.853169421158388	"{""R2021"": 0.0, ""R2029"": 0.0, ""R2034"": 0.0, ""R2039"": 0.0}"	True	6.001449337489362e-14	0.0	0.0
supply_water_drains/R2039/0.0001/R2039/near_max	optimal	0.0001	1.853169421158388	"{""R2021"": 0.0, ""R2029"": 0.0, ""R2034"": 0.0, ""R2039"": 0.0001}"	True	8.304088753435801e-14	0.0	0.0
supply_water_drains/all/0.0001/FBA	optimal	1.8719033327041736	1.8719033327041736	"{""R2021"": 0.0001, ""R2029"": 0.0, ""R2034"": 0.0001, ""R2039"": 0.0001}"	True	3.974595717652629e-14	0.0	0.0
supply_water_drains/all/0.0001/pFBA	optimal	939.1125825949703	1.8719033227041737	"{""R2021"": 0.0, ""R2029"": 0.0, ""R2034"": 0.0001, ""R2039"": 0.0001}"	True	1.6999045942579782e-13	0.0	0.0
supply_water_drains/all/0.0001/R2021/free_max	optimal	0.0001	0.0	"{""R2021"": 0.0001, ""R2029"": 0.0, ""R2034"": 0.0, ""R2039"": 0.0}"	True	2.3306280950291525e-16	0.0	0.0
supply_water_drains/all/0.0001/R2021/near_min	optimal	0.0	1.853184289377132	"{""R2021"": 0.0, ""R2029"": 0.00010000000000000003, ""R2034"": 0.0001, ""R2039"": 0.0001}"	True	8.789627012339984e-14	2.710505431213761e-20	0.0
supply_water_drains/all/0.0001/R2021/near_max	optimal	0.0001	1.853184289377132	"{""R2021"": 0.0001, ""R2029"": 0.0, ""R2034"": 0.0001, ""R2039"": 0.0001}"	True	2.5276981029109802e-14	0	0.0
supply_water_drains/all/0.0001/R2029/free_max	optimal	0.0001	0.0	"{""R2021"": 0.0, ""R2029"": 0.0001, ""R2034"": 0.0, ""R2039"": 0.0}"	True	2.3306280950291525e-16	0.0	0.0
supply_water_drains/all/0.0001/R2029/near_min	optimal	0.0	1.853184289377132	"{""R2021"": 0.0, ""R2029"": 0.0, ""R2034"": 0.0001, ""R2039"": 0.0001}"	True	1.1634118148029504e-13	0.0	0.0
supply_water_drains/all/0.0001/R2029/near_max	optimal	0.0001	1.853184289377132	"{""R2021"": 0.0, ""R2029"": 0.0001, ""R2034"": 0.0001, ""R2039"": 0.00010000000000000002}"	True	6.304613948959759e-14	1.3552527156068805e-20	0.0
supply_water_drains/all/0.0001/R2034/free_max	optimal	0.0001	0.0	"{""R2021"": 0.0, ""R2029"": 0.0, ""R2034"": 0.0001, ""R2039"": 0.0}"	True	2.3306280950291525e-16	0.0	0.0
supply_water_drains/all/0.0001/R2034/near_min	optimal	0.0	1.853184289377132	"{""R2021"": 0.0, ""R2029"": 0.0, ""R2034"": 0.0, ""R2039"": 0.0001}"	True	1.5621315005431846e-13	0.0	0.0
supply_water_drains/all/0.0001/R2034/near_max	optimal	0.0001	1.853184289377132	"{""R2021"": 0.00010000000000000003, ""R2029"": 0.0, ""R2034"": 0.0001, ""R2039"": 0.0001}"	True	4.596041768196481e-14	2.710505431213761e-20	0.0
supply_water_drains/all/0.0001/R2039/free_max	optimal	0.0001	0.0	"{""R2021"": 0.0, ""R2029"": 0.0, ""R2034"": 0.0, ""R2039"": 0.0001}"	True	2.3306280950291525e-16	0.0	0.0
supply_water_drains/all/0.0001/R2039/near_min	optimal	0.0	1.853184289377132	"{""R2021"": 0.0, ""R2029"": 0.0, ""R2034"": 0.0001, ""R2039"": 0.0}"	True	1.0133880496907e-13	0.0	0.0
supply_water_drains/all/0.0001/R2039/near_max	optimal	0.0001	1.853184289377132	"{""R2021"": 0.00010000000000000003, ""R2029"": 0.0, ""R2034"": 0.0001, ""R2039"": 0.0001}"	True	3.6588001508727763e-14	2.710505431213761e-20	0.0
supply_water_drains/all/0.0001/joint_half_supply	optimal	1.8719033327041703	1.8719033327041703	"{""R2021"": 5e-05, ""R2029"": 5e-05, ""R2034"": 0.0001, ""R2039"": 9.999999999999999e-05}"	True	6.9265692357115e-14	0	0.0
supply_water_pump/R2021/0.0001/FBA	optimal	1.8718823069402948	1.8718823069402948	"{""R2021"": 0.0, ""R2029"": 0.0, ""R2034"": 0.0, ""R2039"": 0.0}"	True	1.1698278522091765e-13	0	0.0
supply_water_pump/R2021/0.0001/pFBA	optimal	939.109540329797	1.8718822969402948	"{""R2021"": 0.0, ""R2029"": 0.0, ""R2034"": 0.0, ""R2039"": 0.0}"	True	9.689493131459503e-14	0.0	0.0
supply_water_pump/R2021/0.0001/R2021/free_max	optimal	0.0	0.0	"{""R2021"": 0.0, ""R2029"": 0.0, ""R2034"": 0.0, ""R2039"": 0.0}"	True	0.0	0.0	0.0
supply_water_pump/R2021/0.0001/R2021/near_min	optimal	0.0	1.853163473870892	"{""R2021"": 0.0, ""R2029"": 0.0, ""R2034"": 0.0, ""R2039"": 0.0}"	True	1.7836937710267314e-13	0.0	0.0
supply_water_pump/R2021/0.0001/R2021/near_max	optimal	0.0	1.853163473870892	"{""R2021"": 0.0, ""R2029"": 0.0, ""R2034"": 0.0, ""R2039"": 0.0}"	True	1.326428116649181e-13	0.0	0.0
supply_water_pump/R2029/0.0001/FBA	optimal	1.8718823069403006	1.8718823069403006	"{""R2021"": 0.0, ""R2029"": 0.0, ""R2034"": 0.0, ""R2039"": 0.0}"	True	7.040784513571985e-14	0	0.0
supply_water_pump/R2029/0.0001/pFBA	optimal	939.1095403298256	1.8718822969403006	"{""R2021"": 0.0, ""R2029"": 0.0, ""R2034"": 0.0, ""R2039"": 0.0}"	True	8.926323222246957e-14	0.0	0.0
supply_water_pump/R2029/0.0001/R2029/free_max	optimal	0.0	0.0	"{""R2021"": 0.0, ""R2029"": 0.0, ""R2034"": 0.0, ""R2039"": 0.0}"	True	0.0	0.0	0.0
supply_water_pump/R2029/0.0001/R2029/near_min	optimal	0.0	1.8531634738708975	"{""R2021"": 0.0, ""R2029"": 0.0, ""R2034"": 0.0, ""R2039"": 0.0}"	True	4.537633425472434e-14	0	0.0
supply_water_pump/R2029/0.0001/R2029/near_max	optimal	0.0	1.8531634738708975	"{""R2021"": 0.0, ""R2029"": 0.0, ""R2034"": 0.0, ""R2039"": 0.0}"	True	6.138037127179086e-14	0.0	0.0
supply_water_pump/R2034/0.0001/FBA	optimal	1.8718943216625117	1.8718943216625117	"{""R2021"": 0.0, ""R2029"": 0.0, ""R2034"": 0.0001, ""R2039"": 0.0}"	True	5.206061683095051e-14	0.0	0.0
supply_water_pump/R2034/0.0001/pFBA	optimal	939.1167751956301	1.8718943116625117	"{""R2021"": 0.0, ""R2029"": 0.0, ""R2034"": 0.0001, ""R2039"": 0.0}"	True	6.407049370216189e-14	0.0	0.0
supply_water_pump/R2034/0.0001/R2034/free_max	optimal	0.0001	0.0	"{""R2021"": 0.0, ""R2029"": 0.0, ""R2034"": 0.0001, ""R2039"": 0.0}"	True	3.4959421425437287e-16	0.0	0.0
supply_water_pump/R2034/0.0001/R2034/near_min	optimal	0.0	1.8531753684458867	"{""R2021"": 0.0, ""R2029"": 0.0, ""R2034"": 0.0, ""R2039"": 0.0}"	True	5.1147535642601105e-14	0.0	0.0
supply_water_pump/R2034/0.0001/R2034/near_max	optimal	0.0001	1.8531753684458867	"{""R2021"": 0.0, ""R2029"": 0.0, ""R2034"": 0.0001, ""R2039"": 0.0}"	True	6.215735798243902e-14	0.0	0.0
supply_water_pump/R2039/0.0001/FBA	optimal	1.8719003290236174	1.8719003290236174	"{""R2021"": 0.0, ""R2029"": 0.0, ""R2034"": 0.0, ""R2039"": 0.0001}"	True	6.886966040856035e-14	0.0	0.0
supply_water_pump/R2039/0.0001/pFBA	optimal	939.1137051285433	1.8719003190236174	"{""R2021"": 0.0, ""R2029"": 0.0, ""R2034"": 0.0, ""R2039"": 0.0001}"	True	5.367882245470301e-14	0.0	0.0
supply_water_pump/R2039/0.0001/R2039/free_max	optimal	0.0001	0.0	"{""R2021"": 0.0, ""R2029"": 0.0, ""R2034"": 0.0, ""R2039"": 0.0001}"	True	2.3306280950291525e-16	0.0	0.0
supply_water_pump/R2039/0.0001/R2039/near_min	optimal	0.0	1.8531813157333812	"{""R2021"": 0.0, ""R2029"": 0.0, ""R2034"": 0.0, ""R2039"": 0.0}"	True	4.5278451127339636e-14	0.0	0.0
supply_water_pump/R2039/0.0001/R2039/near_max	optimal	0.0001	1.8531813157333812	"{""R2021"": 0.0, ""R2029"": 0.0, ""R2034"": 0.0, ""R2039"": 0.0001}"	True	4.8027811653909847e-14	0.0	0.0
supply_water_pump/all/0.0001/FBA	optimal	1.8719123437458318	1.8719123437458318	"{""R2021"": 0.0, ""R2029"": 0.0, ""R2034"": 0.0001, ""R2039"": 0.0001}"	True	1.9484414082171497e-14	0.0	0.0
supply_water_pump/all/0.0001/pFBA	optimal	939.1209399943286	1.8719123337458319	"{""R2021"": 0.0, ""R2029"": 0.0, ""R2034"": 0.0001, ""R2039"": 0.0001}"	True	1.4137553161572974e-13	0.0	0.0
supply_water_pump/all/0.0001/R2021/free_max	optimal	0.0	0.0	"{""R2021"": 0.0, ""R2029"": 0.0, ""R2034"": 0.0, ""R2039"": 0.0}"	True	0.0	0.0	0.0
supply_water_pump/all/0.0001/R2021/near_min	optimal	0.0	1.8531932103083735	"{""R2021"": 0.0, ""R2029"": 0.0, ""R2034"": 0.0001, ""R2039"": 0.0001}"	True	5.5882476922806956e-14	0.0	0.0
supply_water_pump/all/0.0001/R2021/near_max	optimal	0.0	1.8531932103083735	"{""R2021"": 0.0, ""R2029"": 0.0, ""R2034"": 0.0001, ""R2039"": 0.0001}"	True	3.527420978533956e-14	0.0	0.0
supply_water_pump/all/0.0001/R2029/free_max	optimal	0.0	0.0	"{""R2021"": 0.0, ""R2029"": 0.0, ""R2034"": 0.0, ""R2039"": 0.0}"	True	0.0	0.0	0.0
supply_water_pump/all/0.0001/R2029/near_min	optimal	0.0	1.8531932103083735	"{""R2021"": 0.0, ""R2029"": 0.0, ""R2034"": 0.0001, ""R2039"": 0.0001}"	True	5.5882476922806956e-14	0.0	0.0
supply_water_pump/all/0.0001/R2029/near_max	optimal	0.0	1.8531932103083735	"{""R2021"": 0.0, ""R2029"": 0.0, ""R2034"": 0.0001, ""R2039"": 0.0001}"	True	3.527420978533956e-14	0.0	0.0
supply_water_pump/all/0.0001/R2034/free_max	optimal	0.0001	0.0	"{""R2021"": 0.0, ""R2029"": 0.0, ""R2034"": 0.0001, ""R2039"": 0.0}"	True	3.4959421425437287e-16	0.0	0.0
supply_water_pump/all/0.0001/R2034/near_min	optimal	0.0	1.8531932103083735	"{""R2021"": 0.0, ""R2029"": 0.0, ""R2034"": 0.0, ""R2039"": 0.0001}"	True	5.0669795507822524e-14	0	0.0
supply_water_pump/all/0.0001/R2034/near_max	optimal	0.0001	1.8531932103083735	"{""R2021"": 0.0, ""R2029"": 0.0, ""R2034"": 0.0001, ""R2039"": 0.0001}"	True	1.4286621591134923e-08	4.662894835900399e-08	1.4286621591134923e-08
supply_water_pump/all/0.0001/R2039/free_max	optimal	0.0001	0.0	"{""R2021"": 0.0, ""R2029"": 0.0, ""R2034"": 0.0, ""R2039"": 0.0001}"	True	4.661256190058305e-16	0.0	0.0
supply_water_pump/all/0.0001/R2039/near_min	optimal	0.0	1.8531932103083735	"{""R2021"": 0.0, ""R2029"": 0.0, ""R2034"": 0.0001, ""R2039"": 0.0}"	True	3.830290441373882e-14	0.0	0.0
supply_water_pump/all/0.0001/R2039/near_max	optimal	0.0001	1.8531932103083735	"{""R2021"": 0.0, ""R2029"": 0.0, ""R2034"": 0.0001, ""R2039"": 0.0001}"	True	1.0454578012759203e-13	0.0	0.0
supply_water_pump/all/0.0001/joint_half_supply	infeasible				False			
supply_water_pump_outputs/R2021/0.0001/FBA	optimal	1.8718943216625104	1.8718943216625104	"{""R2021"": 0.0001, ""R2029"": 0.0, ""R2034"": 0.0, ""R2039"": 0.0}"	True	7.451458612466044e-14	0.0	0.0
supply_water_pump_outputs/R2021/0.0001/pFBA	optimal	939.1165001956133	1.8718943116625104	"{""R2021"": 0.0001, ""R2029"": 0.0, ""R2034"": 0.0, ""R2039"": 0.0}"	True	1.2948585888412911e-14	0.0	0.0
supply_water_pump_outputs/R2021/0.0001/R2021/free_max	optimal	0.0001	0.0	"{""R2021"": 0.0001, ""R2029"": 0.0, ""R2034"": 0.0, ""R2039"": 0.0}"	True	2.3306280950291525e-16	0.0	0.0
supply_water_pump_outputs/R2021/0.0001/R2021/near_min	optimal	0.0	1.8531753684458854	"{""R2021"": 0.0, ""R2029"": 0.0, ""R2034"": 0.0, ""R2039"": 0.0}"	True	1.988579826251325e-13	0.0	0.0
supply_water_pump_outputs/R2021/0.0001/R2021/near_max	optimal	0.0001	1.8531753684458854	"{""R2021"": 0.0001, ""R2029"": 0.0, ""R2034"": 0.0, ""R2039"": 0.0}"	True	7.968391300527261e-14	0.0	0.0
supply_water_pump_outputs/R2029/0.0001/FBA	optimal	1.871900329023621	1.871900329023621	"{""R2021"": 0.0, ""R2029"": 0.0001, ""R2034"": 0.0, ""R2039"": 0.0}"	True	4.7377832451504787e-14	0.0	0.0
supply_water_pump_outputs/R2029/0.0001/pFBA	optimal	939.1147551285228	1.871900319023621	"{""R2021"": 0.0, ""R2029"": 0.0001, ""R2034"": 0.0, ""R2039"": 0.0}"	True	3.1105164017414255e-14	0.0	0.0
supply_water_pump_outputs/R2029/0.0001/R2029/free_max	optimal	0.0001	0.0	"{""R2021"": 0.0, ""R2029"": 0.0001, ""R2034"": 0.0, ""R2039"": 0.0}"	True	2.3306280950291525e-16	0.0	0.0
supply_water_pump_outputs/R2029/0.0001/R2029/near_min	optimal	0.0	1.8531813157333847	"{""R2021"": 0.0, ""R2029"": 0.0, ""R2034"": 0.0, ""R2039"": 0.0}"	True	1.8902544460241977e-13	0	0.0
supply_water_pump_outputs/R2029/0.0001/R2029/near_max	optimal	0.0001	1.8531813157333847	"{""R2021"": 0.0, ""R2029"": 0.0001, ""R2034"": 0.0, ""R2039"": 0.0}"	True	3.534659002123186e-14	0.0	0.0
supply_water_pump_outputs/R2034/0.0001/FBA	optimal	1.8718943216625135	1.8718943216625135	"{""R2021"": 0.0, ""R2029"": 0.0, ""R2034"": 0.0001, ""R2039"": 0.0}"	True	8.722430872194764e-14	0	0.0
supply_water_pump_outputs/R2034/0.0001/pFBA	optimal	939.1167751956119	1.8718943116625135	"{""R2021"": 0.0, ""R2029"": 0.0, ""R2034"": 0.0001, ""R2039"": 0.0}"	True	9.881903780505075e-14	0.0	0.0
supply_water_pump_outputs/R2034/0.0001/R2034/free_max	optimal	0.0001	0.0	"{""R2021"": 0.0, ""R2029"": 0.0, ""R2034"": 0.0001, ""R2039"": 0.0}"	True	3.4959421425437287e-16	0.0	0.0
supply_water_pump_outputs/R2034/0.0001/R2034/near_min	optimal	0.0	1.8531753684458883	"{""R2021"": 0.0, ""R2029"": 0.0, ""R2034"": 0.0, ""R2039"": 0.0}"	True	5.189620434775666e-14	0.0	0.0
supply_water_pump_outputs/R2034/0.0001/R2034/near_max	optimal	0.0001	1.8531753684458883	"{""R2021"": 0.0, ""R2029"": 0.0, ""R2034"": 0.0001, ""R2039"": 0.0}"	True	6.882322945052366e-14	0.0	0.0
supply_water_pump_outputs/R2039/0.0001/FBA	optimal	1.8719003290236182	1.8719003290236182	"{""R2021"": 0.0, ""R2029"": 0.0, ""R2034"": 0.0, ""R2039"": 0.0001}"	True	8.991125986096415e-14	0	0.0
supply_water_pump_outputs/R2039/0.0001/pFBA	optimal	939.1137051285289	1.8719003190236183	"{""R2021"": 0.0, ""R2029"": 0.0, ""R2034"": 0.0, ""R2039"": 0.0001}"	True	3.188326881155279e-14	0.0	0.0
supply_water_pump_outputs/R2039/0.0001/R2039/free_max	optimal	0.0001	0.0	"{""R2021"": 0.0, ""R2029"": 0.0, ""R2034"": 0.0, ""R2039"": 0.0001}"	True	2.3306280950291525e-16	0.0	0.0
supply_water_pump_outputs/R2039/0.0001/R2039/near_min	optimal	0.0	1.853181315733382	"{""R2021"": 0.0, ""R2029"": 0.0, ""R2034"": 0.0, ""R2039"": 0.0}"	True	3.575438556335797e-14	0.0	0.0
supply_water_pump_outputs/R2039/0.0001/R2039/near_max	optimal	0.0001	1.853181315733382	"{""R2021"": 0.0, ""R2029"": 0.0, ""R2034"": 0.0, ""R2039"": 0.0001}"	True	1.0766542280112035e-13	0.0	0.0
supply_water_pump_outputs/all/0.0001/FBA	optimal	1.8719423805513729	1.8719423805513729	"{""R2021"": 0.0001, ""R2029"": 0.0001, ""R2034"": 0.00010000000000000003, ""R2039"": 0.0001}"	True	9.69043503209685e-14	2.710505431213761e-20	0.0
supply_water_pump_outputs/all/0.0001/pFBA	optimal	939.1331146588772	1.871942370551373	"{""R2021"": 0.0001, ""R2029"": 0.0001, ""R2034"": 0.00010000000000000003, ""R2039"": 0.0001}"	True	6.611826700291673e-14	2.710505431213761e-20	0.0
supply_water_pump_outputs/all/0.0001/R2021/free_max	optimal	0.0001	0.0	"{""R2021"": 0.0001, ""R2029"": 0.0, ""R2034"": 0.0, ""R2039"": 0.0}"	True	4.661256190058305e-16	0.0	0.0
supply_water_pump_outputs/all/0.0001/R2021/near_min	optimal	0.0	1.8532229467458592	"{""R2021"": 0.0, ""R2029"": 0.0001, ""R2034"": 0.0001, ""R2039"": 0.0001}"	True	4.753088114067827e-14	0	0.0
supply_water_pump_outputs/all/0.0001/R2021/near_max	optimal	0.0001	1.8532229467458592	"{""R2021"": 0.0001, ""R2029"": 0.0001, ""R2034"": 0.00010000000000000003, ""R2039"": 0.0001}"	True	1.0137877137165324e-13	2.710505431213761e-20	0.0
supply_water_pump_outputs/all/0.0001/R2029/free_max	optimal	0.0001	0.0	"{""R2021"": 0.0, ""R2029"": 0.0001, ""R2034"": 0.0, ""R2039"": 0.0}"	True	4.661256190058305e-16	0.0	0.0
supply_water_pump_outputs/all/0.0001/R2029/near_min	optimal	0.0	1.8532229467458592	"{""R2021"": 0.0001, ""R2029"": 0.0, ""R2034"": 0.0001, ""R2039"": 0.0}"	True	1.2867617670171694e-13	0.0	0.0
supply_water_pump_outputs/all/0.0001/R2029/near_max	optimal	0.0001	1.8532229467458592	"{""R2021"": 0.0001, ""R2029"": 0.0001, ""R2034"": 0.0001, ""R2039"": 0.0001}"	True	9.84421962349491e-14	0.0	0.0
supply_water_pump_outputs/all/0.0001/R2034/free_max	optimal	0.0001	0.0	"{""R2021"": 0.0, ""R2029"": 0.0, ""R2034"": 0.0001, ""R2039"": 0.0}"	True	3.4959421425437287e-16	0.0	0.0
supply_water_pump_outputs/all/0.0001/R2034/near_min	optimal	0.0	1.8532229467458592	"{""R2021"": 0.0001, ""R2029"": 0.0001, ""R2034"": 0.0, ""R2039"": 0.0001}"	True	1.0991403100180097e-13	0.0	0.0
supply_water_pump_outputs/all/0.0001/R2034/near_max	optimal	0.0001	1.8532229467458592	"{""R2021"": 0.0001, ""R2029"": 0.0001, ""R2034"": 0.0001, ""R2039"": 0.0001}"	True	5.049233871724096e-14	0.0	0.0
supply_water_pump_outputs/all/0.0001/R2039/free_max	optimal	0.0001	0.0	"{""R2021"": 0.0, ""R2029"": 0.0, ""R2034"": 0.0, ""R2039"": 0.0001}"	True	4.661256190058305e-16	0.0	0.0
supply_water_pump_outputs/all/0.0001/R2039/near_min	optimal	0.0	1.8532229467458592	"{""R2021"": 0.0001, ""R2029"": 0.0001, ""R2034"": 0.0001, ""R2039"": 0.0}"	True	1.192174072135732e-13	0	0.0
supply_water_pump_outputs/all/0.0001/R2039/near_max	optimal	0.0001	1.8532229467458592	"{""R2021"": 0.0001, ""R2029"": 0.0001, ""R2034"": 0.00010000000000000003, ""R2039"": 0.0001}"	True	1.0184604895546734e-13	2.710505431213761e-20	0.0
supply_water_pump_outputs/all/0.0001/joint_half_supply	optimal	1.8719423805513773	1.8719423805513773	"{""R2021"": 0.0001, ""R2029"": 0.0001, ""R2034"": 0.0001, ""R2039"": 0.0001}"	True	4.0954652863467444e-14	0.0	0.0
supply/R2021/0.001/FBA	optimal	1.8718823069402966	1.8718823069402966	"{""R2021"": 0.0, ""R2029"": 0.0, ""R2034"": 0.0, ""R2039"": 0.0}"	True	1.2140288774276087e-13	0	0.0
supply/R2021/0.001/pFBA	optimal	939.1095403298094	1.8718822969402966	"{""R2021"": 0.0, ""R2029"": 0.0, ""R2034"": 0.0, ""R2039"": 0.0}"	True	9.54819448333033e-14	0.0	0.0
supply/R2021/0.001/R2021/free_max	optimal	0.0	0.0	"{""R2021"": 0.0, ""R2029"": 0.0, ""R2034"": 0.0, ""R2039"": 0.0}"	True	0.0	0.0	0.0
supply/R2021/0.001/R2021/near_min	optimal	0.0	1.8531634738708935	"{""R2021"": 0.0, ""R2029"": 0.0, ""R2034"": 0.0, ""R2039"": 0.0}"	True	1.2860120412148957e-13	0.0	0.0
supply/R2021/0.001/R2021/near_max	optimal	0.0	1.8531634738708935	"{""R2021"": 0.0, ""R2029"": 0.0, ""R2034"": 0.0, ""R2039"": 0.0}"	True	1.3193723999611884e-13	0.0	0.0
supply/R2029/0.001/FBA	optimal	1.871882306940296	1.871882306940296	"{""R2021"": 0.0, ""R2029"": 0.0, ""R2034"": 0.0, ""R2039"": 0.0}"	True	9.001070830523539e-14	0.0	0.0
supply/R2029/0.001/pFBA	optimal	939.1095403297936	1.871882296940296	"{""R2021"": 0.0, ""R2029"": 0.0, ""R2034"": 0.0, ""R2039"": 0.0}"	True	5.267948620726881e-14	0.0	0.0
supply/R2029/0.001/R2029/free_max	optimal	0.0	0.0	"{""R2021"": 0.0, ""R2029"": 0.0, ""R2034"": 0.0, ""R2039"": 0.0}"	True	0.0	0.0	0.0
supply/R2029/0.001/R2029/near_min	optimal	0.0	1.853163473870893	"{""R2021"": 0.0, ""R2029"": 0.0, ""R2034"": 0.0, ""R2039"": 0.0}"	True	1.850350927166955e-13	0.0	0.0
supply/R2029/0.001/R2029/near_max	optimal	0.0	1.853163473870893	"{""R2021"": 0.0, ""R2029"": 0.0, ""R2034"": 0.0, ""R2039"": 0.0}"	True	1.1038400553851913e-13	0.0	0.0
supply/R2034/0.001/FBA	optimal	1.8718823069403003	1.8718823069403003	"{""R2021"": 0.0, ""R2029"": 0.0, ""R2034"": 0.0, ""R2039"": 0.0}"	True	4.0963678846553386e-14	0.0	0.0
supply/R2034/0.001/pFBA	optimal	939.1095403298232	1.8718822969403004	"{""R2021"": 0.0, ""R2029"": 0.0, ""R2034"": 0.0, ""R2039"": 0.0}"	True	4.289277266700253e-14	0.0	0.0
supply/R2034/0.001/R2034/free_max	optimal	0.0	0.0	"{""R2021"": 0.0, ""R2029"": 0.0, ""R2034"": 0.0, ""R2039"": 0.0}"	True	0.0	0.0	0.0
supply/R2034/0.001/R2034/near_min	optimal	0.0	1.8531634738708973	"{""R2021"": 0.0, ""R2029"": 0.0, ""R2034"": 0.0, ""R2039"": 0.0}"	True	5.933610807556944e-14	0.0	0.0
supply/R2034/0.001/R2034/near_max	optimal	0.0	1.8531634738708973	"{""R2021"": 0.0, ""R2029"": 0.0, ""R2034"": 0.0, ""R2039"": 0.0}"	True	2.5270584236292137e-14	0	0.0
supply/R2039/0.001/FBA	optimal	1.8718823069402921	1.8718823069402921	"{""R2021"": 0.0, ""R2029"": 0.0, ""R2034"": 0.0, ""R2039"": 0.0}"	True	7.044354249224893e-14	0	0.0
supply/R2039/0.001/pFBA	optimal	939.1095403297985	1.8718822969402922	"{""R2021"": 0.0, ""R2029"": 0.0, ""R2034"": 0.0, ""R2039"": 0.0}"	True	4.664758163075433e-14	0.0	0.0
supply/R2039/0.001/R2039/free_max	optimal	0.0	0.0	"{""R2021"": 0.0, ""R2029"": 0.0, ""R2034"": 0.0, ""R2039"": 0.0}"	True	0.0	0.0	0.0
supply/R2039/0.001/R2039/near_min	optimal	0.0	1.8531634738708893	"{""R2021"": 0.0, ""R2029"": 0.0, ""R2034"": 0.0, ""R2039"": 0.0}"	True	1.1671788752512513e-13	0	0.0
supply/R2039/0.001/R2039/near_max	optimal	0.0	1.8531634738708893	"{""R2021"": 0.0, ""R2029"": 0.0, ""R2034"": 0.0, ""R2039"": 0.0}"	True	1.2747840435166358e-13	0	0.0
supply/all/0.001/FBA	optimal	1.8718823069402977	1.8718823069402977	"{""R2021"": 0.0, ""R2029"": 0.0, ""R2034"": 0.0, ""R2039"": 0.0}"	True	2.6184241407045672e-14	0	0.0
supply/all/0.001/pFBA	optimal	939.1095403298058	1.8718822969402977	"{""R2021"": 0.0, ""R2029"": 0.0, ""R2034"": 0.0, ""R2039"": 0.0}"	True	9.23202486680097e-14	0.0	0.0
supply/all/0.001/R2021/free_max	optimal	0.0	0.0	"{""R2021"": 0.0, ""R2029"": 0.0, ""R2034"": 0.0, ""R2039"": 0.0}"	True	0.0	0.0	0.0
supply/all/0.001/R2021/near_min	optimal	0.0	1.8531634738708946	"{""R2021"": 0.0, ""R2029"": 0.0, ""R2034"": 0.0, ""R2039"": 0.0}"	True	5.583652030322073e-14	0	0.0
supply/all/0.001/R2021/near_max	optimal	0.0	1.8531634738708946	"{""R2021"": 0.0, ""R2029"": 0.0, ""R2034"": 0.0, ""R2039"": 0.0}"	True	5.941159565182874e-14	0.0	0.0
supply/all/0.001/R2029/free_max	optimal	0.0	0.0	"{""R2021"": 0.0, ""R2029"": 0.0, ""R2034"": 0.0, ""R2039"": 0.0}"	True	0.0	0.0	0.0
supply/all/0.001/R2029/near_min	optimal	0.0	1.8531634738708946	"{""R2021"": 0.0, ""R2029"": 0.0, ""R2034"": 0.0, ""R2039"": 0.0}"	True	5.583652030322073e-14	0	0.0
supply/all/0.001/R2029/near_max	optimal	0.0	1.8531634738708946	"{""R2021"": 0.0, ""R2029"": 0.0, ""R2034"": 0.0, ""R2039"": 0.0}"	True	5.941159565182874e-14	0.0	0.0
supply/all/0.001/R2034/free_max	optimal	0.0	0.0	"{""R2021"": 0.0, ""R2029"": 0.0, ""R2034"": 0.0, ""R2039"": 0.0}"	True	0.0	0.0	0.0
supply/all/0.001/R2034/near_min	optimal	0.0	1.8531634738708946	"{""R2021"": 0.0, ""R2029"": 0.0, ""R2034"": 0.0, ""R2039"": 0.0}"	True	5.1716253892178377e-14	0	0.0
supply/all/0.001/R2034/near_max	optimal	0.0	1.8531634738708946	"{""R2021"": 0.0, ""R2029"": 0.0, ""R2034"": 0.0, ""R2039"": 0.0}"	True	8.692612601945982e-14	0.0	0.0
supply/all/0.001/R2039/free_max	optimal	0.0	0.0	"{""R2021"": 0.0, ""R2029"": 0.0, ""R2034"": 0.0, ""R2039"": 0.0}"	True	0.0	0.0	0.0
supply/all/0.001/R2039/near_min	optimal	0.0	1.8531634738708946	"{""R2021"": 0.0, ""R2029"": 0.0, ""R2034"": 0.0, ""R2039"": 0.0}"	True	2.3789219834487174e-13	0.0	0.0
supply/all/0.001/R2039/near_max	optimal	0.0	1.8531634738708946	"{""R2021"": 0.0, ""R2029"": 0.0, ""R2034"": 0.0, ""R2039"": 0.0}"	True	4.549735154596446e-14	0.0	0.0
supply/all/0.001/joint_half_supply	infeasible				False			
supply_drains/R2021/0.001/FBA	optimal	1.8718823069402968	1.8718823069402968	"{""R2021"": 0.0, ""R2029"": 0.0, ""R2034"": 0.0, ""R2039"": 0.0}"	True	7.371276440799879e-14	0.0	0.0
supply_drains/R2021/0.001/pFBA	optimal	939.1095403297954	1.8718822969402968	"{""R2021"": 0.0, ""R2029"": 0.0, ""R2034"": 0.0, ""R2039"": 0.0}"	True	1.3368375417072142e-13	0.0	0.0
supply_drains/R2021/0.001/R2021/free_max	optimal	0.0	0.0	"{""R2021"": 0.0, ""R2029"": 0.0, ""R2034"": 0.0, ""R2039"": 0.0}"	True	0.0	0.0	0.0
supply_drains/R2021/0.001/R2021/near_min	optimal	0.0	1.8531634738708938	"{""R2021"": 0.0, ""R2029"": 0.0, ""R2034"": 0.0, ""R2039"": 0.0}"	True	7.920427551669218e-14	0.0	0.0
supply_drains/R2021/0.001/R2021/near_max	optimal	0.0	1.8531634738708938	"{""R2021"": 0.0, ""R2029"": 0.0, ""R2034"": 0.0, ""R2039"": 0.0}"	True	6.28355874277009e-14	0.0	0.0
supply_drains/R2029/0.001/FBA	optimal	1.8718823069402968	1.8718823069402968	"{""R2021"": 0.0, ""R2029"": 0.0, ""R2034"": 0.0, ""R2039"": 0.0}"	True	7.371276440799879e-14	0.0	0.0
supply_drains/R2029/0.001/pFBA	optimal	939.1095403297954	1.8718822969402968	"{""R2021"": 0.0, ""R2029"": 0.0, ""R2034"": 0.0, ""R2039"": 0.0}"	True	1.3368375417072142e-13	0.0	0.0
supply_drains/R2029/0.001/R2029/free_max	optimal	0.0	0.0	"{""R2021"": 0.0, ""R2029"": 0.0, ""R2034"": 0.0, ""R2039"": 0.0}"	True	0.0	0.0	0.0
supply_drains/R2029/0.001/R2029/near_min	optimal	0.0	1.8531634738708938	"{""R2021"": 0.0, ""R2029"": 0.0, ""R2034"": 0.0, ""R2039"": 0.0}"	True	9.935509446418189e-14	0	0.0
supply_drains/R2029/0.001/R2029/near_max	optimal	0.0	1.8531634738708938	"{""R2021"": 0.0, ""R2029"": 0.0, ""R2034"": 0.0, ""R2039"": 0.0}"	True	9.691680509342493e-14	0.0	0.0
supply_drains/R2034/0.001/FBA	optimal	1.871882306940297	1.871882306940297	"{""R2021"": 0.0, ""R2029"": 0.0, ""R2034"": 0.0, ""R2039"": 0.0}"	True	1.2369361719784255e-13	0.0	0.0
supply_drains/R2034/0.001/pFBA	optimal	939.1095403298045	1.871882296940297	"{""R2021"": 0.0, ""R2029"": 0.0, ""R2034"": 0.0, ""R2039"": 0.0}"	True	6.036631697986516e-14	0.0	0.0
supply_drains/R2034/0.001/R2034/free_max	optimal	0.0	0.0	"{""R2021"": 0.0, ""R2029"": 0.0, ""R2034"": 0.0, ""R2039"": 0.0}"	True	0.0	0.0	0.0
supply_drains/R2034/0.001/R2034/near_min	optimal	0.0	1.853163473870894	"{""R2021"": 0.0, ""R2029"": 0.0, ""R2034"": 0.0, ""R2039"": 0.0}"	True	7.546017304939368e-14	0	0.0
supply_drains/R2034/0.001/R2034/near_max	optimal	0.0	1.853163473870894	"{""R2021"": 0.0, ""R2029"": 0.0, ""R2034"": 0.0, ""R2039"": 0.0}"	True	1.3225206520195432e-13	0.0	0.0
supply_drains/R2039/0.001/FBA	optimal	1.8718823069403	1.8718823069403	"{""R2021"": 0.0, ""R2029"": 0.0, ""R2034"": 0.0, ""R2039"": 0.0}"	True	9.50792992514965e-14	0.0	0.0
supply_drains/R2039/0.001/pFBA	optimal	939.1095403298144	1.8718822969403	"{""R2021"": 0.0, ""R2029"": 0.0, ""R2034"": 0.0, ""R2039"": 0.0}"	True	3.2760415474147875e-14	0.0	0.0
supply_drains/R2039/0.001/R2039/free_max	optimal	0.0	0.0	"{""R2021"": 0.0, ""R2029"": 0.0, ""R2034"": 0.0, ""R2039"": 0.0}"	True	0.0	0.0	0.0
supply_drains/R2039/0.001/R2039/near_min	optimal	0.0	1.8531634738708969	"{""R2021"": 0.0, ""R2029"": 0.0, ""R2034"": 0.0, ""R2039"": 0.0}"	True	9.610406003987548e-14	0.0	0.0
supply_drains/R2039/0.001/R2039/near_max	optimal	0.0	1.8531634738708969	"{""R2021"": 0.0, ""R2029"": 0.0, ""R2034"": 0.0, ""R2039"": 0.0}"	True	7.602729210076653e-14	0	0.0
supply_drains/all/0.001/FBA	optimal	1.8718823069402966	1.8718823069402966	"{""R2021"": 0.0, ""R2029"": 0.0, ""R2034"": 0.0, ""R2039"": 0.0}"	True	1.1614136301990596e-13	0.0	0.0
supply_drains/all/0.001/pFBA	optimal	939.1095403298044	1.8718822969402966	"{""R2021"": 0.0, ""R2029"": 0.0, ""R2034"": 0.0, ""R2039"": 0.0}"	True	5.922180606153515e-14	0.0	0.0
supply_drains/all/0.001/R2021/free_max	optimal	0.0	0.0	"{""R2021"": 0.0, ""R2029"": 0.0, ""R2034"": 0.0, ""R2039"": 0.0}"	True	0.0	0.0	0.0
supply_drains/all/0.001/R2021/near_min	optimal	0.0	1.8531634738708935	"{""R2021"": 0.0, ""R2029"": 0.0, ""R2034"": 0.0, ""R2039"": 0.0}"	True	1.4498873022322778e-13	0	0.0
supply_drains/all/0.001/R2021/near_max	optimal	0.0	1.8531634738708935	"{""R2021"": 0.0, ""R2029"": 0.0, ""R2034"": 0.0, ""R2039"": 0.0}"	True	3.9404026916378676e-14	0.0	0.0
supply_drains/all/0.001/R2029/free_max	optimal	0.0	0.0	"{""R2021"": 0.0, ""R2029"": 0.0, ""R2034"": 0.0, ""R2039"": 0.0}"	True	0.0	0.0	0.0
supply_drains/all/0.001/R2029/near_min	optimal	0.0	1.8531634738708935	"{""R2021"": 0.0, ""R2029"": 0.0, ""R2034"": 0.0, ""R2039"": 0.0}"	True	1.4498873022322778e-13	0	0.0
supply_drains/all/0.001/R2029/near_max	optimal	0.0	1.8531634738708935	"{""R2021"": 0.0, ""R2029"": 0.0, ""R2034"": 0.0, ""R2039"": 0.0}"	True	7.018344239106966e-14	0.0	0.0
supply_drains/all/0.001/R2034/free_max	optimal	0.0	0.0	"{""R2021"": 0.0, ""R2029"": 0.0, ""R2034"": 0.0, ""R2039"": 0.0}"	True	0.0	0.0	0.0
supply_drains/all/0.001/R2034/near_min	optimal	0.0	1.8531634738708935	"{""R2021"": 0.0, ""R2029"": 0.0, ""R2034"": 0.0, ""R2039"": 0.0}"	True	1.0431119943504763e-13	0	0.0
supply_drains/all/0.001/R2034/near_max	optimal	0.0	1.8531634738708935	"{""R2021"": 0.0, ""R2029"": 0.0, ""R2034"": 0.0, ""R2039"": 0.0}"	True	1.086512607315071e-13	0.0	0.0
supply_drains/all/0.001/R2039/free_max	optimal	0.0	0.0	"{""R2021"": 0.0, ""R2029"": 0.0, ""R2034"": 0.0, ""R2039"": 0.0}"	True	0.0	0.0	0.0
supply_drains/all/0.001/R2039/near_min	optimal	0.0	1.8531634738708935	"{""R2021"": 0.0, ""R2029"": 0.0, ""R2034"": 0.0, ""R2039"": 0.0}"	True	6.721581841465096e-14	0	0.0
supply_drains/all/0.001/R2039/near_max	optimal	0.0	1.8531634738708935	"{""R2021"": 0.0, ""R2029"": 0.0, ""R2034"": 0.0, ""R2039"": 0.0}"	True	4.3422839109130695e-14	0.0	0.0
supply_drains/all/0.001/joint_half_supply	infeasible				False			
supply_water/R2021/0.001/FBA	optimal	1.8718823069402997	1.8718823069402997	"{""R2021"": 0.0, ""R2029"": 0.0, ""R2034"": 0.0, ""R2039"": 0.0}"	True	2.9433432687658856e-14	0.0	0.0
supply_water/R2021/0.001/pFBA	optimal	939.1095403298148	1.8718822969402997	"{""R2021"": 0.0, ""R2029"": 0.0, ""R2034"": 0.0, ""R2039"": 0.0}"	True	4.7259207181307716e-14	0.0	0.0
supply_water/R2021/0.001/R2021/free_max	optimal	0.0	0.0	"{""R2021"": 0.0, ""R2029"": 0.0, ""R2034"": 0.0, ""R2039"": 0.0}"	True	0.0	0.0	0.0
supply_water/R2021/0.001/R2021/near_min	optimal	0.0	1.8531634738708966	"{""R2021"": 0.0, ""R2029"": 0.0, ""R2034"": 0.0, ""R2039"": 0.0}"	True	4.5050970264959127e-14	0	0.0
supply_water/R2021/0.001/R2021/near_max	optimal	0.0	1.8531634738708966	"{""R2021"": 0.0, ""R2029"": 0.0, ""R2034"": 0.0, ""R2039"": 0.0}"	True	9.684410933775978e-14	0.0	0.0
supply_water/R2029/0.001/FBA	optimal	1.8718823069403001	1.8718823069403001	"{""R2021"": 0.0, ""R2029"": 0.0, ""R2034"": 0.0, ""R2039"": 0.0}"	True	2.561107792856121e-14	0.0	0.0
supply_water/R2029/0.001/pFBA	optimal	939.1095403298078	1.8718822969403002	"{""R2021"": 0.0, ""R2029"": 0.0, ""R2034"": 0.0, ""R2039"": 0.0}"	True	5.816343500580912e-14	0.0	0.0
supply_water/R2029/0.001/R2029/free_max	optimal	0.0	0.0	"{""R2021"": 0.0, ""R2029"": 0.0, ""R2034"": 0.0, ""R2039"": 0.0}"	True	0.0	0.0	0.0
supply_water/R2029/0.001/R2029/near_min	optimal	0.0	1.853163473870897	"{""R2021"": 0.0, ""R2029"": 0.0, ""R2034"": 0.0, ""R2039"": 0.0}"	True	5.732611583239393e-14	0	0.0
supply_water/R2029/0.001/R2029/near_max	optimal	0.0	1.853163473870897	"{""R2021"": 0.0, ""R2029"": 0.0, ""R2034"": 0.0, ""R2039"": 0.0}"	True	7.065767242131482e-14	0	0.0
supply_water/R2034/0.001/FBA	optimal	1.8718823069403008	1.8718823069403008	"{""R2021"": 0.0, ""R2029"": 0.0, ""R2034"": 0.0, ""R2039"": 0.0}"	True	5.5020414222936576e-14	0.0	0.0
supply_water/R2034/0.001/pFBA	optimal	939.1095403298103	1.8718822969403008	"{""R2021"": 0.0, ""R2029"": 0.0, ""R2034"": 0.0, ""R2039"": 0.0}"	True	4.998887588592016e-14	0.0	0.0
supply_water/R2034/0.001/R2034/free_max	optimal	0.0	0.0	"{""R2021"": 0.0, ""R2029"": 0.0, ""R2034"": 0.0, ""R2039"": 0.0}"	True	0.0	0.0	0.0
supply_water/R2034/0.001/R2034/near_min	optimal	0.0	1.8531634738708977	"{""R2021"": 0.0, ""R2029"": 0.0, ""R2034"": 0.0, ""R2039"": 0.0}"	True	1.2467753066937315e-13	0	0.0
supply_water/R2034/0.001/R2034/near_max	optimal	0.0	1.8531634738708977	"{""R2021"": 0.0, ""R2029"": 0.0, ""R2034"": 0.0, ""R2039"": 0.0}"	True	5.387313858906673e-14	0.0	0.0
supply_water/R2039/0.001/FBA	optimal	1.8718823069403017	1.8718823069403017	"{""R2021"": 0.0, ""R2029"": 0.0, ""R2034"": 0.0, ""R2039"": 0.0}"	True	2.2367307658810454e-14	0.0	0.0
supply_water/R2039/0.001/pFBA	optimal	939.1095403298274	1.8718822969403017	"{""R2021"": 0.0, ""R2029"": 0.0, ""R2034"": 0.0, ""R2039"": 0.0}"	True	8.398864286343621e-14	0.0	0.0
supply_water/R2039/0.001/R2039/free_max	optimal	0.0	0.0	"{""R2021"": 0.0, ""R2029"": 0.0, ""R2034"": 0.0, ""R2039"": 0.0}"	True	0.0	0.0	0.0
supply_water/R2039/0.001/R2039/near_min	optimal	0.0	1.8531634738708986	"{""R2021"": 0.0, ""R2029"": 0.0, ""R2034"": 0.0, ""R2039"": 0.0}"	True	7.841692789903321e-14	0	0.0
supply_water/R2039/0.001/R2039/near_max	optimal	0.0	1.8531634738708986	"{""R2021"": 0.0, ""R2029"": 0.0, ""R2034"": 0.0, ""R2039"": 0.0}"	True	3.424710059811431e-14	0.0	0.0
supply_water/all/0.001/FBA	optimal	1.871882306940298	1.871882306940298	"{""R2021"": 0.0, ""R2029"": 0.0, ""R2034"": 0.0, ""R2039"": 0.0}"	True	9.15828827705023e-14	0.0	0.0
supply_water/all/0.001/pFBA	optimal	939.1095403298094	1.871882296940298	"{""R2021"": 0.0, ""R2029"": 0.0, ""R2034"": 0.0, ""R2039"": 0.0}"	True	6.663202975487614e-14	0.0	0.0
supply_water/all/0.001/R2021/free_max	optimal	0.0	0.0	"{""R2021"": 0.0, ""R2029"": 0.0, ""R2034"": 0.0, ""R2039"": 0.0}"	True	0.0	0.0	0.0
supply_water/all/0.001/R2021/near_min	optimal	0.0	1.8531634738708949	"{""R2021"": 0.0, ""R2029"": 0.0, ""R2034"": 0.0, ""R2039"": 0.0}"	True	7.444316430654796e-14	0.0	0.0
supply_water/all/0.001/R2021/near_max	optimal	0.0	1.8531634738708949	"{""R2021"": 0.0, ""R2029"": 0.0, ""R2034"": 0.0, ""R2039"": 0.0}"	True	8.079322801057831e-14	0.0	0.0
supply_water/all/0.001/R2029/free_max	optimal	0.0	0.0	"{""R2021"": 0.0, ""R2029"": 0.0, ""R2034"": 0.0, ""R2039"": 0.0}"	True	0.0	0.0	0.0
supply_water/all/0.001/R2029/near_min	optimal	0.0	1.8531634738708949	"{""R2021"": 0.0, ""R2029"": 0.0, ""R2034"": 0.0, ""R2039"": 0.0}"	True	7.444316430654796e-14	0.0	0.0
supply_water/all/0.001/R2029/near_max	optimal	0.0	1.8531634738708949	"{""R2021"": 0.0, ""R2029"": 0.0, ""R2034"": 0.0, ""R2039"": 0.0}"	True	8.079322801057831e-14	0.0	0.0
supply_water/all/0.001/R2034/free_max	optimal	0.0	0.0	"{""R2021"": 0.0, ""R2029"": 0.0, ""R2034"": 0.0, ""R2039"": 0.0}"	True	0.0	0.0	0.0
supply_water/all/0.001/R2034/near_min	optimal	0.0	1.8531634738708949	"{""R2021"": 0.0, ""R2029"": 0.0, ""R2034"": 0.0, ""R2039"": 0.0}"	True	6.012378095388016e-14	0.0	0.0
supply_water/all/0.001/R2034/near_max	optimal	0.0	1.8531634738708949	"{""R2021"": 0.0, ""R2029"": 0.0, ""R2034"": 0.0, ""R2039"": 0.0}"	True	5.4984527131027305e-14	0.0	0.0
supply_water/all/0.001/R2039/free_max	optimal	0.0	0.0	"{""R2021"": 0.0, ""R2029"": 0.0, ""R2034"": 0.0, ""R2039"": 0.0}"	True	0.0	0.0	0.0
supply_water/all/0.001/R2039/near_min	optimal	0.0	1.8531634738708949	"{""R2021"": 0.0, ""R2029"": 0.0, ""R2034"": 0.0, ""R2039"": 0.0}"	True	5.601676891439644e-14	0.0	0.0
supply_water/all/0.001/R2039/near_max	optimal	0.0	1.8531634738708949	"{""R2021"": 0.0, ""R2029"": 0.0, ""R2034"": 0.0, ""R2039"": 0.0}"	True	8.211039812487664e-14	0.0	0.0
supply_water/all/0.001/joint_half_supply	infeasible				False			
supply_water_drains/R2021/0.001/FBA	optimal	1.8718823069402977	1.8718823069402977	"{""R2021"": 0.001, ""R2029"": 0.0, ""R2034"": 0.0, ""R2039"": 0.0}"	True	9.184515127602655e-14	0.0	0.0
supply_water_drains/R2021/0.001/pFBA	optimal	939.1095403298058	1.8718822969402977	"{""R2021"": 0.0, ""R2029"": 0.0, ""R2034"": 0.0, ""R2039"": 0.0}"	True	6.192095447499213e-14	0.0	0.0
supply_water_drains/R2021/0.001/R2021/free_max	optimal	0.001	0.0	"{""R2021"": 0.001, ""R2029"": 0.0, ""R2034"": 0.0, ""R2039"": 0.0}"	True	3.3393426912553537e-16	0.0	0.0
supply_water_drains/R2021/0.001/R2021/near_min	optimal	0.0	1.8531634738708946	"{""R2021"": 0.0, ""R2029"": 0.0, ""R2034"": 0.0, ""R2039"": 0.0}"	True	9.673516057195214e-14	0	0.0
supply_water_drains/R2021/0.001/R2021/near_max	optimal	0.001	1.8531634738708946	"{""R2021"": 0.001, ""R2029"": 0.0, ""R2034"": 0.0, ""R2039"": 0.0}"	True	9.351764154730269e-14	0.0	0.0
supply_water_drains/R2029/0.001/FBA	optimal	1.871882306940295	1.871882306940295	"{""R2021"": 0.0, ""R2029"": 0.0, ""R2034"": 0.0, ""R2039"": 0.0}"	True	1.4054892232689964e-13	0	0.0
supply_water_drains/R2029/0.001/pFBA	optimal	939.1095403297961	1.871882296940295	"{""R2021"": 0.0, ""R2029"": 0.0, ""R2034"": 0.0, ""R2039"": 0.0}"	True	1.090295388694873e-13	0.0	0.0
supply_water_drains/R2029/0.001/R2029/free_max	optimal	0.001	0.0	"{""R2021"": 0.0, ""R2029"": 0.001, ""R2034"": 0.0, ""R2039"": 0.0}"	True	3.3393426912553537e-16	0.0	0.0
supply_water_drains/R2029/0.001/R2029/near_min	optimal	0.0	1.8531634738708922	"{""R2021"": 0.0, ""R2029"": 0.0, ""R2034"": 0.0, ""R2039"": 0.0}"	True	4.30298158216047e-14	0.0	0.0
supply_water_drains/R2029/0.001/R2029/near_max	optimal	0.001	1.8531634738708922	"{""R2021"": 0.0, ""R2029"": 0.001, ""R2034"": 0.0, ""R2039"": 0.0}"	True	7.577228774979794e-14	0.0	0.0
supply_water_drains/R2034/0.001/FBA	optimal	1.8719724173568995	1.8719724173568995	"{""R2021"": 0.0, ""R2029"": 0.0, ""R2034"": 0.001, ""R2039"": 0.0}"	True	4.8053195537273163e-14	0	0.0
supply_water_drains/R2034/0.001/pFBA	optimal	939.1533643233823	1.8719724073568995	"{""R2021"": 0.0, ""R2029"": 0.0, ""R2034"": 0.001, ""R2039"": 0.0}"	True	1.3668395842242331e-13	0.0	0.0
supply_water_drains/R2034/0.001/R2034/free_max	optimal	0.001	0.0	"{""R2021"": 0.0, ""R2029"": 0.0, ""R2034"": 0.001, ""R2039"": 0.0}"	True	3.3393426912553537e-16	0.0	0.0
supply_water_drains/R2034/0.001/R2034/near_min	optimal	0.0	1.8532526831833305	"{""R2021"": 0.0, ""R2029"": 0.0, ""R2034"": 0.0, ""R2039"": 0.0}"	True	7.549635829690038e-14	0.0	0.0
supply_water_drains/R2034/0.001/R2034/near_max	optimal	0.001	1.8532526831833305	"{""R2021"": 0.0, ""R2029"": 0.0, ""R2034"": 0.001, ""R2039"": 0.0}"	True	1.0694900911059624e-13	0	0.0
supply_water_drains/R2039/0.001/FBA	optimal	1.8719423805513773	1.8719423805513773	"{""R2021"": 0.0, ""R2029"": 0.0, ""R2034"": 0.0, ""R2039"": 0.0005}"	True	7.773724155710204e-14	0.0	0.0
supply_water_drains/R2039/0.001/pFBA	optimal	939.1028396589004	1.8719423705513774	"{""R2021"": 0.0, ""R2029"": 0.0, ""R2034"": 0.0, ""R2039"": 0.0005}"	True	1.0193956139284421e-13	0.0	0.0
supply_water_drains/R2039/0.001/R2039/free_max	optimal	0.001	0.0	"{""R2021"": 0.0, ""R2029"": 0.0, ""R2034"": 0.0, ""R2039"": 0.001}"	True	3.3393426912553537e-16	0.0	0.0
supply_water_drains/R2039/0.001/R2039/near_min	optimal	0.0	1.8532229467458636	"{""R2021"": 0.0, ""R2029"": 0.0, ""R2034"": 0.0, ""R2039"": 0.0}"	True	1.8133530701319733e-13	0	0.0
supply_water_drains/R2039/0.001/R2039/near_max	optimal	0.001	1.8532229467458636	"{""R2021"": 0.0, ""R2029"": 0.0, ""R2034"": 0.0, ""R2039"": 0.001}"	True	2.862553943883128e-14	0.0	0.0
supply_water_drains/all/0.001/FBA	optimal	1.8720925645790447	1.8720925645790447	"{""R2021"": 0.001, ""R2029"": 0.0, ""R2034"": 0.001, ""R2039"": 0.001}"	True	1.2127302742755142e-13	0.0	0.0
supply_water_drains/all/0.001/pFBA	optimal	939.1399629815062	1.8720925545790448	"{""R2021"": 0.0, ""R2029"": 0.0, ""R2034"": 0.001, ""R2039"": 0.001}"	True	1.9586269455265648e-13	0.0	0.0
supply_water_drains/all/0.001/R2021/free_max	optimal	0.001	0.0	"{""R2021"": 0.001, ""R2029"": 0.0, ""R2034"": 0.0, ""R2039"": 0.0}"	True	3.3393426912553537e-16	0.0	0.0
supply_water_drains/all/0.001/R2021/near_min	optimal	0.0	1.8533716289332542	"{""R2021"": 0.0, ""R2029"": 0.0, ""R2034"": 0.001, ""R2039"": 0.001}"	True	2.2608065593232585e-13	0	0.0
supply_water_drains/all/0.001/R2021/near_max	optimal	0.001	1.8533716289332542	"{""R2021"": 0.001, ""R2029"": 0.0, ""R2034"": 0.001, ""R2039"": 0.001}"	True	1.0805440743555383e-13	0	0.0
supply_water_drains/all/0.001/R2029/free_max	optimal	0.001	0.0	"{""R2021"": 0.0, ""R2029"": 0.001, ""R2034"": 0.0, ""R2039"": 0.0}"	True	3.3393426912553537e-16	0.0	0.0
supply_water_drains/all/0.001/R2029/near_min	optimal	0.0	1.8533716289332542	"{""R2021"": 0.0, ""R2029"": 0.0, ""R2034"": 0.001, ""R2039"": 0.001}"	True	2.2608065593232585e-13	0	0.0
supply_water_drains/all/0.001/R2029/near_max	optimal	0.001	1.8533716289332542	"{""R2021"": 0.0, ""R2029"": 0.001, ""R2034"": 0.001, ""R2039"": 0.001}"	True	9.917002115333862e-14	0.0	0.0
supply_water_drains/all/0.001/R2034/free_max	optimal	0.001	0.0	"{""R2021"": 0.0, ""R2029"": 0.0, ""R2034"": 0.001, ""R2039"": 0.0}"	True	3.3393426912553537e-16	0.0	0.0
supply_water_drains/all/0.001/R2034/near_min	optimal	0.0	1.8533716289332542	"{""R2021"": 0.0, ""R2029"": 0.0, ""R2034"": 0.0, ""R2039"": 0.001}"	True	1.3065026491232423e-13	0.0	0.0
supply_water_drains/all/0.001/R2034/near_max	optimal	0.001	1.8533716289332542	"{""R2021"": 0.001, ""R2029"": 0.0, ""R2034"": 0.001, ""R2039"": 0.001}"	True	2.2343644946395957e-13	0.0	0.0
supply_water_drains/all/0.001/R2039/free_max	optimal	0.001	0.0	"{""R2021"": 0.0, ""R2029"": 0.0, ""R2034"": 0.0, ""R2039"": 0.001}"	True	3.3393426912553537e-16	0.0	0.0
supply_water_drains/all/0.001/R2039/near_min	optimal	0.0	1.8533716289332542	"{""R2021"": 0.0, ""R2029"": 0.0, ""R2034"": 0.001, ""R2039"": 0.0}"	True	2.796800876829486e-13	0.0	0.0
supply_water_drains/all/0.001/R2039/near_max	optimal	0.001	1.8533716289332542	"{""R2021"": 0.001, ""R2029"": 0.0, ""R2034"": 0.001, ""R2039"": 0.001}"	True	8.505915698349409e-14	0.0	0.0
supply_water_drains/all/0.001/joint_half_supply	optimal	1.8720925645790396	1.8720925645790396	"{""R2021"": 0.0005, ""R2029"": 0.0005, ""R2034"": 0.001, ""R2039"": 0.001}"	True	8.322029588885005e-14	0.0	0.0
supply_water_pump/R2021/0.001/FBA	optimal	1.8718823069402948	1.8718823069402948	"{""R2021"": 0.0, ""R2029"": 0.0, ""R2034"": 0.0, ""R2039"": 0.0}"	True	1.1698278522091765e-13	0	0.0
supply_water_pump/R2021/0.001/pFBA	optimal	939.109540329797	1.8718822969402948	"{""R2021"": 0.0, ""R2029"": 0.0, ""R2034"": 0.0, ""R2039"": 0.0}"	True	9.689493131459503e-14	0.0	0.0
supply_water_pump/R2021/0.001/R2021/free_max	optimal	0.0	0.0	"{""R2021"": 0.0, ""R2029"": 0.0, ""R2034"": 0.0, ""R2039"": 0.0}"	True	0.0	0.0	0.0
supply_water_pump/R2021/0.001/R2021/near_min	optimal	0.0	1.853163473870892	"{""R2021"": 0.0, ""R2029"": 0.0, ""R2034"": 0.0, ""R2039"": 0.0}"	True	1.7982455260100172e-13	0.0	0.0
supply_water_pump/R2021/0.001/R2021/near_max	optimal	0.0	1.853163473870892	"{""R2021"": 0.0, ""R2029"": 0.0, ""R2034"": 0.0, ""R2039"": 0.0}"	True	4.1357833770096913e-14	0.0	0.0
supply_water_pump/R2029/0.001/FBA	optimal	1.8718823069403006	1.8718823069403006	"{""R2021"": 0.0, ""R2029"": 0.0, ""R2034"": 0.0, ""R2039"": 0.0}"	True	7.040784513571985e-14	0	0.0
supply_water_pump/R2029/0.001/pFBA	optimal	939.1095403298256	1.8718822969403006	"{""R2021"": 0.0, ""R2029"": 0.0, ""R2034"": 0.0, ""R2039"": 0.0}"	True	8.926323222246957e-14	0.0	0.0
supply_water_pump/R2029/0.001/R2029/free_max	optimal	0.0	0.0	"{""R2021"": 0.0, ""R2029"": 0.0, ""R2034"": 0.0, ""R2039"": 0.0}"	True	0.0	0.0	0.0
supply_water_pump/R2029/0.001/R2029/near_min	optimal	0.0	1.8531634738708975	"{""R2021"": 0.0, ""R2029"": 0.0, ""R2034"": 0.0, ""R2039"": 0.0}"	True	4.4648746505560055e-14	0	0.0
supply_water_pump/R2029/0.001/R2029/near_max	optimal	0.0	1.8531634738708975	"{""R2021"": 0.0, ""R2029"": 0.0, ""R2034"": 0.0, ""R2039"": 0.0}"	True	6.138037127179086e-14	0.0	0.0
supply_water_pump/R2034/0.001/FBA	optimal	1.8720024541624336	1.8720024541624336	"{""R2021"": 0.0, ""R2029"": 0.0, ""R2034"": 0.001, ""R2039"": 0.0}"	True	1.8849234239420865e-14	0.0	0.0
supply_water_pump/R2034/0.001/pFBA	optimal	939.1818889879291	1.8720024441624337	"{""R2021"": 0.0, ""R2029"": 0.0, ""R2034"": 0.001, ""R2039"": 0.0}"	True	1.5259833869608885e-13	0.0	0.0
supply_water_pump/R2034/0.001/R2034/free_max	optimal	0.001	0.0	"{""R2021"": 0.0, ""R2029"": 0.0, ""R2034"": 0.001, ""R2039"": 0.0}"	True	2.7712207528729493e-16	0.0	0.0
supply_water_pump/R2034/0.001/R2034/near_min	optimal	0.0	1.8532824196208093	"{""R2021"": 0.0, ""R2029"": 0.0, ""R2034"": 0.0, ""R2039"": 0.0}"	True	6.429232146665242e-14	0	0.0
supply_water_pump/R2034/0.001/R2034/near_max	optimal	0.001	1.8532824196208093	"{""R2021"": 0.0, ""R2029"": 0.0, ""R2034"": 0.001, ""R2039"": 0.0}"	True	8.550227041138891e-14	0.0	0.0
supply_water_pump/R2039/0.001/FBA	optimal	1.8720625277735101	1.8720625277735101	"{""R2021"": 0.0, ""R2029"": 0.0, ""R2034"": 0.0, ""R2039"": 0.001}"	True	1.0553754051234598e-13	0.0	0.0
supply_water_pump/R2039/0.001/pFBA	optimal	939.151188316983	1.8720625177735102	"{""R2021"": 0.0, ""R2029"": 0.0, ""R2034"": 0.0, ""R2039"": 0.001}"	True	7.538951017280193e-14	0.0	0.0
supply_water_pump/R2039/0.001/R2039/free_max	optimal	0.001	0.0	"{""R2021"": 0.0, ""R2029"": 0.0, ""R2034"": 0.0, ""R2039"": 0.001}"	True	3.3393426912553537e-16	0.0	0.0
supply_water_pump/R2039/0.001/R2039/near_min	optimal	0.0	1.853341892495775	"{""R2021"": 0.0, ""R2029"": 0.0, ""R2034"": 0.0, ""R2039"": 0.0}"	True	1.3578786532686404e-13	0.0	0.0
supply_water_pump/R2039/0.001/R2039/near_max	optimal	0.001	1.853341892495775	"{""R2021"": 0.0, ""R2029"": 0.0, ""R2034"": 0.0, ""R2039"": 0.001}"	True	4.039390349985794e-14	0.0	0.0
supply_water_pump/all/0.001/FBA	optimal	1.872182674995655	1.872182674995655	"{""R2021"": 0.0, ""R2029"": 0.0, ""R2034"": 0.001, ""R2039"": 0.001}"	True	2.886135341134688e-14	0.0	0.0
supply_water_pump/all/0.001/pFBA	optimal	939.2235369750883	1.872182664995655	"{""R2021"": 0.0, ""R2029"": 0.0, ""R2034"": 0.001, ""R2039"": 0.001}"	True	8.555645341495888e-14	0.0	0.0
supply_water_pump/all/0.001/R2021/free_max	optimal	0.0	0.0	"{""R2021"": 0.0, ""R2029"": 0.0, ""R2034"": 0.0, ""R2039"": 0.0}"	True	0.0	0.0	0.0
supply_water_pump/all/0.001/R2021/near_min	optimal	0.0	1.8534608382456985	"{""R2021"": 0.0, ""R2029"": 0.0, ""R2034"": 0.001, ""R2039"": 0.001}"	True	3.535951913213875e-14	0.0	0.0
supply_water_pump/all/0.001/R2021/near_max	optimal	0.0	1.8534608382456985	"{""R2021"": 0.0, ""R2029"": 0.0, ""R2034"": 0.001, ""R2039"": 0.001}"	True	3.3463900053765094e-14	0.0	0.0
supply_water_pump/all/0.001/R2029/free_max	optimal	0.0	0.0	"{""R2021"": 0.0, ""R2029"": 0.0, ""R2034"": 0.0, ""R2039"": 0.0}"	True	0.0	0.0	0.0
supply_water_pump/all/0.001/R2029/near_min	optimal	0.0	1.8534608382456985	"{""R2021"": 0.0, ""R2029"": 0.0, ""R2034"": 0.001, ""R2039"": 0.001}"	True	3.535951913213875e-14	0.0	0.0
supply_water_pump/all/0.001/R2029/near_max	optimal	0.0	1.8534608382456985	"{""R2021"": 0.0, ""R2029"": 0.0, ""R2034"": 0.001, ""R2039"": 0.001}"	True	3.3463900053765094e-14	0.0	0.0
supply_water_pump/all/0.001/R2034/free_max	optimal	0.001	0.0	"{""R2021"": 0.0, ""R2029"": 0.0, ""R2034"": 0.001, ""R2039"": 0.0}"	True	2.7712207528729493e-16	0.0	0.0
supply_water_pump/all/0.001/R2034/near_min	optimal	0.0	1.8534608382456985	"{""R2021"": 0.0, ""R2029"": 0.0, ""R2034"": 0.0, ""R2039"": 0.001}"	True	2.0702677853284834e-13	0.0	0.0
supply_water_pump/all/0.001/R2034/near_max	optimal	0.001	1.8534608382456985	"{""R2021"": 0.0, ""R2029"": 0.0, ""R2034"": 0.001, ""R2039"": 0.001}"	True	1.4511226797159748e-08	4.7362019119381314e-08	1.4511226797159748e-08
supply_water_pump/all/0.001/R2039/free_max	optimal	0.001	0.0	"{""R2021"": 0.0, ""R2029"": 0.0, ""R2034"": 0.0, ""R2039"": 0.001}"	True	6.678685382510707e-16	0.0	0.0
supply_water_pump/all/0.001/R2039/near_min	optimal	0.0	1.8534608382456985	"{""R2021"": 0.0, ""R2029"": 0.0, ""R2034"": 0.001, ""R2039"": 0.0}"	True	1.199960812138523e-13	0.0	0.0
supply_water_pump/all/0.001/R2039/near_max	optimal	0.001	1.8534608382456985	"{""R2021"": 0.0, ""R2029"": 0.0, ""R2034"": 0.001, ""R2039"": 0.001}"	True	1.571823996914662e-13	0.0	0.0
supply_water_pump/all/0.001/joint_half_supply	infeasible				False			
supply_water_pump_outputs/R2021/0.001/FBA	optimal	1.8720024541624352	1.8720024541624352	"{""R2021"": 0.001, ""R2029"": 0.0, ""R2034"": 0.0, ""R2039"": 0.0}"	True	6.202839891028544e-14	0.0	0.0
supply_water_pump_outputs/R2021/0.001/pFBA	optimal	939.1791389879245	1.8720024441624352	"{""R2021"": 0.001, ""R2029"": 0.0, ""R2034"": 0.0, ""R2039"": 0.0}"	True	4.4052001629824034e-14	0.0	0.0
supply_water_pump_outputs/R2021/0.001/R2021/free_max	optimal	0.001	0.0	"{""R2021"": 0.001, ""R2029"": 0.0, ""R2034"": 0.0, ""R2039"": 0.0}"	True	3.3393426912553537e-16	0.0	0.0
supply_water_pump_outputs/R2021/0.001/R2021/near_min	optimal	0.0	1.8532824196208109	"{""R2021"": 0.0, ""R2029"": 0.0, ""R2034"": 0.0, ""R2039"": 0.0}"	True	5.165139149720943e-14	0.0	0.0
supply_water_pump_outputs/R2021/0.001/R2021/near_max	optimal	0.001	1.8532824196208109	"{""R2021"": 0.001, ""R2029"": 0.0, ""R2034"": 0.0, ""R2039"": 0.0}"	True	9.931094033070742e-14	0.0	0.0
supply_water_pump_outputs/R2029/0.001/FBA	optimal	1.8720625277735061	1.8720625277735061	"{""R2021"": 0.0, ""R2029"": 0.001, ""R2034"": 0.0, ""R2039"": 0.0}"	True	9.532980416344927e-14	0.0	0.0
supply_water_pump_outputs/R2029/0.001/pFBA	optimal	939.1616883169712	1.8720625177735062	"{""R2021"": 0.0, ""R2029"": 0.001, ""R2034"": 0.0, ""R2039"": 0.0}"	True	2.619871008503749e-13	0.0	0.0
supply_water_pump_outputs/R2029/0.001/R2029/free_max	optimal	0.001	0.0	"{""R2021"": 0.0, ""R2029"": 0.001, ""R2034"": 0.0, ""R2039"": 0.0}"	True	3.3393426912553537e-16	0.0	0.0
supply_water_pump_outputs/R2029/0.001/R2029/near_min	optimal	0.0	1.8533418924957712	"{""R2021"": 0.0, ""R2029"": 0.0, ""R2034"": 0.0, ""R2039"": 0.0}"	True	9.56856122114047e-14	0	0.0
supply_water_pump_outputs/R2029/0.001/R2029/near_max	optimal	0.001	1.8533418924957712	"{""R2021"": 0.0, ""R2029"": 0.001, ""R2034"": 0.0, ""R2039"": 0.0}"	True	2.697581741317734e-14	0.0	0.0
supply_water_pump_outputs/R2034/0.001/FBA	optimal	1.8720024541624338	1.8720024541624338	"{""R2021"": 0.0, ""R2029"": 0.0, ""R2034"": 0.001, ""R2039"": 0.0}"	True	9.948679792308457e-14	0.0	0.0
supply_water_pump_outputs/R2034/0.001/pFBA	optimal	939.1818889879195	1.8720024441624339	"{""R2021"": 0.0, ""R2029"": 0.0, ""R2034"": 0.001, ""R2039"": 0.0}"	True	1.5135039489050373e-13	0.0	0.0
supply_water_pump_outputs/R2034/0.001/R2034/free_max	optimal	0.001	0.0	"{""R2021"": 0.0, ""R2029"": 0.0, ""R2034"": 0.001, ""R2039"": 0.0}"	True	2.7712207528729493e-16	0.0	0.0
supply_water_pump_outputs/R2034/0.001/R2034/near_min	optimal	0.0	1.8532824196208095	"{""R2021"": 0.0, ""R2029"": 0.0, ""R2034"": 0.0, ""R2039"": 0.0}"	True	1.4768004527598855e-13	0.0	0.0
supply_water_pump_outputs/R2034/0.001/R2034/near_max	optimal	0.001	1.8532824196208095	"{""R2021"": 0.0, ""R2029"": 0.0, ""R2034"": 0.001, ""R2039"": 0.0}"	True	1.0349544572046954e-13	0.0	0.0
supply_water_pump_outputs/R2039/0.001/FBA	optimal	1.872062527773511	1.872062527773511	"{""R2021"": 0.0, ""R2029"": 0.0, ""R2034"": 0.0, ""R2039"": 0.001}"	True	1.36763213601232e-13	0.0	0.0
supply_water_pump_outputs/R2039/0.001/pFBA	optimal	939.1511883169751	1.872062517773511	"{""R2021"": 0.0, ""R2029"": 0.0, ""R2034"": 0.0, ""R2039"": 0.001}"	True	1.7749170189151897e-13	0.0	0.0
supply_water_pump_outputs/R2039/0.001/R2039/free_max	optimal	0.001	0.0	"{""R2021"": 0.0, ""R2029"": 0.0, ""R2034"": 0.0, ""R2039"": 0.001}"	True	3.3393426912553537e-16	0.0	0.0
supply_water_pump_outputs/R2039/0.001/R2039/near_min	optimal	0.0	1.8533418924957759	"{""R2021"": 0.0, ""R2029"": 0.0, ""R2034"": 0.0, ""R2039"": 0.0}"	True	8.018648136980111e-14	0.0	0.0
supply_water_pump_outputs/R2039/0.001/R2039/near_max	optimal	0.001	1.8533418924957759	"{""R2021"": 0.0, ""R2029"": 0.0, ""R2034"": 0.0, ""R2039"": 0.001}"	True	5.626391279961451e-14	0.0	0.0
supply_water_pump_outputs/all/0.001/FBA	optimal	1.872483043050998	1.872483043050998	"{""R2021"": 0.001, ""R2029"": 0.001, ""R2034"": 0.001, ""R2039"": 0.001}"	True	1.0443566584444897e-13	0.0	0.0
supply_water_pump_outputs/all/0.001/pFBA	optimal	939.3452836203479	1.872483033050998	"{""R2021"": 0.001, ""R2029"": 0.001, ""R2034"": 0.001, ""R2039"": 0.001}"	True	3.1633549946175066e-14	0.0	0.0
supply_water_pump_outputs/all/0.001/R2021/free_max	optimal	0.001	0.0	"{""R2021"": 0.001, ""R2029"": 0.0, ""R2034"": 0.0, ""R2039"": 0.0}"	True	6.678685382510707e-16	0.0	0.0
supply_water_pump_outputs/all/0.001/R2021/near_min	optimal	0.0	1.853758202620488	"{""R2021"": 0.0, ""R2029"": 0.001, ""R2034"": 0.001, ""R2039"": 0.001}"	True	1.5056879354435893e-13	0	0.0
supply_water_pump_outputs/all/0.001/R2021/near_max	optimal	0.001	1.853758202620488	"{""R2021"": 0.001, ""R2029"": 0.001, ""R2034"": 0.001, ""R2039"": 0.001}"	True	3.070070239696854e-14	0.0	0.0
supply_water_pump_outputs/all/0.001/R2029/free_max	optimal	0.001	0.0	"{""R2021"": 0.0, ""R2029"": 0.001, ""R2034"": 0.0, ""R2039"": 0.0}"	True	6.678685382510707e-16	0.0	0.0
supply_water_pump_outputs/all/0.001/R2029/near_min	optimal	0.0	1.853758202620488	"{""R2021"": 0.001, ""R2029"": 0.0, ""R2034"": 0.001, ""R2039"": 0.001}"	True	1.3638829648998652e-13	0.0	0.0
supply_water_pump_outputs/all/0.001/R2029/near_max	optimal	0.001	1.853758202620488	"{""R2021"": 0.001, ""R2029"": 0.001, ""R2034"": 0.001, ""R2039"": 0.001}"	True	6.162103704902833e-14	0.0	0.0
supply_water_pump_outputs/all/0.001/R2034/free_max	optimal	0.001	0.0	"{""R2021"": 0.0, ""R2029"": 0.0, ""R2034"": 0.001, ""R2039"": 0.0}"	True	2.7712207528729493e-16	0.0	0.0
supply_water_pump_outputs/all/0.001/R2034/near_min	optimal	0.0	1.853758202620488	"{""R2021"": 0.001, ""R2029"": 0.001, ""R2034"": 0.0, ""R2039"": 0.001}"	True	1.8957050013958254e-13	0.0	0.0
supply_water_pump_outputs/all/0.001/R2034/near_max	optimal	0.001	1.853758202620488	"{""R2021"": 0.001, ""R2029"": 0.001, ""R2034"": 0.001, ""R2039"": 0.001}"	True	5.395242087292973e-14	0.0	0.0
supply_water_pump_outputs/all/0.001/R2039/free_max	optimal	0.001	0.0	"{""R2021"": 0.0, ""R2029"": 0.0, ""R2034"": 0.0, ""R2039"": 0.001}"	True	6.678685382510707e-16	0.0	0.0
supply_water_pump_outputs/all/0.001/R2039/near_min	optimal	0.0	1.853758202620488	"{""R2021"": 0.001, ""R2029"": 0.001, ""R2034"": 0.001, ""R2039"": 0.0}"	True	1.0014775467248604e-13	0.0	0.0
supply_water_pump_outputs/all/0.001/R2039/near_max	optimal	0.001	1.853758202620488	"{""R2021"": 0.001, ""R2029"": 0.001, ""R2034"": 0.001, ""R2039"": 0.001}"	True	1.0626655805312524e-13	0.0	0.0
supply_water_pump_outputs/all/0.001/joint_half_supply	optimal	1.8724830430510033	1.8724830430510033	"{""R2021"": 0.001, ""R2029"": 0.001, ""R2034"": 0.001, ""R2039"": 0.001}"	True	6.042930912608657e-14	0.0	0.0
supply/R2021/0.01/FBA	optimal	1.871882306940303	1.871882306940303	"{""R2021"": 0.0, ""R2029"": 0.0, ""R2034"": 0.0, ""R2039"": 0.0}"	True	2.628778271451804e-13	0.0	0.0
supply/R2021/0.01/pFBA	optimal	939.1095403298203	1.871882296940303	"{""R2021"": 0.0, ""R2029"": 0.0, ""R2034"": 0.0, ""R2039"": 0.0}"	True	4.167293680273909e-14	0.0	0.0
supply/R2021/0.01/R2021/free_max	optimal	0.0	0.0	"{""R2021"": 0.0, ""R2029"": 0.0, ""R2034"": 0.0, ""R2039"": 0.0}"	True	0.0	0.0	0.0
supply/R2021/0.01/R2021/near_min	optimal	0.0	1.8531634738709	"{""R2021"": 0.0, ""R2029"": 0.0, ""R2034"": 0.0, ""R2039"": 0.0}"	True	8.332958346783659e-14	0.0	0.0
supply/R2021/0.01/R2021/near_max	optimal	0.0	1.8531634738709	"{""R2021"": 0.0, ""R2029"": 0.0, ""R2034"": 0.0, ""R2039"": 0.0}"	True	3.087634314891119e-14	0.0	0.0
supply/R2029/0.01/FBA	optimal	1.8718823069402946	1.8718823069402946	"{""R2021"": 0.0, ""R2029"": 0.0, ""R2034"": 0.0, ""R2039"": 0.0}"	True	8.48539446172969e-14	0.0	0.0
supply/R2029/0.01/pFBA	optimal	939.1095403298066	1.8718822969402946	"{""R2021"": 0.0, ""R2029"": 0.0, ""R2034"": 0.0, ""R2039"": 0.0}"	True	2.6894908826055608e-14	0.0	0.0
supply/R2029/0.01/R2029/free_max	optimal	0.0	0.0	"{""R2021"": 0.0, ""R2029"": 0.0, ""R2034"": 0.0, ""R2039"": 0.0}"	True	0.0	0.0	0.0
supply/R2029/0.01/R2029/near_min	optimal	0.0	1.8531634738708918	"{""R2021"": 0.0, ""R2029"": 0.0, ""R2034"": 0.0, ""R2039"": 0.0}"	True	1.1484170277069328e-13	0.0	0.0
supply/R2029/0.01/R2029/near_max	optimal	0.0	1.8531634738708918	"{""R2021"": 0.0, ""R2029"": 0.0, ""R2034"": 0.0, ""R2039"": 0.0}"	True	1.1088563877867386e-13	0.0	0.0
supply/R2034/0.01/FBA	optimal	1.8718823069403003	1.8718823069403003	"{""R2021"": 0.0, ""R2029"": 0.0, ""R2034"": 0.0, ""R2039"": 0.0}"	True	4.0963678846553386e-14	0.0	0.0
supply/R2034/0.01/pFBA	optimal	939.1095403298232	1.8718822969403004	"{""R2021"": 0.0, ""R2029"": 0.0, ""R2034"": 0.0, ""R2039"": 0.0}"	True	4.289277266700253e-14	0.0	0.0
supply/R2034/0.01/R2034/free_max	optimal	0.0	0.0	"{""R2021"": 0.0, ""R2029"": 0.0, ""R2034"": 0.0, ""R2039"": 0.0}"	True	0.0	0.0	0.0
supply/R2034/0.01/R2034/near_min	optimal	0.0	1.8531634738708973	"{""R2021"": 0.0, ""R2029"": 0.0, ""R2034"": 0.0, ""R2039"": 0.0}"	True	5.933610807556944e-14	0.0	0.0
supply/R2034/0.01/R2034/near_max	optimal	0.0	1.8531634738708973	"{""R2021"": 0.0, ""R2029"": 0.0, ""R2034"": 0.0, ""R2039"": 0.0}"	True	2.5270584236292137e-14	0	0.0
supply/R2039/0.01/FBA	optimal	1.8718823069402921	1.8718823069402921	"{""R2021"": 0.0, ""R2029"": 0.0, ""R2034"": 0.0, ""R2039"": 0.0}"	True	7.044354249224893e-14	0	0.0
supply/R2039/0.01/pFBA	optimal	939.1095403297985	1.8718822969402922	"{""R2021"": 0.0, ""R2029"": 0.0, ""R2034"": 0.0, ""R2039"": 0.0}"	True	4.664758163075433e-14	0.0	0.0
supply/R2039/0.01/R2039/free_max	optimal	0.0	0.0	"{""R2021"": 0.0, ""R2029"": 0.0, ""R2034"": 0.0, ""R2039"": 0.0}"	True	0.0	0.0	0.0
supply/R2039/0.01/R2039/near_min	optimal	0.0	1.8531634738708893	"{""R2021"": 0.0, ""R2029"": 0.0, ""R2034"": 0.0, ""R2039"": 0.0}"	True	1.1671788752512513e-13	0	0.0
supply/R2039/0.01/R2039/near_max	optimal	0.0	1.8531634738708893	"{""R2021"": 0.0, ""R2029"": 0.0, ""R2034"": 0.0, ""R2039"": 0.0}"	True	1.2747840435166358e-13	0	0.0
supply/all/0.01/FBA	optimal	1.8718823069402977	1.8718823069402977	"{""R2021"": 0.0, ""R2029"": 0.0, ""R2034"": 0.0, ""R2039"": 0.0}"	True	2.6184241407045672e-14	0	0.0
supply/all/0.01/pFBA	optimal	939.1095403298058	1.8718822969402977	"{""R2021"": 0.0, ""R2029"": 0.0, ""R2034"": 0.0, ""R2039"": 0.0}"	True	9.23202486680097e-14	0.0	0.0
supply/all/0.01/R2021/free_max	optimal	0.0	0.0	"{""R2021"": 0.0, ""R2029"": 0.0, ""R2034"": 0.0, ""R2039"": 0.0}"	True	0.0	0.0	0.0
supply/all/0.01/R2021/near_min	optimal	0.0	1.8531634738708946	"{""R2021"": 0.0, ""R2029"": 0.0, ""R2034"": 0.0, ""R2039"": 0.0}"	True	5.583652030322073e-14	0	0.0
supply/all/0.01/R2021/near_max	optimal	0.0	1.8531634738708946	"{""R2021"": 0.0, ""R2029"": 0.0, ""R2034"": 0.0, ""R2039"": 0.0}"	True	5.941159565182874e-14	0.0	0.0
supply/all/0.01/R2029/free_max	optimal	0.0	0.0	"{""R2021"": 0.0, ""R2029"": 0.0, ""R2034"": 0.0, ""R2039"": 0.0}"	True	0.0	0.0	0.0
supply/all/0.01/R2029/near_min	optimal	0.0	1.8531634738708946	"{""R2021"": 0.0, ""R2029"": 0.0, ""R2034"": 0.0, ""R2039"": 0.0}"	True	5.583652030322073e-14	0	0.0
supply/all/0.01/R2029/near_max	optimal	0.0	1.8531634738708946	"{""R2021"": 0.0, ""R2029"": 0.0, ""R2034"": 0.0, ""R2039"": 0.0}"	True	5.941159565182874e-14	0.0	0.0
supply/all/0.01/R2034/free_max	optimal	0.0	0.0	"{""R2021"": 0.0, ""R2029"": 0.0, ""R2034"": 0.0, ""R2039"": 0.0}"	True	0.0	0.0	0.0
supply/all/0.01/R2034/near_min	optimal	0.0	1.8531634738708946	"{""R2021"": 0.0, ""R2029"": 0.0, ""R2034"": 0.0, ""R2039"": 0.0}"	True	5.1716253892178377e-14	0	0.0
supply/all/0.01/R2034/near_max	optimal	0.0	1.8531634738708946	"{""R2021"": 0.0, ""R2029"": 0.0, ""R2034"": 0.0, ""R2039"": 0.0}"	True	8.513892715833471e-14	0.0	0.0
supply/all/0.01/R2039/free_max	optimal	0.0	0.0	"{""R2021"": 0.0, ""R2029"": 0.0, ""R2034"": 0.0, ""R2039"": 0.0}"	True	0.0	0.0	0.0
supply/all/0.01/R2039/near_min	optimal	0.0	1.8531634738708946	"{""R2021"": 0.0, ""R2029"": 0.0, ""R2034"": 0.0, ""R2039"": 0.0}"	True	2.3789219834487174e-13	0.0	0.0
supply/all/0.01/R2039/near_max	optimal	0.0	1.8531634738708946	"{""R2021"": 0.0, ""R2029"": 0.0, ""R2034"": 0.0, ""R2039"": 0.0}"	True	4.549735154596446e-14	0.0	0.0
supply/all/0.01/joint_half_supply	infeasible				False			
supply_drains/R2021/0.01/FBA	optimal	1.8718823069402968	1.8718823069402968	"{""R2021"": 0.0, ""R2029"": 0.0, ""R2034"": 0.0, ""R2039"": 0.0}"	True	7.371276440799879e-14	0.0	0.0
supply_drains/R2021/0.01/pFBA	optimal	939.1095403297954	1.8718822969402968	"{""R2021"": 0.0, ""R2029"": 0.0, ""R2034"": 0.0, ""R2039"": 0.0}"	True	1.3368375417072142e-13	0.0	0.0
supply_drains/R2021/0.01/R2021/free_max	optimal	0.0	0.0	"{""R2021"": 0.0, ""R2029"": 0.0, ""R2034"": 0.0, ""R2039"": 0.0}"	True	0.0	0.0	0.0
supply_drains/R2021/0.01/R2021/near_min	optimal	0.0	1.8531634738708938	"{""R2021"": 0.0, ""R2029"": 0.0, ""R2034"": 0.0, ""R2039"": 0.0}"	True	7.920427551669218e-14	0.0	0.0
supply_drains/R2021/0.01/R2021/near_max	optimal	0.0	1.8531634738708938	"{""R2021"": 0.0, ""R2029"": 0.0, ""R2034"": 0.0, ""R2039"": 0.0}"	True	6.28355874277009e-14	0.0	0.0
supply_drains/R2029/0.01/FBA	optimal	1.8718823069402968	1.8718823069402968	"{""R2021"": 0.0, ""R2029"": 0.0, ""R2034"": 0.0, ""R2039"": 0.0}"	True	7.371276440799879e-14	0.0	0.0
supply_drains/R2029/0.01/pFBA	optimal	939.1095403297954	1.8718822969402968	"{""R2021"": 0.0, ""R2029"": 0.0, ""R2034"": 0.0, ""R2039"": 0.0}"	True	1.3368375417072142e-13	0.0	0.0
supply_drains/R2029/0.01/R2029/free_max	optimal	0.0	0.0	"{""R2021"": 0.0, ""R2029"": 0.0, ""R2034"": 0.0, ""R2039"": 0.0}"	True	0.0	0.0	0.0
supply_drains/R2029/0.01/R2029/near_min	optimal	0.0	1.8531634738708938	"{""R2021"": 0.0, ""R2029"": 0.0, ""R2034"": 0.0, ""R2039"": 0.0}"	True	9.935509446418189e-14	0	0.0
supply_drains/R2029/0.01/R2029/near_max	optimal	0.0	1.8531634738708938	"{""R2021"": 0.0, ""R2029"": 0.0, ""R2034"": 0.0, ""R2039"": 0.0}"	True	9.691680509342493e-14	0.0	0.0
supply_drains/R2034/0.01/FBA	optimal	1.871882306940296	1.871882306940296	"{""R2021"": 0.0, ""R2029"": 0.0, ""R2034"": 0.0, ""R2039"": 0.0}"	True	1.8074463366962723e-13	0.0	0.0
supply_drains/R2034/0.01/pFBA	optimal	939.1095403298102	1.871882296940296	"{""R2021"": 0.0, ""R2029"": 0.0, ""R2034"": 0.0, ""R2039"": 0.0}"	True	7.604859667345587e-14	0.0	0.0
supply_drains/R2034/0.01/R2034/free_max	optimal	0.0	0.0	"{""R2021"": 0.0, ""R2029"": 0.0, ""R2034"": 0.0, ""R2039"": 0.0}"	True	0.0	0.0	0.0
supply_drains/R2034/0.01/R2034/near_min	optimal	0.0	1.853163473870893	"{""R2021"": 0.0, ""R2029"": 0.0, ""R2034"": 0.0, ""R2039"": 0.0}"	True	3.395547731877002e-14	0.0	0.0
supply_drains/R2034/0.01/R2034/near_max	optimal	0.0	1.853163473870893	"{""R2021"": 0.0, ""R2029"": 0.0, ""R2034"": 0.0, ""R2039"": 0.0}"	True	1.4440423683204084e-13	0.0	0.0
supply_drains/R2039/0.01/FBA	optimal	1.8718823069402961	1.8718823069402961	"{""R2021"": 0.0, ""R2029"": 0.0, ""R2034"": 0.0, ""R2039"": 0.0}"	True	8.848019430844623e-14	0.0	0.0
supply_drains/R2039/0.01/pFBA	optimal	939.109540329809	1.8718822969402962	"{""R2021"": 0.0, ""R2029"": 0.0, ""R2034"": 0.0, ""R2039"": 0.0}"	True	8.579622472540405e-14	0.0	0.0
supply_drains/R2039/0.01/R2039/free_max	optimal	0.0	0.0	"{""R2021"": 0.0, ""R2029"": 0.0, ""R2034"": 0.0, ""R2039"": 0.0}"	True	0.0	0.0	0.0
supply_drains/R2039/0.01/R2039/near_min	optimal	0.0	1.8531634738708933	"{""R2021"": 0.0, ""R2029"": 0.0, ""R2034"": 0.0, ""R2039"": 0.0}"	True	1.8503143353436335e-13	0.0	0.0
supply_drains/R2039/0.01/R2039/near_max	optimal	0.0	1.8531634738708933	"{""R2021"": 0.0, ""R2029"": 0.0, ""R2034"": 0.0, ""R2039"": 0.0}"	True	7.242882509028714e-14	0	0.0
supply_drains/all/0.01/FBA	optimal	1.871882306940306	1.871882306940306	"{""R2021"": 0.0, ""R2029"": 0.0, ""R2034"": 0.0, ""R2039"": 0.0}"	True	5.693416658264505e-14	0.0	0.0
supply_drains/all/0.01/pFBA	optimal	939.1095403298286	1.8718822969403062	"{""R2021"": 0.0, ""R2029"": 0.0, ""R2034"": 0.0, ""R2039"": 0.0}"	True	8.317917752145854e-14	0.0	0.0
supply_drains/all/0.01/R2021/free_max	optimal	0.0	0.0	"{""R2021"": 0.0, ""R2029"": 0.0, ""R2034"": 0.0, ""R2039"": 0.0}"	True	0.0	0.0	0.0
supply_drains/all/0.01/R2021/near_min	optimal	0.0	1.853163473870903	"{""R2021"": 0.0, ""R2029"": 0.0, ""R2034"": 0.0, ""R2039"": 0.0}"	True	8.577220964728349e-14	0	0.0
supply_drains/all/0.01/R2021/near_max	optimal	0.0	1.853163473870903	"{""R2021"": 0.0, ""R2029"": 0.0, ""R2034"": 0.0, ""R2039"": 0.0}"	True	6.059107209022141e-14	0	0.0
supply_drains/all/0.01/R2029/free_max	optimal	0.0	0.0	"{""R2021"": 0.0, ""R2029"": 0.0, ""R2034"": 0.0, ""R2039"": 0.0}"	True	0.0	0.0	0.0
supply_drains/all/0.01/R2029/near_min	optimal	0.0	1.853163473870903	"{""R2021"": 0.0, ""R2029"": 0.0, ""R2034"": 0.0, ""R2039"": 0.0}"	True	8.577220964728349e-14	0	0.0
supply_drains/all/0.01/R2029/near_max	optimal	0.0	1.853163473870903	"{""R2021"": 0.0, ""R2029"": 0.0, ""R2034"": 0.0, ""R2039"": 0.0}"	True	7.538628467133879e-14	0	0.0
supply_drains/all/0.01/R2034/free_max	optimal	0.0	0.0	"{""R2021"": 0.0, ""R2029"": 0.0, ""R2034"": 0.0, ""R2039"": 0.0}"	True	0.0	0.0	0.0
supply_drains/all/0.01/R2034/near_min	optimal	0.0	1.853163473870903	"{""R2021"": 0.0, ""R2029"": 0.0, ""R2034"": 0.0, ""R2039"": 0.0}"	True	3.4146730581996465e-14	0	0.0
supply_drains/all/0.01/R2034/near_max	optimal	0.0	1.853163473870903	"{""R2021"": 0.0, ""R2029"": 0.0, ""R2034"": 0.0, ""R2039"": 0.0}"	True	6.720253693803802e-14	0.0	0.0
supply_drains/all/0.01/R2039/free_max	optimal	0.0	0.0	"{""R2021"": 0.0, ""R2029"": 0.0, ""R2034"": 0.0, ""R2039"": 0.0}"	True	0.0	0.0	0.0
supply_drains/all/0.01/R2039/near_min	optimal	0.0	1.853163473870903	"{""R2021"": 0.0, ""R2029"": 0.0, ""R2034"": 0.0, ""R2039"": 0.0}"	True	3.5371879036905085e-14	0.0	0.0
supply_drains/all/0.01/R2039/near_max	optimal	0.0	1.853163473870903	"{""R2021"": 0.0, ""R2029"": 0.0, ""R2034"": 0.0, ""R2039"": 0.0}"	True	9.142412846739612e-14	0.0	0.0
supply_drains/all/0.01/joint_half_supply	infeasible				False			
supply_water/R2021/0.01/FBA	optimal	1.871882306940301	1.871882306940301	"{""R2021"": 0.0, ""R2029"": 0.0, ""R2034"": 0.0, ""R2039"": 0.0}"	True	5.869184803962424e-14	0.0	0.0
supply_water/R2021/0.01/pFBA	optimal	939.1095403298106	1.871882296940301	"{""R2021"": 0.0, ""R2029"": 0.0, ""R2034"": 0.0, ""R2039"": 0.0}"	True	8.315478297257761e-14	0.0	0.0
supply_water/R2021/0.01/R2021/free_max	optimal	0.0	0.0	"{""R2021"": 0.0, ""R2029"": 0.0, ""R2034"": 0.0, ""R2039"": 0.0}"	True	0.0	0.0	0.0
supply_water/R2021/0.01/R2021/near_min	optimal	0.0	1.853163473870898	"{""R2021"": 0.0, ""R2029"": 0.0, ""R2034"": 0.0, ""R2039"": 0.0}"	True	6.717279591719402e-14	0	0.0
supply_water/R2021/0.01/R2021/near_max	optimal	0.0	1.853163473870898	"{""R2021"": 0.0, ""R2029"": 0.0, ""R2034"": 0.0, ""R2039"": 0.0}"	True	1.220385283714348e-13	0.0	0.0
supply_water/R2029/0.01/FBA	optimal	1.8718823069402963	1.8718823069402963	"{""R2021"": 0.0, ""R2029"": 0.0, ""R2034"": 0.0, ""R2039"": 0.0}"	True	1.6373564288262032e-13	0.0	0.0
supply_water/R2029/0.01/pFBA	optimal	939.1095403298062	1.8718822969402964	"{""R2021"": 0.0, ""R2029"": 0.0, ""R2034"": 0.0, ""R2039"": 0.0}"	True	1.008131295457404e-13	0.0	0.0
supply_water/R2029/0.01/R2029/free_max	optimal	0.0	0.0	"{""R2021"": 0.0, ""R2029"": 0.0, ""R2034"": 0.0, ""R2039"": 0.0}"	True	0.0	0.0	0.0
supply_water/R2029/0.01/R2029/near_min	optimal	0.0	1.8531634738708933	"{""R2021"": 0.0, ""R2029"": 0.0, ""R2034"": 0.0, ""R2039"": 0.0}"	True	8.822266410522892e-14	0	0.0
supply_water/R2029/0.01/R2029/near_max	optimal	0.0	1.8531634738708933	"{""R2021"": 0.0, ""R2029"": 0.0, ""R2034"": 0.0, ""R2039"": 0.0}"	True	1.1166165648363036e-13	0	0.0
supply_water/R2034/0.01/FBA	optimal	1.8718823069402992	1.8718823069402992	"{""R2021"": 0.0, ""R2029"": 0.0, ""R2034"": 0.0, ""R2039"": 0.0}"	True	2.831510525179437e-14	0.0	0.0
supply_water/R2034/0.01/pFBA	optimal	939.1095403298091	1.8718822969402993	"{""R2021"": 0.0, ""R2029"": 0.0, ""R2034"": 0.0, ""R2039"": 0.0}"	True	9.916763590855915e-14	0.0	0.0
supply_water/R2034/0.01/R2034/free_max	optimal	0.0	0.0	"{""R2021"": 0.0, ""R2029"": 0.0, ""R2034"": 0.0, ""R2039"": 0.0}"	True	0.0	0.0	0.0
supply_water/R2034/0.01/R2034/near_min	optimal	0.0	1.8531634738708962	"{""R2021"": 0.0, ""R2029"": 0.0, ""R2034"": 0.0, ""R2039"": 0.0}"	True	2.6389914559166172e-14	0	0.0
supply_water/R2034/0.01/R2034/near_max	optimal	0.0	1.8531634738708962	"{""R2021"": 0.0, ""R2029"": 0.0, ""R2034"": 0.0, ""R2039"": 0.0}"	True	5.874641051395457e-14	0.0	0.0
supply_water/R2039/0.01/FBA	optimal	1.871882306940293	1.871882306940293	"{""R2021"": 0.0, ""R2029"": 0.0, ""R2034"": 0.0, ""R2039"": 0.0}"	True	4.4101640471038567e-13	0	0.0
supply_water/R2039/0.01/pFBA	optimal	939.1095403297996	1.871882296940293	"{""R2021"": 0.0, ""R2029"": 0.0, ""R2034"": 0.0, ""R2039"": 0.0}"	True	8.322926766182737e-14	0.0	0.0
supply_water/R2039/0.01/R2039/free_max	optimal	0.0	0.0	"{""R2021"": 0.0, ""R2029"": 0.0, ""R2034"": 0.0, ""R2039"": 0.0}"	True	0.0	0.0	0.0
supply_water/R2039/0.01/R2039/near_min	optimal	0.0	1.8531634738708902	"{""R2021"": 0.0, ""R2029"": 0.0, ""R2034"": 0.0, ""R2039"": 0.0}"	True	1.3526037386489553e-13	0	0.0
supply_water/R2039/0.01/R2039/near_max	optimal	0.0	1.8531634738708902	"{""R2021"": 0.0, ""R2029"": 0.0, ""R2034"": 0.0, ""R2039"": 0.0}"	True	7.687904132747114e-14	0.0	0.0
supply_water/all/0.01/FBA	optimal	1.8718823069403	1.8718823069403	"{""R2021"": 0.0, ""R2029"": 0.0, ""R2034"": 0.0, ""R2039"": 0.0}"	True	3.3247601720354236e-14	0.0	0.0
supply_water/all/0.01/pFBA	optimal	939.1095403298102	1.8718822969403	"{""R2021"": 0.0, ""R2029"": 0.0, ""R2034"": 0.0, ""R2039"": 0.0}"	True	3.1202308532068956e-14	0.0	0.0
supply_water/all/0.01/R2021/free_max	optimal	0.0	0.0	"{""R2021"": 0.0, ""R2029"": 0.0, ""R2034"": 0.0, ""R2039"": 0.0}"	True	0.0	0.0	0.0
supply_water/all/0.01/R2021/near_min	optimal	0.0	1.8531634738708969	"{""R2021"": 0.0, ""R2029"": 0.0, ""R2034"": 0.0, ""R2039"": 0.0}"	True	1.273828861402676e-13	0.0	0.0
supply_water/all/0.01/R2021/near_max	optimal	0.0	1.8531634738708969	"{""R2021"": 0.0, ""R2029"": 0.0, ""R2034"": 0.0, ""R2039"": 0.0}"	True	4.040767286744851e-14	0.0	0.0
supply_water/all/0.01/R2029/free_max	optimal	0.0	0.0	"{""R2021"": 0.0, ""R2029"": 0.0, ""R2034"": 0.0, ""R2039"": 0.0}"	True	0.0	0.0	0.0
supply_water/all/0.01/R2029/near_min	optimal	0.0	1.8531634738708969	"{""R2021"": 0.0, ""R2029"": 0.0, ""R2034"": 0.0, ""R2039"": 0.0}"	True	1.273828861402676e-13	0.0	0.0
supply_water/all/0.01/R2029/near_max	optimal	0.0	1.8531634738708969	"{""R2021"": 0.0, ""R2029"": 0.0, ""R2034"": 0.0, ""R2039"": 0.0}"	True	4.040767286744851e-14	0.0	0.0
supply_water/all/0.01/R2034/free_max	optimal	0.0	0.0	"{""R2021"": 0.0, ""R2029"": 0.0, ""R2034"": 0.0, ""R2039"": 0.0}"	True	0.0	0.0	0.0
supply_water/all/0.01/R2034/near_min	optimal	0.0	1.8531634738708969	"{""R2021"": 0.0, ""R2029"": 0.0, ""R2034"": 0.0, ""R2039"": 0.0}"	True	9.579289401637214e-14	0.0	0.0
supply_water/all/0.01/R2034/near_max	optimal	0.0	1.8531634738708969	"{""R2021"": 0.0, ""R2029"": 0.0, ""R2034"": 0.0, ""R2039"": 0.0}"	True	5.707912441310636e-14	0.0	0.0
supply_water/all/0.01/R2039/free_max	optimal	0.0	0.0	"{""R2021"": 0.0, ""R2029"": 0.0, ""R2034"": 0.0, ""R2039"": 0.0}"	True	0.0	0.0	0.0
supply_water/all/0.01/R2039/near_min	optimal	0.0	1.8531634738708969	"{""R2021"": 0.0, ""R2029"": 0.0, ""R2034"": 0.0, ""R2039"": 0.0}"	True	9.86422857458813e-14	0.0	0.0
supply_water/all/0.01/R2039/near_max	optimal	0.0	1.8531634738708969	"{""R2021"": 0.0, ""R2029"": 0.0, ""R2034"": 0.0, ""R2039"": 0.0}"	True	7.1644675869037e-14	0.0	0.0
supply_water/all/0.01/joint_half_supply	infeasible				False			
supply_water_drains/R2021/0.01/FBA	optimal	1.8718823069402981	1.8718823069402981	"{""R2021"": 0.0, ""R2029"": 0.0, ""R2034"": 0.0, ""R2039"": 0.0}"	True	4.888271861944182e-14	0.0	0.0
supply_water_drains/R2021/0.01/pFBA	optimal	939.1095403298148	1.8718822969402982	"{""R2021"": 0.0, ""R2029"": 0.0, ""R2034"": 0.0, ""R2039"": 0.0}"	True	7.704126507752929e-14	0.0	0.0
supply_water_drains/R2021/0.01/R2021/free_max	optimal	0.01	0.0	"{""R2021"": 0.01, ""R2029"": 0.0, ""R2034"": 0.0, ""R2039"": 0.0}"	True	2.1337098754514727e-16	0.0	0.0
supply_water_drains/R2021/0.01/R2021/near_min	optimal	0.0	1.853163473870895	"{""R2021"": 0.0, ""R2029"": 0.0, ""R2034"": 0.0, ""R2039"": 0.0}"	True	8.321169804332436e-11	5.492373874837185e-10	8.321169804332436e-11
supply_water_drains/R2021/0.01/R2021/near_max	optimal	0.01	1.853163473870895	"{""R2021"": 0.01, ""R2029"": 0.0, ""R2034"": 0.0, ""R2039"": 0.0}"	True	1.331144938200579e-13	0.0	0.0
supply_water_drains/R2029/0.01/FBA	optimal	1.871882306940295	1.871882306940295	"{""R2021"": 0.0, ""R2029"": 0.0, ""R2034"": 0.0, ""R2039"": 0.0}"	True	1.4054892232689964e-13	0	0.0
supply_water_drains/R2029/0.01/pFBA	optimal	939.1095403297961	1.871882296940295	"{""R2021"": 0.0, ""R2029"": 0.0, ""R2034"": 0.0, ""R2039"": 0.0}"	True	1.090295388694873e-13	0.0	0.0
supply_water_drains/R2029/0.01/R2029/free_max	optimal	0.01	0.0	"{""R2021"": 0.0, ""R2029"": 0.01, ""R2034"": 0.0, ""R2039"": 0.0}"	True	2.1337098754514727e-16	0.0	0.0
supply_water_drains/R2029/0.01/R2029/near_min	optimal	0.0	1.8531634738708922	"{""R2021"": 0.0, ""R2029"": 0.0, ""R2034"": 0.0, ""R2039"": 0.0}"	True	5.2709572817555284e-14	0.0	0.0
supply_water_drains/R2029/0.01/R2029/near_max	optimal	0.01	1.8531634738708922	"{""R2021"": 0.0, ""R2029"": 0.01, ""R2034"": 0.0, ""R2039"": 0.0}"	True	1.167414689223767e-13	0.0	0.0
supply_water_drains/R2034/0.01/FBA	optimal	1.8727834111063366	1.8727834111063366	"{""R2021"": 0.0, ""R2029"": 0.0, ""R2034"": 0.01, ""R2039"": 0.0}"	True	3.473423263421205e-14	0.0	0.0
supply_water_drains/R2034/0.01/pFBA	optimal	939.5477802655755	1.8727834011063367	"{""R2021"": 0.0, ""R2029"": 0.0, ""R2034"": 0.01, ""R2039"": 0.0}"	True	1.3689529653089505e-13	0.0	0.0
supply_water_drains/R2034/0.01/R2034/free_max	optimal	0.01	0.0	"{""R2021"": 0.0, ""R2029"": 0.0, ""R2034"": 0.01, ""R2039"": 0.0}"	True	2.1337098754514727e-16	0.0	0.0
supply_water_drains/R2034/0.01/R2034/near_min	optimal	0.0	1.8540555669952732	"{""R2021"": 0.0, ""R2029"": 0.0, ""R2034"": 0.0, ""R2039"": 0.0}"	True	4.509500411975509e-14	0.0	0.0
supply_water_drains/R2034/0.01/R2034/near_max	optimal	0.01	1.8540555669952732	"{""R2021"": 0.0, ""R2029"": 0.0, ""R2034"": 0.01, ""R2039"": 0.0}"	True	7.669526905923485e-14	0	0.0
supply_water_drains/R2039/0.01/FBA	optimal	1.8724830430509918	1.8724830430509918	"{""R2021"": 0.0, ""R2029"": 0.0, ""R2034"": 0.0, ""R2039"": 0.005}"	True	4.788530683086378e-14	0.0	0.0
supply_water_drains/R2039/0.01/pFBA	optimal	939.0425336203159	1.8724830330509918	"{""R2021"": 0.0, ""R2029"": 0.0, ""R2034"": 0.0, ""R2039"": 0.005}"	True	6.156251723676842e-14	0.0	0.0
supply_water_drains/R2039/0.01/R2039/free_max	optimal	0.01	0.0	"{""R2021"": 0.0, ""R2029"": 0.0, ""R2034"": 0.0, ""R2039"": 0.01}"	True	2.1337098754514727e-16	0.0	0.0
supply_water_drains/R2039/0.01/R2039/near_min	optimal	0.0	1.853758202620482	"{""R2021"": 0.0, ""R2029"": 0.0, ""R2034"": 0.0, ""R2039"": 0.0}"	True	4.7938215896881076e-14	0.0	0.0
supply_water_drains/R2039/0.01/R2039/near_max	optimal	0.01	1.853758202620482	"{""R2021"": 0.0, ""R2029"": 0.0, ""R2034"": 0.0, ""R2039"": 0.01}"	True	3.8168958011591814e-14	0.0	0.0
supply_water_drains/all/0.01/FBA	optimal	1.87398488332773	1.87398488332773	"{""R2021"": 0.0, ""R2029"": 0.0, ""R2034"": 0.01, ""R2039"": 0.01}"	True	8.258278501142857e-14	0.0	0.0
supply_water_drains/all/0.01/pFBA	optimal	939.413766846655	1.87398487332773	"{""R2021"": 0.0, ""R2029"": 0.0, ""R2034"": 0.01, ""R2039"": 0.01}"	True	7.099285352293871e-14	0.0	0.0
supply_water_drains/all/0.01/R2021/free_max	optimal	0.01	0.0	"{""R2021"": 0.01, ""R2029"": 0.0, ""R2034"": 0.0, ""R2039"": 0.0}"	True	2.1337098754514727e-16	0.0	0.0
supply_water_drains/all/0.01/R2021/near_min	optimal	0.0	1.8552450244944527	"{""R2021"": 0.0, ""R2029"": 0.01, ""R2034"": 0.01, ""R2039"": 0.01}"	True	4.820953749054557e-14	0.0	0.0
supply_water_drains/all/0.01/R2021/near_max	optimal	0.01	1.8552450244944527	"{""R2021"": 0.01, ""R2029"": 0.0, ""R2034"": 0.01, ""R2039"": 0.01}"	True	4.6349534453538066e-14	0	0.0
supply_water_drains/all/0.01/R2029/free_max	optimal	0.01	0.0	"{""R2021"": 0.0, ""R2029"": 0.01, ""R2034"": 0.0, ""R2039"": 0.0}"	True	2.1337098754514727e-16	0.0	0.0
supply_water_drains/all/0.01/R2029/near_min	optimal	0.0	1.8552450244944527	"{""R2021"": 0.0, ""R2029"": 0.0, ""R2034"": 0.01, ""R2039"": 0.01}"	True	7.321139205399181e-14	0.0	0.0
supply_water_drains/all/0.01/R2029/near_max	optimal	0.01	1.8552450244944527	"{""R2021"": 0.0, ""R2029"": 0.01, ""R2034"": 0.01, ""R2039"": 0.010000000000000009}"	True	4.213296378452469e-14	8.673617379884035e-18	0.0
supply_water_drains/all/0.01/R2034/free_max	optimal	0.01	0.0	"{""R2021"": 0.0, ""R2029"": 0.0, ""R2034"": 0.01, ""R2039"": 0.0}"	True	2.1337098754514727e-16	0.0	0.0
supply_water_drains/all/0.01/R2034/near_min	optimal	0.0	1.8552450244944527	"{""R2021"": 0.0, ""R2029"": 0.0, ""R2034"": 0.0, ""R2039"": 0.01}"	True	5.4978807964567444e-14	0.0	0.0
supply_water_drains/all/0.01/R2034/near_max	optimal	0.01	1.8552450244944527	"{""R2021"": 0.01, ""R2029"": 0.0, ""R2034"": 0.01, ""R2039"": 0.01}"	True	6.646728523476697e-14	0.0	0.0
supply_water_drains/all/0.01/R2039/free_max	optimal	0.01	0.0	"{""R2021"": 0.0, ""R2029"": 0.0, ""R2034"": 0.0, ""R2039"": 0.01}"	True	2.1337098754514727e-16	0.0	0.0
supply_water_drains/all/0.01/R2039/near_min	optimal	0.0	1.8552450244944527	"{""R2021"": 0.0, ""R2029"": 0.0, ""R2034"": 0.01, ""R2039"": 0.0}"	True	3.929707037206298e-14	0.0	0.0
supply_water_drains/all/0.01/R2039/near_max	optimal	0.01	1.8552450244944527	"{""R2021"": 0.01, ""R2029"": 0.0, ""R2034"": 0.01, ""R2039"": 0.01}"	True	7.134147873150143e-14	0.0	0.0
supply_water_drains/all/0.01/joint_half_supply	optimal	1.8739848833277397	1.8739848833277397	"{""R2021"": 0.005, ""R2029"": 0.005000000000000001, ""R2034"": 0.01, ""R2039"": 0.01}"	True	7.509552875373249e-14	0.0	0.0
supply_water_pump/R2021/0.01/FBA	optimal	1.8718823069402941	1.8718823069402941	"{""R2021"": 0.0, ""R2029"": 0.0, ""R2034"": 0.0, ""R2039"": 0.0}"	True	7.109723508709476e-14	0.0	0.0
supply_water_pump/R2021/0.01/pFBA	optimal	939.1095403297908	1.8718822969402942	"{""R2021"": 0.0, ""R2029"": 0.0, ""R2034"": 0.0, ""R2039"": 0.0}"	True	2.788004202503025e-14	0.0	0.0
supply_water_pump/R2021/0.01/R2021/free_max	optimal	0.0	0.0	"{""R2021"": 0.0, ""R2029"": 0.0, ""R2034"": 0.0, ""R2039"": 0.0}"	True	0.0	0.0	0.0
supply_water_pump/R2021/0.01/R2021/near_min	optimal	0.0	1.8531634738708913	"{""R2021"": 0.0, ""R2029"": 0.0, ""R2034"": 0.0, ""R2039"": 0.0}"	True	1.8000284964826696e-13	0.0	0.0
supply_water_pump/R2021/0.01/R2021/near_max	optimal	0.0	1.8531634738708913	"{""R2021"": 0.0, ""R2029"": 0.0, ""R2034"": 0.0, ""R2039"": 0.0}"	True	1.6343884253790242e-13	0.0	0.0
supply_water_pump/R2029/0.01/FBA	optimal	1.8718823069402961	1.8718823069402961	"{""R2021"": 0.0, ""R2029"": 0.0, ""R2034"": 0.0, ""R2039"": 0.0}"	True	8.31317436764123e-14	0.0	0.0
supply_water_pump/R2029/0.01/pFBA	optimal	939.1095403298102	1.8718822969402962	"{""R2021"": 0.0, ""R2029"": 0.0, ""R2034"": 0.0, ""R2039"": 0.0}"	True	5.934602852544768e-14	0.0	0.0
supply_water_pump/R2029/0.01/R2029/free_max	optimal	0.0	0.0	"{""R2021"": 0.0, ""R2029"": 0.0, ""R2034"": 0.0, ""R2039"": 0.0}"	True	0.0	0.0	0.0
supply_water_pump/R2029/0.01/R2029/near_min	optimal	0.0	1.8531634738708933	"{""R2021"": 0.0, ""R2029"": 0.0, ""R2034"": 0.0, ""R2039"": 0.0}"	True	1.5824743859055301e-13	0	0.0
supply_water_pump/R2029/0.01/R2029/near_max	optimal	0.0	1.8531634738708933	"{""R2021"": 0.0, ""R2029"": 0.0, ""R2034"": 0.0, ""R2039"": 0.0}"	True	9.875097701367297e-14	0	0.0
supply_water_pump/R2034/0.01/FBA	optimal	1.8730837791616903	1.8730837791616903	"{""R2021"": 0.0, ""R2029"": 0.0, ""R2034"": 0.01, ""R2039"": 0.0}"	True	1.0063120042119733e-13	0.0	0.0
supply_water_pump/R2034/0.01/pFBA	optimal	939.8330269108601	1.8730837691616904	"{""R2021"": 0.0, ""R2029"": 0.0, ""R2034"": 0.01, ""R2039"": 0.0}"	True	1.5751367766526914e-13	0.0	0.0
supply_water_pump/R2034/0.01/R2034/free_max	optimal	0.01	0.0	"{""R2021"": 0.0, ""R2029"": 0.0, ""R2034"": 0.01, ""R2039"": 0.0}"	True	3.200564813177209e-16	0.0	0.0
supply_water_pump/R2034/0.01/R2034/near_min	optimal	0.0	1.8543529313700735	"{""R2021"": 0.0, ""R2029"": 0.0, ""R2034"": 0.0, ""R2039"": 0.0}"	True	2.3040762548755256e-13	0.0	0.0
supply_water_pump/R2034/0.01/R2034/near_max	optimal	0.01	1.8543529313700735	"{""R2021"": 0.0, ""R2029"": 0.0, ""R2034"": 0.01, ""R2039"": 0.0}"	True	7.822323518091867e-14	0.0	0.0
supply_water_pump/R2039/0.01/FBA	optimal	1.8736845152723862	1.8736845152723862	"{""R2021"": 0.0, ""R2029"": 0.0, ""R2034"": 0.0, ""R2039"": 0.01}"	True	2.640812915566393e-14	0.0	0.0
supply_water_pump/R2039/0.01/pFBA	optimal	939.5260202013778	1.8736845052723863	"{""R2021"": 0.0, ""R2029"": 0.0, ""R2034"": 0.0, ""R2039"": 0.01}"	True	1.8071091498206293e-13	0.0	0.0
supply_water_pump/R2039/0.01/R2039/free_max	optimal	0.01	0.0	"{""R2021"": 0.0, ""R2029"": 0.0, ""R2034"": 0.0, ""R2039"": 0.01}"	True	2.1337098754514727e-16	0.0	0.0
supply_water_pump/R2039/0.01/R2039/near_min	optimal	0.0	1.8549476601196624	"{""R2021"": 0.0, ""R2029"": 0.0, ""R2034"": 0.0, ""R2039"": 0.0}"	True	1.0539125453422338e-13	0	0.0
supply_water_pump/R2039/0.01/R2039/near_max	optimal	0.01	1.8549476601196624	"{""R2021"": 0.0, ""R2029"": 0.0, ""R2034"": 0.0, ""R2039"": 0.01}"	True	4.049711954667856e-14	0.0	0.0
supply_water_pump/all/0.01/FBA	optimal	1.8748859874937795	1.8748859874937795	"{""R2021"": 0.0, ""R2029"": 0.0, ""R2034"": 0.01, ""R2039"": 0.01}"	True	4.2546641123436535e-14	0.0	0.0
supply_water_pump/all/0.01/pFBA	optimal	940.2495067824499	1.8748859774937796	"{""R2021"": 0.0, ""R2029"": 0.0, ""R2034"": 0.01, ""R2039"": 0.01}"	True	4.4520566703717956e-14	0.0	0.0
supply_water_pump/all/0.01/R2021/free_max	optimal	0.0	0.0	"{""R2021"": 0.0, ""R2029"": 0.0, ""R2034"": 0.0, ""R2039"": 0.0}"	True	0.0	0.0	0.0
supply_water_pump/all/0.01/R2021/near_min	optimal	0.0	1.8561371176188417	"{""R2021"": 0.0, ""R2029"": 0.0, ""R2034"": 0.01, ""R2039"": 0.01}"	True	8.617032868502017e-14	0.0	0.0
supply_water_pump/all/0.01/R2021/near_max	optimal	0.0	1.8561371176188417	"{""R2021"": 0.0, ""R2029"": 0.0, ""R2034"": 0.01, ""R2039"": 0.01}"	True	1.7364869308103548e-13	0	0.0
supply_water_pump/all/0.01/R2029/free_max	optimal	0.0	0.0	"{""R2021"": 0.0, ""R2029"": 0.0, ""R2034"": 0.0, ""R2039"": 0.0}"	True	0.0	0.0	0.0
supply_water_pump/all/0.01/R2029/near_min	optimal	0.0	1.8561371176188417	"{""R2021"": 0.0, ""R2029"": 0.0, ""R2034"": 0.01, ""R2039"": 0.01}"	True	8.617032868502017e-14	0.0	0.0
supply_water_pump/all/0.01/R2029/near_max	optimal	0.0	1.8561371176188417	"{""R2021"": 0.0, ""R2029"": 0.0, ""R2034"": 0.01, ""R2039"": 0.01}"	True	1.7364869308103548e-13	0	0.0
supply_water_pump/all/0.01/R2034/free_max	optimal	0.01	0.0	"{""R2021"": 0.0, ""R2029"": 0.0, ""R2034"": 0.01, ""R2039"": 0.0}"	True	3.200564813177209e-16	0.0	0.0
supply_water_pump/all/0.01/R2034/near_min	optimal	0.0	1.8561371176188417	"{""R2021"": 0.0, ""R2029"": 0.0, ""R2034"": 0.0, ""R2039"": 0.01}"	True	1.7670110166734254e-13	0.0	0.0
supply_water_pump/all/0.01/R2034/near_max	optimal	0.01	1.8561371176188417	"{""R2021"": 0.0, ""R2029"": 0.0, ""R2034"": 0.01, ""R2039"": 0.01}"	True	1.7364869308103548e-13	0	0.0
supply_water_pump/all/0.01/R2039/free_max	optimal	0.01	0.0	"{""R2021"": 0.0, ""R2029"": 0.0, ""R2034"": 0.0, ""R2039"": 0.01}"	True	4.2674197509029455e-16	0.0	0.0
supply_water_pump/all/0.01/R2039/near_min	optimal	0.0	1.8561371176188417	"{""R2021"": 0.0, ""R2029"": 0.0, ""R2034"": 0.01, ""R2039"": 0.0}"	True	8.079843218100624e-14	0	0.0
supply_water_pump/all/0.01/R2039/near_max	optimal	0.01	1.8561371176188417	"{""R2021"": 0.0, ""R2029"": 0.0, ""R2034"": 0.01, ""R2039"": 0.01}"	True	1.7364869308103548e-13	0	0.0
supply_water_pump/all/0.01/joint_half_supply	infeasible				False			
supply_water_pump_outputs/R2021/0.01/FBA	optimal	1.87308377916169	1.87308377916169	"{""R2021"": 0.01, ""R2029"": 0.0, ""R2034"": 0.0, ""R2039"": 0.0}"	True	9.616426036550274e-14	0.0	0.0
supply_water_pump_outputs/R2021/0.01/pFBA	optimal	939.8055269108698	1.8730837691616902	"{""R2021"": 0.01, ""R2029"": 0.0, ""R2034"": 0.0, ""R2039"": 0.0}"	True	1.197591288290556e-13	0.0	0.0
supply_water_pump_outputs/R2021/0.01/R2021/free_max	optimal	0.01	0.0	"{""R2021"": 0.01, ""R2029"": 0.0, ""R2034"": 0.0, ""R2039"": 0.0}"	True	2.1337098754514727e-16	0.0	0.0
supply_water_pump_outputs/R2021/0.01/R2021/near_min	optimal	0.0	1.8543529313700733	"{""R2021"": 0.0, ""R2029"": 0.0, ""R2034"": 0.0, ""R2039"": 0.0}"	True	2.2984058775134264e-13	0.0	0.0
supply_water_pump_outputs/R2021/0.01/R2021/near_max	optimal	0.01	1.8543529313700733	"{""R2021"": 0.01, ""R2029"": 0.0, ""R2034"": 0.0, ""R2039"": 0.0}"	True	5.753557352772276e-14	0.0	0.0
supply_water_pump_outputs/R2029/0.01/FBA	optimal	1.873684515272382	1.873684515272382	"{""R2021"": 0.0, ""R2029"": 0.01, ""R2034"": 0.0, ""R2039"": 0.0}"	True	4.286038212709953e-14	0.0	0.0
supply_water_pump_outputs/R2029/0.01/pFBA	optimal	939.6310202013756	1.873684505272382	"{""R2021"": 0.0, ""R2029"": 0.01, ""R2034"": 0.0, ""R2039"": 0.0}"	True	6.288196417562897e-14	0.0	0.0
supply_water_pump_outputs/R2029/0.01/R2029/free_max	optimal	0.01	0.0	"{""R2021"": 0.0, ""R2029"": 0.01, ""R2034"": 0.0, ""R2039"": 0.0}"	True	2.1337098754514727e-16	0.0	0.0
supply_water_pump_outputs/R2029/0.01/R2029/near_min	optimal	0.0	1.8549476601196582	"{""R2021"": 0.0, ""R2029"": 0.0, ""R2034"": 0.0, ""R2039"": 0.0}"	True	7.352842293362194e-14	0	0.0
supply_water_pump_outputs/R2029/0.01/R2029/near_max	optimal	0.01	1.8549476601196582	"{""R2021"": 0.0, ""R2029"": 0.01, ""R2034"": 0.0, ""R2039"": 0.0}"	True	1.3005457713370638e-13	0.0	0.0
supply_water_pump_outputs/R2034/0.01/FBA	optimal	1.8730837791616848	1.8730837791616848	"{""R2021"": 0.0, ""R2029"": 0.0, ""R2034"": 0.01, ""R2039"": 0.0}"	True	8.014679957028814e-14	0.0	0.0
supply_water_pump_outputs/R2034/0.01/pFBA	optimal	939.8330269108466	1.8730837691616848	"{""R2021"": 0.0, ""R2029"": 0.0, ""R2034"": 0.01, ""R2039"": 0.0}"	True	6.555861539400687e-14	0.0	0.0
supply_water_pump_outputs/R2034/0.01/R2034/free_max	optimal	0.01	0.0	"{""R2021"": 0.0, ""R2029"": 0.0, ""R2034"": 0.01, ""R2039"": 0.0}"	True	3.200564813177209e-16	0.0	0.0
supply_water_pump_outputs/R2034/0.01/R2034/near_min	optimal	0.0	1.854352931370068	"{""R2021"": 0.0, ""R2029"": 0.0, ""R2034"": 0.0, ""R2039"": 0.0}"	True	1.3006501257961656e-13	0.0	0.0
supply_water_pump_outputs/R2034/0.01/R2034/near_max	optimal	0.01	1.854352931370068	"{""R2021"": 0.0, ""R2029"": 0.0, ""R2034"": 0.01, ""R2039"": 0.0}"	True	9.952314580091715e-14	0	0.0
supply_water_pump_outputs/R2039/0.01/FBA	optimal	1.8736845152723807	1.8736845152723807	"{""R2021"": 0.0, ""R2029"": 0.0, ""R2034"": 0.0, ""R2039"": 0.01}"	True	8.812275995723207e-14	0	0.0
supply_water_pump_outputs/R2039/0.01/pFBA	optimal	939.5260202013783	1.8736845052723807	"{""R2021"": 0.0, ""R2029"": 0.0, ""R2034"": 0.0, ""R2039"": 0.01}"	True	1.5353915513126315e-13	0.0	0.0
supply_water_pump_outputs/R2039/0.01/R2039/free_max	optimal	0.01	0.0	"{""R2021"": 0.0, ""R2029"": 0.0, ""R2034"": 0.0, ""R2039"": 0.01}"	True	2.1337098754514727e-16	0.0	0.0
supply_water_pump_outputs/R2039/0.01/R2039/near_min	optimal	0.0	1.8549476601196568	"{""R2021"": 0.0, ""R2029"": 0.0, ""R2034"": 0.0, ""R2039"": 0.0}"	True	6.669816608739776e-14	0.0	0.0
supply_water_pump_outputs/R2039/0.01/R2039/near_max	optimal	0.01	1.8549476601196568	"{""R2021"": 0.0, ""R2029"": 0.0, ""R2034"": 0.0, ""R2039"": 0.01}"	True	8.00343678050014e-14	0.0	0.0
supply_water_pump_outputs/all/0.01/FBA	optimal	1.8778896680472528	1.8778896680472528	"{""R2021"": 0.01, ""R2029"": 0.01, ""R2034"": 0.01, ""R2039"": 0.01}"	True	1.4197776526496397e-13	0.0	0.0
supply_water_pump_outputs/all/0.01/pFBA	optimal	941.466973235054	1.8778896580472528	"{""R2021"": 0.01, ""R2029"": 0.01, ""R2034"": 0.01, ""R2039"": 0.01}"	True	8.431355114947581e-14	0.0	0.0
supply_water_pump_outputs/all/0.01/R2021/free_max	optimal	0.01	0.0	"{""R2021"": 0.01, ""R2029"": 0.0, ""R2034"": 0.0, ""R2039"": 0.0}"	True	4.2674197509029455e-16	0.0	0.0
supply_water_pump_outputs/all/0.01/R2021/near_min	optimal	0.0	1.8591107613667803	"{""R2021"": 0.0, ""R2029"": 0.01, ""R2034"": 0.01, ""R2039"": 0.01}"	True	4.226485697880755e-14	0.0	0.0
supply_water_pump_outputs/all/0.01/R2021/near_max	optimal	0.01	1.8591107613667803	"{""R2021"": 0.01, ""R2029"": 0.01, ""R2034"": 0.009999999999999997, ""R2039"": 0.01}"	True	5.5238637015203595e-14	0	0.0
supply_water_pump_outputs/all/0.01/R2029/free_max	optimal	0.01	0.0	"{""R2021"": 0.0, ""R2029"": 0.01, ""R2034"": 0.0, ""R2039"": 0.0}"	True	4.2674197509029455e-16	0.0	0.0
supply_water_pump_outputs/all/0.01/R2029/near_min	optimal	0.0	1.8591107613667803	"{""R2021"": 0.01, ""R2029"": 0.0, ""R2034"": 0.01, ""R2039"": 0.01}"	True	3.877237073068862e-14	0.0	0.0
supply_water_pump_outputs/all/0.01/R2029/near_max	optimal	0.01	1.8591107613667803	"{""R2021"": 0.01, ""R2029"": 0.01, ""R2034"": 0.009999999999999997, ""R2039"": 0.01}"	True	1.0013496108685072e-13	0.0	0.0
supply_water_pump_outputs/all/0.01/R2034/free_max	optimal	0.01	0.0	"{""R2021"": 0.0, ""R2029"": 0.0, ""R2034"": 0.01, ""R2039"": 0.0}"	True	3.200564813177209e-16	0.0	0.0
supply_water_pump_outputs/all/0.01/R2034/near_min	optimal	0.0	1.8591107613667803	"{""R2021"": 0.01, ""R2029"": 0.01, ""R2034"": 0.0, ""R2039"": 0.01}"	True	2.9531932455029164e-14	0.0	0.0
supply_water_pump_outputs/all/0.01/R2034/near_max	optimal	0.01	1.8591107613667803	"{""R2021"": 0.01, ""R2029"": 0.01, ""R2034"": 0.01, ""R2039"": 0.01}"	True	6.913827149679364e-14	0.0	0.0
supply_water_pump_outputs/all/0.01/R2039/free_max	optimal	0.01	0.0	"{""R2021"": 0.0, ""R2029"": 0.0, ""R2034"": 0.0, ""R2039"": 0.01}"	True	4.2674197509029455e-16	0.0	0.0
supply_water_pump_outputs/all/0.01/R2039/near_min	optimal	0.0	1.8591107613667803	"{""R2021"": 0.01, ""R2029"": 0.01, ""R2034"": 0.01, ""R2039"": 0.0}"	True	1.570229677620022e-13	0.0	0.0
supply_water_pump_outputs/all/0.01/R2039/near_max	optimal	0.01	1.8591107613667803	"{""R2021"": 0.01, ""R2029"": 0.01, ""R2034"": 0.009999999999999997, ""R2039"": 0.01}"	True	3.531381784216414e-12	0.0	0.0
supply_water_pump_outputs/all/0.01/joint_half_supply	optimal	1.8778896680472486	1.8778896680472486	"{""R2021"": 0.01, ""R2029"": 0.01, ""R2034"": 0.01, ""R2039"": 0.01}"	True	9.875872905920624e-14	0.0	0.0
water_pump_outputs_no_source/FBA	optimal	1.871882306940296	1.871882306940296	"{""R2021"": 0.0, ""R2029"": 0.0, ""R2034"": 0.0, ""R2039"": 0.0}"	True	9.821386325742365e-14	0	0.0
water_pump_outputs_no_source/pFBA	optimal	939.1095403298158	1.871882296940296	"{""R2021"": 0.0, ""R2029"": 0.0, ""R2034"": 0.0, ""R2039"": 0.0}"	True	7.793944526227059e-14	0.0	0.0
water_pump_outputs_no_source/R2021/free_max	optimal	0.0	0.0	"{""R2021"": 0.0, ""R2029"": 0.0, ""R2034"": 0.0, ""R2039"": 0.0}"	True	0.0	0.0	0.0
water_pump_outputs_no_source/R2021/near_min	optimal	0.0	1.853163473870893	"{""R2021"": 0.0, ""R2029"": 0.0, ""R2034"": 0.0, ""R2039"": 0.0}"	True	9.999821608784598e-14	0	0.0
water_pump_outputs_no_source/R2021/near_max	optimal	0.0	1.853163473870893	"{""R2021"": 0.0, ""R2029"": 0.0, ""R2034"": 0.0, ""R2039"": 0.0}"	True	7.928119966083003e-14	0	0.0
water_pump_outputs_no_source/R2029/free_max	optimal	0.0	0.0	"{""R2021"": 0.0, ""R2029"": 0.0, ""R2034"": 0.0, ""R2039"": 0.0}"	True	0.0	0.0	0.0
water_pump_outputs_no_source/R2029/near_min	optimal	0.0	1.853163473870893	"{""R2021"": 0.0, ""R2029"": 0.0, ""R2034"": 0.0, ""R2039"": 0.0}"	True	8.095932778340309e-14	0	0.0
water_pump_outputs_no_source/R2029/near_max	optimal	0.0	1.853163473870893	"{""R2021"": 0.0, ""R2029"": 0.0, ""R2034"": 0.0, ""R2039"": 0.0}"	True	5.3004909489340335e-14	0	0.0
water_pump_outputs_no_source/R2034/free_max	optimal	0.0	0.0	"{""R2021"": 0.0, ""R2029"": 0.0, ""R2034"": 0.0, ""R2039"": 0.0}"	True	0.0	0.0	0.0
water_pump_outputs_no_source/R2034/near_min	optimal	0.0	1.853163473870893	"{""R2021"": 0.0, ""R2029"": 0.0, ""R2034"": 0.0, ""R2039"": 0.0}"	True	5.897918872038721e-14	0.0	0.0
water_pump_outputs_no_source/R2034/near_max	optimal	0.0	1.853163473870893	"{""R2021"": 0.0, ""R2029"": 0.0, ""R2034"": 0.0, ""R2039"": 0.0}"	True	1.1617863246958515e-13	0.0	0.0
water_pump_outputs_no_source/R2039/free_max	optimal	0.0	0.0	"{""R2021"": 0.0, ""R2029"": 0.0, ""R2034"": 0.0, ""R2039"": 0.0}"	True	0.0	0.0	0.0
water_pump_outputs_no_source/R2039/near_min	optimal	0.0	1.853163473870893	"{""R2021"": 0.0, ""R2029"": 0.0, ""R2034"": 0.0, ""R2039"": 0.0}"	True	1.215164985779102e-13	0.0	0.0
water_pump_outputs_no_source/R2039/near_max	optimal	0.0	1.853163473870893	"{""R2021"": 0.0, ""R2029"": 0.0, ""R2034"": 0.0, ""R2039"": 0.0}"	True	1.6938108359475235e-13	0	0.0
energy/baseline/ATPM_preserved	optimal	1000.0	0.0	"{""R2021"": 0.0, ""R2029"": 0.0, ""R2034"": 0.0, ""R2039"": 0.0}"	True	4.529709940470639e-14	0.0	0.0
energy/baseline/ATPM_zero	optimal	1000.0	0.0	"{""R2021"": 0.0, ""R2029"": 0.0, ""R2034"": 0.0, ""R2039"": 0.0}"	True	0.0	0.0	0.0
energy/hypothesis_connections/ATPM_preserved	optimal	1000.0	0.0	"{""R2021"": 0.0, ""R2029"": 0.0, ""R2034"": 0.0, ""R2039"": 0.0}"	True	4.529709940470639e-14	0.0	0.0
energy/hypothesis_connections/ATPM_zero	optimal	1000.0	0.0	"{""R2021"": 0.0, ""R2029"": 0.0, ""R2034"": 0.0, ""R2039"": 0.0}"	True	0.0	0.0	0.0
closed_local/baseline/xMAINTENANCE/max	optimal	1000.0	0.0	"{""R2021"": 0.0, ""R2029"": 0.0, ""R2034"": 0.0, ""R2039"": 0.0}"	True	1.1368683772161603e-13	0.0	0.0
closed_local/baseline/R2021/min	optimal	0.0	0.0	"{""R2021"": 0.0, ""R2029"": 0.0, ""R2034"": 0.0, ""R2039"": 0.0}"	True	1.1368683772161603e-13	0.0	0.0
closed_local/baseline/R2021/max	optimal	0.0	0.0	"{""R2021"": 0.0, ""R2029"": 0.0, ""R2034"": 0.0, ""R2039"": 0.0}"	True	1.1368683772161603e-13	0.0	0.0
closed_local/baseline/R2029/min	optimal	0.0	0.0	"{""R2021"": 0.0, ""R2029"": 0.0, ""R2034"": 0.0, ""R2039"": 0.0}"	True	1.1368683772161603e-13	0.0	0.0
closed_local/baseline/R2029/max	optimal	0.0	0.0	"{""R2021"": 0.0, ""R2029"": 0.0, ""R2034"": 0.0, ""R2039"": 0.0}"	True	1.1368683772161603e-13	0.0	0.0
closed_local/baseline/R2034/min	optimal	0.0	0.0	"{""R2021"": 0.0, ""R2029"": 0.0, ""R2034"": 0.0, ""R2039"": 0.0}"	True	1.1368683772161603e-13	0.0	0.0
closed_local/baseline/R2034/max	optimal	0.0	0.0	"{""R2021"": 0.0, ""R2029"": 0.0, ""R2034"": 0.0, ""R2039"": 0.0}"	True	1.1368683772161603e-13	0.0	0.0
closed_local/baseline/R2039/min	optimal	0.0	0.0	"{""R2021"": 0.0, ""R2029"": 0.0, ""R2034"": 0.0, ""R2039"": 0.0}"	True	1.1368683772161603e-13	0.0	0.0
closed_local/baseline/R2039/max	optimal	0.0	0.0	"{""R2021"": 0.0, ""R2029"": 0.0, ""R2034"": 0.0, ""R2039"": 0.0}"	True	1.1368683772161603e-13	0.0	0.0
closed_local/baseline/R795/min	optimal	0.0	0.0	"{""R2021"": 0.0, ""R2029"": 0.0, ""R2034"": 0.0, ""R2039"": 0.0}"	True	1.1368683772161603e-13	0.0	0.0
closed_local/baseline/R795/max	optimal	0.0	0.0	"{""R2021"": 0.0, ""R2029"": 0.0, ""R2034"": 0.0, ""R2039"": 0.0}"	True	1.1368683772161603e-13	0.0	0.0
closed_local/baseline/R1363/min	optimal	0.0	0.0	"{""R2021"": 0.0, ""R2029"": 0.0, ""R2034"": 0.0, ""R2039"": 0.0}"	True	1.1368683772161603e-13	0.0	0.0
closed_local/baseline/R1363/max	optimal	0.0	0.0	"{""R2021"": 0.0, ""R2029"": 0.0, ""R2034"": 0.0, ""R2039"": 0.0}"	True	1.1368683772161603e-13	0.0	0.0
closed_local/baseline/R871/min	optimal	0.0	0.0	"{""R2021"": 0.0, ""R2029"": 0.0, ""R2034"": 0.0, ""R2039"": 0.0}"	True	1.1368683772161603e-13	0.0	0.0
closed_local/baseline/R871/max	optimal	0.0	0.0	"{""R2021"": 0.0, ""R2029"": 0.0, ""R2034"": 0.0, ""R2039"": 0.0}"	True	1.1368683772161603e-13	0.0	0.0
closed_local/baseline/R876/min	optimal	0.0	0.0	"{""R2021"": 0.0, ""R2029"": 0.0, ""R2034"": 0.0, ""R2039"": 0.0}"	True	1.1368683772161603e-13	0.0	0.0
closed_local/baseline/R876/max	optimal	0.0	0.0	"{""R2021"": 0.0, ""R2029"": 0.0, ""R2034"": 0.0, ""R2039"": 0.0}"	True	1.1368683772161603e-13	0.0	0.0
closed_local/baseline/R2030/min	optimal	0.0	0.0	"{""R2021"": 0.0, ""R2029"": 0.0, ""R2034"": 0.0, ""R2039"": 0.0}"	True	1.1368683772161603e-13	0.0	0.0
closed_local/baseline/R2030/max	optimal	0.0	0.0	"{""R2021"": 0.0, ""R2029"": 0.0, ""R2034"": 0.0, ""R2039"": 0.0}"	True	1.1368683772161603e-13	0.0	0.0
closed_local/baseline/R2035/min	optimal	0.0	0.0	"{""R2021"": 0.0, ""R2029"": 0.0, ""R2034"": 0.0, ""R2039"": 0.0}"	True	1.1368683772161603e-13	0.0	0.0
closed_local/baseline/R2035/max	optimal	0.0	0.0	"{""R2021"": 0.0, ""R2029"": 0.0, ""R2034"": 0.0, ""R2039"": 0.0}"	True	1.1368683772161603e-13	0.0	0.0
closed_local/baseline/R2040/min	optimal	0.0	0.0	"{""R2021"": 0.0, ""R2029"": 0.0, ""R2034"": 0.0, ""R2039"": 0.0}"	True	1.1368683772161603e-13	0.0	0.0
closed_local/baseline/R2040/max	optimal	0.0	0.0	"{""R2021"": 0.0, ""R2029"": 0.0, ""R2034"": 0.0, ""R2039"": 0.0}"	True	1.1368683772161603e-13	0.0	0.0
closed_local/hypothesis_connections/xMAINTENANCE/max	optimal	1000.0	0.0	"{""R2021"": 0.0, ""R2029"": 0.0, ""R2034"": 0.0, ""R2039"": 0.0}"	True	1.1368683772161603e-13	0.0	0.0
closed_local/hypothesis_connections/R2021/min	optimal	0.0	0.0	"{""R2021"": 0.0, ""R2029"": 0.0, ""R2034"": 0.0, ""R2039"": 0.0}"	True	1.1368683772161603e-13	0.0	0.0
closed_local/hypothesis_connections/R2021/max	optimal	0.0	0.0	"{""R2021"": 0.0, ""R2029"": 0.0, ""R2034"": 0.0, ""R2039"": 0.0}"	True	1.1368683772161603e-13	0.0	0.0
closed_local/hypothesis_connections/R2029/min	optimal	0.0	0.0	"{""R2021"": 0.0, ""R2029"": 0.0, ""R2034"": 0.0, ""R2039"": 0.0}"	True	1.1368683772161603e-13	0.0	0.0
closed_local/hypothesis_connections/R2029/max	optimal	0.0	0.0	"{""R2021"": 0.0, ""R2029"": 0.0, ""R2034"": 0.0, ""R2039"": 0.0}"	True	1.1368683772161603e-13	0.0	0.0
closed_local/hypothesis_connections/R2034/min	optimal	0.0	0.0	"{""R2021"": 0.0, ""R2029"": 0.0, ""R2034"": 0.0, ""R2039"": 0.0}"	True	1.1368683772161603e-13	0.0	0.0
closed_local/hypothesis_connections/R2034/max	optimal	0.0	0.0	"{""R2021"": 0.0, ""R2029"": 0.0, ""R2034"": 0.0, ""R2039"": 0.0}"	True	1.1368683772161603e-13	0.0	0.0
closed_local/hypothesis_connections/R2039/min	optimal	0.0	0.0	"{""R2021"": 0.0, ""R2029"": 0.0, ""R2034"": 0.0, ""R2039"": 0.0}"	True	1.1368683772161603e-13	0.0	0.0
closed_local/hypothesis_connections/R2039/max	optimal	0.0	0.0	"{""R2021"": 0.0, ""R2029"": 0.0, ""R2034"": 0.0, ""R2039"": 0.0}"	True	1.1368683772161603e-13	0.0	0.0
closed_local/hypothesis_connections/R795/min	optimal	0.0	0.0	"{""R2021"": 0.0, ""R2029"": 0.0, ""R2034"": 0.0, ""R2039"": 0.0}"	True	1.1368683772161603e-13	0.0	0.0
closed_local/hypothesis_connections/R795/max	optimal	0.0	0.0	"{""R2021"": 0.0, ""R2029"": 0.0, ""R2034"": 0.0, ""R2039"": 0.0}"	True	1.1368683772161603e-13	0.0	0.0
closed_local/hypothesis_connections/R1363/min	optimal	0.0	0.0	"{""R2021"": 0.0, ""R2029"": 0.0, ""R2034"": 0.0, ""R2039"": 0.0}"	True	1.1368683772161603e-13	0.0	0.0
closed_local/hypothesis_connections/R1363/max	optimal	0.0	0.0	"{""R2021"": 0.0, ""R2029"": 0.0, ""R2034"": 0.0, ""R2039"": 0.0}"	True	1.1368683772161603e-13	0.0	0.0
closed_local/hypothesis_connections/R871/min	optimal	0.0	0.0	"{""R2021"": 0.0, ""R2029"": 0.0, ""R2034"": 0.0, ""R2039"": 0.0}"	True	1.1368683772161603e-13	0.0	0.0
closed_local/hypothesis_connections/R871/max	optimal	0.0	0.0	"{""R2021"": 0.0, ""R2029"": 0.0, ""R2034"": 0.0, ""R2039"": 0.0}"	True	1.1368683772161603e-13	0.0	0.0
closed_local/hypothesis_connections/R876/min	optimal	0.0	0.0	"{""R2021"": 0.0, ""R2029"": 0.0, ""R2034"": 0.0, ""R2039"": 0.0}"	True	1.1368683772161603e-13	0.0	0.0
closed_local/hypothesis_connections/R876/max	optimal	0.0	0.0	"{""R2021"": 0.0, ""R2029"": 0.0, ""R2034"": 0.0, ""R2039"": 0.0}"	True	1.1368683772161603e-13	0.0	0.0
closed_local/hypothesis_connections/R2030/min	optimal	0.0	0.0	"{""R2021"": 0.0, ""R2029"": 0.0, ""R2034"": 0.0, ""R2039"": 0.0}"	True	1.1368683772161603e-13	0.0	0.0
closed_local/hypothesis_connections/R2030/max	optimal	0.0	0.0	"{""R2021"": 0.0, ""R2029"": 0.0, ""R2034"": 0.0, ""R2039"": 0.0}"	True	1.1368683772161603e-13	0.0	0.0
closed_local/hypothesis_connections/R2035/min	optimal	0.0	0.0	"{""R2021"": 0.0, ""R2029"": 0.0, ""R2034"": 0.0, ""R2039"": 0.0}"	True	1.1368683772161603e-13	0.0	0.0
closed_local/hypothesis_connections/R2035/max	optimal	0.0	0.0	"{""R2021"": 0.0, ""R2029"": 0.0, ""R2034"": 0.0, ""R2039"": 0.0}"	True	1.1368683772161603e-13	0.0	0.0
closed_local/hypothesis_connections/R2040/min	optimal	0.0	0.0	"{""R2021"": 0.0, ""R2029"": 0.0, ""R2034"": 0.0, ""R2039"": 0.0}"	True	1.1368683772161603e-13	0.0	0.0
closed_local/hypothesis_connections/R2040/max	optimal	0.0	0.0	"{""R2021"": 0.0, ""R2029"": 0.0, ""R2034"": 0.0, ""R2039"": 0.0}"	True	1.1368683772161603e-13	0.0	0.0
