contrast	mechanism	cutoff_fraction_of_wt	gene_id	before_ko_growth_ratio	after_ko_growth_ratio	before_call	after_call	transition	changed
baseline_to_q9_current_AND	Q9_chemistry_plus_growth_demand	0.01	YALI1A00309g	0.0	0.0	TP	TP	TP->TP	False
baseline_to_q9_current_AND	Q9_chemistry_plus_growth_demand	0.05	YALI1A00309g	0.0	0.0	TP	TP	TP->TP	False
baseline_to_q9_current_AND	Q9_chemistry_plus_growth_demand	0.1	YALI1A00309g	0.0	0.0	TP	TP	TP->TP	False
baseline_to_q9_current_AND	Q9_chemistry_plus_growth_demand	0.15	YALI1A00309g	0.0	0.0	TP	TP	TP->TP	False
baseline_to_q9_current_AND	Q9_chemistry_plus_growth_demand	0.01	YALI1A00661g	1.0	1.0	FN	FN	FN->FN	False
baseline_to_q9_current_AND	Q9_chemistry_plus_growth_demand	0.05	YALI1A00661g	1.0	1.0	FN	FN	FN->FN	False
baseline_to_q9_current_AND	Q9_chemistry_plus_growth_demand	0.1	YALI1A00661g	1.0	1.0	FN	FN	FN->FN	False
baseline_to_q9_current_AND	Q9_chemistry_plus_growth_demand	0.15	YALI1A00661g	1.0	1.0	FN	FN	FN->FN	False
baseline_to_q9_current_AND	Q9_chemistry_plus_growth_demand	0.01	YALI1A02775g	1.0	1.0	FN	FN	FN->FN	False
baseline_to_q9_current_AND	Q9_chemistry_plus_growth_demand	0.05	YALI1A02775g	1.0	1.0	FN	FN	FN->FN	False
baseline_to_q9_current_AND	Q9_chemistry_plus_growth_demand	0.1	YALI1A02775g	1.0	1.0	FN	FN	FN->FN	False
baseline_to_q9_current_AND	Q9_chemistry_plus_growth_demand	0.15	YALI1A02775g	1.0	1.0	FN	FN	FN->FN	False
baseline_to_q9_current_AND	Q9_chemistry_plus_growth_demand	0.01	YALI1A03069g	1.0	1.0	FN	FN	FN->FN	False
baseline_to_q9_current_AND	Q9_chemistry_plus_growth_demand	0.05	YALI1A03069g	1.0	1.0	FN	FN	FN->FN	False
baseline_to_q9_current_AND	Q9_chemistry_plus_growth_demand	0.1	YALI1A03069g	1.0	1.0	FN	FN	FN->FN	False
baseline_to_q9_current_AND	Q9_chemistry_plus_growth_demand	0.15	YALI1A03069g	1.0	1.0	FN	FN	FN->FN	False
baseline_to_q9_current_AND	Q9_chemistry_plus_growth_demand	0.01	YALI1A03322g	0.328811034322	0.329138734168	FN	FN	FN->FN	False
baseline_to_q9_current_AND	Q9_chemistry_plus_growth_demand	0.05	YALI1A03322g	0.328811034322	0.329138734168	FN	FN	FN->FN	False
baseline_to_q9_current_AND	Q9_chemistry_plus_growth_demand	0.1	YALI1A03322g	0.328811034322	0.329138734168	FN	FN	FN->FN	False
baseline_to_q9_current_AND	Q9_chemistry_plus_growth_demand	0.15	YALI1A03322g	0.328811034322	0.329138734168	FN	FN	FN->FN	False
baseline_to_q9_current_AND	Q9_chemistry_plus_growth_demand	0.01	YALI1A05116g	1.0	1.0	FN	FN	FN->FN	False
baseline_to_q9_current_AND	Q9_chemistry_plus_growth_demand	0.05	YALI1A05116g	1.0	1.0	FN	FN	FN->FN	False
baseline_to_q9_current_AND	Q9_chemistry_plus_growth_demand	0.1	YALI1A05116g	1.0	1.0	FN	FN	FN->FN	False
baseline_to_q9_current_AND	Q9_chemistry_plus_growth_demand	0.15	YALI1A05116g	1.0	1.0	FN	FN	FN->FN	False
baseline_to_q9_current_AND	Q9_chemistry_plus_growth_demand	0.01	YALI1A08781g	1.0	0.0	FN	TP	FN->TP	True
baseline_to_q9_current_AND	Q9_chemistry_plus_growth_demand	0.05	YALI1A08781g	1.0	0.0	FN	TP	FN->TP	True
baseline_to_q9_current_AND	Q9_chemistry_plus_growth_demand	0.1	YALI1A08781g	1.0	0.0	FN	TP	FN->TP	True
baseline_to_q9_current_AND	Q9_chemistry_plus_growth_demand	0.15	YALI1A08781g	1.0	0.0	FN	TP	FN->TP	True
baseline_to_q9_current_AND	Q9_chemistry_plus_growth_demand	0.01	YALI1A09121g	1.0	1.0	FN	FN	FN->FN	False
baseline_to_q9_current_AND	Q9_chemistry_plus_growth_demand	0.05	YALI1A09121g	1.0	1.0	FN	FN	FN->FN	False
baseline_to_q9_current_AND	Q9_chemistry_plus_growth_demand	0.1	YALI1A09121g	1.0	1.0	FN	FN	FN->FN	False
baseline_to_q9_current_AND	Q9_chemistry_plus_growth_demand	0.15	YALI1A09121g	1.0	1.0	FN	FN	FN->FN	False
baseline_to_q9_current_AND	Q9_chemistry_plus_growth_demand	0.01	YALI1A09766g	1.0	1.0	FN	FN	FN->FN	False
baseline_to_q9_current_AND	Q9_chemistry_plus_growth_demand	0.05	YALI1A09766g	1.0	1.0	FN	FN	FN->FN	False
baseline_to_q9_current_AND	Q9_chemistry_plus_growth_demand	0.1	YALI1A09766g	1.0	1.0	FN	FN	FN->FN	False
baseline_to_q9_current_AND	Q9_chemistry_plus_growth_demand	0.15	YALI1A09766g	1.0	1.0	FN	FN	FN->FN	False
baseline_to_q9_current_AND	Q9_chemistry_plus_growth_demand	0.01	YALI1A09911g	1.0	1.0	FN	FN	FN->FN	False
baseline_to_q9_current_AND	Q9_chemistry_plus_growth_demand	0.05	YALI1A09911g	1.0	1.0	FN	FN	FN->FN	False
baseline_to_q9_current_AND	Q9_chemistry_plus_growth_demand	0.1	YALI1A09911g	1.0	1.0	FN	FN	FN->FN	False
baseline_to_q9_current_AND	Q9_chemistry_plus_growth_demand	0.15	YALI1A09911g	1.0	1.0	FN	FN	FN->FN	False
baseline_to_q9_current_AND	Q9_chemistry_plus_growth_demand	0.01	YALI1A09939g	0.0	0.0	TP	TP	TP->TP	False
baseline_to_q9_current_AND	Q9_chemistry_plus_growth_demand	0.05	YALI1A09939g	0.0	0.0	TP	TP	TP->TP	False
baseline_to_q9_current_AND	Q9_chemistry_plus_growth_demand	0.1	YALI1A09939g	0.0	0.0	TP	TP	TP->TP	False
baseline_to_q9_current_AND	Q9_chemistry_plus_growth_demand	0.15	YALI1A09939g	0.0	0.0	TP	TP	TP->TP	False
baseline_to_q9_current_AND	Q9_chemistry_plus_growth_demand	0.01	YALI1A10254g	1.0	1.0	FN	FN	FN->FN	False
baseline_to_q9_current_AND	Q9_chemistry_plus_growth_demand	0.05	YALI1A10254g	1.0	1.0	FN	FN	FN->FN	False
baseline_to_q9_current_AND	Q9_chemistry_plus_growth_demand	0.1	YALI1A10254g	1.0	1.0	FN	FN	FN->FN	False
baseline_to_q9_current_AND	Q9_chemistry_plus_growth_demand	0.15	YALI1A10254g	1.0	1.0	FN	FN	FN->FN	False
baseline_to_q9_current_AND	Q9_chemistry_plus_growth_demand	0.01	YALI1A10708g	1.0	1.0	FN	FN	FN->FN	False
baseline_to_q9_current_AND	Q9_chemistry_plus_growth_demand	0.05	YALI1A10708g	1.0	1.0	FN	FN	FN->FN	False
baseline_to_q9_current_AND	Q9_chemistry_plus_growth_demand	0.1	YALI1A10708g	1.0	1.0	FN	FN	FN->FN	False
baseline_to_q9_current_AND	Q9_chemistry_plus_growth_demand	0.15	YALI1A10708g	1.0	1.0	FN	FN	FN->FN	False
baseline_to_q9_current_AND	Q9_chemistry_plus_growth_demand	0.01	YALI1A11258g	1.0	1.0	FN	FN	FN->FN	False
baseline_to_q9_current_AND	Q9_chemistry_plus_growth_demand	0.05	YALI1A11258g	1.0	1.0	FN	FN	FN->FN	False
baseline_to_q9_current_AND	Q9_chemistry_plus_growth_demand	0.1	YALI1A11258g	1.0	1.0	FN	FN	FN->FN	False
baseline_to_q9_current_AND	Q9_chemistry_plus_growth_demand	0.15	YALI1A11258g	1.0	1.0	FN	FN	FN->FN	False
baseline_to_q9_current_AND	Q9_chemistry_plus_growth_demand	0.01	YALI1A12284g	1.0	1.0	FN	FN	FN->FN	False
baseline_to_q9_current_AND	Q9_chemistry_plus_growth_demand	0.05	YALI1A12284g	1.0	1.0	FN	FN	FN->FN	False
baseline_to_q9_current_AND	Q9_chemistry_plus_growth_demand	0.1	YALI1A12284g	1.0	1.0	FN	FN	FN->FN	False
baseline_to_q9_current_AND	Q9_chemistry_plus_growth_demand	0.15	YALI1A12284g	1.0	1.0	FN	FN	FN->FN	False
baseline_to_q9_current_AND	Q9_chemistry_plus_growth_demand	0.01	YALI1A13454g	1.0	1.0	FN	FN	FN->FN	False
baseline_to_q9_current_AND	Q9_chemistry_plus_growth_demand	0.05	YALI1A13454g	1.0	1.0	FN	FN	FN->FN	False
baseline_to_q9_current_AND	Q9_chemistry_plus_growth_demand	0.1	YALI1A13454g	1.0	1.0	FN	FN	FN->FN	False
baseline_to_q9_current_AND	Q9_chemistry_plus_growth_demand	0.15	YALI1A13454g	1.0	1.0	FN	FN	FN->FN	False
baseline_to_q9_current_AND	Q9_chemistry_plus_growth_demand	0.01	YALI1A14721g	0.987160281826	0.987253897313	FN	FN	FN->FN	False
baseline_to_q9_current_AND	Q9_chemistry_plus_growth_demand	0.05	YALI1A14721g	0.987160281826	0.987253897313	FN	FN	FN->FN	False
baseline_to_q9_current_AND	Q9_chemistry_plus_growth_demand	0.1	YALI1A14721g	0.987160281826	0.987253897313	FN	FN	FN->FN	False
baseline_to_q9_current_AND	Q9_chemistry_plus_growth_demand	0.15	YALI1A14721g	0.987160281826	0.987253897313	FN	FN	FN->FN	False
baseline_to_q9_current_AND	Q9_chemistry_plus_growth_demand	0.01	YALI1A14736g	0.328811034322	0.329138734168	FN	FN	FN->FN	False
baseline_to_q9_current_AND	Q9_chemistry_plus_growth_demand	0.05	YALI1A14736g	0.328811034322	0.329138734168	FN	FN	FN->FN	False
baseline_to_q9_current_AND	Q9_chemistry_plus_growth_demand	0.1	YALI1A14736g	0.328811034322	0.329138734168	FN	FN	FN->FN	False
baseline_to_q9_current_AND	Q9_chemistry_plus_growth_demand	0.15	YALI1A14736g	0.328811034322	0.329138734168	FN	FN	FN->FN	False
baseline_to_q9_current_AND	Q9_chemistry_plus_growth_demand	0.01	YALI1A15879g	0.10881714958	0.109018775544	FN	FN	FN->FN	False
baseline_to_q9_current_AND	Q9_chemistry_plus_growth_demand	0.05	YALI1A15879g	0.10881714958	0.109018775544	FN	FN	FN->FN	False
baseline_to_q9_current_AND	Q9_chemistry_plus_growth_demand	0.1	YALI1A15879g	0.10881714958	0.109018775544	FN	FN	FN->FN	False
baseline_to_q9_current_AND	Q9_chemistry_plus_growth_demand	0.15	YALI1A15879g	0.10881714958	0.109018775544	TP	TP	TP->TP	False
baseline_to_q9_current_AND	Q9_chemistry_plus_growth_demand	0.01	YALI1A20089g	1.0	1.0	FN	FN	FN->FN	False
baseline_to_q9_current_AND	Q9_chemistry_plus_growth_demand	0.05	YALI1A20089g	1.0	1.0	FN	FN	FN->FN	False
baseline_to_q9_current_AND	Q9_chemistry_plus_growth_demand	0.1	YALI1A20089g	1.0	1.0	FN	FN	FN->FN	False
baseline_to_q9_current_AND	Q9_chemistry_plus_growth_demand	0.15	YALI1A20089g	1.0	1.0	FN	FN	FN->FN	False
baseline_to_q9_current_AND	Q9_chemistry_plus_growth_demand	0.01	YALI1A20176g	1.0	1.0	FN	FN	FN->FN	False
baseline_to_q9_current_AND	Q9_chemistry_plus_growth_demand	0.05	YALI1A20176g	1.0	1.0	FN	FN	FN->FN	False
baseline_to_q9_current_AND	Q9_chemistry_plus_growth_demand	0.1	YALI1A20176g	1.0	1.0	FN	FN	FN->FN	False
baseline_to_q9_current_AND	Q9_chemistry_plus_growth_demand	0.15	YALI1A20176g	1.0	1.0	FN	FN	FN->FN	False
baseline_to_q9_current_AND	Q9_chemistry_plus_growth_demand	0.01	YALI1A21156g	1.0	1.0	FN	FN	FN->FN	False
baseline_to_q9_current_AND	Q9_chemistry_plus_growth_demand	0.05	YALI1A21156g	1.0	1.0	FN	FN	FN->FN	False
baseline_to_q9_current_AND	Q9_chemistry_plus_growth_demand	0.1	YALI1A21156g	1.0	1.0	FN	FN	FN->FN	False
baseline_to_q9_current_AND	Q9_chemistry_plus_growth_demand	0.15	YALI1A21156g	1.0	1.0	FN	FN	FN->FN	False
baseline_to_q9_current_AND	Q9_chemistry_plus_growth_demand	0.01	YALI1A21711g	1.0	1.0	FN	FN	FN->FN	False
baseline_to_q9_current_AND	Q9_chemistry_plus_growth_demand	0.05	YALI1A21711g	1.0	1.0	FN	FN	FN->FN	False
baseline_to_q9_current_AND	Q9_chemistry_plus_growth_demand	0.1	YALI1A21711g	1.0	1.0	FN	FN	FN->FN	False
baseline_to_q9_current_AND	Q9_chemistry_plus_growth_demand	0.15	YALI1A21711g	1.0	1.0	FN	FN	FN->FN	False
baseline_to_q9_current_AND	Q9_chemistry_plus_growth_demand	0.01	YALI1A21970g	1.0	1.0	FN	FN	FN->FN	False
baseline_to_q9_current_AND	Q9_chemistry_plus_growth_demand	0.05	YALI1A21970g	1.0	1.0	FN	FN	FN->FN	False
baseline_to_q9_current_AND	Q9_chemistry_plus_growth_demand	0.1	YALI1A21970g	1.0	1.0	FN	FN	FN->FN	False
baseline_to_q9_current_AND	Q9_chemistry_plus_growth_demand	0.15	YALI1A21970g	1.0	1.0	FN	FN	FN->FN	False
baseline_to_q9_current_AND	Q9_chemistry_plus_growth_demand	0.01	YALI1B00578g	1.0	1.0	FN	FN	FN->FN	False
baseline_to_q9_current_AND	Q9_chemistry_plus_growth_demand	0.05	YALI1B00578g	1.0	1.0	FN	FN	FN->FN	False
baseline_to_q9_current_AND	Q9_chemistry_plus_growth_demand	0.1	YALI1B00578g	1.0	1.0	FN	FN	FN->FN	False
baseline_to_q9_current_AND	Q9_chemistry_plus_growth_demand	0.15	YALI1B00578g	1.0	1.0	FN	FN	FN->FN	False
baseline_to_q9_current_AND	Q9_chemistry_plus_growth_demand	0.01	YALI1B00908g	1.0	1.0	FN	FN	FN->FN	False
baseline_to_q9_current_AND	Q9_chemistry_plus_growth_demand	0.05	YALI1B00908g	1.0	1.0	FN	FN	FN->FN	False
baseline_to_q9_current_AND	Q9_chemistry_plus_growth_demand	0.1	YALI1B00908g	1.0	1.0	FN	FN	FN->FN	False
baseline_to_q9_current_AND	Q9_chemistry_plus_growth_demand	0.15	YALI1B00908g	1.0	1.0	FN	FN	FN->FN	False
baseline_to_q9_current_AND	Q9_chemistry_plus_growth_demand	0.01	YALI1B01084g	1.0	1.0	FN	FN	FN->FN	False
baseline_to_q9_current_AND	Q9_chemistry_plus_growth_demand	0.05	YALI1B01084g	1.0	1.0	FN	FN	FN->FN	False
baseline_to_q9_current_AND	Q9_chemistry_plus_growth_demand	0.1	YALI1B01084g	1.0	1.0	FN	FN	FN->FN	False
baseline_to_q9_current_AND	Q9_chemistry_plus_growth_demand	0.15	YALI1B01084g	1.0	1.0	FN	FN	FN->FN	False
baseline_to_q9_current_AND	Q9_chemistry_plus_growth_demand	0.01	YALI1B01136g	1.0	1.0	FN	FN	FN->FN	False
baseline_to_q9_current_AND	Q9_chemistry_plus_growth_demand	0.05	YALI1B01136g	1.0	1.0	FN	FN	FN->FN	False
baseline_to_q9_current_AND	Q9_chemistry_plus_growth_demand	0.1	YALI1B01136g	1.0	1.0	FN	FN	FN->FN	False
baseline_to_q9_current_AND	Q9_chemistry_plus_growth_demand	0.15	YALI1B01136g	1.0	1.0	FN	FN	FN->FN	False
baseline_to_q9_current_AND	Q9_chemistry_plus_growth_demand	0.01	YALI1B02345g	0.0	0.0	TP	TP	TP->TP	False
baseline_to_q9_current_AND	Q9_chemistry_plus_growth_demand	0.05	YALI1B02345g	0.0	0.0	TP	TP	TP->TP	False
baseline_to_q9_current_AND	Q9_chemistry_plus_growth_demand	0.1	YALI1B02345g	0.0	0.0	TP	TP	TP->TP	False
baseline_to_q9_current_AND	Q9_chemistry_plus_growth_demand	0.15	YALI1B02345g	0.0	0.0	TP	TP	TP->TP	False
baseline_to_q9_current_AND	Q9_chemistry_plus_growth_demand	0.01	YALI1B02487g	0.328811034322	0.329138734168	FN	FN	FN->FN	False
baseline_to_q9_current_AND	Q9_chemistry_plus_growth_demand	0.05	YALI1B02487g	0.328811034322	0.329138734168	FN	FN	FN->FN	False
baseline_to_q9_current_AND	Q9_chemistry_plus_growth_demand	0.1	YALI1B02487g	0.328811034322	0.329138734168	FN	FN	FN->FN	False
baseline_to_q9_current_AND	Q9_chemistry_plus_growth_demand	0.15	YALI1B02487g	0.328811034322	0.329138734168	FN	FN	FN->FN	False
baseline_to_q9_current_AND	Q9_chemistry_plus_growth_demand	0.01	YALI1B02806g	1.0	1.0	FN	FN	FN->FN	False
baseline_to_q9_current_AND	Q9_chemistry_plus_growth_demand	0.05	YALI1B02806g	1.0	1.0	FN	FN	FN->FN	False
baseline_to_q9_current_AND	Q9_chemistry_plus_growth_demand	0.1	YALI1B02806g	1.0	1.0	FN	FN	FN->FN	False
baseline_to_q9_current_AND	Q9_chemistry_plus_growth_demand	0.15	YALI1B02806g	1.0	1.0	FN	FN	FN->FN	False
baseline_to_q9_current_AND	Q9_chemistry_plus_growth_demand	0.01	YALI1B03719g	1.0	1.0	FN	FN	FN->FN	False
baseline_to_q9_current_AND	Q9_chemistry_plus_growth_demand	0.05	YALI1B03719g	1.0	1.0	FN	FN	FN->FN	False
baseline_to_q9_current_AND	Q9_chemistry_plus_growth_demand	0.1	YALI1B03719g	1.0	1.0	FN	FN	FN->FN	False
baseline_to_q9_current_AND	Q9_chemistry_plus_growth_demand	0.15	YALI1B03719g	1.0	1.0	FN	FN	FN->FN	False
baseline_to_q9_current_AND	Q9_chemistry_plus_growth_demand	0.01	YALI1B04138g	0.956940751442	0.956894004483	FN	FN	FN->FN	False
baseline_to_q9_current_AND	Q9_chemistry_plus_growth_demand	0.05	YALI1B04138g	0.956940751442	0.956894004483	FN	FN	FN->FN	False
baseline_to_q9_current_AND	Q9_chemistry_plus_growth_demand	0.1	YALI1B04138g	0.956940751442	0.956894004483	FN	FN	FN->FN	False
baseline_to_q9_current_AND	Q9_chemistry_plus_growth_demand	0.15	YALI1B04138g	0.956940751442	0.956894004483	FN	FN	FN->FN	False
baseline_to_q9_current_AND	Q9_chemistry_plus_growth_demand	0.01	YALI1B04433g	0.999992891171	0.999992904319	FN	FN	FN->FN	False
baseline_to_q9_current_AND	Q9_chemistry_plus_growth_demand	0.05	YALI1B04433g	0.999992891171	0.999992904319	FN	FN	FN->FN	False
baseline_to_q9_current_AND	Q9_chemistry_plus_growth_demand	0.1	YALI1B04433g	0.999992891171	0.999992904319	FN	FN	FN->FN	False
baseline_to_q9_current_AND	Q9_chemistry_plus_growth_demand	0.15	YALI1B04433g	0.999992891171	0.999992904319	FN	FN	FN->FN	False
baseline_to_q9_current_AND	Q9_chemistry_plus_growth_demand	0.01	YALI1B05072g	1.0	1.0	FN	FN	FN->FN	False
baseline_to_q9_current_AND	Q9_chemistry_plus_growth_demand	0.05	YALI1B05072g	1.0	1.0	FN	FN	FN->FN	False
baseline_to_q9_current_AND	Q9_chemistry_plus_growth_demand	0.1	YALI1B05072g	1.0	1.0	FN	FN	FN->FN	False
baseline_to_q9_current_AND	Q9_chemistry_plus_growth_demand	0.15	YALI1B05072g	1.0	1.0	FN	FN	FN->FN	False
baseline_to_q9_current_AND	Q9_chemistry_plus_growth_demand	0.01	YALI1B05364g	1.0	1.0	FN	FN	FN->FN	False
baseline_to_q9_current_AND	Q9_chemistry_plus_growth_demand	0.05	YALI1B05364g	1.0	1.0	FN	FN	FN->FN	False
baseline_to_q9_current_AND	Q9_chemistry_plus_growth_demand	0.1	YALI1B05364g	1.0	1.0	FN	FN	FN->FN	False
baseline_to_q9_current_AND	Q9_chemistry_plus_growth_demand	0.15	YALI1B05364g	1.0	1.0	FN	FN	FN->FN	False
baseline_to_q9_current_AND	Q9_chemistry_plus_growth_demand	0.01	YALI1B05571g	0.0	0.0	TP	TP	TP->TP	False
baseline_to_q9_current_AND	Q9_chemistry_plus_growth_demand	0.05	YALI1B05571g	0.0	0.0	TP	TP	TP->TP	False
baseline_to_q9_current_AND	Q9_chemistry_plus_growth_demand	0.1	YALI1B05571g	0.0	0.0	TP	TP	TP->TP	False
baseline_to_q9_current_AND	Q9_chemistry_plus_growth_demand	0.15	YALI1B05571g	0.0	0.0	TP	TP	TP->TP	False
baseline_to_q9_current_AND	Q9_chemistry_plus_growth_demand	0.01	YALI1B05798g	1.0	1.0	FN	FN	FN->FN	False
baseline_to_q9_current_AND	Q9_chemistry_plus_growth_demand	0.05	YALI1B05798g	1.0	1.0	FN	FN	FN->FN	False
baseline_to_q9_current_AND	Q9_chemistry_plus_growth_demand	0.1	YALI1B05798g	1.0	1.0	FN	FN	FN->FN	False
baseline_to_q9_current_AND	Q9_chemistry_plus_growth_demand	0.15	YALI1B05798g	1.0	1.0	FN	FN	FN->FN	False
baseline_to_q9_current_AND	Q9_chemistry_plus_growth_demand	0.01	YALI1B07094g	0.0	0.0	TP	TP	TP->TP	False
baseline_to_q9_current_AND	Q9_chemistry_plus_growth_demand	0.05	YALI1B07094g	0.0	0.0	TP	TP	TP->TP	False
baseline_to_q9_current_AND	Q9_chemistry_plus_growth_demand	0.1	YALI1B07094g	0.0	0.0	TP	TP	TP->TP	False
baseline_to_q9_current_AND	Q9_chemistry_plus_growth_demand	0.15	YALI1B07094g	0.0	0.0	TP	TP	TP->TP	False
baseline_to_q9_current_AND	Q9_chemistry_plus_growth_demand	0.01	YALI1B07366g	0.0	0.0	TP	TP	TP->TP	False
baseline_to_q9_current_AND	Q9_chemistry_plus_growth_demand	0.05	YALI1B07366g	0.0	0.0	TP	TP	TP->TP	False
baseline_to_q9_current_AND	Q9_chemistry_plus_growth_demand	0.1	YALI1B07366g	0.0	0.0	TP	TP	TP->TP	False
baseline_to_q9_current_AND	Q9_chemistry_plus_growth_demand	0.15	YALI1B07366g	0.0	0.0	TP	TP	TP->TP	False
baseline_to_q9_current_AND	Q9_chemistry_plus_growth_demand	0.01	YALI1B07538g	0.0	0.0	TP	TP	TP->TP	False
baseline_to_q9_current_AND	Q9_chemistry_plus_growth_demand	0.05	YALI1B07538g	0.0	0.0	TP	TP	TP->TP	False
baseline_to_q9_current_AND	Q9_chemistry_plus_growth_demand	0.1	YALI1B07538g	0.0	0.0	TP	TP	TP->TP	False
baseline_to_q9_current_AND	Q9_chemistry_plus_growth_demand	0.15	YALI1B07538g	0.0	0.0	TP	TP	TP->TP	False
baseline_to_q9_current_AND	Q9_chemistry_plus_growth_demand	0.01	YALI1B07957g	1.0	1.0	FN	FN	FN->FN	False
baseline_to_q9_current_AND	Q9_chemistry_plus_growth_demand	0.05	YALI1B07957g	1.0	1.0	FN	FN	FN->FN	False
baseline_to_q9_current_AND	Q9_chemistry_plus_growth_demand	0.1	YALI1B07957g	1.0	1.0	FN	FN	FN->FN	False
baseline_to_q9_current_AND	Q9_chemistry_plus_growth_demand	0.15	YALI1B07957g	1.0	1.0	FN	FN	FN->FN	False
baseline_to_q9_current_AND	Q9_chemistry_plus_growth_demand	0.01	YALI1B08885g	1.0	1.0	FN	FN	FN->FN	False
baseline_to_q9_current_AND	Q9_chemistry_plus_growth_demand	0.05	YALI1B08885g	1.0	1.0	FN	FN	FN->FN	False
baseline_to_q9_current_AND	Q9_chemistry_plus_growth_demand	0.1	YALI1B08885g	1.0	1.0	FN	FN	FN->FN	False
baseline_to_q9_current_AND	Q9_chemistry_plus_growth_demand	0.15	YALI1B08885g	1.0	1.0	FN	FN	FN->FN	False
baseline_to_q9_current_AND	Q9_chemistry_plus_growth_demand	0.01	YALI1B09025g	1.0	1.0	FN	FN	FN->FN	False
baseline_to_q9_current_AND	Q9_chemistry_plus_growth_demand	0.05	YALI1B09025g	1.0	1.0	FN	FN	FN->FN	False
baseline_to_q9_current_AND	Q9_chemistry_plus_growth_demand	0.1	YALI1B09025g	1.0	1.0	FN	FN	FN->FN	False
baseline_to_q9_current_AND	Q9_chemistry_plus_growth_demand	0.15	YALI1B09025g	1.0	1.0	FN	FN	FN->FN	False
baseline_to_q9_current_AND	Q9_chemistry_plus_growth_demand	0.01	YALI1B09592g	0.0	0.0	TP	TP	TP->TP	False
baseline_to_q9_current_AND	Q9_chemistry_plus_growth_demand	0.05	YALI1B09592g	0.0	0.0	TP	TP	TP->TP	False
baseline_to_q9_current_AND	Q9_chemistry_plus_growth_demand	0.1	YALI1B09592g	0.0	0.0	TP	TP	TP->TP	False
baseline_to_q9_current_AND	Q9_chemistry_plus_growth_demand	0.15	YALI1B09592g	0.0	0.0	TP	TP	TP->TP	False
baseline_to_q9_current_AND	Q9_chemistry_plus_growth_demand	0.01	YALI1B11532g	0.0	0.0	TP	TP	TP->TP	False
baseline_to_q9_current_AND	Q9_chemistry_plus_growth_demand	0.05	YALI1B11532g	0.0	0.0	TP	TP	TP->TP	False
baseline_to_q9_current_AND	Q9_chemistry_plus_growth_demand	0.1	YALI1B11532g	0.0	0.0	TP	TP	TP->TP	False
baseline_to_q9_current_AND	Q9_chemistry_plus_growth_demand	0.15	YALI1B11532g	0.0	0.0	TP	TP	TP->TP	False
baseline_to_q9_current_AND	Q9_chemistry_plus_growth_demand	0.01	YALI1B12042g	1.0	1.0	FN	FN	FN->FN	False
baseline_to_q9_current_AND	Q9_chemistry_plus_growth_demand	0.05	YALI1B12042g	1.0	1.0	FN	FN	FN->FN	False
baseline_to_q9_current_AND	Q9_chemistry_plus_growth_demand	0.1	YALI1B12042g	1.0	1.0	FN	FN	FN->FN	False
baseline_to_q9_current_AND	Q9_chemistry_plus_growth_demand	0.15	YALI1B12042g	1.0	1.0	FN	FN	FN->FN	False
baseline_to_q9_current_AND	Q9_chemistry_plus_growth_demand	0.01	YALI1B14978g	1.0	1.0	FN	FN	FN->FN	False
baseline_to_q9_current_AND	Q9_chemistry_plus_growth_demand	0.05	YALI1B14978g	1.0	1.0	FN	FN	FN->FN	False
baseline_to_q9_current_AND	Q9_chemistry_plus_growth_demand	0.1	YALI1B14978g	1.0	1.0	FN	FN	FN->FN	False
baseline_to_q9_current_AND	Q9_chemistry_plus_growth_demand	0.15	YALI1B14978g	1.0	1.0	FN	FN	FN->FN	False
baseline_to_q9_current_AND	Q9_chemistry_plus_growth_demand	0.01	YALI1B15015g	1.0	1.0	FN	FN	FN->FN	False
baseline_to_q9_current_AND	Q9_chemistry_plus_growth_demand	0.05	YALI1B15015g	1.0	1.0	FN	FN	FN->FN	False
baseline_to_q9_current_AND	Q9_chemistry_plus_growth_demand	0.1	YALI1B15015g	1.0	1.0	FN	FN	FN->FN	False
baseline_to_q9_current_AND	Q9_chemistry_plus_growth_demand	0.15	YALI1B15015g	1.0	1.0	FN	FN	FN->FN	False
baseline_to_q9_current_AND	Q9_chemistry_plus_growth_demand	0.01	YALI1B15180g	1.0	1.0	FN	FN	FN->FN	False
baseline_to_q9_current_AND	Q9_chemistry_plus_growth_demand	0.05	YALI1B15180g	1.0	1.0	FN	FN	FN->FN	False
baseline_to_q9_current_AND	Q9_chemistry_plus_growth_demand	0.1	YALI1B15180g	1.0	1.0	FN	FN	FN->FN	False
baseline_to_q9_current_AND	Q9_chemistry_plus_growth_demand	0.15	YALI1B15180g	1.0	1.0	FN	FN	FN->FN	False
baseline_to_q9_current_AND	Q9_chemistry_plus_growth_demand	0.01	YALI1B17838g	1.0	1.0	FN	FN	FN->FN	False
baseline_to_q9_current_AND	Q9_chemistry_plus_growth_demand	0.05	YALI1B17838g	1.0	1.0	FN	FN	FN->FN	False
baseline_to_q9_current_AND	Q9_chemistry_plus_growth_demand	0.1	YALI1B17838g	1.0	1.0	FN	FN	FN->FN	False
baseline_to_q9_current_AND	Q9_chemistry_plus_growth_demand	0.15	YALI1B17838g	1.0	1.0	FN	FN	FN->FN	False
baseline_to_q9_current_AND	Q9_chemistry_plus_growth_demand	0.01	YALI1B17927g	1.0	1.0	FN	FN	FN->FN	False
baseline_to_q9_current_AND	Q9_chemistry_plus_growth_demand	0.05	YALI1B17927g	1.0	1.0	FN	FN	FN->FN	False
baseline_to_q9_current_AND	Q9_chemistry_plus_growth_demand	0.1	YALI1B17927g	1.0	1.0	FN	FN	FN->FN	False
baseline_to_q9_current_AND	Q9_chemistry_plus_growth_demand	0.15	YALI1B17927g	1.0	1.0	FN	FN	FN->FN	False
baseline_to_q9_current_AND	Q9_chemistry_plus_growth_demand	0.01	YALI1B18955g	0.0	0.0	TP	TP	TP->TP	False
baseline_to_q9_current_AND	Q9_chemistry_plus_growth_demand	0.05	YALI1B18955g	0.0	0.0	TP	TP	TP->TP	False
baseline_to_q9_current_AND	Q9_chemistry_plus_growth_demand	0.1	YALI1B18955g	0.0	0.0	TP	TP	TP->TP	False
baseline_to_q9_current_AND	Q9_chemistry_plus_growth_demand	0.15	YALI1B18955g	0.0	0.0	TP	TP	TP->TP	False
baseline_to_q9_current_AND	Q9_chemistry_plus_growth_demand	0.01	YALI1B19079g	0.0	0.0	TP	TP	TP->TP	False
baseline_to_q9_current_AND	Q9_chemistry_plus_growth_demand	0.05	YALI1B19079g	0.0	0.0	TP	TP	TP->TP	False
baseline_to_q9_current_AND	Q9_chemistry_plus_growth_demand	0.1	YALI1B19079g	0.0	0.0	TP	TP	TP->TP	False
baseline_to_q9_current_AND	Q9_chemistry_plus_growth_demand	0.15	YALI1B19079g	0.0	0.0	TP	TP	TP->TP	False
baseline_to_q9_current_AND	Q9_chemistry_plus_growth_demand	0.01	YALI1B19490g	1.0	1.0	FN	FN	FN->FN	False
baseline_to_q9_current_AND	Q9_chemistry_plus_growth_demand	0.05	YALI1B19490g	1.0	1.0	FN	FN	FN->FN	False
baseline_to_q9_current_AND	Q9_chemistry_plus_growth_demand	0.1	YALI1B19490g	1.0	1.0	FN	FN	FN->FN	False
baseline_to_q9_current_AND	Q9_chemistry_plus_growth_demand	0.15	YALI1B19490g	1.0	1.0	FN	FN	FN->FN	False
baseline_to_q9_current_AND	Q9_chemistry_plus_growth_demand	0.01	YALI1B19844g	0.0	0.0	TP	TP	TP->TP	False
baseline_to_q9_current_AND	Q9_chemistry_plus_growth_demand	0.05	YALI1B19844g	0.0	0.0	TP	TP	TP->TP	False
baseline_to_q9_current_AND	Q9_chemistry_plus_growth_demand	0.1	YALI1B19844g	0.0	0.0	TP	TP	TP->TP	False
baseline_to_q9_current_AND	Q9_chemistry_plus_growth_demand	0.15	YALI1B19844g	0.0	0.0	TP	TP	TP->TP	False
baseline_to_q9_current_AND	Q9_chemistry_plus_growth_demand	0.01	YALI1B20153g	0.026580901812	0.02663015324	FN	FN	FN->FN	False
baseline_to_q9_current_AND	Q9_chemistry_plus_growth_demand	0.05	YALI1B20153g	0.026580901812	0.02663015324	TP	TP	TP->TP	False
baseline_to_q9_current_AND	Q9_chemistry_plus_growth_demand	0.1	YALI1B20153g	0.026580901812	0.02663015324	TP	TP	TP->TP	False
baseline_to_q9_current_AND	Q9_chemistry_plus_growth_demand	0.15	YALI1B20153g	0.026580901812	0.02663015324	TP	TP	TP->TP	False
baseline_to_q9_current_AND	Q9_chemistry_plus_growth_demand	0.01	YALI1B20289g	0.061205762303	0.061319169711	FN	FN	FN->FN	False
baseline_to_q9_current_AND	Q9_chemistry_plus_growth_demand	0.05	YALI1B20289g	0.061205762303	0.061319169711	FN	FN	FN->FN	False
baseline_to_q9_current_AND	Q9_chemistry_plus_growth_demand	0.1	YALI1B20289g	0.061205762303	0.061319169711	TP	TP	TP->TP	False
baseline_to_q9_current_AND	Q9_chemistry_plus_growth_demand	0.15	YALI1B20289g	0.061205762303	0.061319169711	TP	TP	TP->TP	False
baseline_to_q9_current_AND	Q9_chemistry_plus_growth_demand	0.01	YALI1B20462g	1.0	1.0	FN	FN	FN->FN	False
baseline_to_q9_current_AND	Q9_chemistry_plus_growth_demand	0.05	YALI1B20462g	1.0	1.0	FN	FN	FN->FN	False
baseline_to_q9_current_AND	Q9_chemistry_plus_growth_demand	0.1	YALI1B20462g	1.0	1.0	FN	FN	FN->FN	False
baseline_to_q9_current_AND	Q9_chemistry_plus_growth_demand	0.15	YALI1B20462g	1.0	1.0	FN	FN	FN->FN	False
baseline_to_q9_current_AND	Q9_chemistry_plus_growth_demand	0.01	YALI1B20527g	1.0	0.0	FN	TP	FN->TP	True
baseline_to_q9_current_AND	Q9_chemistry_plus_growth_demand	0.05	YALI1B20527g	1.0	0.0	FN	TP	FN->TP	True
baseline_to_q9_current_AND	Q9_chemistry_plus_growth_demand	0.1	YALI1B20527g	1.0	0.0	FN	TP	FN->TP	True
baseline_to_q9_current_AND	Q9_chemistry_plus_growth_demand	0.15	YALI1B20527g	1.0	0.0	FN	TP	FN->TP	True
baseline_to_q9_current_AND	Q9_chemistry_plus_growth_demand	0.01	YALI1B21004g	0.0	0.0	TP	TP	TP->TP	False
baseline_to_q9_current_AND	Q9_chemistry_plus_growth_demand	0.05	YALI1B21004g	0.0	0.0	TP	TP	TP->TP	False
baseline_to_q9_current_AND	Q9_chemistry_plus_growth_demand	0.1	YALI1B21004g	0.0	0.0	TP	TP	TP->TP	False
baseline_to_q9_current_AND	Q9_chemistry_plus_growth_demand	0.15	YALI1B21004g	0.0	0.0	TP	TP	TP->TP	False
baseline_to_q9_current_AND	Q9_chemistry_plus_growth_demand	0.01	YALI1B21070g	0.0	0.0	TP	TP	TP->TP	False
baseline_to_q9_current_AND	Q9_chemistry_plus_growth_demand	0.05	YALI1B21070g	0.0	0.0	TP	TP	TP->TP	False
baseline_to_q9_current_AND	Q9_chemistry_plus_growth_demand	0.1	YALI1B21070g	0.0	0.0	TP	TP	TP->TP	False
baseline_to_q9_current_AND	Q9_chemistry_plus_growth_demand	0.15	YALI1B21070g	0.0	0.0	TP	TP	TP->TP	False
baseline_to_q9_current_AND	Q9_chemistry_plus_growth_demand	0.01	YALI1B21088g	1.0	1.0	FN	FN	FN->FN	False
baseline_to_q9_current_AND	Q9_chemistry_plus_growth_demand	0.05	YALI1B21088g	1.0	1.0	FN	FN	FN->FN	False
baseline_to_q9_current_AND	Q9_chemistry_plus_growth_demand	0.1	YALI1B21088g	1.0	1.0	FN	FN	FN->FN	False
baseline_to_q9_current_AND	Q9_chemistry_plus_growth_demand	0.15	YALI1B21088g	1.0	1.0	FN	FN	FN->FN	False
baseline_to_q9_current_AND	Q9_chemistry_plus_growth_demand	0.01	YALI1B21313g	1.0	1.0	FN	FN	FN->FN	False
baseline_to_q9_current_AND	Q9_chemistry_plus_growth_demand	0.05	YALI1B21313g	1.0	1.0	FN	FN	FN->FN	False
baseline_to_q9_current_AND	Q9_chemistry_plus_growth_demand	0.1	YALI1B21313g	1.0	1.0	FN	FN	FN->FN	False
baseline_to_q9_current_AND	Q9_chemistry_plus_growth_demand	0.15	YALI1B21313g	1.0	1.0	FN	FN	FN->FN	False
baseline_to_q9_current_AND	Q9_chemistry_plus_growth_demand	0.01	YALI1B21356g	1.0	1.0	FN	FN	FN->FN	False
baseline_to_q9_current_AND	Q9_chemistry_plus_growth_demand	0.05	YALI1B21356g	1.0	1.0	FN	FN	FN->FN	False
baseline_to_q9_current_AND	Q9_chemistry_plus_growth_demand	0.1	YALI1B21356g	1.0	1.0	FN	FN	FN->FN	False
baseline_to_q9_current_AND	Q9_chemistry_plus_growth_demand	0.15	YALI1B21356g	1.0	1.0	FN	FN	FN->FN	False
baseline_to_q9_current_AND	Q9_chemistry_plus_growth_demand	0.01	YALI1B21618g	1.0	1.0	FN	FN	FN->FN	False
baseline_to_q9_current_AND	Q9_chemistry_plus_growth_demand	0.05	YALI1B21618g	1.0	1.0	FN	FN	FN->FN	False
baseline_to_q9_current_AND	Q9_chemistry_plus_growth_demand	0.1	YALI1B21618g	1.0	1.0	FN	FN	FN->FN	False
baseline_to_q9_current_AND	Q9_chemistry_plus_growth_demand	0.15	YALI1B21618g	1.0	1.0	FN	FN	FN->FN	False
baseline_to_q9_current_AND	Q9_chemistry_plus_growth_demand	0.01	YALI1B22614g	0.026580901812	0.02663015324	FN	FN	FN->FN	False
baseline_to_q9_current_AND	Q9_chemistry_plus_growth_demand	0.05	YALI1B22614g	0.026580901812	0.02663015324	TP	TP	TP->TP	False
baseline_to_q9_current_AND	Q9_chemistry_plus_growth_demand	0.1	YALI1B22614g	0.026580901812	0.02663015324	TP	TP	TP->TP	False
baseline_to_q9_current_AND	Q9_chemistry_plus_growth_demand	0.15	YALI1B22614g	0.026580901812	0.02663015324	TP	TP	TP->TP	False
baseline_to_q9_current_AND	Q9_chemistry_plus_growth_demand	0.01	YALI1B22820g	0.0	0.0	TP	TP	TP->TP	False
baseline_to_q9_current_AND	Q9_chemistry_plus_growth_demand	0.05	YALI1B22820g	0.0	0.0	TP	TP	TP->TP	False
baseline_to_q9_current_AND	Q9_chemistry_plus_growth_demand	0.1	YALI1B22820g	0.0	0.0	TP	TP	TP->TP	False
baseline_to_q9_current_AND	Q9_chemistry_plus_growth_demand	0.15	YALI1B22820g	0.0	0.0	TP	TP	TP->TP	False
baseline_to_q9_current_AND	Q9_chemistry_plus_growth_demand	0.01	YALI1B22853g	0.140574538418	0.140835007259	FN	FN	FN->FN	False
baseline_to_q9_current_AND	Q9_chemistry_plus_growth_demand	0.05	YALI1B22853g	0.140574538418	0.140835007259	FN	FN	FN->FN	False
baseline_to_q9_current_AND	Q9_chemistry_plus_growth_demand	0.1	YALI1B22853g	0.140574538418	0.140835007259	FN	FN	FN->FN	False
baseline_to_q9_current_AND	Q9_chemistry_plus_growth_demand	0.15	YALI1B22853g	0.140574538418	0.140835007259	TP	TP	TP->TP	False
baseline_to_q9_current_AND	Q9_chemistry_plus_growth_demand	0.01	YALI1B22883g	1.0	1.0	FN	FN	FN->FN	False
baseline_to_q9_current_AND	Q9_chemistry_plus_growth_demand	0.05	YALI1B22883g	1.0	1.0	FN	FN	FN->FN	False
baseline_to_q9_current_AND	Q9_chemistry_plus_growth_demand	0.1	YALI1B22883g	1.0	1.0	FN	FN	FN->FN	False
baseline_to_q9_current_AND	Q9_chemistry_plus_growth_demand	0.15	YALI1B22883g	1.0	1.0	FN	FN	FN->FN	False
baseline_to_q9_current_AND	Q9_chemistry_plus_growth_demand	0.01	YALI1B23834g	0.0	0.0	TP	TP	TP->TP	False
baseline_to_q9_current_AND	Q9_chemistry_plus_growth_demand	0.05	YALI1B23834g	0.0	0.0	TP	TP	TP->TP	False
baseline_to_q9_current_AND	Q9_chemistry_plus_growth_demand	0.1	YALI1B23834g	0.0	0.0	TP	TP	TP->TP	False
baseline_to_q9_current_AND	Q9_chemistry_plus_growth_demand	0.15	YALI1B23834g	0.0	0.0	TP	TP	TP->TP	False
baseline_to_q9_current_AND	Q9_chemistry_plus_growth_demand	0.01	YALI1B25427g	0.0	0.0	TP	TP	TP->TP	False
baseline_to_q9_current_AND	Q9_chemistry_plus_growth_demand	0.05	YALI1B25427g	0.0	0.0	TP	TP	TP->TP	False
baseline_to_q9_current_AND	Q9_chemistry_plus_growth_demand	0.1	YALI1B25427g	0.0	0.0	TP	TP	TP->TP	False
baseline_to_q9_current_AND	Q9_chemistry_plus_growth_demand	0.15	YALI1B25427g	0.0	0.0	TP	TP	TP->TP	False
baseline_to_q9_current_AND	Q9_chemistry_plus_growth_demand	0.01	YALI1B26350g	1.0	1.0	FN	FN	FN->FN	False
baseline_to_q9_current_AND	Q9_chemistry_plus_growth_demand	0.05	YALI1B26350g	1.0	1.0	FN	FN	FN->FN	False
baseline_to_q9_current_AND	Q9_chemistry_plus_growth_demand	0.1	YALI1B26350g	1.0	1.0	FN	FN	FN->FN	False
baseline_to_q9_current_AND	Q9_chemistry_plus_growth_demand	0.15	YALI1B26350g	1.0	1.0	FN	FN	FN->FN	False
baseline_to_q9_current_AND	Q9_chemistry_plus_growth_demand	0.01	YALI1B26679g	1.0	1.0	FN	FN	FN->FN	False
baseline_to_q9_current_AND	Q9_chemistry_plus_growth_demand	0.05	YALI1B26679g	1.0	1.0	FN	FN	FN->FN	False
baseline_to_q9_current_AND	Q9_chemistry_plus_growth_demand	0.1	YALI1B26679g	1.0	1.0	FN	FN	FN->FN	False
baseline_to_q9_current_AND	Q9_chemistry_plus_growth_demand	0.15	YALI1B26679g	1.0	1.0	FN	FN	FN->FN	False
baseline_to_q9_current_AND	Q9_chemistry_plus_growth_demand	0.01	YALI1B26749g	1.0	1.0	FN	FN	FN->FN	False
baseline_to_q9_current_AND	Q9_chemistry_plus_growth_demand	0.05	YALI1B26749g	1.0	1.0	FN	FN	FN->FN	False
baseline_to_q9_current_AND	Q9_chemistry_plus_growth_demand	0.1	YALI1B26749g	1.0	1.0	FN	FN	FN->FN	False
baseline_to_q9_current_AND	Q9_chemistry_plus_growth_demand	0.15	YALI1B26749g	1.0	1.0	FN	FN	FN->FN	False
baseline_to_q9_current_AND	Q9_chemistry_plus_growth_demand	0.01	YALI1B27874g	0.0	0.0	TP	TP	TP->TP	False
baseline_to_q9_current_AND	Q9_chemistry_plus_growth_demand	0.05	YALI1B27874g	0.0	0.0	TP	TP	TP->TP	False
baseline_to_q9_current_AND	Q9_chemistry_plus_growth_demand	0.1	YALI1B27874g	0.0	0.0	TP	TP	TP->TP	False
baseline_to_q9_current_AND	Q9_chemistry_plus_growth_demand	0.15	YALI1B27874g	0.0	0.0	TP	TP	TP->TP	False
baseline_to_q9_current_AND	Q9_chemistry_plus_growth_demand	0.01	YALI1B28659g	1.0	1.0	FN	FN	FN->FN	False
baseline_to_q9_current_AND	Q9_chemistry_plus_growth_demand	0.05	YALI1B28659g	1.0	1.0	FN	FN	FN->FN	False
baseline_to_q9_current_AND	Q9_chemistry_plus_growth_demand	0.1	YALI1B28659g	1.0	1.0	FN	FN	FN->FN	False
baseline_to_q9_current_AND	Q9_chemistry_plus_growth_demand	0.15	YALI1B28659g	1.0	1.0	FN	FN	FN->FN	False
baseline_to_q9_current_AND	Q9_chemistry_plus_growth_demand	0.01	YALI1B29895g	1.0	1.0	FN	FN	FN->FN	False
baseline_to_q9_current_AND	Q9_chemistry_plus_growth_demand	0.05	YALI1B29895g	1.0	1.0	FN	FN	FN->FN	False
baseline_to_q9_current_AND	Q9_chemistry_plus_growth_demand	0.1	YALI1B29895g	1.0	1.0	FN	FN	FN->FN	False
baseline_to_q9_current_AND	Q9_chemistry_plus_growth_demand	0.15	YALI1B29895g	1.0	1.0	FN	FN	FN->FN	False
baseline_to_q9_current_AND	Q9_chemistry_plus_growth_demand	0.01	YALI1B30090g	0.026580901812	0.02663015324	FN	FN	FN->FN	False
baseline_to_q9_current_AND	Q9_chemistry_plus_growth_demand	0.05	YALI1B30090g	0.026580901812	0.02663015324	TP	TP	TP->TP	False
baseline_to_q9_current_AND	Q9_chemistry_plus_growth_demand	0.1	YALI1B30090g	0.026580901812	0.02663015324	TP	TP	TP->TP	False
baseline_to_q9_current_AND	Q9_chemistry_plus_growth_demand	0.15	YALI1B30090g	0.026580901812	0.02663015324	TP	TP	TP->TP	False
baseline_to_q9_current_AND	Q9_chemistry_plus_growth_demand	0.01	YALI1B30181g	0.0	0.0	TP	TP	TP->TP	False
baseline_to_q9_current_AND	Q9_chemistry_plus_growth_demand	0.05	YALI1B30181g	0.0	0.0	TP	TP	TP->TP	False
baseline_to_q9_current_AND	Q9_chemistry_plus_growth_demand	0.1	YALI1B30181g	0.0	0.0	TP	TP	TP->TP	False
baseline_to_q9_current_AND	Q9_chemistry_plus_growth_demand	0.15	YALI1B30181g	0.0	0.0	TP	TP	TP->TP	False
baseline_to_q9_current_AND	Q9_chemistry_plus_growth_demand	0.01	YALI1C02391g	1.0	1.0	FN	FN	FN->FN	False
baseline_to_q9_current_AND	Q9_chemistry_plus_growth_demand	0.05	YALI1C02391g	1.0	1.0	FN	FN	FN->FN	False
baseline_to_q9_current_AND	Q9_chemistry_plus_growth_demand	0.1	YALI1C02391g	1.0	1.0	FN	FN	FN->FN	False
baseline_to_q9_current_AND	Q9_chemistry_plus_growth_demand	0.15	YALI1C02391g	1.0	1.0	FN	FN	FN->FN	False
baseline_to_q9_current_AND	Q9_chemistry_plus_growth_demand	0.01	YALI1C04265g	1.0	1.0	FN	FN	FN->FN	False
baseline_to_q9_current_AND	Q9_chemistry_plus_growth_demand	0.05	YALI1C04265g	1.0	1.0	FN	FN	FN->FN	False
baseline_to_q9_current_AND	Q9_chemistry_plus_growth_demand	0.1	YALI1C04265g	1.0	1.0	FN	FN	FN->FN	False
baseline_to_q9_current_AND	Q9_chemistry_plus_growth_demand	0.15	YALI1C04265g	1.0	1.0	FN	FN	FN->FN	False
baseline_to_q9_current_AND	Q9_chemistry_plus_growth_demand	0.01	YALI1C04281g	1.0	1.0	FN	FN	FN->FN	False
baseline_to_q9_current_AND	Q9_chemistry_plus_growth_demand	0.05	YALI1C04281g	1.0	1.0	FN	FN	FN->FN	False
baseline_to_q9_current_AND	Q9_chemistry_plus_growth_demand	0.1	YALI1C04281g	1.0	1.0	FN	FN	FN->FN	False
baseline_to_q9_current_AND	Q9_chemistry_plus_growth_demand	0.15	YALI1C04281g	1.0	1.0	FN	FN	FN->FN	False
baseline_to_q9_current_AND	Q9_chemistry_plus_growth_demand	0.01	YALI1C06626g	0.10881714958	0.109018775544	FN	FN	FN->FN	False
baseline_to_q9_current_AND	Q9_chemistry_plus_growth_demand	0.05	YALI1C06626g	0.10881714958	0.109018775544	FN	FN	FN->FN	False
baseline_to_q9_current_AND	Q9_chemistry_plus_growth_demand	0.1	YALI1C06626g	0.10881714958	0.109018775544	FN	FN	FN->FN	False
baseline_to_q9_current_AND	Q9_chemistry_plus_growth_demand	0.15	YALI1C06626g	0.10881714958	0.109018775544	TP	TP	TP->TP	False
baseline_to_q9_current_AND	Q9_chemistry_plus_growth_demand	0.01	YALI1C07638g	0.999994538597	0.999994548698	FN	FN	FN->FN	False
baseline_to_q9_current_AND	Q9_chemistry_plus_growth_demand	0.05	YALI1C07638g	0.999994538597	0.999994548698	FN	FN	FN->FN	False
baseline_to_q9_current_AND	Q9_chemistry_plus_growth_demand	0.1	YALI1C07638g	0.999994538597	0.999994548698	FN	FN	FN->FN	False
baseline_to_q9_current_AND	Q9_chemistry_plus_growth_demand	0.15	YALI1C07638g	0.999994538597	0.999994548698	FN	FN	FN->FN	False
baseline_to_q9_current_AND	Q9_chemistry_plus_growth_demand	0.01	YALI1C07816g	1.0	1.0	FN	FN	FN->FN	False
baseline_to_q9_current_AND	Q9_chemistry_plus_growth_demand	0.05	YALI1C07816g	1.0	1.0	FN	FN	FN->FN	False
baseline_to_q9_current_AND	Q9_chemistry_plus_growth_demand	0.1	YALI1C07816g	1.0	1.0	FN	FN	FN->FN	False
baseline_to_q9_current_AND	Q9_chemistry_plus_growth_demand	0.15	YALI1C07816g	1.0	1.0	FN	FN	FN->FN	False
baseline_to_q9_current_AND	Q9_chemistry_plus_growth_demand	0.01	YALI1C08262g	0.865122692878	0.86491294288	FN	FN	FN->FN	False
baseline_to_q9_current_AND	Q9_chemistry_plus_growth_demand	0.05	YALI1C08262g	0.865122692878	0.86491294288	FN	FN	FN->FN	False
baseline_to_q9_current_AND	Q9_chemistry_plus_growth_demand	0.1	YALI1C08262g	0.865122692878	0.86491294288	FN	FN	FN->FN	False
baseline_to_q9_current_AND	Q9_chemistry_plus_growth_demand	0.15	YALI1C08262g	0.865122692878	0.86491294288	FN	FN	FN->FN	False
baseline_to_q9_current_AND	Q9_chemistry_plus_growth_demand	0.01	YALI1C08702g	1.0	1.0	FN	FN	FN->FN	False
baseline_to_q9_current_AND	Q9_chemistry_plus_growth_demand	0.05	YALI1C08702g	1.0	1.0	FN	FN	FN->FN	False
baseline_to_q9_current_AND	Q9_chemistry_plus_growth_demand	0.1	YALI1C08702g	1.0	1.0	FN	FN	FN->FN	False
baseline_to_q9_current_AND	Q9_chemistry_plus_growth_demand	0.15	YALI1C08702g	1.0	1.0	FN	FN	FN->FN	False
baseline_to_q9_current_AND	Q9_chemistry_plus_growth_demand	0.01	YALI1C09033g	0.963772569874	0.96390764717	FN	FN	FN->FN	False
baseline_to_q9_current_AND	Q9_chemistry_plus_growth_demand	0.05	YALI1C09033g	0.963772569874	0.96390764717	FN	FN	FN->FN	False
baseline_to_q9_current_AND	Q9_chemistry_plus_growth_demand	0.1	YALI1C09033g	0.963772569874	0.96390764717	FN	FN	FN->FN	False
baseline_to_q9_current_AND	Q9_chemistry_plus_growth_demand	0.15	YALI1C09033g	0.963772569874	0.96390764717	FN	FN	FN->FN	False
baseline_to_q9_current_AND	Q9_chemistry_plus_growth_demand	0.01	YALI1C09380g	1.0	1.0	FN	FN	FN->FN	False
baseline_to_q9_current_AND	Q9_chemistry_plus_growth_demand	0.05	YALI1C09380g	1.0	1.0	FN	FN	FN->FN	False
baseline_to_q9_current_AND	Q9_chemistry_plus_growth_demand	0.1	YALI1C09380g	1.0	1.0	FN	FN	FN->FN	False
baseline_to_q9_current_AND	Q9_chemistry_plus_growth_demand	0.15	YALI1C09380g	1.0	1.0	FN	FN	FN->FN	False
baseline_to_q9_current_AND	Q9_chemistry_plus_growth_demand	0.01	YALI1C09467g	0.10881714958	0.109018775544	FN	FN	FN->FN	False
baseline_to_q9_current_AND	Q9_chemistry_plus_growth_demand	0.05	YALI1C09467g	0.10881714958	0.109018775544	FN	FN	FN->FN	False
baseline_to_q9_current_AND	Q9_chemistry_plus_growth_demand	0.1	YALI1C09467g	0.10881714958	0.109018775544	FN	FN	FN->FN	False
baseline_to_q9_current_AND	Q9_chemistry_plus_growth_demand	0.15	YALI1C09467g	0.10881714958	0.109018775544	TP	TP	TP->TP	False
baseline_to_q9_current_AND	Q9_chemistry_plus_growth_demand	0.01	YALI1C12024g	1.0	1.0	FN	FN	FN->FN	False
baseline_to_q9_current_AND	Q9_chemistry_plus_growth_demand	0.05	YALI1C12024g	1.0	1.0	FN	FN	FN->FN	False
baseline_to_q9_current_AND	Q9_chemistry_plus_growth_demand	0.1	YALI1C12024g	1.0	1.0	FN	FN	FN->FN	False
baseline_to_q9_current_AND	Q9_chemistry_plus_growth_demand	0.15	YALI1C12024g	1.0	1.0	FN	FN	FN->FN	False
baseline_to_q9_current_AND	Q9_chemistry_plus_growth_demand	0.01	YALI1C15297g	0.0	0.0	TP	TP	TP->TP	False
baseline_to_q9_current_AND	Q9_chemistry_plus_growth_demand	0.05	YALI1C15297g	0.0	0.0	TP	TP	TP->TP	False
baseline_to_q9_current_AND	Q9_chemistry_plus_growth_demand	0.1	YALI1C15297g	0.0	0.0	TP	TP	TP->TP	False
baseline_to_q9_current_AND	Q9_chemistry_plus_growth_demand	0.15	YALI1C15297g	0.0	0.0	TP	TP	TP->TP	False
baseline_to_q9_current_AND	Q9_chemistry_plus_growth_demand	0.01	YALI1C15991g	1.0	1.0	FN	FN	FN->FN	False
baseline_to_q9_current_AND	Q9_chemistry_plus_growth_demand	0.05	YALI1C15991g	1.0	1.0	FN	FN	FN->FN	False
baseline_to_q9_current_AND	Q9_chemistry_plus_growth_demand	0.1	YALI1C15991g	1.0	1.0	FN	FN	FN->FN	False
baseline_to_q9_current_AND	Q9_chemistry_plus_growth_demand	0.15	YALI1C15991g	1.0	1.0	FN	FN	FN->FN	False
baseline_to_q9_current_AND	Q9_chemistry_plus_growth_demand	0.01	YALI1C16621g	0.999524514766	0.999524784309	FN	FN	FN->FN	False
baseline_to_q9_current_AND	Q9_chemistry_plus_growth_demand	0.05	YALI1C16621g	0.999524514766	0.999524784309	FN	FN	FN->FN	False
baseline_to_q9_current_AND	Q9_chemistry_plus_growth_demand	0.1	YALI1C16621g	0.999524514766	0.999524784309	FN	FN	FN->FN	False
baseline_to_q9_current_AND	Q9_chemistry_plus_growth_demand	0.15	YALI1C16621g	0.999524514766	0.999524784309	FN	FN	FN->FN	False
baseline_to_q9_current_AND	Q9_chemistry_plus_growth_demand	0.01	YALI1C17947g	0.0	0.0	TP	TP	TP->TP	False
baseline_to_q9_current_AND	Q9_chemistry_plus_growth_demand	0.05	YALI1C17947g	0.0	0.0	TP	TP	TP->TP	False
baseline_to_q9_current_AND	Q9_chemistry_plus_growth_demand	0.1	YALI1C17947g	0.0	0.0	TP	TP	TP->TP	False
baseline_to_q9_current_AND	Q9_chemistry_plus_growth_demand	0.15	YALI1C17947g	0.0	0.0	TP	TP	TP->TP	False
baseline_to_q9_current_AND	Q9_chemistry_plus_growth_demand	0.01	YALI1C19814g	1.0	1.0	FN	FN	FN->FN	False
baseline_to_q9_current_AND	Q9_chemistry_plus_growth_demand	0.05	YALI1C19814g	1.0	1.0	FN	FN	FN->FN	False
baseline_to_q9_current_AND	Q9_chemistry_plus_growth_demand	0.1	YALI1C19814g	1.0	1.0	FN	FN	FN->FN	False
baseline_to_q9_current_AND	Q9_chemistry_plus_growth_demand	0.15	YALI1C19814g	1.0	1.0	FN	FN	FN->FN	False
baseline_to_q9_current_AND	Q9_chemistry_plus_growth_demand	0.01	YALI1C21487g	0.0	0.0	TP	TP	TP->TP	False
baseline_to_q9_current_AND	Q9_chemistry_plus_growth_demand	0.05	YALI1C21487g	0.0	0.0	TP	TP	TP->TP	False
baseline_to_q9_current_AND	Q9_chemistry_plus_growth_demand	0.1	YALI1C21487g	0.0	0.0	TP	TP	TP->TP	False
baseline_to_q9_current_AND	Q9_chemistry_plus_growth_demand	0.15	YALI1C21487g	0.0	0.0	TP	TP	TP->TP	False
baseline_to_q9_current_AND	Q9_chemistry_plus_growth_demand	0.01	YALI1C25029g	1.0	1.0	FN	FN	FN->FN	False
baseline_to_q9_current_AND	Q9_chemistry_plus_growth_demand	0.05	YALI1C25029g	1.0	1.0	FN	FN	FN->FN	False
baseline_to_q9_current_AND	Q9_chemistry_plus_growth_demand	0.1	YALI1C25029g	1.0	1.0	FN	FN	FN->FN	False
baseline_to_q9_current_AND	Q9_chemistry_plus_growth_demand	0.15	YALI1C25029g	1.0	1.0	FN	FN	FN->FN	False
baseline_to_q9_current_AND	Q9_chemistry_plus_growth_demand	0.01	YALI1C25782g	1.0	1.0	FN	FN	FN->FN	False
baseline_to_q9_current_AND	Q9_chemistry_plus_growth_demand	0.05	YALI1C25782g	1.0	1.0	FN	FN	FN->FN	False
baseline_to_q9_current_AND	Q9_chemistry_plus_growth_demand	0.1	YALI1C25782g	1.0	1.0	FN	FN	FN->FN	False
baseline_to_q9_current_AND	Q9_chemistry_plus_growth_demand	0.15	YALI1C25782g	1.0	1.0	FN	FN	FN->FN	False
baseline_to_q9_current_AND	Q9_chemistry_plus_growth_demand	0.01	YALI1C26017g	1.0	0.0	FN	TP	FN->TP	True
baseline_to_q9_current_AND	Q9_chemistry_plus_growth_demand	0.05	YALI1C26017g	1.0	0.0	FN	TP	FN->TP	True
baseline_to_q9_current_AND	Q9_chemistry_plus_growth_demand	0.1	YALI1C26017g	1.0	0.0	FN	TP	FN->TP	True
baseline_to_q9_current_AND	Q9_chemistry_plus_growth_demand	0.15	YALI1C26017g	1.0	0.0	FN	TP	FN->TP	True
baseline_to_q9_current_AND	Q9_chemistry_plus_growth_demand	0.01	YALI1C26036g	1.0	1.0	FN	FN	FN->FN	False
baseline_to_q9_current_AND	Q9_chemistry_plus_growth_demand	0.05	YALI1C26036g	1.0	1.0	FN	FN	FN->FN	False
baseline_to_q9_current_AND	Q9_chemistry_plus_growth_demand	0.1	YALI1C26036g	1.0	1.0	FN	FN	FN->FN	False
baseline_to_q9_current_AND	Q9_chemistry_plus_growth_demand	0.15	YALI1C26036g	1.0	1.0	FN	FN	FN->FN	False
baseline_to_q9_current_AND	Q9_chemistry_plus_growth_demand	0.01	YALI1C26544g	1.0	0.0	FN	TP	FN->TP	True
baseline_to_q9_current_AND	Q9_chemistry_plus_growth_demand	0.05	YALI1C26544g	1.0	0.0	FN	TP	FN->TP	True
baseline_to_q9_current_AND	Q9_chemistry_plus_growth_demand	0.1	YALI1C26544g	1.0	0.0	FN	TP	FN->TP	True
baseline_to_q9_current_AND	Q9_chemistry_plus_growth_demand	0.15	YALI1C26544g	1.0	0.0	FN	TP	FN->TP	True
baseline_to_q9_current_AND	Q9_chemistry_plus_growth_demand	0.01	YALI1C27933g	1.0	1.0	FN	FN	FN->FN	False
baseline_to_q9_current_AND	Q9_chemistry_plus_growth_demand	0.05	YALI1C27933g	1.0	1.0	FN	FN	FN->FN	False
baseline_to_q9_current_AND	Q9_chemistry_plus_growth_demand	0.1	YALI1C27933g	1.0	1.0	FN	FN	FN->FN	False
baseline_to_q9_current_AND	Q9_chemistry_plus_growth_demand	0.15	YALI1C27933g	1.0	1.0	FN	FN	FN->FN	False
baseline_to_q9_current_AND	Q9_chemistry_plus_growth_demand	0.01	YALI1C29920g	1.0	1.0	FN	FN	FN->FN	False
baseline_to_q9_current_AND	Q9_chemistry_plus_growth_demand	0.05	YALI1C29920g	1.0	1.0	FN	FN	FN->FN	False
baseline_to_q9_current_AND	Q9_chemistry_plus_growth_demand	0.1	YALI1C29920g	1.0	1.0	FN	FN	FN->FN	False
baseline_to_q9_current_AND	Q9_chemistry_plus_growth_demand	0.15	YALI1C29920g	1.0	1.0	FN	FN	FN->FN	False
baseline_to_q9_current_AND	Q9_chemistry_plus_growth_demand	0.01	YALI1C32184g	1.0	1.0	FN	FN	FN->FN	False
baseline_to_q9_current_AND	Q9_chemistry_plus_growth_demand	0.05	YALI1C32184g	1.0	1.0	FN	FN	FN->FN	False
baseline_to_q9_current_AND	Q9_chemistry_plus_growth_demand	0.1	YALI1C32184g	1.0	1.0	FN	FN	FN->FN	False
baseline_to_q9_current_AND	Q9_chemistry_plus_growth_demand	0.15	YALI1C32184g	1.0	1.0	FN	FN	FN->FN	False
baseline_to_q9_current_AND	Q9_chemistry_plus_growth_demand	0.01	YALI1C32276g	0.200034884889	0.200405527078	FN	FN	FN->FN	False
baseline_to_q9_current_AND	Q9_chemistry_plus_growth_demand	0.05	YALI1C32276g	0.200034884889	0.200405527078	FN	FN	FN->FN	False
baseline_to_q9_current_AND	Q9_chemistry_plus_growth_demand	0.1	YALI1C32276g	0.200034884889	0.200405527078	FN	FN	FN->FN	False
baseline_to_q9_current_AND	Q9_chemistry_plus_growth_demand	0.15	YALI1C32276g	0.200034884889	0.200405527078	FN	FN	FN->FN	False
baseline_to_q9_current_AND	Q9_chemistry_plus_growth_demand	0.01	YALI1C32810g	1.0	1.0	FN	FN	FN->FN	False
baseline_to_q9_current_AND	Q9_chemistry_plus_growth_demand	0.05	YALI1C32810g	1.0	1.0	FN	FN	FN->FN	False
baseline_to_q9_current_AND	Q9_chemistry_plus_growth_demand	0.1	YALI1C32810g	1.0	1.0	FN	FN	FN->FN	False
baseline_to_q9_current_AND	Q9_chemistry_plus_growth_demand	0.15	YALI1C32810g	1.0	1.0	FN	FN	FN->FN	False
baseline_to_q9_current_AND	Q9_chemistry_plus_growth_demand	0.01	YALI1C33005g	0.140574538418	0.140835007259	FN	FN	FN->FN	False
baseline_to_q9_current_AND	Q9_chemistry_plus_growth_demand	0.05	YALI1C33005g	0.140574538418	0.140835007259	FN	FN	FN->FN	False
baseline_to_q9_current_AND	Q9_chemistry_plus_growth_demand	0.1	YALI1C33005g	0.140574538418	0.140835007259	FN	FN	FN->FN	False
baseline_to_q9_current_AND	Q9_chemistry_plus_growth_demand	0.15	YALI1C33005g	0.140574538418	0.140835007259	TP	TP	TP->TP	False
baseline_to_q9_current_AND	Q9_chemistry_plus_growth_demand	0.01	YALI1C33299g	1.0	1.0	FN	FN	FN->FN	False
baseline_to_q9_current_AND	Q9_chemistry_plus_growth_demand	0.05	YALI1C33299g	1.0	1.0	FN	FN	FN->FN	False
baseline_to_q9_current_AND	Q9_chemistry_plus_growth_demand	0.1	YALI1C33299g	1.0	1.0	FN	FN	FN->FN	False
baseline_to_q9_current_AND	Q9_chemistry_plus_growth_demand	0.15	YALI1C33299g	1.0	1.0	FN	FN	FN->FN	False
baseline_to_q9_current_AND	Q9_chemistry_plus_growth_demand	0.01	YALI1D00766g	1.0	1.0	FN	FN	FN->FN	False
baseline_to_q9_current_AND	Q9_chemistry_plus_growth_demand	0.05	YALI1D00766g	1.0	1.0	FN	FN	FN->FN	False
baseline_to_q9_current_AND	Q9_chemistry_plus_growth_demand	0.1	YALI1D00766g	1.0	1.0	FN	FN	FN->FN	False
baseline_to_q9_current_AND	Q9_chemistry_plus_growth_demand	0.15	YALI1D00766g	1.0	1.0	FN	FN	FN->FN	False
baseline_to_q9_current_AND	Q9_chemistry_plus_growth_demand	0.01	YALI1D01188g	0.18625610738	0.18660121904	FN	FN	FN->FN	False
baseline_to_q9_current_AND	Q9_chemistry_plus_growth_demand	0.05	YALI1D01188g	0.18625610738	0.18660121904	FN	FN	FN->FN	False
baseline_to_q9_current_AND	Q9_chemistry_plus_growth_demand	0.1	YALI1D01188g	0.18625610738	0.18660121904	FN	FN	FN->FN	False
baseline_to_q9_current_AND	Q9_chemistry_plus_growth_demand	0.15	YALI1D01188g	0.18625610738	0.18660121904	FN	FN	FN->FN	False
baseline_to_q9_current_AND	Q9_chemistry_plus_growth_demand	0.01	YALI1D03865g	0.996435928689	0.996443848847	FN	FN	FN->FN	False
baseline_to_q9_current_AND	Q9_chemistry_plus_growth_demand	0.05	YALI1D03865g	0.996435928689	0.996443848847	FN	FN	FN->FN	False
baseline_to_q9_current_AND	Q9_chemistry_plus_growth_demand	0.1	YALI1D03865g	0.996435928689	0.996443848847	FN	FN	FN->FN	False
baseline_to_q9_current_AND	Q9_chemistry_plus_growth_demand	0.15	YALI1D03865g	0.996435928689	0.996443848847	FN	FN	FN->FN	False
baseline_to_q9_current_AND	Q9_chemistry_plus_growth_demand	0.01	YALI1D03952g	0.200034884889	0.200405527078	FN	FN	FN->FN	False
baseline_to_q9_current_AND	Q9_chemistry_plus_growth_demand	0.05	YALI1D03952g	0.200034884889	0.200405527078	FN	FN	FN->FN	False
baseline_to_q9_current_AND	Q9_chemistry_plus_growth_demand	0.1	YALI1D03952g	0.200034884889	0.200405527078	FN	FN	FN->FN	False
baseline_to_q9_current_AND	Q9_chemistry_plus_growth_demand	0.15	YALI1D03952g	0.200034884889	0.200405527078	FN	FN	FN->FN	False
baseline_to_q9_current_AND	Q9_chemistry_plus_growth_demand	0.01	YALI1D04055g	1.0	1.0	FN	FN	FN->FN	False
baseline_to_q9_current_AND	Q9_chemistry_plus_growth_demand	0.05	YALI1D04055g	1.0	1.0	FN	FN	FN->FN	False
baseline_to_q9_current_AND	Q9_chemistry_plus_growth_demand	0.1	YALI1D04055g	1.0	1.0	FN	FN	FN->FN	False
baseline_to_q9_current_AND	Q9_chemistry_plus_growth_demand	0.15	YALI1D04055g	1.0	1.0	FN	FN	FN->FN	False
baseline_to_q9_current_AND	Q9_chemistry_plus_growth_demand	0.01	YALI1D04566g	1.0	1.0	FN	FN	FN->FN	False
baseline_to_q9_current_AND	Q9_chemistry_plus_growth_demand	0.05	YALI1D04566g	1.0	1.0	FN	FN	FN->FN	False
baseline_to_q9_current_AND	Q9_chemistry_plus_growth_demand	0.1	YALI1D04566g	1.0	1.0	FN	FN	FN->FN	False
baseline_to_q9_current_AND	Q9_chemistry_plus_growth_demand	0.15	YALI1D04566g	1.0	1.0	FN	FN	FN->FN	False
baseline_to_q9_current_AND	Q9_chemistry_plus_growth_demand	0.01	YALI1D05038g	1.0	1.0	FN	FN	FN->FN	False
baseline_to_q9_current_AND	Q9_chemistry_plus_growth_demand	0.05	YALI1D05038g	1.0	1.0	FN	FN	FN->FN	False
baseline_to_q9_current_AND	Q9_chemistry_plus_growth_demand	0.1	YALI1D05038g	1.0	1.0	FN	FN	FN->FN	False
baseline_to_q9_current_AND	Q9_chemistry_plus_growth_demand	0.15	YALI1D05038g	1.0	1.0	FN	FN	FN->FN	False
baseline_to_q9_current_AND	Q9_chemistry_plus_growth_demand	0.01	YALI1D05270g	1.0	1.0	FN	FN	FN->FN	False
baseline_to_q9_current_AND	Q9_chemistry_plus_growth_demand	0.05	YALI1D05270g	1.0	1.0	FN	FN	FN->FN	False
baseline_to_q9_current_AND	Q9_chemistry_plus_growth_demand	0.1	YALI1D05270g	1.0	1.0	FN	FN	FN->FN	False
baseline_to_q9_current_AND	Q9_chemistry_plus_growth_demand	0.15	YALI1D05270g	1.0	1.0	FN	FN	FN->FN	False
baseline_to_q9_current_AND	Q9_chemistry_plus_growth_demand	0.01	YALI1D05474g	0.0	0.0	TP	TP	TP->TP	False
baseline_to_q9_current_AND	Q9_chemistry_plus_growth_demand	0.05	YALI1D05474g	0.0	0.0	TP	TP	TP->TP	False
baseline_to_q9_current_AND	Q9_chemistry_plus_growth_demand	0.1	YALI1D05474g	0.0	0.0	TP	TP	TP->TP	False
baseline_to_q9_current_AND	Q9_chemistry_plus_growth_demand	0.15	YALI1D05474g	0.0	0.0	TP	TP	TP->TP	False
baseline_to_q9_current_AND	Q9_chemistry_plus_growth_demand	0.01	YALI1D06302g	1.0	1.0	FN	FN	FN->FN	False
baseline_to_q9_current_AND	Q9_chemistry_plus_growth_demand	0.05	YALI1D06302g	1.0	1.0	FN	FN	FN->FN	False
baseline_to_q9_current_AND	Q9_chemistry_plus_growth_demand	0.1	YALI1D06302g	1.0	1.0	FN	FN	FN->FN	False
baseline_to_q9_current_AND	Q9_chemistry_plus_growth_demand	0.15	YALI1D06302g	1.0	1.0	FN	FN	FN->FN	False
baseline_to_q9_current_AND	Q9_chemistry_plus_growth_demand	0.01	YALI1D06380g	1.0	1.0	FN	FN	FN->FN	False
baseline_to_q9_current_AND	Q9_chemistry_plus_growth_demand	0.05	YALI1D06380g	1.0	1.0	FN	FN	FN->FN	False
baseline_to_q9_current_AND	Q9_chemistry_plus_growth_demand	0.1	YALI1D06380g	1.0	1.0	FN	FN	FN->FN	False
baseline_to_q9_current_AND	Q9_chemistry_plus_growth_demand	0.15	YALI1D06380g	1.0	1.0	FN	FN	FN->FN	False
baseline_to_q9_current_AND	Q9_chemistry_plus_growth_demand	0.01	YALI1D07089g	1.0	1.0	FN	FN	FN->FN	False
baseline_to_q9_current_AND	Q9_chemistry_plus_growth_demand	0.05	YALI1D07089g	1.0	1.0	FN	FN	FN->FN	False
baseline_to_q9_current_AND	Q9_chemistry_plus_growth_demand	0.1	YALI1D07089g	1.0	1.0	FN	FN	FN->FN	False
baseline_to_q9_current_AND	Q9_chemistry_plus_growth_demand	0.15	YALI1D07089g	1.0	1.0	FN	FN	FN->FN	False
baseline_to_q9_current_AND	Q9_chemistry_plus_growth_demand	0.01	YALI1D07232g	0.0	0.0	TP	TP	TP->TP	False
baseline_to_q9_current_AND	Q9_chemistry_plus_growth_demand	0.05	YALI1D07232g	0.0	0.0	TP	TP	TP->TP	False
baseline_to_q9_current_AND	Q9_chemistry_plus_growth_demand	0.1	YALI1D07232g	0.0	0.0	TP	TP	TP->TP	False
baseline_to_q9_current_AND	Q9_chemistry_plus_growth_demand	0.15	YALI1D07232g	0.0	0.0	TP	TP	TP->TP	False
baseline_to_q9_current_AND	Q9_chemistry_plus_growth_demand	0.01	YALI1D07665g	1.0	1.0	FN	FN	FN->FN	False
baseline_to_q9_current_AND	Q9_chemistry_plus_growth_demand	0.05	YALI1D07665g	1.0	1.0	FN	FN	FN->FN	False
baseline_to_q9_current_AND	Q9_chemistry_plus_growth_demand	0.1	YALI1D07665g	1.0	1.0	FN	FN	FN->FN	False
baseline_to_q9_current_AND	Q9_chemistry_plus_growth_demand	0.15	YALI1D07665g	1.0	1.0	FN	FN	FN->FN	False
baseline_to_q9_current_AND	Q9_chemistry_plus_growth_demand	0.01	YALI1D07981g	1.0	1.0	FN	FN	FN->FN	False
baseline_to_q9_current_AND	Q9_chemistry_plus_growth_demand	0.05	YALI1D07981g	1.0	1.0	FN	FN	FN->FN	False
baseline_to_q9_current_AND	Q9_chemistry_plus_growth_demand	0.1	YALI1D07981g	1.0	1.0	FN	FN	FN->FN	False
baseline_to_q9_current_AND	Q9_chemistry_plus_growth_demand	0.15	YALI1D07981g	1.0	1.0	FN	FN	FN->FN	False
baseline_to_q9_current_AND	Q9_chemistry_plus_growth_demand	0.01	YALI1D08000g	1.0	1.0	FN	FN	FN->FN	False
baseline_to_q9_current_AND	Q9_chemistry_plus_growth_demand	0.05	YALI1D08000g	1.0	1.0	FN	FN	FN->FN	False
baseline_to_q9_current_AND	Q9_chemistry_plus_growth_demand	0.1	YALI1D08000g	1.0	1.0	FN	FN	FN->FN	False
baseline_to_q9_current_AND	Q9_chemistry_plus_growth_demand	0.15	YALI1D08000g	1.0	1.0	FN	FN	FN->FN	False
baseline_to_q9_current_AND	Q9_chemistry_plus_growth_demand	0.01	YALI1D08050g	0.0	0.0	TP	TP	TP->TP	False
baseline_to_q9_current_AND	Q9_chemistry_plus_growth_demand	0.05	YALI1D08050g	0.0	0.0	TP	TP	TP->TP	False
baseline_to_q9_current_AND	Q9_chemistry_plus_growth_demand	0.1	YALI1D08050g	0.0	0.0	TP	TP	TP->TP	False
baseline_to_q9_current_AND	Q9_chemistry_plus_growth_demand	0.15	YALI1D08050g	0.0	0.0	TP	TP	TP->TP	False
baseline_to_q9_current_AND	Q9_chemistry_plus_growth_demand	0.01	YALI1D08082g	1.0	1.0	FN	FN	FN->FN	False
baseline_to_q9_current_AND	Q9_chemistry_plus_growth_demand	0.05	YALI1D08082g	1.0	1.0	FN	FN	FN->FN	False
baseline_to_q9_current_AND	Q9_chemistry_plus_growth_demand	0.1	YALI1D08082g	1.0	1.0	FN	FN	FN->FN	False
baseline_to_q9_current_AND	Q9_chemistry_plus_growth_demand	0.15	YALI1D08082g	1.0	1.0	FN	FN	FN->FN	False
baseline_to_q9_current_AND	Q9_chemistry_plus_growth_demand	0.01	YALI1D08339g	1.0	1.0	FN	FN	FN->FN	False
baseline_to_q9_current_AND	Q9_chemistry_plus_growth_demand	0.05	YALI1D08339g	1.0	1.0	FN	FN	FN->FN	False
baseline_to_q9_current_AND	Q9_chemistry_plus_growth_demand	0.1	YALI1D08339g	1.0	1.0	FN	FN	FN->FN	False
baseline_to_q9_current_AND	Q9_chemistry_plus_growth_demand	0.15	YALI1D08339g	1.0	1.0	FN	FN	FN->FN	False
baseline_to_q9_current_AND	Q9_chemistry_plus_growth_demand	0.01	YALI1D10930g	0.0	0.0	TP	TP	TP->TP	False
baseline_to_q9_current_AND	Q9_chemistry_plus_growth_demand	0.05	YALI1D10930g	0.0	0.0	TP	TP	TP->TP	False
baseline_to_q9_current_AND	Q9_chemistry_plus_growth_demand	0.1	YALI1D10930g	0.0	0.0	TP	TP	TP->TP	False
baseline_to_q9_current_AND	Q9_chemistry_plus_growth_demand	0.15	YALI1D10930g	0.0	0.0	TP	TP	TP->TP	False
baseline_to_q9_current_AND	Q9_chemistry_plus_growth_demand	0.01	YALI1D11015g	1.0	1.0	FN	FN	FN->FN	False
baseline_to_q9_current_AND	Q9_chemistry_plus_growth_demand	0.05	YALI1D11015g	1.0	1.0	FN	FN	FN->FN	False
baseline_to_q9_current_AND	Q9_chemistry_plus_growth_demand	0.1	YALI1D11015g	1.0	1.0	FN	FN	FN->FN	False
baseline_to_q9_current_AND	Q9_chemistry_plus_growth_demand	0.15	YALI1D11015g	1.0	1.0	FN	FN	FN->FN	False
baseline_to_q9_current_AND	Q9_chemistry_plus_growth_demand	0.01	YALI1D11769g	0.328811034322	0.329138734168	FN	FN	FN->FN	False
baseline_to_q9_current_AND	Q9_chemistry_plus_growth_demand	0.05	YALI1D11769g	0.328811034322	0.329138734168	FN	FN	FN->FN	False
baseline_to_q9_current_AND	Q9_chemistry_plus_growth_demand	0.1	YALI1D11769g	0.328811034322	0.329138734168	FN	FN	FN->FN	False
baseline_to_q9_current_AND	Q9_chemistry_plus_growth_demand	0.15	YALI1D11769g	0.328811034322	0.329138734168	FN	FN	FN->FN	False
baseline_to_q9_current_AND	Q9_chemistry_plus_growth_demand	0.01	YALI1D11984g	1.0	1.0	FN	FN	FN->FN	False
baseline_to_q9_current_AND	Q9_chemistry_plus_growth_demand	0.05	YALI1D11984g	1.0	1.0	FN	FN	FN->FN	False
baseline_to_q9_current_AND	Q9_chemistry_plus_growth_demand	0.1	YALI1D11984g	1.0	1.0	FN	FN	FN->FN	False
baseline_to_q9_current_AND	Q9_chemistry_plus_growth_demand	0.15	YALI1D11984g	1.0	1.0	FN	FN	FN->FN	False
baseline_to_q9_current_AND	Q9_chemistry_plus_growth_demand	0.01	YALI1D12493g	0.999239667253	0.999239432563	FN	FN	FN->FN	False
baseline_to_q9_current_AND	Q9_chemistry_plus_growth_demand	0.05	YALI1D12493g	0.999239667253	0.999239432563	FN	FN	FN->FN	False
baseline_to_q9_current_AND	Q9_chemistry_plus_growth_demand	0.1	YALI1D12493g	0.999239667253	0.999239432563	FN	FN	FN->FN	False
baseline_to_q9_current_AND	Q9_chemistry_plus_growth_demand	0.15	YALI1D12493g	0.999239667253	0.999239432563	FN	FN	FN->FN	False
baseline_to_q9_current_AND	Q9_chemistry_plus_growth_demand	0.01	YALI1D14260g	0.987160281826	0.987253897313	FN	FN	FN->FN	False
baseline_to_q9_current_AND	Q9_chemistry_plus_growth_demand	0.05	YALI1D14260g	0.987160281826	0.987253897313	FN	FN	FN->FN	False
baseline_to_q9_current_AND	Q9_chemistry_plus_growth_demand	0.1	YALI1D14260g	0.987160281826	0.987253897313	FN	FN	FN->FN	False
baseline_to_q9_current_AND	Q9_chemistry_plus_growth_demand	0.15	YALI1D14260g	0.987160281826	0.987253897313	FN	FN	FN->FN	False
baseline_to_q9_current_AND	Q9_chemistry_plus_growth_demand	0.01	YALI1D14532g	0.18625610738	0.18660121904	FN	FN	FN->FN	False
baseline_to_q9_current_AND	Q9_chemistry_plus_growth_demand	0.05	YALI1D14532g	0.18625610738	0.18660121904	FN	FN	FN->FN	False
baseline_to_q9_current_AND	Q9_chemistry_plus_growth_demand	0.1	YALI1D14532g	0.18625610738	0.18660121904	FN	FN	FN->FN	False
baseline_to_q9_current_AND	Q9_chemistry_plus_growth_demand	0.15	YALI1D14532g	0.18625610738	0.18660121904	FN	FN	FN->FN	False
baseline_to_q9_current_AND	Q9_chemistry_plus_growth_demand	0.01	YALI1D14639g	1.0	1.0	FN	FN	FN->FN	False
baseline_to_q9_current_AND	Q9_chemistry_plus_growth_demand	0.05	YALI1D14639g	1.0	1.0	FN	FN	FN->FN	False
baseline_to_q9_current_AND	Q9_chemistry_plus_growth_demand	0.1	YALI1D14639g	1.0	1.0	FN	FN	FN->FN	False
baseline_to_q9_current_AND	Q9_chemistry_plus_growth_demand	0.15	YALI1D14639g	1.0	1.0	FN	FN	FN->FN	False
baseline_to_q9_current_AND	Q9_chemistry_plus_growth_demand	0.01	YALI1D15063g	0.0	0.0	TP	TP	TP->TP	False
baseline_to_q9_current_AND	Q9_chemistry_plus_growth_demand	0.05	YALI1D15063g	0.0	0.0	TP	TP	TP->TP	False
baseline_to_q9_current_AND	Q9_chemistry_plus_growth_demand	0.1	YALI1D15063g	0.0	0.0	TP	TP	TP->TP	False
baseline_to_q9_current_AND	Q9_chemistry_plus_growth_demand	0.15	YALI1D15063g	0.0	0.0	TP	TP	TP->TP	False
baseline_to_q9_current_AND	Q9_chemistry_plus_growth_demand	0.01	YALI1D15734g	1.0	1.0	FN	FN	FN->FN	False
baseline_to_q9_current_AND	Q9_chemistry_plus_growth_demand	0.05	YALI1D15734g	1.0	1.0	FN	FN	FN->FN	False
baseline_to_q9_current_AND	Q9_chemistry_plus_growth_demand	0.1	YALI1D15734g	1.0	1.0	FN	FN	FN->FN	False
baseline_to_q9_current_AND	Q9_chemistry_plus_growth_demand	0.15	YALI1D15734g	1.0	1.0	FN	FN	FN->FN	False
baseline_to_q9_current_AND	Q9_chemistry_plus_growth_demand	0.01	YALI1D16290g	0.0	0.0	TP	TP	TP->TP	False
baseline_to_q9_current_AND	Q9_chemistry_plus_growth_demand	0.05	YALI1D16290g	0.0	0.0	TP	TP	TP->TP	False
baseline_to_q9_current_AND	Q9_chemistry_plus_growth_demand	0.1	YALI1D16290g	0.0	0.0	TP	TP	TP->TP	False
baseline_to_q9_current_AND	Q9_chemistry_plus_growth_demand	0.15	YALI1D16290g	0.0	0.0	TP	TP	TP->TP	False
baseline_to_q9_current_AND	Q9_chemistry_plus_growth_demand	0.01	YALI1D16809g	0.18625610738	0.18660121904	FN	FN	FN->FN	False
baseline_to_q9_current_AND	Q9_chemistry_plus_growth_demand	0.05	YALI1D16809g	0.18625610738	0.18660121904	FN	FN	FN->FN	False
baseline_to_q9_current_AND	Q9_chemistry_plus_growth_demand	0.1	YALI1D16809g	0.18625610738	0.18660121904	FN	FN	FN->FN	False
baseline_to_q9_current_AND	Q9_chemistry_plus_growth_demand	0.15	YALI1D16809g	0.18625610738	0.18660121904	FN	FN	FN->FN	False
baseline_to_q9_current_AND	Q9_chemistry_plus_growth_demand	0.01	YALI1D17983g	1.0	1.0	FN	FN	FN->FN	False
baseline_to_q9_current_AND	Q9_chemistry_plus_growth_demand	0.05	YALI1D17983g	1.0	1.0	FN	FN	FN->FN	False
baseline_to_q9_current_AND	Q9_chemistry_plus_growth_demand	0.1	YALI1D17983g	1.0	1.0	FN	FN	FN->FN	False
baseline_to_q9_current_AND	Q9_chemistry_plus_growth_demand	0.15	YALI1D17983g	1.0	1.0	FN	FN	FN->FN	False
baseline_to_q9_current_AND	Q9_chemistry_plus_growth_demand	0.01	YALI1D18037g	1.0	1.0	FN	FN	FN->FN	False
baseline_to_q9_current_AND	Q9_chemistry_plus_growth_demand	0.05	YALI1D18037g	1.0	1.0	FN	FN	FN->FN	False
baseline_to_q9_current_AND	Q9_chemistry_plus_growth_demand	0.1	YALI1D18037g	1.0	1.0	FN	FN	FN->FN	False
baseline_to_q9_current_AND	Q9_chemistry_plus_growth_demand	0.15	YALI1D18037g	1.0	1.0	FN	FN	FN->FN	False
baseline_to_q9_current_AND	Q9_chemistry_plus_growth_demand	0.01	YALI1D18130g	0.140574538418	0.140835007259	FN	FN	FN->FN	False
baseline_to_q9_current_AND	Q9_chemistry_plus_growth_demand	0.05	YALI1D18130g	0.140574538418	0.140835007259	FN	FN	FN->FN	False
baseline_to_q9_current_AND	Q9_chemistry_plus_growth_demand	0.1	YALI1D18130g	0.140574538418	0.140835007259	FN	FN	FN->FN	False
baseline_to_q9_current_AND	Q9_chemistry_plus_growth_demand	0.15	YALI1D18130g	0.140574538418	0.140835007259	TP	TP	TP->TP	False
baseline_to_q9_current_AND	Q9_chemistry_plus_growth_demand	0.01	YALI1D18577g	0.0	0.0	TP	TP	TP->TP	False
baseline_to_q9_current_AND	Q9_chemistry_plus_growth_demand	0.05	YALI1D18577g	0.0	0.0	TP	TP	TP->TP	False
baseline_to_q9_current_AND	Q9_chemistry_plus_growth_demand	0.1	YALI1D18577g	0.0	0.0	TP	TP	TP->TP	False
baseline_to_q9_current_AND	Q9_chemistry_plus_growth_demand	0.15	YALI1D18577g	0.0	0.0	TP	TP	TP->TP	False
baseline_to_q9_current_AND	Q9_chemistry_plus_growth_demand	0.01	YALI1D19110g	1.0	1.0	FN	FN	FN->FN	False
baseline_to_q9_current_AND	Q9_chemistry_plus_growth_demand	0.05	YALI1D19110g	1.0	1.0	FN	FN	FN->FN	False
baseline_to_q9_current_AND	Q9_chemistry_plus_growth_demand	0.1	YALI1D19110g	1.0	1.0	FN	FN	FN->FN	False
baseline_to_q9_current_AND	Q9_chemistry_plus_growth_demand	0.15	YALI1D19110g	1.0	1.0	FN	FN	FN->FN	False
baseline_to_q9_current_AND	Q9_chemistry_plus_growth_demand	0.01	YALI1D20222g	0.896714677423	0.896252186517	FN	FN	FN->FN	False
baseline_to_q9_current_AND	Q9_chemistry_plus_growth_demand	0.05	YALI1D20222g	0.896714677423	0.896252186517	FN	FN	FN->FN	False
baseline_to_q9_current_AND	Q9_chemistry_plus_growth_demand	0.1	YALI1D20222g	0.896714677423	0.896252186517	FN	FN	FN->FN	False
baseline_to_q9_current_AND	Q9_chemistry_plus_growth_demand	0.15	YALI1D20222g	0.896714677423	0.896252186517	FN	FN	FN->FN	False
baseline_to_q9_current_AND	Q9_chemistry_plus_growth_demand	0.01	YALI1D20473g	0.0	0.0	TP	TP	TP->TP	False
baseline_to_q9_current_AND	Q9_chemistry_plus_growth_demand	0.05	YALI1D20473g	0.0	0.0	TP	TP	TP->TP	False
baseline_to_q9_current_AND	Q9_chemistry_plus_growth_demand	0.1	YALI1D20473g	0.0	0.0	TP	TP	TP->TP	False
baseline_to_q9_current_AND	Q9_chemistry_plus_growth_demand	0.15	YALI1D20473g	0.0	0.0	TP	TP	TP->TP	False
baseline_to_q9_current_AND	Q9_chemistry_plus_growth_demand	0.01	YALI1D20676g	1.0	1.0	FN	FN	FN->FN	False
baseline_to_q9_current_AND	Q9_chemistry_plus_growth_demand	0.05	YALI1D20676g	1.0	1.0	FN	FN	FN->FN	False
baseline_to_q9_current_AND	Q9_chemistry_plus_growth_demand	0.1	YALI1D20676g	1.0	1.0	FN	FN	FN->FN	False
baseline_to_q9_current_AND	Q9_chemistry_plus_growth_demand	0.15	YALI1D20676g	1.0	1.0	FN	FN	FN->FN	False
baseline_to_q9_current_AND	Q9_chemistry_plus_growth_demand	0.01	YALI1D24361g	0.0	0.0	TP	TP	TP->TP	False
baseline_to_q9_current_AND	Q9_chemistry_plus_growth_demand	0.05	YALI1D24361g	0.0	0.0	TP	TP	TP->TP	False
baseline_to_q9_current_AND	Q9_chemistry_plus_growth_demand	0.1	YALI1D24361g	0.0	0.0	TP	TP	TP->TP	False
baseline_to_q9_current_AND	Q9_chemistry_plus_growth_demand	0.15	YALI1D24361g	0.0	0.0	TP	TP	TP->TP	False
baseline_to_q9_current_AND	Q9_chemistry_plus_growth_demand	0.01	YALI1D24649g	1.0	1.0	FN	FN	FN->FN	False
baseline_to_q9_current_AND	Q9_chemistry_plus_growth_demand	0.05	YALI1D24649g	1.0	1.0	FN	FN	FN->FN	False
baseline_to_q9_current_AND	Q9_chemistry_plus_growth_demand	0.1	YALI1D24649g	1.0	1.0	FN	FN	FN->FN	False
baseline_to_q9_current_AND	Q9_chemistry_plus_growth_demand	0.15	YALI1D24649g	1.0	1.0	FN	FN	FN->FN	False
baseline_to_q9_current_AND	Q9_chemistry_plus_growth_demand	0.01	YALI1D25450g	0.0	0.0	TP	TP	TP->TP	False
baseline_to_q9_current_AND	Q9_chemistry_plus_growth_demand	0.05	YALI1D25450g	0.0	0.0	TP	TP	TP->TP	False
baseline_to_q9_current_AND	Q9_chemistry_plus_growth_demand	0.1	YALI1D25450g	0.0	0.0	TP	TP	TP->TP	False
baseline_to_q9_current_AND	Q9_chemistry_plus_growth_demand	0.15	YALI1D25450g	0.0	0.0	TP	TP	TP->TP	False
baseline_to_q9_current_AND	Q9_chemistry_plus_growth_demand	0.01	YALI1D26360g	1.0	1.0	FN	FN	FN->FN	False
baseline_to_q9_current_AND	Q9_chemistry_plus_growth_demand	0.05	YALI1D26360g	1.0	1.0	FN	FN	FN->FN	False
baseline_to_q9_current_AND	Q9_chemistry_plus_growth_demand	0.1	YALI1D26360g	1.0	1.0	FN	FN	FN->FN	False
baseline_to_q9_current_AND	Q9_chemistry_plus_growth_demand	0.15	YALI1D26360g	1.0	1.0	FN	FN	FN->FN	False
baseline_to_q9_current_AND	Q9_chemistry_plus_growth_demand	0.01	YALI1D27148g	0.0	0.0	TP	TP	TP->TP	False
baseline_to_q9_current_AND	Q9_chemistry_plus_growth_demand	0.05	YALI1D27148g	0.0	0.0	TP	TP	TP->TP	False
baseline_to_q9_current_AND	Q9_chemistry_plus_growth_demand	0.1	YALI1D27148g	0.0	0.0	TP	TP	TP->TP	False
baseline_to_q9_current_AND	Q9_chemistry_plus_growth_demand	0.15	YALI1D27148g	0.0	0.0	TP	TP	TP->TP	False
baseline_to_q9_current_AND	Q9_chemistry_plus_growth_demand	0.01	YALI1D27274g	0.999999218921	0.999999220365	FN	FN	FN->FN	False
baseline_to_q9_current_AND	Q9_chemistry_plus_growth_demand	0.05	YALI1D27274g	0.999999218921	0.999999220365	FN	FN	FN->FN	False
baseline_to_q9_current_AND	Q9_chemistry_plus_growth_demand	0.1	YALI1D27274g	0.999999218921	0.999999220365	FN	FN	FN->FN	False
baseline_to_q9_current_AND	Q9_chemistry_plus_growth_demand	0.15	YALI1D27274g	0.999999218921	0.999999220365	FN	FN	FN->FN	False
baseline_to_q9_current_AND	Q9_chemistry_plus_growth_demand	0.01	YALI1D27826g	1.0	1.0	FN	FN	FN->FN	False
baseline_to_q9_current_AND	Q9_chemistry_plus_growth_demand	0.05	YALI1D27826g	1.0	1.0	FN	FN	FN->FN	False
baseline_to_q9_current_AND	Q9_chemistry_plus_growth_demand	0.1	YALI1D27826g	1.0	1.0	FN	FN	FN->FN	False
baseline_to_q9_current_AND	Q9_chemistry_plus_growth_demand	0.15	YALI1D27826g	1.0	1.0	FN	FN	FN->FN	False
baseline_to_q9_current_AND	Q9_chemistry_plus_growth_demand	0.01	YALI1D29481g	0.061205762303	0.061319169711	FN	FN	FN->FN	False
baseline_to_q9_current_AND	Q9_chemistry_plus_growth_demand	0.05	YALI1D29481g	0.061205762303	0.061319169711	FN	FN	FN->FN	False
baseline_to_q9_current_AND	Q9_chemistry_plus_growth_demand	0.1	YALI1D29481g	0.061205762303	0.061319169711	TP	TP	TP->TP	False
baseline_to_q9_current_AND	Q9_chemistry_plus_growth_demand	0.15	YALI1D29481g	0.061205762303	0.061319169711	TP	TP	TP->TP	False
baseline_to_q9_current_AND	Q9_chemistry_plus_growth_demand	0.01	YALI1D30256g	0.987160281826	0.987253897313	FN	FN	FN->FN	False
baseline_to_q9_current_AND	Q9_chemistry_plus_growth_demand	0.05	YALI1D30256g	0.987160281826	0.987253897313	FN	FN	FN->FN	False
baseline_to_q9_current_AND	Q9_chemistry_plus_growth_demand	0.1	YALI1D30256g	0.987160281826	0.987253897313	FN	FN	FN->FN	False
baseline_to_q9_current_AND	Q9_chemistry_plus_growth_demand	0.15	YALI1D30256g	0.987160281826	0.987253897313	FN	FN	FN->FN	False
baseline_to_q9_current_AND	Q9_chemistry_plus_growth_demand	0.01	YALI1D30570g	1.0	1.0	FN	FN	FN->FN	False
baseline_to_q9_current_AND	Q9_chemistry_plus_growth_demand	0.05	YALI1D30570g	1.0	1.0	FN	FN	FN->FN	False
baseline_to_q9_current_AND	Q9_chemistry_plus_growth_demand	0.1	YALI1D30570g	1.0	1.0	FN	FN	FN->FN	False
baseline_to_q9_current_AND	Q9_chemistry_plus_growth_demand	0.15	YALI1D30570g	1.0	1.0	FN	FN	FN->FN	False
baseline_to_q9_current_AND	Q9_chemistry_plus_growth_demand	0.01	YALI1D30618g	1.0	1.0	FN	FN	FN->FN	False
baseline_to_q9_current_AND	Q9_chemistry_plus_growth_demand	0.05	YALI1D30618g	1.0	1.0	FN	FN	FN->FN	False
baseline_to_q9_current_AND	Q9_chemistry_plus_growth_demand	0.1	YALI1D30618g	1.0	1.0	FN	FN	FN->FN	False
baseline_to_q9_current_AND	Q9_chemistry_plus_growth_demand	0.15	YALI1D30618g	1.0	1.0	FN	FN	FN->FN	False
baseline_to_q9_current_AND	Q9_chemistry_plus_growth_demand	0.01	YALI1D32550g	1.0	1.0	FN	FN	FN->FN	False
baseline_to_q9_current_AND	Q9_chemistry_plus_growth_demand	0.05	YALI1D32550g	1.0	1.0	FN	FN	FN->FN	False
baseline_to_q9_current_AND	Q9_chemistry_plus_growth_demand	0.1	YALI1D32550g	1.0	1.0	FN	FN	FN->FN	False
baseline_to_q9_current_AND	Q9_chemistry_plus_growth_demand	0.15	YALI1D32550g	1.0	1.0	FN	FN	FN->FN	False
baseline_to_q9_current_AND	Q9_chemistry_plus_growth_demand	0.01	YALI1D32594g	1.0	1.0	FN	FN	FN->FN	False
baseline_to_q9_current_AND	Q9_chemistry_plus_growth_demand	0.05	YALI1D32594g	1.0	1.0	FN	FN	FN->FN	False
baseline_to_q9_current_AND	Q9_chemistry_plus_growth_demand	0.1	YALI1D32594g	1.0	1.0	FN	FN	FN->FN	False
baseline_to_q9_current_AND	Q9_chemistry_plus_growth_demand	0.15	YALI1D32594g	1.0	1.0	FN	FN	FN->FN	False
baseline_to_q9_current_AND	Q9_chemistry_plus_growth_demand	0.01	YALI1D33465g	1.0	1.0	FN	FN	FN->FN	False
baseline_to_q9_current_AND	Q9_chemistry_plus_growth_demand	0.05	YALI1D33465g	1.0	1.0	FN	FN	FN->FN	False
baseline_to_q9_current_AND	Q9_chemistry_plus_growth_demand	0.1	YALI1D33465g	1.0	1.0	FN	FN	FN->FN	False
baseline_to_q9_current_AND	Q9_chemistry_plus_growth_demand	0.15	YALI1D33465g	1.0	1.0	FN	FN	FN->FN	False
baseline_to_q9_current_AND	Q9_chemistry_plus_growth_demand	0.01	YALI1D33780g	1.0	1.0	FN	FN	FN->FN	False
baseline_to_q9_current_AND	Q9_chemistry_plus_growth_demand	0.05	YALI1D33780g	1.0	1.0	FN	FN	FN->FN	False
baseline_to_q9_current_AND	Q9_chemistry_plus_growth_demand	0.1	YALI1D33780g	1.0	1.0	FN	FN	FN->FN	False
baseline_to_q9_current_AND	Q9_chemistry_plus_growth_demand	0.15	YALI1D33780g	1.0	1.0	FN	FN	FN->FN	False
baseline_to_q9_current_AND	Q9_chemistry_plus_growth_demand	0.01	YALI1D33889g	1.0	1.0	FN	FN	FN->FN	False
baseline_to_q9_current_AND	Q9_chemistry_plus_growth_demand	0.05	YALI1D33889g	1.0	1.0	FN	FN	FN->FN	False
baseline_to_q9_current_AND	Q9_chemistry_plus_growth_demand	0.1	YALI1D33889g	1.0	1.0	FN	FN	FN->FN	False
baseline_to_q9_current_AND	Q9_chemistry_plus_growth_demand	0.15	YALI1D33889g	1.0	1.0	FN	FN	FN->FN	False
baseline_to_q9_current_AND	Q9_chemistry_plus_growth_demand	0.01	YALI1D34288g	1.0	1.0	FN	FN	FN->FN	False
baseline_to_q9_current_AND	Q9_chemistry_plus_growth_demand	0.05	YALI1D34288g	1.0	1.0	FN	FN	FN->FN	False
baseline_to_q9_current_AND	Q9_chemistry_plus_growth_demand	0.1	YALI1D34288g	1.0	1.0	FN	FN	FN->FN	False
baseline_to_q9_current_AND	Q9_chemistry_plus_growth_demand	0.15	YALI1D34288g	1.0	1.0	FN	FN	FN->FN	False
baseline_to_q9_current_AND	Q9_chemistry_plus_growth_demand	0.01	YALI1D34865g	0.140574538418	0.140835007259	FN	FN	FN->FN	False
baseline_to_q9_current_AND	Q9_chemistry_plus_growth_demand	0.05	YALI1D34865g	0.140574538418	0.140835007259	FN	FN	FN->FN	False
baseline_to_q9_current_AND	Q9_chemistry_plus_growth_demand	0.1	YALI1D34865g	0.140574538418	0.140835007259	FN	FN	FN->FN	False
baseline_to_q9_current_AND	Q9_chemistry_plus_growth_demand	0.15	YALI1D34865g	0.140574538418	0.140835007259	TP	TP	TP->TP	False
baseline_to_q9_current_AND	Q9_chemistry_plus_growth_demand	0.01	YALI1E00574g	1.0	1.0	FN	FN	FN->FN	False
baseline_to_q9_current_AND	Q9_chemistry_plus_growth_demand	0.05	YALI1E00574g	1.0	1.0	FN	FN	FN->FN	False
baseline_to_q9_current_AND	Q9_chemistry_plus_growth_demand	0.1	YALI1E00574g	1.0	1.0	FN	FN	FN->FN	False
baseline_to_q9_current_AND	Q9_chemistry_plus_growth_demand	0.15	YALI1E00574g	1.0	1.0	FN	FN	FN->FN	False
baseline_to_q9_current_AND	Q9_chemistry_plus_growth_demand	0.01	YALI1E01159g	1.0	1.0	FN	FN	FN->FN	False
baseline_to_q9_current_AND	Q9_chemistry_plus_growth_demand	0.05	YALI1E01159g	1.0	1.0	FN	FN	FN->FN	False
baseline_to_q9_current_AND	Q9_chemistry_plus_growth_demand	0.1	YALI1E01159g	1.0	1.0	FN	FN	FN->FN	False
baseline_to_q9_current_AND	Q9_chemistry_plus_growth_demand	0.15	YALI1E01159g	1.0	1.0	FN	FN	FN->FN	False
baseline_to_q9_current_AND	Q9_chemistry_plus_growth_demand	0.01	YALI1E01793g	0.10881714958	0.109018775544	FN	FN	FN->FN	False
baseline_to_q9_current_AND	Q9_chemistry_plus_growth_demand	0.05	YALI1E01793g	0.10881714958	0.109018775544	FN	FN	FN->FN	False
baseline_to_q9_current_AND	Q9_chemistry_plus_growth_demand	0.1	YALI1E01793g	0.10881714958	0.109018775544	FN	FN	FN->FN	False
baseline_to_q9_current_AND	Q9_chemistry_plus_growth_demand	0.15	YALI1E01793g	0.10881714958	0.109018775544	TP	TP	TP->TP	False
baseline_to_q9_current_AND	Q9_chemistry_plus_growth_demand	0.01	YALI1E02885g	1.0	1.0	FN	FN	FN->FN	False
baseline_to_q9_current_AND	Q9_chemistry_plus_growth_demand	0.05	YALI1E02885g	1.0	1.0	FN	FN	FN->FN	False
baseline_to_q9_current_AND	Q9_chemistry_plus_growth_demand	0.1	YALI1E02885g	1.0	1.0	FN	FN	FN->FN	False
baseline_to_q9_current_AND	Q9_chemistry_plus_growth_demand	0.15	YALI1E02885g	1.0	1.0	FN	FN	FN->FN	False
baseline_to_q9_current_AND	Q9_chemistry_plus_growth_demand	0.01	YALI1E03387g	0.061205762303	0.061319169711	FN	FN	FN->FN	False
baseline_to_q9_current_AND	Q9_chemistry_plus_growth_demand	0.05	YALI1E03387g	0.061205762303	0.061319169711	FN	FN	FN->FN	False
baseline_to_q9_current_AND	Q9_chemistry_plus_growth_demand	0.1	YALI1E03387g	0.061205762303	0.061319169711	TP	TP	TP->TP	False
baseline_to_q9_current_AND	Q9_chemistry_plus_growth_demand	0.15	YALI1E03387g	0.061205762303	0.061319169711	TP	TP	TP->TP	False
baseline_to_q9_current_AND	Q9_chemistry_plus_growth_demand	0.01	YALI1E03762g	0.0	0.0	TP	TP	TP->TP	False
baseline_to_q9_current_AND	Q9_chemistry_plus_growth_demand	0.05	YALI1E03762g	0.0	0.0	TP	TP	TP->TP	False
baseline_to_q9_current_AND	Q9_chemistry_plus_growth_demand	0.1	YALI1E03762g	0.0	0.0	TP	TP	TP->TP	False
baseline_to_q9_current_AND	Q9_chemistry_plus_growth_demand	0.15	YALI1E03762g	0.0	0.0	TP	TP	TP->TP	False
baseline_to_q9_current_AND	Q9_chemistry_plus_growth_demand	0.01	YALI1E04744g	1.0	1.0	FN	FN	FN->FN	False
baseline_to_q9_current_AND	Q9_chemistry_plus_growth_demand	0.05	YALI1E04744g	1.0	1.0	FN	FN	FN->FN	False
baseline_to_q9_current_AND	Q9_chemistry_plus_growth_demand	0.1	YALI1E04744g	1.0	1.0	FN	FN	FN->FN	False
baseline_to_q9_current_AND	Q9_chemistry_plus_growth_demand	0.15	YALI1E04744g	1.0	1.0	FN	FN	FN->FN	False
baseline_to_q9_current_AND	Q9_chemistry_plus_growth_demand	0.01	YALI1E05833g	1.0	1.0	FN	FN	FN->FN	False
baseline_to_q9_current_AND	Q9_chemistry_plus_growth_demand	0.05	YALI1E05833g	1.0	1.0	FN	FN	FN->FN	False
baseline_to_q9_current_AND	Q9_chemistry_plus_growth_demand	0.1	YALI1E05833g	1.0	1.0	FN	FN	FN->FN	False
baseline_to_q9_current_AND	Q9_chemistry_plus_growth_demand	0.15	YALI1E05833g	1.0	1.0	FN	FN	FN->FN	False
baseline_to_q9_current_AND	Q9_chemistry_plus_growth_demand	0.01	YALI1E05907g	0.0	0.0	TP	TP	TP->TP	False
baseline_to_q9_current_AND	Q9_chemistry_plus_growth_demand	0.05	YALI1E05907g	0.0	0.0	TP	TP	TP->TP	False
baseline_to_q9_current_AND	Q9_chemistry_plus_growth_demand	0.1	YALI1E05907g	0.0	0.0	TP	TP	TP->TP	False
baseline_to_q9_current_AND	Q9_chemistry_plus_growth_demand	0.15	YALI1E05907g	0.0	0.0	TP	TP	TP->TP	False
baseline_to_q9_current_AND	Q9_chemistry_plus_growth_demand	0.01	YALI1E05929g	1.0	1.0	FN	FN	FN->FN	False
baseline_to_q9_current_AND	Q9_chemistry_plus_growth_demand	0.05	YALI1E05929g	1.0	1.0	FN	FN	FN->FN	False
baseline_to_q9_current_AND	Q9_chemistry_plus_growth_demand	0.1	YALI1E05929g	1.0	1.0	FN	FN	FN->FN	False
baseline_to_q9_current_AND	Q9_chemistry_plus_growth_demand	0.15	YALI1E05929g	1.0	1.0	FN	FN	FN->FN	False
baseline_to_q9_current_AND	Q9_chemistry_plus_growth_demand	0.01	YALI1E05963g	0.10881714958	0.109018775544	FN	FN	FN->FN	False
baseline_to_q9_current_AND	Q9_chemistry_plus_growth_demand	0.05	YALI1E05963g	0.10881714958	0.109018775544	FN	FN	FN->FN	False
baseline_to_q9_current_AND	Q9_chemistry_plus_growth_demand	0.1	YALI1E05963g	0.10881714958	0.109018775544	FN	FN	FN->FN	False
baseline_to_q9_current_AND	Q9_chemistry_plus_growth_demand	0.15	YALI1E05963g	0.10881714958	0.109018775544	TP	TP	TP->TP	False
baseline_to_q9_current_AND	Q9_chemistry_plus_growth_demand	0.01	YALI1E06015g	1.0	1.0	FN	FN	FN->FN	False
baseline_to_q9_current_AND	Q9_chemistry_plus_growth_demand	0.05	YALI1E06015g	1.0	1.0	FN	FN	FN->FN	False
baseline_to_q9_current_AND	Q9_chemistry_plus_growth_demand	0.1	YALI1E06015g	1.0	1.0	FN	FN	FN->FN	False
baseline_to_q9_current_AND	Q9_chemistry_plus_growth_demand	0.15	YALI1E06015g	1.0	1.0	FN	FN	FN->FN	False
baseline_to_q9_current_AND	Q9_chemistry_plus_growth_demand	0.01	YALI1E06759g	0.0	0.0	TP	TP	TP->TP	False
baseline_to_q9_current_AND	Q9_chemistry_plus_growth_demand	0.05	YALI1E06759g	0.0	0.0	TP	TP	TP->TP	False
baseline_to_q9_current_AND	Q9_chemistry_plus_growth_demand	0.1	YALI1E06759g	0.0	0.0	TP	TP	TP->TP	False
baseline_to_q9_current_AND	Q9_chemistry_plus_growth_demand	0.15	YALI1E06759g	0.0	0.0	TP	TP	TP->TP	False
baseline_to_q9_current_AND	Q9_chemistry_plus_growth_demand	0.01	YALI1E07347g	0.0	0.0	TP	TP	TP->TP	False
baseline_to_q9_current_AND	Q9_chemistry_plus_growth_demand	0.05	YALI1E07347g	0.0	0.0	TP	TP	TP->TP	False
baseline_to_q9_current_AND	Q9_chemistry_plus_growth_demand	0.1	YALI1E07347g	0.0	0.0	TP	TP	TP->TP	False
baseline_to_q9_current_AND	Q9_chemistry_plus_growth_demand	0.15	YALI1E07347g	0.0	0.0	TP	TP	TP->TP	False
baseline_to_q9_current_AND	Q9_chemistry_plus_growth_demand	0.01	YALI1E07506g	0.0	0.0	TP	TP	TP->TP	False
baseline_to_q9_current_AND	Q9_chemistry_plus_growth_demand	0.05	YALI1E07506g	0.0	0.0	TP	TP	TP->TP	False
baseline_to_q9_current_AND	Q9_chemistry_plus_growth_demand	0.1	YALI1E07506g	0.0	0.0	TP	TP	TP->TP	False
baseline_to_q9_current_AND	Q9_chemistry_plus_growth_demand	0.15	YALI1E07506g	0.0	0.0	TP	TP	TP->TP	False
baseline_to_q9_current_AND	Q9_chemistry_plus_growth_demand	0.01	YALI1E07744g	1.0	1.0	FN	FN	FN->FN	False
baseline_to_q9_current_AND	Q9_chemistry_plus_growth_demand	0.05	YALI1E07744g	1.0	1.0	FN	FN	FN->FN	False
baseline_to_q9_current_AND	Q9_chemistry_plus_growth_demand	0.1	YALI1E07744g	1.0	1.0	FN	FN	FN->FN	False
baseline_to_q9_current_AND	Q9_chemistry_plus_growth_demand	0.15	YALI1E07744g	1.0	1.0	FN	FN	FN->FN	False
baseline_to_q9_current_AND	Q9_chemistry_plus_growth_demand	0.01	YALI1E08382g	0.999239667253	0.999239432563	FN	FN	FN->FN	False
baseline_to_q9_current_AND	Q9_chemistry_plus_growth_demand	0.05	YALI1E08382g	0.999239667253	0.999239432563	FN	FN	FN->FN	False
baseline_to_q9_current_AND	Q9_chemistry_plus_growth_demand	0.1	YALI1E08382g	0.999239667253	0.999239432563	FN	FN	FN->FN	False
baseline_to_q9_current_AND	Q9_chemistry_plus_growth_demand	0.15	YALI1E08382g	0.999239667253	0.999239432563	FN	FN	FN->FN	False
baseline_to_q9_current_AND	Q9_chemistry_plus_growth_demand	0.01	YALI1E08530g	1.0	1.0	FN	FN	FN->FN	False
baseline_to_q9_current_AND	Q9_chemistry_plus_growth_demand	0.05	YALI1E08530g	1.0	1.0	FN	FN	FN->FN	False
baseline_to_q9_current_AND	Q9_chemistry_plus_growth_demand	0.1	YALI1E08530g	1.0	1.0	FN	FN	FN->FN	False
baseline_to_q9_current_AND	Q9_chemistry_plus_growth_demand	0.15	YALI1E08530g	1.0	1.0	FN	FN	FN->FN	False
baseline_to_q9_current_AND	Q9_chemistry_plus_growth_demand	0.01	YALI1E10492g	1.0	1.0	FN	FN	FN->FN	False
baseline_to_q9_current_AND	Q9_chemistry_plus_growth_demand	0.05	YALI1E10492g	1.0	1.0	FN	FN	FN->FN	False
baseline_to_q9_current_AND	Q9_chemistry_plus_growth_demand	0.1	YALI1E10492g	1.0	1.0	FN	FN	FN->FN	False
baseline_to_q9_current_AND	Q9_chemistry_plus_growth_demand	0.15	YALI1E10492g	1.0	1.0	FN	FN	FN->FN	False
baseline_to_q9_current_AND	Q9_chemistry_plus_growth_demand	0.01	YALI1E11370g	1.0	1.0	FN	FN	FN->FN	False
baseline_to_q9_current_AND	Q9_chemistry_plus_growth_demand	0.05	YALI1E11370g	1.0	1.0	FN	FN	FN->FN	False
baseline_to_q9_current_AND	Q9_chemistry_plus_growth_demand	0.1	YALI1E11370g	1.0	1.0	FN	FN	FN->FN	False
baseline_to_q9_current_AND	Q9_chemistry_plus_growth_demand	0.15	YALI1E11370g	1.0	1.0	FN	FN	FN->FN	False
baseline_to_q9_current_AND	Q9_chemistry_plus_growth_demand	0.01	YALI1E11415g	1.0	1.0	FN	FN	FN->FN	False
baseline_to_q9_current_AND	Q9_chemistry_plus_growth_demand	0.05	YALI1E11415g	1.0	1.0	FN	FN	FN->FN	False
baseline_to_q9_current_AND	Q9_chemistry_plus_growth_demand	0.1	YALI1E11415g	1.0	1.0	FN	FN	FN->FN	False
baseline_to_q9_current_AND	Q9_chemistry_plus_growth_demand	0.15	YALI1E11415g	1.0	1.0	FN	FN	FN->FN	False
baseline_to_q9_current_AND	Q9_chemistry_plus_growth_demand	0.01	YALI1E12482g	1.0	1.0	FN	FN	FN->FN	False
baseline_to_q9_current_AND	Q9_chemistry_plus_growth_demand	0.05	YALI1E12482g	1.0	1.0	FN	FN	FN->FN	False
baseline_to_q9_current_AND	Q9_chemistry_plus_growth_demand	0.1	YALI1E12482g	1.0	1.0	FN	FN	FN->FN	False
baseline_to_q9_current_AND	Q9_chemistry_plus_growth_demand	0.15	YALI1E12482g	1.0	1.0	FN	FN	FN->FN	False
baseline_to_q9_current_AND	Q9_chemistry_plus_growth_demand	0.01	YALI1E12730g	1.0	1.0	FN	FN	FN->FN	False
baseline_to_q9_current_AND	Q9_chemistry_plus_growth_demand	0.05	YALI1E12730g	1.0	1.0	FN	FN	FN->FN	False
baseline_to_q9_current_AND	Q9_chemistry_plus_growth_demand	0.1	YALI1E12730g	1.0	1.0	FN	FN	FN->FN	False
baseline_to_q9_current_AND	Q9_chemistry_plus_growth_demand	0.15	YALI1E12730g	1.0	1.0	FN	FN	FN->FN	False
baseline_to_q9_current_AND	Q9_chemistry_plus_growth_demand	0.01	YALI1E14125g	1.0	1.0	FN	FN	FN->FN	False
baseline_to_q9_current_AND	Q9_chemistry_plus_growth_demand	0.05	YALI1E14125g	1.0	1.0	FN	FN	FN->FN	False
baseline_to_q9_current_AND	Q9_chemistry_plus_growth_demand	0.1	YALI1E14125g	1.0	1.0	FN	FN	FN->FN	False
baseline_to_q9_current_AND	Q9_chemistry_plus_growth_demand	0.15	YALI1E14125g	1.0	1.0	FN	FN	FN->FN	False
baseline_to_q9_current_AND	Q9_chemistry_plus_growth_demand	0.01	YALI1E14925g	1.0	1.0	FN	FN	FN->FN	False
baseline_to_q9_current_AND	Q9_chemistry_plus_growth_demand	0.05	YALI1E14925g	1.0	1.0	FN	FN	FN->FN	False
baseline_to_q9_current_AND	Q9_chemistry_plus_growth_demand	0.1	YALI1E14925g	1.0	1.0	FN	FN	FN->FN	False
baseline_to_q9_current_AND	Q9_chemistry_plus_growth_demand	0.15	YALI1E14925g	1.0	1.0	FN	FN	FN->FN	False
baseline_to_q9_current_AND	Q9_chemistry_plus_growth_demand	0.01	YALI1E15432g	0.0	0.0	TP	TP	TP->TP	False
baseline_to_q9_current_AND	Q9_chemistry_plus_growth_demand	0.05	YALI1E15432g	0.0	0.0	TP	TP	TP->TP	False
baseline_to_q9_current_AND	Q9_chemistry_plus_growth_demand	0.1	YALI1E15432g	0.0	0.0	TP	TP	TP->TP	False
baseline_to_q9_current_AND	Q9_chemistry_plus_growth_demand	0.15	YALI1E15432g	0.0	0.0	TP	TP	TP->TP	False
baseline_to_q9_current_AND	Q9_chemistry_plus_growth_demand	0.01	YALI1E15606g	1.0	1.0	FN	FN	FN->FN	False
baseline_to_q9_current_AND	Q9_chemistry_plus_growth_demand	0.05	YALI1E15606g	1.0	1.0	FN	FN	FN->FN	False
baseline_to_q9_current_AND	Q9_chemistry_plus_growth_demand	0.1	YALI1E15606g	1.0	1.0	FN	FN	FN->FN	False
baseline_to_q9_current_AND	Q9_chemistry_plus_growth_demand	0.15	YALI1E15606g	1.0	1.0	FN	FN	FN->FN	False
baseline_to_q9_current_AND	Q9_chemistry_plus_growth_demand	0.01	YALI1E15659g	0.102314677433	0.098822393417	FN	FN	FN->FN	False
baseline_to_q9_current_AND	Q9_chemistry_plus_growth_demand	0.05	YALI1E15659g	0.102314677433	0.098822393417	FN	FN	FN->FN	False
baseline_to_q9_current_AND	Q9_chemistry_plus_growth_demand	0.1	YALI1E15659g	0.102314677433	0.098822393417	FN	TP	FN->TP	True
baseline_to_q9_current_AND	Q9_chemistry_plus_growth_demand	0.15	YALI1E15659g	0.102314677433	0.098822393417	TP	TP	TP->TP	False
baseline_to_q9_current_AND	Q9_chemistry_plus_growth_demand	0.01	YALI1E16694g	1.0	1.0	FN	FN	FN->FN	False
baseline_to_q9_current_AND	Q9_chemistry_plus_growth_demand	0.05	YALI1E16694g	1.0	1.0	FN	FN	FN->FN	False
baseline_to_q9_current_AND	Q9_chemistry_plus_growth_demand	0.1	YALI1E16694g	1.0	1.0	FN	FN	FN->FN	False
baseline_to_q9_current_AND	Q9_chemistry_plus_growth_demand	0.15	YALI1E16694g	1.0	1.0	FN	FN	FN->FN	False
baseline_to_q9_current_AND	Q9_chemistry_plus_growth_demand	0.01	YALI1E17162g	1.0	1.0	FN	FN	FN->FN	False
baseline_to_q9_current_AND	Q9_chemistry_plus_growth_demand	0.05	YALI1E17162g	1.0	1.0	FN	FN	FN->FN	False
baseline_to_q9_current_AND	Q9_chemistry_plus_growth_demand	0.1	YALI1E17162g	1.0	1.0	FN	FN	FN->FN	False
baseline_to_q9_current_AND	Q9_chemistry_plus_growth_demand	0.15	YALI1E17162g	1.0	1.0	FN	FN	FN->FN	False
baseline_to_q9_current_AND	Q9_chemistry_plus_growth_demand	0.01	YALI1E17431g	0.0	0.0	TP	TP	TP->TP	False
baseline_to_q9_current_AND	Q9_chemistry_plus_growth_demand	0.05	YALI1E17431g	0.0	0.0	TP	TP	TP->TP	False
baseline_to_q9_current_AND	Q9_chemistry_plus_growth_demand	0.1	YALI1E17431g	0.0	0.0	TP	TP	TP->TP	False
baseline_to_q9_current_AND	Q9_chemistry_plus_growth_demand	0.15	YALI1E17431g	0.0	0.0	TP	TP	TP->TP	False
baseline_to_q9_current_AND	Q9_chemistry_plus_growth_demand	0.01	YALI1E17574g	0.0	0.0	TP	TP	TP->TP	False
baseline_to_q9_current_AND	Q9_chemistry_plus_growth_demand	0.05	YALI1E17574g	0.0	0.0	TP	TP	TP->TP	False
baseline_to_q9_current_AND	Q9_chemistry_plus_growth_demand	0.1	YALI1E17574g	0.0	0.0	TP	TP	TP->TP	False
baseline_to_q9_current_AND	Q9_chemistry_plus_growth_demand	0.15	YALI1E17574g	0.0	0.0	TP	TP	TP->TP	False
baseline_to_q9_current_AND	Q9_chemistry_plus_growth_demand	0.01	YALI1E18269g	1.0	0.0	FN	TP	FN->TP	True
baseline_to_q9_current_AND	Q9_chemistry_plus_growth_demand	0.05	YALI1E18269g	1.0	0.0	FN	TP	FN->TP	True
baseline_to_q9_current_AND	Q9_chemistry_plus_growth_demand	0.1	YALI1E18269g	1.0	0.0	FN	TP	FN->TP	True
baseline_to_q9_current_AND	Q9_chemistry_plus_growth_demand	0.15	YALI1E18269g	1.0	0.0	FN	TP	FN->TP	True
baseline_to_q9_current_AND	Q9_chemistry_plus_growth_demand	0.01	YALI1E18961g	0.0	0.0	TP	TP	TP->TP	False
baseline_to_q9_current_AND	Q9_chemistry_plus_growth_demand	0.05	YALI1E18961g	0.0	0.0	TP	TP	TP->TP	False
baseline_to_q9_current_AND	Q9_chemistry_plus_growth_demand	0.1	YALI1E18961g	0.0	0.0	TP	TP	TP->TP	False
baseline_to_q9_current_AND	Q9_chemistry_plus_growth_demand	0.15	YALI1E18961g	0.0	0.0	TP	TP	TP->TP	False
baseline_to_q9_current_AND	Q9_chemistry_plus_growth_demand	0.01	YALI1E19647g	1.0	1.0	FN	FN	FN->FN	False
baseline_to_q9_current_AND	Q9_chemistry_plus_growth_demand	0.05	YALI1E19647g	1.0	1.0	FN	FN	FN->FN	False
baseline_to_q9_current_AND	Q9_chemistry_plus_growth_demand	0.1	YALI1E19647g	1.0	1.0	FN	FN	FN->FN	False
baseline_to_q9_current_AND	Q9_chemistry_plus_growth_demand	0.15	YALI1E19647g	1.0	1.0	FN	FN	FN->FN	False
baseline_to_q9_current_AND	Q9_chemistry_plus_growth_demand	0.01	YALI1E19682g	1.0	1.0	FN	FN	FN->FN	False
baseline_to_q9_current_AND	Q9_chemistry_plus_growth_demand	0.05	YALI1E19682g	1.0	1.0	FN	FN	FN->FN	False
baseline_to_q9_current_AND	Q9_chemistry_plus_growth_demand	0.1	YALI1E19682g	1.0	1.0	FN	FN	FN->FN	False
baseline_to_q9_current_AND	Q9_chemistry_plus_growth_demand	0.15	YALI1E19682g	1.0	1.0	FN	FN	FN->FN	False
baseline_to_q9_current_AND	Q9_chemistry_plus_growth_demand	0.01	YALI1E19902g	1.0	1.0	FN	FN	FN->FN	False
baseline_to_q9_current_AND	Q9_chemistry_plus_growth_demand	0.05	YALI1E19902g	1.0	1.0	FN	FN	FN->FN	False
baseline_to_q9_current_AND	Q9_chemistry_plus_growth_demand	0.1	YALI1E19902g	1.0	1.0	FN	FN	FN->FN	False
baseline_to_q9_current_AND	Q9_chemistry_plus_growth_demand	0.15	YALI1E19902g	1.0	1.0	FN	FN	FN->FN	False
baseline_to_q9_current_AND	Q9_chemistry_plus_growth_demand	0.01	YALI1E20192g	1.0	1.0	FN	FN	FN->FN	False
baseline_to_q9_current_AND	Q9_chemistry_plus_growth_demand	0.05	YALI1E20192g	1.0	1.0	FN	FN	FN->FN	False
baseline_to_q9_current_AND	Q9_chemistry_plus_growth_demand	0.1	YALI1E20192g	1.0	1.0	FN	FN	FN->FN	False
baseline_to_q9_current_AND	Q9_chemistry_plus_growth_demand	0.15	YALI1E20192g	1.0	1.0	FN	FN	FN->FN	False
baseline_to_q9_current_AND	Q9_chemistry_plus_growth_demand	0.01	YALI1E20626g	1.0	1.0	FN	FN	FN->FN	False
baseline_to_q9_current_AND	Q9_chemistry_plus_growth_demand	0.05	YALI1E20626g	1.0	1.0	FN	FN	FN->FN	False
baseline_to_q9_current_AND	Q9_chemistry_plus_growth_demand	0.1	YALI1E20626g	1.0	1.0	FN	FN	FN->FN	False
baseline_to_q9_current_AND	Q9_chemistry_plus_growth_demand	0.15	YALI1E20626g	1.0	1.0	FN	FN	FN->FN	False
baseline_to_q9_current_AND	Q9_chemistry_plus_growth_demand	0.01	YALI1E20751g	0.225422583486	0.225840266231	FN	FN	FN->FN	False
baseline_to_q9_current_AND	Q9_chemistry_plus_growth_demand	0.05	YALI1E20751g	0.225422583486	0.225840266231	FN	FN	FN->FN	False
baseline_to_q9_current_AND	Q9_chemistry_plus_growth_demand	0.1	YALI1E20751g	0.225422583486	0.225840266231	FN	FN	FN->FN	False
baseline_to_q9_current_AND	Q9_chemistry_plus_growth_demand	0.15	YALI1E20751g	0.225422583486	0.225840266231	FN	FN	FN->FN	False
baseline_to_q9_current_AND	Q9_chemistry_plus_growth_demand	0.01	YALI1E21230g	1.0	1.0	FN	FN	FN->FN	False
baseline_to_q9_current_AND	Q9_chemistry_plus_growth_demand	0.05	YALI1E21230g	1.0	1.0	FN	FN	FN->FN	False
baseline_to_q9_current_AND	Q9_chemistry_plus_growth_demand	0.1	YALI1E21230g	1.0	1.0	FN	FN	FN->FN	False
baseline_to_q9_current_AND	Q9_chemistry_plus_growth_demand	0.15	YALI1E21230g	1.0	1.0	FN	FN	FN->FN	False
baseline_to_q9_current_AND	Q9_chemistry_plus_growth_demand	0.01	YALI1E21312g	1.0	1.0	FN	FN	FN->FN	False
baseline_to_q9_current_AND	Q9_chemistry_plus_growth_demand	0.05	YALI1E21312g	1.0	1.0	FN	FN	FN->FN	False
baseline_to_q9_current_AND	Q9_chemistry_plus_growth_demand	0.1	YALI1E21312g	1.0	1.0	FN	FN	FN->FN	False
baseline_to_q9_current_AND	Q9_chemistry_plus_growth_demand	0.15	YALI1E21312g	1.0	1.0	FN	FN	FN->FN	False
baseline_to_q9_current_AND	Q9_chemistry_plus_growth_demand	0.01	YALI1E21345g	0.0	0.0	TP	TP	TP->TP	False
baseline_to_q9_current_AND	Q9_chemistry_plus_growth_demand	0.05	YALI1E21345g	0.0	0.0	TP	TP	TP->TP	False
baseline_to_q9_current_AND	Q9_chemistry_plus_growth_demand	0.1	YALI1E21345g	0.0	0.0	TP	TP	TP->TP	False
baseline_to_q9_current_AND	Q9_chemistry_plus_growth_demand	0.15	YALI1E21345g	0.0	0.0	TP	TP	TP->TP	False
baseline_to_q9_current_AND	Q9_chemistry_plus_growth_demand	0.01	YALI1E22262g	1.0	1.0	FN	FN	FN->FN	False
baseline_to_q9_current_AND	Q9_chemistry_plus_growth_demand	0.05	YALI1E22262g	1.0	1.0	FN	FN	FN->FN	False
baseline_to_q9_current_AND	Q9_chemistry_plus_growth_demand	0.1	YALI1E22262g	1.0	1.0	FN	FN	FN->FN	False
baseline_to_q9_current_AND	Q9_chemistry_plus_growth_demand	0.15	YALI1E22262g	1.0	1.0	FN	FN	FN->FN	False
baseline_to_q9_current_AND	Q9_chemistry_plus_growth_demand	0.01	YALI1E22633g	1.0	1.0	FN	FN	FN->FN	False
baseline_to_q9_current_AND	Q9_chemistry_plus_growth_demand	0.05	YALI1E22633g	1.0	1.0	FN	FN	FN->FN	False
baseline_to_q9_current_AND	Q9_chemistry_plus_growth_demand	0.1	YALI1E22633g	1.0	1.0	FN	FN	FN->FN	False
baseline_to_q9_current_AND	Q9_chemistry_plus_growth_demand	0.15	YALI1E22633g	1.0	1.0	FN	FN	FN->FN	False
baseline_to_q9_current_AND	Q9_chemistry_plus_growth_demand	0.01	YALI1E22718g	1.0	1.0	FN	FN	FN->FN	False
baseline_to_q9_current_AND	Q9_chemistry_plus_growth_demand	0.05	YALI1E22718g	1.0	1.0	FN	FN	FN->FN	False
baseline_to_q9_current_AND	Q9_chemistry_plus_growth_demand	0.1	YALI1E22718g	1.0	1.0	FN	FN	FN->FN	False
baseline_to_q9_current_AND	Q9_chemistry_plus_growth_demand	0.15	YALI1E22718g	1.0	1.0	FN	FN	FN->FN	False
baseline_to_q9_current_AND	Q9_chemistry_plus_growth_demand	0.01	YALI1E22736g	1.0	1.0	FN	FN	FN->FN	False
baseline_to_q9_current_AND	Q9_chemistry_plus_growth_demand	0.05	YALI1E22736g	1.0	1.0	FN	FN	FN->FN	False
baseline_to_q9_current_AND	Q9_chemistry_plus_growth_demand	0.1	YALI1E22736g	1.0	1.0	FN	FN	FN->FN	False
baseline_to_q9_current_AND	Q9_chemistry_plus_growth_demand	0.15	YALI1E22736g	1.0	1.0	FN	FN	FN->FN	False
baseline_to_q9_current_AND	Q9_chemistry_plus_growth_demand	0.01	YALI1E24149g	1.0	1.0	FN	FN	FN->FN	False
baseline_to_q9_current_AND	Q9_chemistry_plus_growth_demand	0.05	YALI1E24149g	1.0	1.0	FN	FN	FN->FN	False
baseline_to_q9_current_AND	Q9_chemistry_plus_growth_demand	0.1	YALI1E24149g	1.0	1.0	FN	FN	FN->FN	False
baseline_to_q9_current_AND	Q9_chemistry_plus_growth_demand	0.15	YALI1E24149g	1.0	1.0	FN	FN	FN->FN	False
baseline_to_q9_current_AND	Q9_chemistry_plus_growth_demand	0.01	YALI1E24461g	1.0	1.0	FN	FN	FN->FN	False
baseline_to_q9_current_AND	Q9_chemistry_plus_growth_demand	0.05	YALI1E24461g	1.0	1.0	FN	FN	FN->FN	False
baseline_to_q9_current_AND	Q9_chemistry_plus_growth_demand	0.1	YALI1E24461g	1.0	1.0	FN	FN	FN->FN	False
baseline_to_q9_current_AND	Q9_chemistry_plus_growth_demand	0.15	YALI1E24461g	1.0	1.0	FN	FN	FN->FN	False
baseline_to_q9_current_AND	Q9_chemistry_plus_growth_demand	0.01	YALI1E25018g	1.0	1.0	FN	FN	FN->FN	False
baseline_to_q9_current_AND	Q9_chemistry_plus_growth_demand	0.05	YALI1E25018g	1.0	1.0	FN	FN	FN->FN	False
baseline_to_q9_current_AND	Q9_chemistry_plus_growth_demand	0.1	YALI1E25018g	1.0	1.0	FN	FN	FN->FN	False
baseline_to_q9_current_AND	Q9_chemistry_plus_growth_demand	0.15	YALI1E25018g	1.0	1.0	FN	FN	FN->FN	False
baseline_to_q9_current_AND	Q9_chemistry_plus_growth_demand	0.01	YALI1E25443g	1.0	1.0	FN	FN	FN->FN	False
baseline_to_q9_current_AND	Q9_chemistry_plus_growth_demand	0.05	YALI1E25443g	1.0	1.0	FN	FN	FN->FN	False
baseline_to_q9_current_AND	Q9_chemistry_plus_growth_demand	0.1	YALI1E25443g	1.0	1.0	FN	FN	FN->FN	False
baseline_to_q9_current_AND	Q9_chemistry_plus_growth_demand	0.15	YALI1E25443g	1.0	1.0	FN	FN	FN->FN	False
baseline_to_q9_current_AND	Q9_chemistry_plus_growth_demand	0.01	YALI1E25932g	1.0	1.0	FN	FN	FN->FN	False
baseline_to_q9_current_AND	Q9_chemistry_plus_growth_demand	0.05	YALI1E25932g	1.0	1.0	FN	FN	FN->FN	False
baseline_to_q9_current_AND	Q9_chemistry_plus_growth_demand	0.1	YALI1E25932g	1.0	1.0	FN	FN	FN->FN	False
baseline_to_q9_current_AND	Q9_chemistry_plus_growth_demand	0.15	YALI1E25932g	1.0	1.0	FN	FN	FN->FN	False
baseline_to_q9_current_AND	Q9_chemistry_plus_growth_demand	0.01	YALI1E26811g	1.0	1.0	FN	FN	FN->FN	False
baseline_to_q9_current_AND	Q9_chemistry_plus_growth_demand	0.05	YALI1E26811g	1.0	1.0	FN	FN	FN->FN	False
baseline_to_q9_current_AND	Q9_chemistry_plus_growth_demand	0.1	YALI1E26811g	1.0	1.0	FN	FN	FN->FN	False
baseline_to_q9_current_AND	Q9_chemistry_plus_growth_demand	0.15	YALI1E26811g	1.0	1.0	FN	FN	FN->FN	False
baseline_to_q9_current_AND	Q9_chemistry_plus_growth_demand	0.01	YALI1E27144g	0.0	0.0	TP	TP	TP->TP	False
baseline_to_q9_current_AND	Q9_chemistry_plus_growth_demand	0.05	YALI1E27144g	0.0	0.0	TP	TP	TP->TP	False
baseline_to_q9_current_AND	Q9_chemistry_plus_growth_demand	0.1	YALI1E27144g	0.0	0.0	TP	TP	TP->TP	False
baseline_to_q9_current_AND	Q9_chemistry_plus_growth_demand	0.15	YALI1E27144g	0.0	0.0	TP	TP	TP->TP	False
baseline_to_q9_current_AND	Q9_chemistry_plus_growth_demand	0.01	YALI1E29179g	1.0	1.0	FN	FN	FN->FN	False
baseline_to_q9_current_AND	Q9_chemistry_plus_growth_demand	0.05	YALI1E29179g	1.0	1.0	FN	FN	FN->FN	False
baseline_to_q9_current_AND	Q9_chemistry_plus_growth_demand	0.1	YALI1E29179g	1.0	1.0	FN	FN	FN->FN	False
baseline_to_q9_current_AND	Q9_chemistry_plus_growth_demand	0.15	YALI1E29179g	1.0	1.0	FN	FN	FN->FN	False
baseline_to_q9_current_AND	Q9_chemistry_plus_growth_demand	0.01	YALI1E29319g	0.0	0.0	TP	TP	TP->TP	False
baseline_to_q9_current_AND	Q9_chemistry_plus_growth_demand	0.05	YALI1E29319g	0.0	0.0	TP	TP	TP->TP	False
baseline_to_q9_current_AND	Q9_chemistry_plus_growth_demand	0.1	YALI1E29319g	0.0	0.0	TP	TP	TP->TP	False
baseline_to_q9_current_AND	Q9_chemistry_plus_growth_demand	0.15	YALI1E29319g	0.0	0.0	TP	TP	TP->TP	False
baseline_to_q9_current_AND	Q9_chemistry_plus_growth_demand	0.01	YALI1E30886g	0.896714677423	0.896252186517	FN	FN	FN->FN	False
baseline_to_q9_current_AND	Q9_chemistry_plus_growth_demand	0.05	YALI1E30886g	0.896714677423	0.896252186517	FN	FN	FN->FN	False
baseline_to_q9_current_AND	Q9_chemistry_plus_growth_demand	0.1	YALI1E30886g	0.896714677423	0.896252186517	FN	FN	FN->FN	False
baseline_to_q9_current_AND	Q9_chemistry_plus_growth_demand	0.15	YALI1E30886g	0.896714677423	0.896252186517	FN	FN	FN->FN	False
baseline_to_q9_current_AND	Q9_chemistry_plus_growth_demand	0.01	YALI1E31947g	1.0	1.0	FN	FN	FN->FN	False
baseline_to_q9_current_AND	Q9_chemistry_plus_growth_demand	0.05	YALI1E31947g	1.0	1.0	FN	FN	FN->FN	False
baseline_to_q9_current_AND	Q9_chemistry_plus_growth_demand	0.1	YALI1E31947g	1.0	1.0	FN	FN	FN->FN	False
baseline_to_q9_current_AND	Q9_chemistry_plus_growth_demand	0.15	YALI1E31947g	1.0	1.0	FN	FN	FN->FN	False
baseline_to_q9_current_AND	Q9_chemistry_plus_growth_demand	0.01	YALI1E32332g	1.0	1.0	FN	FN	FN->FN	False
baseline_to_q9_current_AND	Q9_chemistry_plus_growth_demand	0.05	YALI1E32332g	1.0	1.0	FN	FN	FN->FN	False
baseline_to_q9_current_AND	Q9_chemistry_plus_growth_demand	0.1	YALI1E32332g	1.0	1.0	FN	FN	FN->FN	False
baseline_to_q9_current_AND	Q9_chemistry_plus_growth_demand	0.15	YALI1E32332g	1.0	1.0	FN	FN	FN->FN	False
baseline_to_q9_current_AND	Q9_chemistry_plus_growth_demand	0.01	YALI1E33150g	1.0	1.0	FN	FN	FN->FN	False
baseline_to_q9_current_AND	Q9_chemistry_plus_growth_demand	0.05	YALI1E33150g	1.0	1.0	FN	FN	FN->FN	False
baseline_to_q9_current_AND	Q9_chemistry_plus_growth_demand	0.1	YALI1E33150g	1.0	1.0	FN	FN	FN->FN	False
baseline_to_q9_current_AND	Q9_chemistry_plus_growth_demand	0.15	YALI1E33150g	1.0	1.0	FN	FN	FN->FN	False
baseline_to_q9_current_AND	Q9_chemistry_plus_growth_demand	0.01	YALI1E33633g	0.0	0.0	TP	TP	TP->TP	False
baseline_to_q9_current_AND	Q9_chemistry_plus_growth_demand	0.05	YALI1E33633g	0.0	0.0	TP	TP	TP->TP	False
baseline_to_q9_current_AND	Q9_chemistry_plus_growth_demand	0.1	YALI1E33633g	0.0	0.0	TP	TP	TP->TP	False
baseline_to_q9_current_AND	Q9_chemistry_plus_growth_demand	0.15	YALI1E33633g	0.0	0.0	TP	TP	TP->TP	False
baseline_to_q9_current_AND	Q9_chemistry_plus_growth_demand	0.01	YALI1E34269g	0.050979986234	0.051074446427	FN	FN	FN->FN	False
baseline_to_q9_current_AND	Q9_chemistry_plus_growth_demand	0.05	YALI1E34269g	0.050979986234	0.051074446427	FN	FN	FN->FN	False
baseline_to_q9_current_AND	Q9_chemistry_plus_growth_demand	0.1	YALI1E34269g	0.050979986234	0.051074446427	TP	TP	TP->TP	False
baseline_to_q9_current_AND	Q9_chemistry_plus_growth_demand	0.15	YALI1E34269g	0.050979986234	0.051074446427	TP	TP	TP->TP	False
baseline_to_q9_current_AND	Q9_chemistry_plus_growth_demand	0.01	YALI1E34408g	1.0	1.0	FN	FN	FN->FN	False
baseline_to_q9_current_AND	Q9_chemistry_plus_growth_demand	0.05	YALI1E34408g	1.0	1.0	FN	FN	FN->FN	False
baseline_to_q9_current_AND	Q9_chemistry_plus_growth_demand	0.1	YALI1E34408g	1.0	1.0	FN	FN	FN->FN	False
baseline_to_q9_current_AND	Q9_chemistry_plus_growth_demand	0.15	YALI1E34408g	1.0	1.0	FN	FN	FN->FN	False
baseline_to_q9_current_AND	Q9_chemistry_plus_growth_demand	0.01	YALI1E34425g	1.0	1.0	FN	FN	FN->FN	False
baseline_to_q9_current_AND	Q9_chemistry_plus_growth_demand	0.05	YALI1E34425g	1.0	1.0	FN	FN	FN->FN	False
baseline_to_q9_current_AND	Q9_chemistry_plus_growth_demand	0.1	YALI1E34425g	1.0	1.0	FN	FN	FN->FN	False
baseline_to_q9_current_AND	Q9_chemistry_plus_growth_demand	0.15	YALI1E34425g	1.0	1.0	FN	FN	FN->FN	False
baseline_to_q9_current_AND	Q9_chemistry_plus_growth_demand	0.01	YALI1E35005g	0.0	0.0	TP	TP	TP->TP	False
baseline_to_q9_current_AND	Q9_chemistry_plus_growth_demand	0.05	YALI1E35005g	0.0	0.0	TP	TP	TP->TP	False
baseline_to_q9_current_AND	Q9_chemistry_plus_growth_demand	0.1	YALI1E35005g	0.0	0.0	TP	TP	TP->TP	False
baseline_to_q9_current_AND	Q9_chemistry_plus_growth_demand	0.15	YALI1E35005g	0.0	0.0	TP	TP	TP->TP	False
baseline_to_q9_current_AND	Q9_chemistry_plus_growth_demand	0.01	YALI1E35082g	0.987160281826	0.987253897313	FN	FN	FN->FN	False
baseline_to_q9_current_AND	Q9_chemistry_plus_growth_demand	0.05	YALI1E35082g	0.987160281826	0.987253897313	FN	FN	FN->FN	False
baseline_to_q9_current_AND	Q9_chemistry_plus_growth_demand	0.1	YALI1E35082g	0.987160281826	0.987253897313	FN	FN	FN->FN	False
baseline_to_q9_current_AND	Q9_chemistry_plus_growth_demand	0.15	YALI1E35082g	0.987160281826	0.987253897313	FN	FN	FN->FN	False
baseline_to_q9_current_AND	Q9_chemistry_plus_growth_demand	0.01	YALI1E35520g	1.0	1.0	FN	FN	FN->FN	False
baseline_to_q9_current_AND	Q9_chemistry_plus_growth_demand	0.05	YALI1E35520g	1.0	1.0	FN	FN	FN->FN	False
baseline_to_q9_current_AND	Q9_chemistry_plus_growth_demand	0.1	YALI1E35520g	1.0	1.0	FN	FN	FN->FN	False
baseline_to_q9_current_AND	Q9_chemistry_plus_growth_demand	0.15	YALI1E35520g	1.0	1.0	FN	FN	FN->FN	False
baseline_to_q9_current_AND	Q9_chemistry_plus_growth_demand	0.01	YALI1E35652g	1.0	1.0	FN	FN	FN->FN	False
baseline_to_q9_current_AND	Q9_chemistry_plus_growth_demand	0.05	YALI1E35652g	1.0	1.0	FN	FN	FN->FN	False
baseline_to_q9_current_AND	Q9_chemistry_plus_growth_demand	0.1	YALI1E35652g	1.0	1.0	FN	FN	FN->FN	False
baseline_to_q9_current_AND	Q9_chemistry_plus_growth_demand	0.15	YALI1E35652g	1.0	1.0	FN	FN	FN->FN	False
baseline_to_q9_current_AND	Q9_chemistry_plus_growth_demand	0.01	YALI1E35815g	1.0	1.0	FN	FN	FN->FN	False
baseline_to_q9_current_AND	Q9_chemistry_plus_growth_demand	0.05	YALI1E35815g	1.0	1.0	FN	FN	FN->FN	False
baseline_to_q9_current_AND	Q9_chemistry_plus_growth_demand	0.1	YALI1E35815g	1.0	1.0	FN	FN	FN->FN	False
baseline_to_q9_current_AND	Q9_chemistry_plus_growth_demand	0.15	YALI1E35815g	1.0	1.0	FN	FN	FN->FN	False
baseline_to_q9_current_AND	Q9_chemistry_plus_growth_demand	0.01	YALI1E35955g	1.0	1.0	FN	FN	FN->FN	False
baseline_to_q9_current_AND	Q9_chemistry_plus_growth_demand	0.05	YALI1E35955g	1.0	1.0	FN	FN	FN->FN	False
baseline_to_q9_current_AND	Q9_chemistry_plus_growth_demand	0.1	YALI1E35955g	1.0	1.0	FN	FN	FN->FN	False
baseline_to_q9_current_AND	Q9_chemistry_plus_growth_demand	0.15	YALI1E35955g	1.0	1.0	FN	FN	FN->FN	False
baseline_to_q9_current_AND	Q9_chemistry_plus_growth_demand	0.01	YALI1E37063g	1.0	1.0	FN	FN	FN->FN	False
baseline_to_q9_current_AND	Q9_chemistry_plus_growth_demand	0.05	YALI1E37063g	1.0	1.0	FN	FN	FN->FN	False
baseline_to_q9_current_AND	Q9_chemistry_plus_growth_demand	0.1	YALI1E37063g	1.0	1.0	FN	FN	FN->FN	False
baseline_to_q9_current_AND	Q9_chemistry_plus_growth_demand	0.15	YALI1E37063g	1.0	1.0	FN	FN	FN->FN	False
baseline_to_q9_current_AND	Q9_chemistry_plus_growth_demand	0.01	YALI1E37603g	1.0	1.0	FN	FN	FN->FN	False
baseline_to_q9_current_AND	Q9_chemistry_plus_growth_demand	0.05	YALI1E37603g	1.0	1.0	FN	FN	FN->FN	False
baseline_to_q9_current_AND	Q9_chemistry_plus_growth_demand	0.1	YALI1E37603g	1.0	1.0	FN	FN	FN->FN	False
baseline_to_q9_current_AND	Q9_chemistry_plus_growth_demand	0.15	YALI1E37603g	1.0	1.0	FN	FN	FN->FN	False
baseline_to_q9_current_AND	Q9_chemistry_plus_growth_demand	0.01	YALI1E37764g	1.0	1.0	FN	FN	FN->FN	False
baseline_to_q9_current_AND	Q9_chemistry_plus_growth_demand	0.05	YALI1E37764g	1.0	1.0	FN	FN	FN->FN	False
baseline_to_q9_current_AND	Q9_chemistry_plus_growth_demand	0.1	YALI1E37764g	1.0	1.0	FN	FN	FN->FN	False
baseline_to_q9_current_AND	Q9_chemistry_plus_growth_demand	0.15	YALI1E37764g	1.0	1.0	FN	FN	FN->FN	False
baseline_to_q9_current_AND	Q9_chemistry_plus_growth_demand	0.01	YALI1E39221g	0.026580901812	0.02663015324	FN	FN	FN->FN	False
baseline_to_q9_current_AND	Q9_chemistry_plus_growth_demand	0.05	YALI1E39221g	0.026580901812	0.02663015324	TP	TP	TP->TP	False
baseline_to_q9_current_AND	Q9_chemistry_plus_growth_demand	0.1	YALI1E39221g	0.026580901812	0.02663015324	TP	TP	TP->TP	False
baseline_to_q9_current_AND	Q9_chemistry_plus_growth_demand	0.15	YALI1E39221g	0.026580901812	0.02663015324	TP	TP	TP->TP	False
baseline_to_q9_current_AND	Q9_chemistry_plus_growth_demand	0.01	YALI1E39693g	1.0	1.0	FN	FN	FN->FN	False
baseline_to_q9_current_AND	Q9_chemistry_plus_growth_demand	0.05	YALI1E39693g	1.0	1.0	FN	FN	FN->FN	False
baseline_to_q9_current_AND	Q9_chemistry_plus_growth_demand	0.1	YALI1E39693g	1.0	1.0	FN	FN	FN->FN	False
baseline_to_q9_current_AND	Q9_chemistry_plus_growth_demand	0.15	YALI1E39693g	1.0	1.0	FN	FN	FN->FN	False
baseline_to_q9_current_AND	Q9_chemistry_plus_growth_demand	0.01	YALI1E40076g	1.0	1.0	FN	FN	FN->FN	False
baseline_to_q9_current_AND	Q9_chemistry_plus_growth_demand	0.05	YALI1E40076g	1.0	1.0	FN	FN	FN->FN	False
baseline_to_q9_current_AND	Q9_chemistry_plus_growth_demand	0.1	YALI1E40076g	1.0	1.0	FN	FN	FN->FN	False
baseline_to_q9_current_AND	Q9_chemistry_plus_growth_demand	0.15	YALI1E40076g	1.0	1.0	FN	FN	FN->FN	False
baseline_to_q9_current_AND	Q9_chemistry_plus_growth_demand	0.01	YALI1E40305g	0.10881714958	0.109018775544	FN	FN	FN->FN	False
baseline_to_q9_current_AND	Q9_chemistry_plus_growth_demand	0.05	YALI1E40305g	0.10881714958	0.109018775544	FN	FN	FN->FN	False
baseline_to_q9_current_AND	Q9_chemistry_plus_growth_demand	0.1	YALI1E40305g	0.10881714958	0.109018775544	FN	FN	FN->FN	False
baseline_to_q9_current_AND	Q9_chemistry_plus_growth_demand	0.15	YALI1E40305g	0.10881714958	0.109018775544	TP	TP	TP->TP	False
baseline_to_q9_current_AND	Q9_chemistry_plus_growth_demand	0.01	YALI1E40361g	0.328811034322	0.329138734168	FN	FN	FN->FN	False
baseline_to_q9_current_AND	Q9_chemistry_plus_growth_demand	0.05	YALI1E40361g	0.328811034322	0.329138734168	FN	FN	FN->FN	False
baseline_to_q9_current_AND	Q9_chemistry_plus_growth_demand	0.1	YALI1E40361g	0.328811034322	0.329138734168	FN	FN	FN->FN	False
baseline_to_q9_current_AND	Q9_chemistry_plus_growth_demand	0.15	YALI1E40361g	0.328811034322	0.329138734168	FN	FN	FN->FN	False
baseline_to_q9_current_AND	Q9_chemistry_plus_growth_demand	0.01	YALI1E40471g	1.0	1.0	FN	FN	FN->FN	False
baseline_to_q9_current_AND	Q9_chemistry_plus_growth_demand	0.05	YALI1E40471g	1.0	1.0	FN	FN	FN->FN	False
baseline_to_q9_current_AND	Q9_chemistry_plus_growth_demand	0.1	YALI1E40471g	1.0	1.0	FN	FN	FN->FN	False
baseline_to_q9_current_AND	Q9_chemistry_plus_growth_demand	0.15	YALI1E40471g	1.0	1.0	FN	FN	FN->FN	False
baseline_to_q9_current_AND	Q9_chemistry_plus_growth_demand	0.01	YALI1F00821g	1.0	1.0	FN	FN	FN->FN	False
baseline_to_q9_current_AND	Q9_chemistry_plus_growth_demand	0.05	YALI1F00821g	1.0	1.0	FN	FN	FN->FN	False
baseline_to_q9_current_AND	Q9_chemistry_plus_growth_demand	0.1	YALI1F00821g	1.0	1.0	FN	FN	FN->FN	False
baseline_to_q9_current_AND	Q9_chemistry_plus_growth_demand	0.15	YALI1F00821g	1.0	1.0	FN	FN	FN->FN	False
baseline_to_q9_current_AND	Q9_chemistry_plus_growth_demand	0.01	YALI1F01456g	1.0	1.0	FN	FN	FN->FN	False
baseline_to_q9_current_AND	Q9_chemistry_plus_growth_demand	0.05	YALI1F01456g	1.0	1.0	FN	FN	FN->FN	False
baseline_to_q9_current_AND	Q9_chemistry_plus_growth_demand	0.1	YALI1F01456g	1.0	1.0	FN	FN	FN->FN	False
baseline_to_q9_current_AND	Q9_chemistry_plus_growth_demand	0.15	YALI1F01456g	1.0	1.0	FN	FN	FN->FN	False
baseline_to_q9_current_AND	Q9_chemistry_plus_growth_demand	0.01	YALI1F02758g	0.328811034322	0.329138734168	FN	FN	FN->FN	False
baseline_to_q9_current_AND	Q9_chemistry_plus_growth_demand	0.05	YALI1F02758g	0.328811034322	0.329138734168	FN	FN	FN->FN	False
baseline_to_q9_current_AND	Q9_chemistry_plus_growth_demand	0.1	YALI1F02758g	0.328811034322	0.329138734168	FN	FN	FN->FN	False
baseline_to_q9_current_AND	Q9_chemistry_plus_growth_demand	0.15	YALI1F02758g	0.328811034322	0.329138734168	FN	FN	FN->FN	False
baseline_to_q9_current_AND	Q9_chemistry_plus_growth_demand	0.01	YALI1F03527g	1.0	1.0	FN	FN	FN->FN	False
baseline_to_q9_current_AND	Q9_chemistry_plus_growth_demand	0.05	YALI1F03527g	1.0	1.0	FN	FN	FN->FN	False
baseline_to_q9_current_AND	Q9_chemistry_plus_growth_demand	0.1	YALI1F03527g	1.0	1.0	FN	FN	FN->FN	False
baseline_to_q9_current_AND	Q9_chemistry_plus_growth_demand	0.15	YALI1F03527g	1.0	1.0	FN	FN	FN->FN	False
baseline_to_q9_current_AND	Q9_chemistry_plus_growth_demand	0.01	YALI1F03803g	1.0	1.0	FN	FN	FN->FN	False
baseline_to_q9_current_AND	Q9_chemistry_plus_growth_demand	0.05	YALI1F03803g	1.0	1.0	FN	FN	FN->FN	False
baseline_to_q9_current_AND	Q9_chemistry_plus_growth_demand	0.1	YALI1F03803g	1.0	1.0	FN	FN	FN->FN	False
baseline_to_q9_current_AND	Q9_chemistry_plus_growth_demand	0.15	YALI1F03803g	1.0	1.0	FN	FN	FN->FN	False
baseline_to_q9_current_AND	Q9_chemistry_plus_growth_demand	0.01	YALI1F03908g	1.0	1.0	FN	FN	FN->FN	False
baseline_to_q9_current_AND	Q9_chemistry_plus_growth_demand	0.05	YALI1F03908g	1.0	1.0	FN	FN	FN->FN	False
baseline_to_q9_current_AND	Q9_chemistry_plus_growth_demand	0.1	YALI1F03908g	1.0	1.0	FN	FN	FN->FN	False
baseline_to_q9_current_AND	Q9_chemistry_plus_growth_demand	0.15	YALI1F03908g	1.0	1.0	FN	FN	FN->FN	False
baseline_to_q9_current_AND	Q9_chemistry_plus_growth_demand	0.01	YALI1F04110g	1.0	1.0	FN	FN	FN->FN	False
baseline_to_q9_current_AND	Q9_chemistry_plus_growth_demand	0.05	YALI1F04110g	1.0	1.0	FN	FN	FN->FN	False
baseline_to_q9_current_AND	Q9_chemistry_plus_growth_demand	0.1	YALI1F04110g	1.0	1.0	FN	FN	FN->FN	False
baseline_to_q9_current_AND	Q9_chemistry_plus_growth_demand	0.15	YALI1F04110g	1.0	1.0	FN	FN	FN->FN	False
baseline_to_q9_current_AND	Q9_chemistry_plus_growth_demand	0.01	YALI1F04433g	1.0	1.0	FN	FN	FN->FN	False
baseline_to_q9_current_AND	Q9_chemistry_plus_growth_demand	0.05	YALI1F04433g	1.0	1.0	FN	FN	FN->FN	False
baseline_to_q9_current_AND	Q9_chemistry_plus_growth_demand	0.1	YALI1F04433g	1.0	1.0	FN	FN	FN->FN	False
baseline_to_q9_current_AND	Q9_chemistry_plus_growth_demand	0.15	YALI1F04433g	1.0	1.0	FN	FN	FN->FN	False
baseline_to_q9_current_AND	Q9_chemistry_plus_growth_demand	0.01	YALI1F05089g	1.0	1.0	FN	FN	FN->FN	False
baseline_to_q9_current_AND	Q9_chemistry_plus_growth_demand	0.05	YALI1F05089g	1.0	1.0	FN	FN	FN->FN	False
baseline_to_q9_current_AND	Q9_chemistry_plus_growth_demand	0.1	YALI1F05089g	1.0	1.0	FN	FN	FN->FN	False
baseline_to_q9_current_AND	Q9_chemistry_plus_growth_demand	0.15	YALI1F05089g	1.0	1.0	FN	FN	FN->FN	False
baseline_to_q9_current_AND	Q9_chemistry_plus_growth_demand	0.01	YALI1F06018g	0.0	0.0	TP	TP	TP->TP	False
baseline_to_q9_current_AND	Q9_chemistry_plus_growth_demand	0.05	YALI1F06018g	0.0	0.0	TP	TP	TP->TP	False
baseline_to_q9_current_AND	Q9_chemistry_plus_growth_demand	0.1	YALI1F06018g	0.0	0.0	TP	TP	TP->TP	False
baseline_to_q9_current_AND	Q9_chemistry_plus_growth_demand	0.15	YALI1F06018g	0.0	0.0	TP	TP	TP->TP	False
baseline_to_q9_current_AND	Q9_chemistry_plus_growth_demand	0.01	YALI1F06787g	0.0	0.0	TP	TP	TP->TP	False
baseline_to_q9_current_AND	Q9_chemistry_plus_growth_demand	0.05	YALI1F06787g	0.0	0.0	TP	TP	TP->TP	False
baseline_to_q9_current_AND	Q9_chemistry_plus_growth_demand	0.1	YALI1F06787g	0.0	0.0	TP	TP	TP->TP	False
baseline_to_q9_current_AND	Q9_chemistry_plus_growth_demand	0.15	YALI1F06787g	0.0	0.0	TP	TP	TP->TP	False
baseline_to_q9_current_AND	Q9_chemistry_plus_growth_demand	0.01	YALI1F07384g	1.0	1.0	FN	FN	FN->FN	False
baseline_to_q9_current_AND	Q9_chemistry_plus_growth_demand	0.05	YALI1F07384g	1.0	1.0	FN	FN	FN->FN	False
baseline_to_q9_current_AND	Q9_chemistry_plus_growth_demand	0.1	YALI1F07384g	1.0	1.0	FN	FN	FN->FN	False
baseline_to_q9_current_AND	Q9_chemistry_plus_growth_demand	0.15	YALI1F07384g	1.0	1.0	FN	FN	FN->FN	False
baseline_to_q9_current_AND	Q9_chemistry_plus_growth_demand	0.01	YALI1F07827g	0.10881714958	0.109018775544	FN	FN	FN->FN	False
baseline_to_q9_current_AND	Q9_chemistry_plus_growth_demand	0.05	YALI1F07827g	0.10881714958	0.109018775544	FN	FN	FN->FN	False
baseline_to_q9_current_AND	Q9_chemistry_plus_growth_demand	0.1	YALI1F07827g	0.10881714958	0.109018775544	FN	FN	FN->FN	False
baseline_to_q9_current_AND	Q9_chemistry_plus_growth_demand	0.15	YALI1F07827g	0.10881714958	0.109018775544	TP	TP	TP->TP	False
baseline_to_q9_current_AND	Q9_chemistry_plus_growth_demand	0.01	YALI1F07847g	0.948274131951	0.94812585312	FN	FN	FN->FN	False
baseline_to_q9_current_AND	Q9_chemistry_plus_growth_demand	0.05	YALI1F07847g	0.948274131951	0.94812585312	FN	FN	FN->FN	False
baseline_to_q9_current_AND	Q9_chemistry_plus_growth_demand	0.1	YALI1F07847g	0.948274131951	0.94812585312	FN	FN	FN->FN	False
baseline_to_q9_current_AND	Q9_chemistry_plus_growth_demand	0.15	YALI1F07847g	0.948274131951	0.94812585312	FN	FN	FN->FN	False
baseline_to_q9_current_AND	Q9_chemistry_plus_growth_demand	0.01	YALI1F08225g	1.0	1.0	FN	FN	FN->FN	False
baseline_to_q9_current_AND	Q9_chemistry_plus_growth_demand	0.05	YALI1F08225g	1.0	1.0	FN	FN	FN->FN	False
baseline_to_q9_current_AND	Q9_chemistry_plus_growth_demand	0.1	YALI1F08225g	1.0	1.0	FN	FN	FN->FN	False
baseline_to_q9_current_AND	Q9_chemistry_plus_growth_demand	0.15	YALI1F08225g	1.0	1.0	FN	FN	FN->FN	False
baseline_to_q9_current_AND	Q9_chemistry_plus_growth_demand	0.01	YALI1F08349g	1.0	0.0	FN	TP	FN->TP	True
baseline_to_q9_current_AND	Q9_chemistry_plus_growth_demand	0.05	YALI1F08349g	1.0	0.0	FN	TP	FN->TP	True
baseline_to_q9_current_AND	Q9_chemistry_plus_growth_demand	0.1	YALI1F08349g	1.0	0.0	FN	TP	FN->TP	True
baseline_to_q9_current_AND	Q9_chemistry_plus_growth_demand	0.15	YALI1F08349g	1.0	0.0	FN	TP	FN->TP	True
baseline_to_q9_current_AND	Q9_chemistry_plus_growth_demand	0.01	YALI1F09003g	1.0	1.0	FN	FN	FN->FN	False
baseline_to_q9_current_AND	Q9_chemistry_plus_growth_demand	0.05	YALI1F09003g	1.0	1.0	FN	FN	FN->FN	False
baseline_to_q9_current_AND	Q9_chemistry_plus_growth_demand	0.1	YALI1F09003g	1.0	1.0	FN	FN	FN->FN	False
baseline_to_q9_current_AND	Q9_chemistry_plus_growth_demand	0.15	YALI1F09003g	1.0	1.0	FN	FN	FN->FN	False
baseline_to_q9_current_AND	Q9_chemistry_plus_growth_demand	0.01	YALI1F09542g	1.0	1.0	FN	FN	FN->FN	False
baseline_to_q9_current_AND	Q9_chemistry_plus_growth_demand	0.05	YALI1F09542g	1.0	1.0	FN	FN	FN->FN	False
baseline_to_q9_current_AND	Q9_chemistry_plus_growth_demand	0.1	YALI1F09542g	1.0	1.0	FN	FN	FN->FN	False
baseline_to_q9_current_AND	Q9_chemistry_plus_growth_demand	0.15	YALI1F09542g	1.0	1.0	FN	FN	FN->FN	False
baseline_to_q9_current_AND	Q9_chemistry_plus_growth_demand	0.01	YALI1F09598g	0.962372735533	0.962269639545	FN	FN	FN->FN	False
baseline_to_q9_current_AND	Q9_chemistry_plus_growth_demand	0.05	YALI1F09598g	0.962372735533	0.962269639545	FN	FN	FN->FN	False
baseline_to_q9_current_AND	Q9_chemistry_plus_growth_demand	0.1	YALI1F09598g	0.962372735533	0.962269639545	FN	FN	FN->FN	False
baseline_to_q9_current_AND	Q9_chemistry_plus_growth_demand	0.15	YALI1F09598g	0.962372735533	0.962269639545	FN	FN	FN->FN	False
baseline_to_q9_current_AND	Q9_chemistry_plus_growth_demand	0.01	YALI1F11049g	0.991994677381	0.99190467144	FN	FN	FN->FN	False
baseline_to_q9_current_AND	Q9_chemistry_plus_growth_demand	0.05	YALI1F11049g	0.991994677381	0.99190467144	FN	FN	FN->FN	False
baseline_to_q9_current_AND	Q9_chemistry_plus_growth_demand	0.1	YALI1F11049g	0.991994677381	0.99190467144	FN	FN	FN->FN	False
baseline_to_q9_current_AND	Q9_chemistry_plus_growth_demand	0.15	YALI1F11049g	0.991994677381	0.99190467144	FN	FN	FN->FN	False
baseline_to_q9_current_AND	Q9_chemistry_plus_growth_demand	0.01	YALI1F12013g	0.328811034322	0.329138734168	FN	FN	FN->FN	False
baseline_to_q9_current_AND	Q9_chemistry_plus_growth_demand	0.05	YALI1F12013g	0.328811034322	0.329138734168	FN	FN	FN->FN	False
baseline_to_q9_current_AND	Q9_chemistry_plus_growth_demand	0.1	YALI1F12013g	0.328811034322	0.329138734168	FN	FN	FN->FN	False
baseline_to_q9_current_AND	Q9_chemistry_plus_growth_demand	0.15	YALI1F12013g	0.328811034322	0.329138734168	FN	FN	FN->FN	False
baseline_to_q9_current_AND	Q9_chemistry_plus_growth_demand	0.01	YALI1F12138g	0.0	0.0	TP	TP	TP->TP	False
baseline_to_q9_current_AND	Q9_chemistry_plus_growth_demand	0.05	YALI1F12138g	0.0	0.0	TP	TP	TP->TP	False
baseline_to_q9_current_AND	Q9_chemistry_plus_growth_demand	0.1	YALI1F12138g	0.0	0.0	TP	TP	TP->TP	False
baseline_to_q9_current_AND	Q9_chemistry_plus_growth_demand	0.15	YALI1F12138g	0.0	0.0	TP	TP	TP->TP	False
baseline_to_q9_current_AND	Q9_chemistry_plus_growth_demand	0.01	YALI1F12842g	0.958744421522	0.95871349449	FN	FN	FN->FN	False
baseline_to_q9_current_AND	Q9_chemistry_plus_growth_demand	0.05	YALI1F12842g	0.958744421522	0.95871349449	FN	FN	FN->FN	False
baseline_to_q9_current_AND	Q9_chemistry_plus_growth_demand	0.1	YALI1F12842g	0.958744421522	0.95871349449	FN	FN	FN->FN	False
baseline_to_q9_current_AND	Q9_chemistry_plus_growth_demand	0.15	YALI1F12842g	0.958744421522	0.95871349449	FN	FN	FN->FN	False
baseline_to_q9_current_AND	Q9_chemistry_plus_growth_demand	0.01	YALI1F13017g	1.0	1.0	FN	FN	FN->FN	False
baseline_to_q9_current_AND	Q9_chemistry_plus_growth_demand	0.05	YALI1F13017g	1.0	1.0	FN	FN	FN->FN	False
baseline_to_q9_current_AND	Q9_chemistry_plus_growth_demand	0.1	YALI1F13017g	1.0	1.0	FN	FN	FN->FN	False
baseline_to_q9_current_AND	Q9_chemistry_plus_growth_demand	0.15	YALI1F13017g	1.0	1.0	FN	FN	FN->FN	False
baseline_to_q9_current_AND	Q9_chemistry_plus_growth_demand	0.01	YALI1F13039g	1.0	1.0	FN	FN	FN->FN	False
baseline_to_q9_current_AND	Q9_chemistry_plus_growth_demand	0.05	YALI1F13039g	1.0	1.0	FN	FN	FN->FN	False
baseline_to_q9_current_AND	Q9_chemistry_plus_growth_demand	0.1	YALI1F13039g	1.0	1.0	FN	FN	FN->FN	False
baseline_to_q9_current_AND	Q9_chemistry_plus_growth_demand	0.15	YALI1F13039g	1.0	1.0	FN	FN	FN->FN	False
baseline_to_q9_current_AND	Q9_chemistry_plus_growth_demand	0.01	YALI1F14882g	1.0	1.0	FN	FN	FN->FN	False
baseline_to_q9_current_AND	Q9_chemistry_plus_growth_demand	0.05	YALI1F14882g	1.0	1.0	FN	FN	FN->FN	False
baseline_to_q9_current_AND	Q9_chemistry_plus_growth_demand	0.1	YALI1F14882g	1.0	1.0	FN	FN	FN->FN	False
baseline_to_q9_current_AND	Q9_chemistry_plus_growth_demand	0.15	YALI1F14882g	1.0	1.0	FN	FN	FN->FN	False
baseline_to_q9_current_AND	Q9_chemistry_plus_growth_demand	0.01	YALI1F14958g	0.0	0.0	TP	TP	TP->TP	False
baseline_to_q9_current_AND	Q9_chemistry_plus_growth_demand	0.05	YALI1F14958g	0.0	0.0	TP	TP	TP->TP	False
baseline_to_q9_current_AND	Q9_chemistry_plus_growth_demand	0.1	YALI1F14958g	0.0	0.0	TP	TP	TP->TP	False
baseline_to_q9_current_AND	Q9_chemistry_plus_growth_demand	0.15	YALI1F14958g	0.0	0.0	TP	TP	TP->TP	False
baseline_to_q9_current_AND	Q9_chemistry_plus_growth_demand	0.01	YALI1F15403g	1.0	1.0	FN	FN	FN->FN	False
baseline_to_q9_current_AND	Q9_chemistry_plus_growth_demand	0.05	YALI1F15403g	1.0	1.0	FN	FN	FN->FN	False
baseline_to_q9_current_AND	Q9_chemistry_plus_growth_demand	0.1	YALI1F15403g	1.0	1.0	FN	FN	FN->FN	False
baseline_to_q9_current_AND	Q9_chemistry_plus_growth_demand	0.15	YALI1F15403g	1.0	1.0	FN	FN	FN->FN	False
baseline_to_q9_current_AND	Q9_chemistry_plus_growth_demand	0.01	YALI1F15517g	0.0	0.0	TP	TP	TP->TP	False
baseline_to_q9_current_AND	Q9_chemistry_plus_growth_demand	0.05	YALI1F15517g	0.0	0.0	TP	TP	TP->TP	False
baseline_to_q9_current_AND	Q9_chemistry_plus_growth_demand	0.1	YALI1F15517g	0.0	0.0	TP	TP	TP->TP	False
baseline_to_q9_current_AND	Q9_chemistry_plus_growth_demand	0.15	YALI1F15517g	0.0	0.0	TP	TP	TP->TP	False
baseline_to_q9_current_AND	Q9_chemistry_plus_growth_demand	0.01	YALI1F15781g	1.0	1.0	FN	FN	FN->FN	False
baseline_to_q9_current_AND	Q9_chemistry_plus_growth_demand	0.05	YALI1F15781g	1.0	1.0	FN	FN	FN->FN	False
baseline_to_q9_current_AND	Q9_chemistry_plus_growth_demand	0.1	YALI1F15781g	1.0	1.0	FN	FN	FN->FN	False
baseline_to_q9_current_AND	Q9_chemistry_plus_growth_demand	0.15	YALI1F15781g	1.0	1.0	FN	FN	FN->FN	False
baseline_to_q9_current_AND	Q9_chemistry_plus_growth_demand	0.01	YALI1F16984g	0.225422583486	0.0	FN	TP	FN->TP	True
baseline_to_q9_current_AND	Q9_chemistry_plus_growth_demand	0.05	YALI1F16984g	0.225422583486	0.0	FN	TP	FN->TP	True
baseline_to_q9_current_AND	Q9_chemistry_plus_growth_demand	0.1	YALI1F16984g	0.225422583486	0.0	FN	TP	FN->TP	True
baseline_to_q9_current_AND	Q9_chemistry_plus_growth_demand	0.15	YALI1F16984g	0.225422583486	0.0	FN	TP	FN->TP	True
baseline_to_q9_current_AND	Q9_chemistry_plus_growth_demand	0.01	YALI1F17082g	1.0	1.0	FN	FN	FN->FN	False
baseline_to_q9_current_AND	Q9_chemistry_plus_growth_demand	0.05	YALI1F17082g	1.0	1.0	FN	FN	FN->FN	False
baseline_to_q9_current_AND	Q9_chemistry_plus_growth_demand	0.1	YALI1F17082g	1.0	1.0	FN	FN	FN->FN	False
baseline_to_q9_current_AND	Q9_chemistry_plus_growth_demand	0.15	YALI1F17082g	1.0	1.0	FN	FN	FN->FN	False
baseline_to_q9_current_AND	Q9_chemistry_plus_growth_demand	0.01	YALI1F17962g	0.245152143728	0.245606383133	FN	FN	FN->FN	False
baseline_to_q9_current_AND	Q9_chemistry_plus_growth_demand	0.05	YALI1F17962g	0.245152143728	0.245606383133	FN	FN	FN->FN	False
baseline_to_q9_current_AND	Q9_chemistry_plus_growth_demand	0.1	YALI1F17962g	0.245152143728	0.245606383133	FN	FN	FN->FN	False
baseline_to_q9_current_AND	Q9_chemistry_plus_growth_demand	0.15	YALI1F17962g	0.245152143728	0.245606383133	FN	FN	FN->FN	False
baseline_to_q9_current_AND	Q9_chemistry_plus_growth_demand	0.01	YALI1F18105g	1.0	1.0	FN	FN	FN->FN	False
baseline_to_q9_current_AND	Q9_chemistry_plus_growth_demand	0.05	YALI1F18105g	1.0	1.0	FN	FN	FN->FN	False
baseline_to_q9_current_AND	Q9_chemistry_plus_growth_demand	0.1	YALI1F18105g	1.0	1.0	FN	FN	FN->FN	False
baseline_to_q9_current_AND	Q9_chemistry_plus_growth_demand	0.15	YALI1F18105g	1.0	1.0	FN	FN	FN->FN	False
baseline_to_q9_current_AND	Q9_chemistry_plus_growth_demand	0.01	YALI1F19090g	1.0	1.0	FN	FN	FN->FN	False
baseline_to_q9_current_AND	Q9_chemistry_plus_growth_demand	0.05	YALI1F19090g	1.0	1.0	FN	FN	FN->FN	False
baseline_to_q9_current_AND	Q9_chemistry_plus_growth_demand	0.1	YALI1F19090g	1.0	1.0	FN	FN	FN->FN	False
baseline_to_q9_current_AND	Q9_chemistry_plus_growth_demand	0.15	YALI1F19090g	1.0	1.0	FN	FN	FN->FN	False
baseline_to_q9_current_AND	Q9_chemistry_plus_growth_demand	0.01	YALI1F20637g	1.0	1.0	FN	FN	FN->FN	False
baseline_to_q9_current_AND	Q9_chemistry_plus_growth_demand	0.05	YALI1F20637g	1.0	1.0	FN	FN	FN->FN	False
baseline_to_q9_current_AND	Q9_chemistry_plus_growth_demand	0.1	YALI1F20637g	1.0	1.0	FN	FN	FN->FN	False
baseline_to_q9_current_AND	Q9_chemistry_plus_growth_demand	0.15	YALI1F20637g	1.0	1.0	FN	FN	FN->FN	False
baseline_to_q9_current_AND	Q9_chemistry_plus_growth_demand	0.01	YALI1F20788g	1.0	1.0	FN	FN	FN->FN	False
baseline_to_q9_current_AND	Q9_chemistry_plus_growth_demand	0.05	YALI1F20788g	1.0	1.0	FN	FN	FN->FN	False
baseline_to_q9_current_AND	Q9_chemistry_plus_growth_demand	0.1	YALI1F20788g	1.0	1.0	FN	FN	FN->FN	False
baseline_to_q9_current_AND	Q9_chemistry_plus_growth_demand	0.15	YALI1F20788g	1.0	1.0	FN	FN	FN->FN	False
baseline_to_q9_current_AND	Q9_chemistry_plus_growth_demand	0.01	YALI1F20914g	0.999701743964	0.999703558356	FN	FN	FN->FN	False
baseline_to_q9_current_AND	Q9_chemistry_plus_growth_demand	0.05	YALI1F20914g	0.999701743964	0.999703558356	FN	FN	FN->FN	False
baseline_to_q9_current_AND	Q9_chemistry_plus_growth_demand	0.1	YALI1F20914g	0.999701743964	0.999703558356	FN	FN	FN->FN	False
baseline_to_q9_current_AND	Q9_chemistry_plus_growth_demand	0.15	YALI1F20914g	0.999701743964	0.999703558356	FN	FN	FN->FN	False
baseline_to_q9_current_AND	Q9_chemistry_plus_growth_demand	0.01	YALI1F20965g	1.0	1.0	FN	FN	FN->FN	False
baseline_to_q9_current_AND	Q9_chemistry_plus_growth_demand	0.05	YALI1F20965g	1.0	1.0	FN	FN	FN->FN	False
baseline_to_q9_current_AND	Q9_chemistry_plus_growth_demand	0.1	YALI1F20965g	1.0	1.0	FN	FN	FN->FN	False
baseline_to_q9_current_AND	Q9_chemistry_plus_growth_demand	0.15	YALI1F20965g	1.0	1.0	FN	FN	FN->FN	False
baseline_to_q9_current_AND	Q9_chemistry_plus_growth_demand	0.01	YALI1F21690g	1.0	1.0	FN	FN	FN->FN	False
baseline_to_q9_current_AND	Q9_chemistry_plus_growth_demand	0.05	YALI1F21690g	1.0	1.0	FN	FN	FN->FN	False
baseline_to_q9_current_AND	Q9_chemistry_plus_growth_demand	0.1	YALI1F21690g	1.0	1.0	FN	FN	FN->FN	False
baseline_to_q9_current_AND	Q9_chemistry_plus_growth_demand	0.15	YALI1F21690g	1.0	1.0	FN	FN	FN->FN	False
baseline_to_q9_current_AND	Q9_chemistry_plus_growth_demand	0.01	YALI1F21769g	0.0	0.0	TP	TP	TP->TP	False
baseline_to_q9_current_AND	Q9_chemistry_plus_growth_demand	0.05	YALI1F21769g	0.0	0.0	TP	TP	TP->TP	False
baseline_to_q9_current_AND	Q9_chemistry_plus_growth_demand	0.1	YALI1F21769g	0.0	0.0	TP	TP	TP->TP	False
baseline_to_q9_current_AND	Q9_chemistry_plus_growth_demand	0.15	YALI1F21769g	0.0	0.0	TP	TP	TP->TP	False
baseline_to_q9_current_AND	Q9_chemistry_plus_growth_demand	0.01	YALI1F22436g	0.956940751442	0.956894004483	FN	FN	FN->FN	False
baseline_to_q9_current_AND	Q9_chemistry_plus_growth_demand	0.05	YALI1F22436g	0.956940751442	0.956894004483	FN	FN	FN->FN	False
baseline_to_q9_current_AND	Q9_chemistry_plus_growth_demand	0.1	YALI1F22436g	0.956940751442	0.956894004483	FN	FN	FN->FN	False
baseline_to_q9_current_AND	Q9_chemistry_plus_growth_demand	0.15	YALI1F22436g	0.956940751442	0.956894004483	FN	FN	FN->FN	False
baseline_to_q9_current_AND	Q9_chemistry_plus_growth_demand	0.01	YALI1F22993g	1.0	1.0	FN	FN	FN->FN	False
baseline_to_q9_current_AND	Q9_chemistry_plus_growth_demand	0.05	YALI1F22993g	1.0	1.0	FN	FN	FN->FN	False
baseline_to_q9_current_AND	Q9_chemistry_plus_growth_demand	0.1	YALI1F22993g	1.0	1.0	FN	FN	FN->FN	False
baseline_to_q9_current_AND	Q9_chemistry_plus_growth_demand	0.15	YALI1F22993g	1.0	1.0	FN	FN	FN->FN	False
baseline_to_q9_current_AND	Q9_chemistry_plus_growth_demand	0.01	YALI1F24171g	1.0	1.0	FN	FN	FN->FN	False
baseline_to_q9_current_AND	Q9_chemistry_plus_growth_demand	0.05	YALI1F24171g	1.0	1.0	FN	FN	FN->FN	False
baseline_to_q9_current_AND	Q9_chemistry_plus_growth_demand	0.1	YALI1F24171g	1.0	1.0	FN	FN	FN->FN	False
baseline_to_q9_current_AND	Q9_chemistry_plus_growth_demand	0.15	YALI1F24171g	1.0	1.0	FN	FN	FN->FN	False
baseline_to_q9_current_AND	Q9_chemistry_plus_growth_demand	0.01	YALI1F24343g	1.0	1.0	FN	FN	FN->FN	False
baseline_to_q9_current_AND	Q9_chemistry_plus_growth_demand	0.05	YALI1F24343g	1.0	1.0	FN	FN	FN->FN	False
baseline_to_q9_current_AND	Q9_chemistry_plus_growth_demand	0.1	YALI1F24343g	1.0	1.0	FN	FN	FN->FN	False
baseline_to_q9_current_AND	Q9_chemistry_plus_growth_demand	0.15	YALI1F24343g	1.0	1.0	FN	FN	FN->FN	False
baseline_to_q9_current_AND	Q9_chemistry_plus_growth_demand	0.01	YALI1F25908g	1.0	1.0	FN	FN	FN->FN	False
baseline_to_q9_current_AND	Q9_chemistry_plus_growth_demand	0.05	YALI1F25908g	1.0	1.0	FN	FN	FN->FN	False
baseline_to_q9_current_AND	Q9_chemistry_plus_growth_demand	0.1	YALI1F25908g	1.0	1.0	FN	FN	FN->FN	False
baseline_to_q9_current_AND	Q9_chemistry_plus_growth_demand	0.15	YALI1F25908g	1.0	1.0	FN	FN	FN->FN	False
baseline_to_q9_current_AND	Q9_chemistry_plus_growth_demand	0.01	YALI1F25924g	1.0	1.0	FN	FN	FN->FN	False
baseline_to_q9_current_AND	Q9_chemistry_plus_growth_demand	0.05	YALI1F25924g	1.0	1.0	FN	FN	FN->FN	False
baseline_to_q9_current_AND	Q9_chemistry_plus_growth_demand	0.1	YALI1F25924g	1.0	1.0	FN	FN	FN->FN	False
baseline_to_q9_current_AND	Q9_chemistry_plus_growth_demand	0.15	YALI1F25924g	1.0	1.0	FN	FN	FN->FN	False
baseline_to_q9_current_AND	Q9_chemistry_plus_growth_demand	0.01	YALI1F26873g	0.0	0.0	TP	TP	TP->TP	False
baseline_to_q9_current_AND	Q9_chemistry_plus_growth_demand	0.05	YALI1F26873g	0.0	0.0	TP	TP	TP->TP	False
baseline_to_q9_current_AND	Q9_chemistry_plus_growth_demand	0.1	YALI1F26873g	0.0	0.0	TP	TP	TP->TP	False
baseline_to_q9_current_AND	Q9_chemistry_plus_growth_demand	0.15	YALI1F26873g	0.0	0.0	TP	TP	TP->TP	False
baseline_to_q9_current_AND	Q9_chemistry_plus_growth_demand	0.01	YALI1F26967g	1.0	1.0	FN	FN	FN->FN	False
baseline_to_q9_current_AND	Q9_chemistry_plus_growth_demand	0.05	YALI1F26967g	1.0	1.0	FN	FN	FN->FN	False
baseline_to_q9_current_AND	Q9_chemistry_plus_growth_demand	0.1	YALI1F26967g	1.0	1.0	FN	FN	FN->FN	False
baseline_to_q9_current_AND	Q9_chemistry_plus_growth_demand	0.15	YALI1F26967g	1.0	1.0	FN	FN	FN->FN	False
baseline_to_q9_current_AND	Q9_chemistry_plus_growth_demand	0.01	YALI1F27002g	0.0	0.0	TP	TP	TP->TP	False
baseline_to_q9_current_AND	Q9_chemistry_plus_growth_demand	0.05	YALI1F27002g	0.0	0.0	TP	TP	TP->TP	False
baseline_to_q9_current_AND	Q9_chemistry_plus_growth_demand	0.1	YALI1F27002g	0.0	0.0	TP	TP	TP->TP	False
baseline_to_q9_current_AND	Q9_chemistry_plus_growth_demand	0.15	YALI1F27002g	0.0	0.0	TP	TP	TP->TP	False
baseline_to_q9_current_AND	Q9_chemistry_plus_growth_demand	0.01	YALI1F27343g	1.0	1.0	FN	FN	FN->FN	False
baseline_to_q9_current_AND	Q9_chemistry_plus_growth_demand	0.05	YALI1F27343g	1.0	1.0	FN	FN	FN->FN	False
baseline_to_q9_current_AND	Q9_chemistry_plus_growth_demand	0.1	YALI1F27343g	1.0	1.0	FN	FN	FN->FN	False
baseline_to_q9_current_AND	Q9_chemistry_plus_growth_demand	0.15	YALI1F27343g	1.0	1.0	FN	FN	FN->FN	False
baseline_to_q9_current_AND	Q9_chemistry_plus_growth_demand	0.01	YALI1F27556g	1.0	1.0	FN	FN	FN->FN	False
baseline_to_q9_current_AND	Q9_chemistry_plus_growth_demand	0.05	YALI1F27556g	1.0	1.0	FN	FN	FN->FN	False
baseline_to_q9_current_AND	Q9_chemistry_plus_growth_demand	0.1	YALI1F27556g	1.0	1.0	FN	FN	FN->FN	False
baseline_to_q9_current_AND	Q9_chemistry_plus_growth_demand	0.15	YALI1F27556g	1.0	1.0	FN	FN	FN->FN	False
baseline_to_q9_current_AND	Q9_chemistry_plus_growth_demand	0.01	YALI1F27686g	1.0	1.0	FN	FN	FN->FN	False
baseline_to_q9_current_AND	Q9_chemistry_plus_growth_demand	0.05	YALI1F27686g	1.0	1.0	FN	FN	FN->FN	False
baseline_to_q9_current_AND	Q9_chemistry_plus_growth_demand	0.1	YALI1F27686g	1.0	1.0	FN	FN	FN->FN	False
baseline_to_q9_current_AND	Q9_chemistry_plus_growth_demand	0.15	YALI1F27686g	1.0	1.0	FN	FN	FN->FN	False
baseline_to_q9_current_AND	Q9_chemistry_plus_growth_demand	0.01	YALI1F27761g	1.0	1.0	FN	FN	FN->FN	False
baseline_to_q9_current_AND	Q9_chemistry_plus_growth_demand	0.05	YALI1F27761g	1.0	1.0	FN	FN	FN->FN	False
baseline_to_q9_current_AND	Q9_chemistry_plus_growth_demand	0.1	YALI1F27761g	1.0	1.0	FN	FN	FN->FN	False
baseline_to_q9_current_AND	Q9_chemistry_plus_growth_demand	0.15	YALI1F27761g	1.0	1.0	FN	FN	FN->FN	False
baseline_to_q9_current_AND	Q9_chemistry_plus_growth_demand	0.01	YALI1F27904g	0.026580901812	0.02663015324	FN	FN	FN->FN	False
baseline_to_q9_current_AND	Q9_chemistry_plus_growth_demand	0.05	YALI1F27904g	0.026580901812	0.02663015324	TP	TP	TP->TP	False
baseline_to_q9_current_AND	Q9_chemistry_plus_growth_demand	0.1	YALI1F27904g	0.026580901812	0.02663015324	TP	TP	TP->TP	False
baseline_to_q9_current_AND	Q9_chemistry_plus_growth_demand	0.15	YALI1F27904g	0.026580901812	0.02663015324	TP	TP	TP->TP	False
baseline_to_q9_current_AND	Q9_chemistry_plus_growth_demand	0.01	YALI1F28092g	1.0	1.0	FN	FN	FN->FN	False
baseline_to_q9_current_AND	Q9_chemistry_plus_growth_demand	0.05	YALI1F28092g	1.0	1.0	FN	FN	FN->FN	False
baseline_to_q9_current_AND	Q9_chemistry_plus_growth_demand	0.1	YALI1F28092g	1.0	1.0	FN	FN	FN->FN	False
baseline_to_q9_current_AND	Q9_chemistry_plus_growth_demand	0.15	YALI1F28092g	1.0	1.0	FN	FN	FN->FN	False
baseline_to_q9_current_AND	Q9_chemistry_plus_growth_demand	0.01	YALI1F28274g	1.0	1.0	FN	FN	FN->FN	False
baseline_to_q9_current_AND	Q9_chemistry_plus_growth_demand	0.05	YALI1F28274g	1.0	1.0	FN	FN	FN->FN	False
baseline_to_q9_current_AND	Q9_chemistry_plus_growth_demand	0.1	YALI1F28274g	1.0	1.0	FN	FN	FN->FN	False
baseline_to_q9_current_AND	Q9_chemistry_plus_growth_demand	0.15	YALI1F28274g	1.0	1.0	FN	FN	FN->FN	False
baseline_to_q9_current_AND	Q9_chemistry_plus_growth_demand	0.01	YALI1F28833g	1.0	1.0	FN	FN	FN->FN	False
baseline_to_q9_current_AND	Q9_chemistry_plus_growth_demand	0.05	YALI1F28833g	1.0	1.0	FN	FN	FN->FN	False
baseline_to_q9_current_AND	Q9_chemistry_plus_growth_demand	0.1	YALI1F28833g	1.0	1.0	FN	FN	FN->FN	False
baseline_to_q9_current_AND	Q9_chemistry_plus_growth_demand	0.15	YALI1F28833g	1.0	1.0	FN	FN	FN->FN	False
baseline_to_q9_current_AND	Q9_chemistry_plus_growth_demand	0.01	YALI1F30459g	0.245152143728	0.245606383133	FN	FN	FN->FN	False
baseline_to_q9_current_AND	Q9_chemistry_plus_growth_demand	0.05	YALI1F30459g	0.245152143728	0.245606383133	FN	FN	FN->FN	False
baseline_to_q9_current_AND	Q9_chemistry_plus_growth_demand	0.1	YALI1F30459g	0.245152143728	0.245606383133	FN	FN	FN->FN	False
baseline_to_q9_current_AND	Q9_chemistry_plus_growth_demand	0.15	YALI1F30459g	0.245152143728	0.245606383133	FN	FN	FN->FN	False
baseline_to_q9_current_AND	Q9_chemistry_plus_growth_demand	0.01	YALI1F30703g	1.0	1.0	FN	FN	FN->FN	False
baseline_to_q9_current_AND	Q9_chemistry_plus_growth_demand	0.05	YALI1F30703g	1.0	1.0	FN	FN	FN->FN	False
baseline_to_q9_current_AND	Q9_chemistry_plus_growth_demand	0.1	YALI1F30703g	1.0	1.0	FN	FN	FN->FN	False
baseline_to_q9_current_AND	Q9_chemistry_plus_growth_demand	0.15	YALI1F30703g	1.0	1.0	FN	FN	FN->FN	False
baseline_to_q9_current_AND	Q9_chemistry_plus_growth_demand	0.01	YALI1F31135g	1.0	1.0	FN	FN	FN->FN	False
baseline_to_q9_current_AND	Q9_chemistry_plus_growth_demand	0.05	YALI1F31135g	1.0	1.0	FN	FN	FN->FN	False
baseline_to_q9_current_AND	Q9_chemistry_plus_growth_demand	0.1	YALI1F31135g	1.0	1.0	FN	FN	FN->FN	False
baseline_to_q9_current_AND	Q9_chemistry_plus_growth_demand	0.15	YALI1F31135g	1.0	1.0	FN	FN	FN->FN	False
baseline_to_q9_current_AND	Q9_chemistry_plus_growth_demand	0.01	YALI1F31283g	1.0	1.0	FN	FN	FN->FN	False
baseline_to_q9_current_AND	Q9_chemistry_plus_growth_demand	0.05	YALI1F31283g	1.0	1.0	FN	FN	FN->FN	False
baseline_to_q9_current_AND	Q9_chemistry_plus_growth_demand	0.1	YALI1F31283g	1.0	1.0	FN	FN	FN->FN	False
baseline_to_q9_current_AND	Q9_chemistry_plus_growth_demand	0.15	YALI1F31283g	1.0	1.0	FN	FN	FN->FN	False
baseline_to_q9_current_AND	Q9_chemistry_plus_growth_demand	0.01	YALI1F31854g	1.0	1.0	FN	FN	FN->FN	False
baseline_to_q9_current_AND	Q9_chemistry_plus_growth_demand	0.05	YALI1F31854g	1.0	1.0	FN	FN	FN->FN	False
baseline_to_q9_current_AND	Q9_chemistry_plus_growth_demand	0.1	YALI1F31854g	1.0	1.0	FN	FN	FN->FN	False
baseline_to_q9_current_AND	Q9_chemistry_plus_growth_demand	0.15	YALI1F31854g	1.0	1.0	FN	FN	FN->FN	False
baseline_to_q9_current_AND	Q9_chemistry_plus_growth_demand	0.01	YALI1F32002g	1.0	1.0	FN	FN	FN->FN	False
baseline_to_q9_current_AND	Q9_chemistry_plus_growth_demand	0.05	YALI1F32002g	1.0	1.0	FN	FN	FN->FN	False
baseline_to_q9_current_AND	Q9_chemistry_plus_growth_demand	0.1	YALI1F32002g	1.0	1.0	FN	FN	FN->FN	False
baseline_to_q9_current_AND	Q9_chemistry_plus_growth_demand	0.15	YALI1F32002g	1.0	1.0	FN	FN	FN->FN	False
baseline_to_q9_current_AND	Q9_chemistry_plus_growth_demand	0.01	YALI1F33819g	1.0	1.0	FN	FN	FN->FN	False
baseline_to_q9_current_AND	Q9_chemistry_plus_growth_demand	0.05	YALI1F33819g	1.0	1.0	FN	FN	FN->FN	False
baseline_to_q9_current_AND	Q9_chemistry_plus_growth_demand	0.1	YALI1F33819g	1.0	1.0	FN	FN	FN->FN	False
baseline_to_q9_current_AND	Q9_chemistry_plus_growth_demand	0.15	YALI1F33819g	1.0	1.0	FN	FN	FN->FN	False
baseline_to_q9_current_AND	Q9_chemistry_plus_growth_demand	0.01	YALI1F34051g	1.0	1.0	FN	FN	FN->FN	False
baseline_to_q9_current_AND	Q9_chemistry_plus_growth_demand	0.05	YALI1F34051g	1.0	1.0	FN	FN	FN->FN	False
baseline_to_q9_current_AND	Q9_chemistry_plus_growth_demand	0.1	YALI1F34051g	1.0	1.0	FN	FN	FN->FN	False
baseline_to_q9_current_AND	Q9_chemistry_plus_growth_demand	0.15	YALI1F34051g	1.0	1.0	FN	FN	FN->FN	False
baseline_to_q9_current_AND	Q9_chemistry_plus_growth_demand	0.01	YALI1F34625g	1.0	0.0	FN	TP	FN->TP	True
baseline_to_q9_current_AND	Q9_chemistry_plus_growth_demand	0.05	YALI1F34625g	1.0	0.0	FN	TP	FN->TP	True
baseline_to_q9_current_AND	Q9_chemistry_plus_growth_demand	0.1	YALI1F34625g	1.0	0.0	FN	TP	FN->TP	True
baseline_to_q9_current_AND	Q9_chemistry_plus_growth_demand	0.15	YALI1F34625g	1.0	0.0	FN	TP	FN->TP	True
baseline_to_q9_current_AND	Q9_chemistry_plus_growth_demand	0.01	YALI1F34675g	1.0	0.0	FN	TP	FN->TP	True
baseline_to_q9_current_AND	Q9_chemistry_plus_growth_demand	0.05	YALI1F34675g	1.0	0.0	FN	TP	FN->TP	True
baseline_to_q9_current_AND	Q9_chemistry_plus_growth_demand	0.1	YALI1F34675g	1.0	0.0	FN	TP	FN->TP	True
baseline_to_q9_current_AND	Q9_chemistry_plus_growth_demand	0.15	YALI1F34675g	1.0	0.0	FN	TP	FN->TP	True
baseline_to_q9_current_AND	Q9_chemistry_plus_growth_demand	0.01	YALI1F35109g	0.99073471561	0.990755222712	FN	FN	FN->FN	False
baseline_to_q9_current_AND	Q9_chemistry_plus_growth_demand	0.05	YALI1F35109g	0.99073471561	0.990755222712	FN	FN	FN->FN	False
baseline_to_q9_current_AND	Q9_chemistry_plus_growth_demand	0.1	YALI1F35109g	0.99073471561	0.990755222712	FN	FN	FN->FN	False
baseline_to_q9_current_AND	Q9_chemistry_plus_growth_demand	0.15	YALI1F35109g	0.99073471561	0.990755222712	FN	FN	FN->FN	False
baseline_to_q9_current_AND	Q9_chemistry_plus_growth_demand	0.01	YALI1F37354g	0.0	0.0	TP	TP	TP->TP	False
baseline_to_q9_current_AND	Q9_chemistry_plus_growth_demand	0.05	YALI1F37354g	0.0	0.0	TP	TP	TP->TP	False
baseline_to_q9_current_AND	Q9_chemistry_plus_growth_demand	0.1	YALI1F37354g	0.0	0.0	TP	TP	TP->TP	False
baseline_to_q9_current_AND	Q9_chemistry_plus_growth_demand	0.15	YALI1F37354g	0.0	0.0	TP	TP	TP->TP	False
baseline_to_q9_current_AND	Q9_chemistry_plus_growth_demand	0.01	YALI1F37559g	0.026580901812	0.02663015324	FN	FN	FN->FN	False
baseline_to_q9_current_AND	Q9_chemistry_plus_growth_demand	0.05	YALI1F37559g	0.026580901812	0.02663015324	TP	TP	TP->TP	False
baseline_to_q9_current_AND	Q9_chemistry_plus_growth_demand	0.1	YALI1F37559g	0.026580901812	0.02663015324	TP	TP	TP->TP	False
baseline_to_q9_current_AND	Q9_chemistry_plus_growth_demand	0.15	YALI1F37559g	0.026580901812	0.02663015324	TP	TP	TP->TP	False
baseline_to_q9_current_AND	Q9_chemistry_plus_growth_demand	0.01	YALI1F38116g	0.0	0.0	TP	TP	TP->TP	False
baseline_to_q9_current_AND	Q9_chemistry_plus_growth_demand	0.05	YALI1F38116g	0.0	0.0	TP	TP	TP->TP	False
baseline_to_q9_current_AND	Q9_chemistry_plus_growth_demand	0.1	YALI1F38116g	0.0	0.0	TP	TP	TP->TP	False
baseline_to_q9_current_AND	Q9_chemistry_plus_growth_demand	0.15	YALI1F38116g	0.0	0.0	TP	TP	TP->TP	False
baseline_to_q9_current_AND	Q9_chemistry_plus_growth_demand	0.01	YALI1F38317g	1.0	1.0	FN	FN	FN->FN	False
baseline_to_q9_current_AND	Q9_chemistry_plus_growth_demand	0.05	YALI1F38317g	1.0	1.0	FN	FN	FN->FN	False
baseline_to_q9_current_AND	Q9_chemistry_plus_growth_demand	0.1	YALI1F38317g	1.0	1.0	FN	FN	FN->FN	False
baseline_to_q9_current_AND	Q9_chemistry_plus_growth_demand	0.15	YALI1F38317g	1.0	1.0	FN	FN	FN->FN	False
baseline_to_q9_current_AND	Q9_chemistry_plus_growth_demand	0.01	YALI1F38986g	1.0	1.0	FN	FN	FN->FN	False
baseline_to_q9_current_AND	Q9_chemistry_plus_growth_demand	0.05	YALI1F38986g	1.0	1.0	FN	FN	FN->FN	False
baseline_to_q9_current_AND	Q9_chemistry_plus_growth_demand	0.1	YALI1F38986g	1.0	1.0	FN	FN	FN->FN	False
baseline_to_q9_current_AND	Q9_chemistry_plus_growth_demand	0.15	YALI1F38986g	1.0	1.0	FN	FN	FN->FN	False
baseline_to_q9_current_AND	Q9_chemistry_plus_growth_demand	0.01	YALI1F39330g	1.0	1.0	FN	FN	FN->FN	False
baseline_to_q9_current_AND	Q9_chemistry_plus_growth_demand	0.05	YALI1F39330g	1.0	1.0	FN	FN	FN->FN	False
baseline_to_q9_current_AND	Q9_chemistry_plus_growth_demand	0.1	YALI1F39330g	1.0	1.0	FN	FN	FN->FN	False
baseline_to_q9_current_AND	Q9_chemistry_plus_growth_demand	0.15	YALI1F39330g	1.0	1.0	FN	FN	FN->FN	False
baseline_to_q9_current_AND	Q9_chemistry_plus_growth_demand	0.01	YALI1F39620g	1.0	1.0	FN	FN	FN->FN	False
baseline_to_q9_current_AND	Q9_chemistry_plus_growth_demand	0.05	YALI1F39620g	1.0	1.0	FN	FN	FN->FN	False
baseline_to_q9_current_AND	Q9_chemistry_plus_growth_demand	0.1	YALI1F39620g	1.0	1.0	FN	FN	FN->FN	False
baseline_to_q9_current_AND	Q9_chemistry_plus_growth_demand	0.15	YALI1F39620g	1.0	1.0	FN	FN	FN->FN	False
q9_current_AND_to_step_specific	route_wide_step_specific_GPR_remapping	0.01	YALI1A00309g	0.0	0.0	TP	TP	TP->TP	False
q9_current_AND_to_step_specific	route_wide_step_specific_GPR_remapping	0.05	YALI1A00309g	0.0	0.0	TP	TP	TP->TP	False
q9_current_AND_to_step_specific	route_wide_step_specific_GPR_remapping	0.1	YALI1A00309g	0.0	0.0	TP	TP	TP->TP	False
q9_current_AND_to_step_specific	route_wide_step_specific_GPR_remapping	0.15	YALI1A00309g	0.0	0.0	TP	TP	TP->TP	False
q9_current_AND_to_step_specific	route_wide_step_specific_GPR_remapping	0.01	YALI1A00661g	1.0	1.0	FN	FN	FN->FN	False
q9_current_AND_to_step_specific	route_wide_step_specific_GPR_remapping	0.05	YALI1A00661g	1.0	1.0	FN	FN	FN->FN	False
q9_current_AND_to_step_specific	route_wide_step_specific_GPR_remapping	0.1	YALI1A00661g	1.0	1.0	FN	FN	FN->FN	False
q9_current_AND_to_step_specific	route_wide_step_specific_GPR_remapping	0.15	YALI1A00661g	1.0	1.0	FN	FN	FN->FN	False
q9_current_AND_to_step_specific	route_wide_step_specific_GPR_remapping	0.01	YALI1A02775g	1.0	1.0	FN	FN	FN->FN	False
q9_current_AND_to_step_specific	route_wide_step_specific_GPR_remapping	0.05	YALI1A02775g	1.0	1.0	FN	FN	FN->FN	False
q9_current_AND_to_step_specific	route_wide_step_specific_GPR_remapping	0.1	YALI1A02775g	1.0	1.0	FN	FN	FN->FN	False
q9_current_AND_to_step_specific	route_wide_step_specific_GPR_remapping	0.15	YALI1A02775g	1.0	1.0	FN	FN	FN->FN	False
q9_current_AND_to_step_specific	route_wide_step_specific_GPR_remapping	0.01	YALI1A03069g	1.0	1.0	FN	FN	FN->FN	False
q9_current_AND_to_step_specific	route_wide_step_specific_GPR_remapping	0.05	YALI1A03069g	1.0	1.0	FN	FN	FN->FN	False
q9_current_AND_to_step_specific	route_wide_step_specific_GPR_remapping	0.1	YALI1A03069g	1.0	1.0	FN	FN	FN->FN	False
q9_current_AND_to_step_specific	route_wide_step_specific_GPR_remapping	0.15	YALI1A03069g	1.0	1.0	FN	FN	FN->FN	False
q9_current_AND_to_step_specific	route_wide_step_specific_GPR_remapping	0.01	YALI1A03322g	0.329138734168	0.329138734168	FN	FN	FN->FN	False
q9_current_AND_to_step_specific	route_wide_step_specific_GPR_remapping	0.05	YALI1A03322g	0.329138734168	0.329138734168	FN	FN	FN->FN	False
q9_current_AND_to_step_specific	route_wide_step_specific_GPR_remapping	0.1	YALI1A03322g	0.329138734168	0.329138734168	FN	FN	FN->FN	False
q9_current_AND_to_step_specific	route_wide_step_specific_GPR_remapping	0.15	YALI1A03322g	0.329138734168	0.329138734168	FN	FN	FN->FN	False
q9_current_AND_to_step_specific	route_wide_step_specific_GPR_remapping	0.01	YALI1A05116g	1.0	1.0	FN	FN	FN->FN	False
q9_current_AND_to_step_specific	route_wide_step_specific_GPR_remapping	0.05	YALI1A05116g	1.0	1.0	FN	FN	FN->FN	False
q9_current_AND_to_step_specific	route_wide_step_specific_GPR_remapping	0.1	YALI1A05116g	1.0	1.0	FN	FN	FN->FN	False
q9_current_AND_to_step_specific	route_wide_step_specific_GPR_remapping	0.15	YALI1A05116g	1.0	1.0	FN	FN	FN->FN	False
q9_current_AND_to_step_specific	route_wide_step_specific_GPR_remapping	0.01	YALI1A08781g	0.0	0.0	TP	TP	TP->TP	False
q9_current_AND_to_step_specific	route_wide_step_specific_GPR_remapping	0.05	YALI1A08781g	0.0	0.0	TP	TP	TP->TP	False
q9_current_AND_to_step_specific	route_wide_step_specific_GPR_remapping	0.1	YALI1A08781g	0.0	0.0	TP	TP	TP->TP	False
q9_current_AND_to_step_specific	route_wide_step_specific_GPR_remapping	0.15	YALI1A08781g	0.0	0.0	TP	TP	TP->TP	False
q9_current_AND_to_step_specific	route_wide_step_specific_GPR_remapping	0.01	YALI1A09121g	1.0	1.0	FN	FN	FN->FN	False
q9_current_AND_to_step_specific	route_wide_step_specific_GPR_remapping	0.05	YALI1A09121g	1.0	1.0	FN	FN	FN->FN	False
q9_current_AND_to_step_specific	route_wide_step_specific_GPR_remapping	0.1	YALI1A09121g	1.0	1.0	FN	FN	FN->FN	False
q9_current_AND_to_step_specific	route_wide_step_specific_GPR_remapping	0.15	YALI1A09121g	1.0	1.0	FN	FN	FN->FN	False
q9_current_AND_to_step_specific	route_wide_step_specific_GPR_remapping	0.01	YALI1A09766g	1.0	1.0	FN	FN	FN->FN	False
q9_current_AND_to_step_specific	route_wide_step_specific_GPR_remapping	0.05	YALI1A09766g	1.0	1.0	FN	FN	FN->FN	False
q9_current_AND_to_step_specific	route_wide_step_specific_GPR_remapping	0.1	YALI1A09766g	1.0	1.0	FN	FN	FN->FN	False
q9_current_AND_to_step_specific	route_wide_step_specific_GPR_remapping	0.15	YALI1A09766g	1.0	1.0	FN	FN	FN->FN	False
q9_current_AND_to_step_specific	route_wide_step_specific_GPR_remapping	0.01	YALI1A09911g	1.0	1.0	FN	FN	FN->FN	False
q9_current_AND_to_step_specific	route_wide_step_specific_GPR_remapping	0.05	YALI1A09911g	1.0	1.0	FN	FN	FN->FN	False
q9_current_AND_to_step_specific	route_wide_step_specific_GPR_remapping	0.1	YALI1A09911g	1.0	1.0	FN	FN	FN->FN	False
q9_current_AND_to_step_specific	route_wide_step_specific_GPR_remapping	0.15	YALI1A09911g	1.0	1.0	FN	FN	FN->FN	False
q9_current_AND_to_step_specific	route_wide_step_specific_GPR_remapping	0.01	YALI1A09939g	0.0	0.0	TP	TP	TP->TP	False
q9_current_AND_to_step_specific	route_wide_step_specific_GPR_remapping	0.05	YALI1A09939g	0.0	0.0	TP	TP	TP->TP	False
q9_current_AND_to_step_specific	route_wide_step_specific_GPR_remapping	0.1	YALI1A09939g	0.0	0.0	TP	TP	TP->TP	False
q9_current_AND_to_step_specific	route_wide_step_specific_GPR_remapping	0.15	YALI1A09939g	0.0	0.0	TP	TP	TP->TP	False
q9_current_AND_to_step_specific	route_wide_step_specific_GPR_remapping	0.01	YALI1A10254g	1.0	1.0	FN	FN	FN->FN	False
q9_current_AND_to_step_specific	route_wide_step_specific_GPR_remapping	0.05	YALI1A10254g	1.0	1.0	FN	FN	FN->FN	False
q9_current_AND_to_step_specific	route_wide_step_specific_GPR_remapping	0.1	YALI1A10254g	1.0	1.0	FN	FN	FN->FN	False
q9_current_AND_to_step_specific	route_wide_step_specific_GPR_remapping	0.15	YALI1A10254g	1.0	1.0	FN	FN	FN->FN	False
q9_current_AND_to_step_specific	route_wide_step_specific_GPR_remapping	0.01	YALI1A10708g	1.0	1.0	FN	FN	FN->FN	False
q9_current_AND_to_step_specific	route_wide_step_specific_GPR_remapping	0.05	YALI1A10708g	1.0	1.0	FN	FN	FN->FN	False
q9_current_AND_to_step_specific	route_wide_step_specific_GPR_remapping	0.1	YALI1A10708g	1.0	1.0	FN	FN	FN->FN	False
q9_current_AND_to_step_specific	route_wide_step_specific_GPR_remapping	0.15	YALI1A10708g	1.0	1.0	FN	FN	FN->FN	False
q9_current_AND_to_step_specific	route_wide_step_specific_GPR_remapping	0.01	YALI1A11258g	1.0	1.0	FN	FN	FN->FN	False
q9_current_AND_to_step_specific	route_wide_step_specific_GPR_remapping	0.05	YALI1A11258g	1.0	1.0	FN	FN	FN->FN	False
q9_current_AND_to_step_specific	route_wide_step_specific_GPR_remapping	0.1	YALI1A11258g	1.0	1.0	FN	FN	FN->FN	False
q9_current_AND_to_step_specific	route_wide_step_specific_GPR_remapping	0.15	YALI1A11258g	1.0	1.0	FN	FN	FN->FN	False
q9_current_AND_to_step_specific	route_wide_step_specific_GPR_remapping	0.01	YALI1A12284g	1.0	1.0	FN	FN	FN->FN	False
q9_current_AND_to_step_specific	route_wide_step_specific_GPR_remapping	0.05	YALI1A12284g	1.0	1.0	FN	FN	FN->FN	False
q9_current_AND_to_step_specific	route_wide_step_specific_GPR_remapping	0.1	YALI1A12284g	1.0	1.0	FN	FN	FN->FN	False
q9_current_AND_to_step_specific	route_wide_step_specific_GPR_remapping	0.15	YALI1A12284g	1.0	1.0	FN	FN	FN->FN	False
q9_current_AND_to_step_specific	route_wide_step_specific_GPR_remapping	0.01	YALI1A13454g	1.0	1.0	FN	FN	FN->FN	False
q9_current_AND_to_step_specific	route_wide_step_specific_GPR_remapping	0.05	YALI1A13454g	1.0	1.0	FN	FN	FN->FN	False
q9_current_AND_to_step_specific	route_wide_step_specific_GPR_remapping	0.1	YALI1A13454g	1.0	1.0	FN	FN	FN->FN	False
q9_current_AND_to_step_specific	route_wide_step_specific_GPR_remapping	0.15	YALI1A13454g	1.0	1.0	FN	FN	FN->FN	False
q9_current_AND_to_step_specific	route_wide_step_specific_GPR_remapping	0.01	YALI1A14721g	0.987253897313	0.987253897313	FN	FN	FN->FN	False
q9_current_AND_to_step_specific	route_wide_step_specific_GPR_remapping	0.05	YALI1A14721g	0.987253897313	0.987253897313	FN	FN	FN->FN	False
q9_current_AND_to_step_specific	route_wide_step_specific_GPR_remapping	0.1	YALI1A14721g	0.987253897313	0.987253897313	FN	FN	FN->FN	False
q9_current_AND_to_step_specific	route_wide_step_specific_GPR_remapping	0.15	YALI1A14721g	0.987253897313	0.987253897313	FN	FN	FN->FN	False
q9_current_AND_to_step_specific	route_wide_step_specific_GPR_remapping	0.01	YALI1A14736g	0.329138734168	0.329138734168	FN	FN	FN->FN	False
q9_current_AND_to_step_specific	route_wide_step_specific_GPR_remapping	0.05	YALI1A14736g	0.329138734168	0.329138734168	FN	FN	FN->FN	False
q9_current_AND_to_step_specific	route_wide_step_specific_GPR_remapping	0.1	YALI1A14736g	0.329138734168	0.329138734168	FN	FN	FN->FN	False
q9_current_AND_to_step_specific	route_wide_step_specific_GPR_remapping	0.15	YALI1A14736g	0.329138734168	0.329138734168	FN	FN	FN->FN	False
q9_current_AND_to_step_specific	route_wide_step_specific_GPR_remapping	0.01	YALI1A15879g	0.109018775544	0.109018775544	FN	FN	FN->FN	False
q9_current_AND_to_step_specific	route_wide_step_specific_GPR_remapping	0.05	YALI1A15879g	0.109018775544	0.109018775544	FN	FN	FN->FN	False
q9_current_AND_to_step_specific	route_wide_step_specific_GPR_remapping	0.1	YALI1A15879g	0.109018775544	0.109018775544	FN	FN	FN->FN	False
q9_current_AND_to_step_specific	route_wide_step_specific_GPR_remapping	0.15	YALI1A15879g	0.109018775544	0.109018775544	TP	TP	TP->TP	False
q9_current_AND_to_step_specific	route_wide_step_specific_GPR_remapping	0.01	YALI1A20089g	1.0	1.0	FN	FN	FN->FN	False
q9_current_AND_to_step_specific	route_wide_step_specific_GPR_remapping	0.05	YALI1A20089g	1.0	1.0	FN	FN	FN->FN	False
q9_current_AND_to_step_specific	route_wide_step_specific_GPR_remapping	0.1	YALI1A20089g	1.0	1.0	FN	FN	FN->FN	False
q9_current_AND_to_step_specific	route_wide_step_specific_GPR_remapping	0.15	YALI1A20089g	1.0	1.0	FN	FN	FN->FN	False
q9_current_AND_to_step_specific	route_wide_step_specific_GPR_remapping	0.01	YALI1A20176g	1.0	1.0	FN	FN	FN->FN	False
q9_current_AND_to_step_specific	route_wide_step_specific_GPR_remapping	0.05	YALI1A20176g	1.0	1.0	FN	FN	FN->FN	False
q9_current_AND_to_step_specific	route_wide_step_specific_GPR_remapping	0.1	YALI1A20176g	1.0	1.0	FN	FN	FN->FN	False
q9_current_AND_to_step_specific	route_wide_step_specific_GPR_remapping	0.15	YALI1A20176g	1.0	1.0	FN	FN	FN->FN	False
q9_current_AND_to_step_specific	route_wide_step_specific_GPR_remapping	0.01	YALI1A21156g	1.0	1.0	FN	FN	FN->FN	False
q9_current_AND_to_step_specific	route_wide_step_specific_GPR_remapping	0.05	YALI1A21156g	1.0	1.0	FN	FN	FN->FN	False
q9_current_AND_to_step_specific	route_wide_step_specific_GPR_remapping	0.1	YALI1A21156g	1.0	1.0	FN	FN	FN->FN	False
q9_current_AND_to_step_specific	route_wide_step_specific_GPR_remapping	0.15	YALI1A21156g	1.0	1.0	FN	FN	FN->FN	False
q9_current_AND_to_step_specific	route_wide_step_specific_GPR_remapping	0.01	YALI1A21711g	1.0	1.0	FN	FN	FN->FN	False
q9_current_AND_to_step_specific	route_wide_step_specific_GPR_remapping	0.05	YALI1A21711g	1.0	1.0	FN	FN	FN->FN	False
q9_current_AND_to_step_specific	route_wide_step_specific_GPR_remapping	0.1	YALI1A21711g	1.0	1.0	FN	FN	FN->FN	False
q9_current_AND_to_step_specific	route_wide_step_specific_GPR_remapping	0.15	YALI1A21711g	1.0	1.0	FN	FN	FN->FN	False
q9_current_AND_to_step_specific	route_wide_step_specific_GPR_remapping	0.01	YALI1A21970g	1.0	1.0	FN	FN	FN->FN	False
q9_current_AND_to_step_specific	route_wide_step_specific_GPR_remapping	0.05	YALI1A21970g	1.0	1.0	FN	FN	FN->FN	False
q9_current_AND_to_step_specific	route_wide_step_specific_GPR_remapping	0.1	YALI1A21970g	1.0	1.0	FN	FN	FN->FN	False
q9_current_AND_to_step_specific	route_wide_step_specific_GPR_remapping	0.15	YALI1A21970g	1.0	1.0	FN	FN	FN->FN	False
q9_current_AND_to_step_specific	route_wide_step_specific_GPR_remapping	0.01	YALI1B00578g	1.0	1.0	FN	FN	FN->FN	False
q9_current_AND_to_step_specific	route_wide_step_specific_GPR_remapping	0.05	YALI1B00578g	1.0	1.0	FN	FN	FN->FN	False
q9_current_AND_to_step_specific	route_wide_step_specific_GPR_remapping	0.1	YALI1B00578g	1.0	1.0	FN	FN	FN->FN	False
q9_current_AND_to_step_specific	route_wide_step_specific_GPR_remapping	0.15	YALI1B00578g	1.0	1.0	FN	FN	FN->FN	False
q9_current_AND_to_step_specific	route_wide_step_specific_GPR_remapping	0.01	YALI1B00908g	1.0	1.0	FN	FN	FN->FN	False
q9_current_AND_to_step_specific	route_wide_step_specific_GPR_remapping	0.05	YALI1B00908g	1.0	1.0	FN	FN	FN->FN	False
q9_current_AND_to_step_specific	route_wide_step_specific_GPR_remapping	0.1	YALI1B00908g	1.0	1.0	FN	FN	FN->FN	False
q9_current_AND_to_step_specific	route_wide_step_specific_GPR_remapping	0.15	YALI1B00908g	1.0	1.0	FN	FN	FN->FN	False
q9_current_AND_to_step_specific	route_wide_step_specific_GPR_remapping	0.01	YALI1B01084g	1.0	1.0	FN	FN	FN->FN	False
q9_current_AND_to_step_specific	route_wide_step_specific_GPR_remapping	0.05	YALI1B01084g	1.0	1.0	FN	FN	FN->FN	False
q9_current_AND_to_step_specific	route_wide_step_specific_GPR_remapping	0.1	YALI1B01084g	1.0	1.0	FN	FN	FN->FN	False
q9_current_AND_to_step_specific	route_wide_step_specific_GPR_remapping	0.15	YALI1B01084g	1.0	1.0	FN	FN	FN->FN	False
q9_current_AND_to_step_specific	route_wide_step_specific_GPR_remapping	0.01	YALI1B01136g	1.0	1.0	FN	FN	FN->FN	False
q9_current_AND_to_step_specific	route_wide_step_specific_GPR_remapping	0.05	YALI1B01136g	1.0	1.0	FN	FN	FN->FN	False
q9_current_AND_to_step_specific	route_wide_step_specific_GPR_remapping	0.1	YALI1B01136g	1.0	1.0	FN	FN	FN->FN	False
q9_current_AND_to_step_specific	route_wide_step_specific_GPR_remapping	0.15	YALI1B01136g	1.0	1.0	FN	FN	FN->FN	False
q9_current_AND_to_step_specific	route_wide_step_specific_GPR_remapping	0.01	YALI1B02345g	0.0	0.0	TP	TP	TP->TP	False
q9_current_AND_to_step_specific	route_wide_step_specific_GPR_remapping	0.05	YALI1B02345g	0.0	0.0	TP	TP	TP->TP	False
q9_current_AND_to_step_specific	route_wide_step_specific_GPR_remapping	0.1	YALI1B02345g	0.0	0.0	TP	TP	TP->TP	False
q9_current_AND_to_step_specific	route_wide_step_specific_GPR_remapping	0.15	YALI1B02345g	0.0	0.0	TP	TP	TP->TP	False
q9_current_AND_to_step_specific	route_wide_step_specific_GPR_remapping	0.01	YALI1B02487g	0.329138734168	0.329138734168	FN	FN	FN->FN	False
q9_current_AND_to_step_specific	route_wide_step_specific_GPR_remapping	0.05	YALI1B02487g	0.329138734168	0.329138734168	FN	FN	FN->FN	False
q9_current_AND_to_step_specific	route_wide_step_specific_GPR_remapping	0.1	YALI1B02487g	0.329138734168	0.329138734168	FN	FN	FN->FN	False
q9_current_AND_to_step_specific	route_wide_step_specific_GPR_remapping	0.15	YALI1B02487g	0.329138734168	0.329138734168	FN	FN	FN->FN	False
q9_current_AND_to_step_specific	route_wide_step_specific_GPR_remapping	0.01	YALI1B02806g	1.0	1.0	FN	FN	FN->FN	False
q9_current_AND_to_step_specific	route_wide_step_specific_GPR_remapping	0.05	YALI1B02806g	1.0	1.0	FN	FN	FN->FN	False
q9_current_AND_to_step_specific	route_wide_step_specific_GPR_remapping	0.1	YALI1B02806g	1.0	1.0	FN	FN	FN->FN	False
q9_current_AND_to_step_specific	route_wide_step_specific_GPR_remapping	0.15	YALI1B02806g	1.0	1.0	FN	FN	FN->FN	False
q9_current_AND_to_step_specific	route_wide_step_specific_GPR_remapping	0.01	YALI1B03719g	1.0	1.0	FN	FN	FN->FN	False
q9_current_AND_to_step_specific	route_wide_step_specific_GPR_remapping	0.05	YALI1B03719g	1.0	1.0	FN	FN	FN->FN	False
q9_current_AND_to_step_specific	route_wide_step_specific_GPR_remapping	0.1	YALI1B03719g	1.0	1.0	FN	FN	FN->FN	False
q9_current_AND_to_step_specific	route_wide_step_specific_GPR_remapping	0.15	YALI1B03719g	1.0	1.0	FN	FN	FN->FN	False
q9_current_AND_to_step_specific	route_wide_step_specific_GPR_remapping	0.01	YALI1B04138g	0.956894004483	0.956894004483	FN	FN	FN->FN	False
q9_current_AND_to_step_specific	route_wide_step_specific_GPR_remapping	0.05	YALI1B04138g	0.956894004483	0.956894004483	FN	FN	FN->FN	False
q9_current_AND_to_step_specific	route_wide_step_specific_GPR_remapping	0.1	YALI1B04138g	0.956894004483	0.956894004483	FN	FN	FN->FN	False
q9_current_AND_to_step_specific	route_wide_step_specific_GPR_remapping	0.15	YALI1B04138g	0.956894004483	0.956894004483	FN	FN	FN->FN	False
q9_current_AND_to_step_specific	route_wide_step_specific_GPR_remapping	0.01	YALI1B04433g	0.999992904319	0.999992904319	FN	FN	FN->FN	False
q9_current_AND_to_step_specific	route_wide_step_specific_GPR_remapping	0.05	YALI1B04433g	0.999992904319	0.999992904319	FN	FN	FN->FN	False
q9_current_AND_to_step_specific	route_wide_step_specific_GPR_remapping	0.1	YALI1B04433g	0.999992904319	0.999992904319	FN	FN	FN->FN	False
q9_current_AND_to_step_specific	route_wide_step_specific_GPR_remapping	0.15	YALI1B04433g	0.999992904319	0.999992904319	FN	FN	FN->FN	False
q9_current_AND_to_step_specific	route_wide_step_specific_GPR_remapping	0.01	YALI1B05072g	1.0	1.0	FN	FN	FN->FN	False
q9_current_AND_to_step_specific	route_wide_step_specific_GPR_remapping	0.05	YALI1B05072g	1.0	1.0	FN	FN	FN->FN	False
q9_current_AND_to_step_specific	route_wide_step_specific_GPR_remapping	0.1	YALI1B05072g	1.0	1.0	FN	FN	FN->FN	False
q9_current_AND_to_step_specific	route_wide_step_specific_GPR_remapping	0.15	YALI1B05072g	1.0	1.0	FN	FN	FN->FN	False
q9_current_AND_to_step_specific	route_wide_step_specific_GPR_remapping	0.01	YALI1B05364g	1.0	1.0	FN	FN	FN->FN	False
q9_current_AND_to_step_specific	route_wide_step_specific_GPR_remapping	0.05	YALI1B05364g	1.0	1.0	FN	FN	FN->FN	False
q9_current_AND_to_step_specific	route_wide_step_specific_GPR_remapping	0.1	YALI1B05364g	1.0	1.0	FN	FN	FN->FN	False
q9_current_AND_to_step_specific	route_wide_step_specific_GPR_remapping	0.15	YALI1B05364g	1.0	1.0	FN	FN	FN->FN	False
q9_current_AND_to_step_specific	route_wide_step_specific_GPR_remapping	0.01	YALI1B05571g	0.0	0.0	TP	TP	TP->TP	False
q9_current_AND_to_step_specific	route_wide_step_specific_GPR_remapping	0.05	YALI1B05571g	0.0	0.0	TP	TP	TP->TP	False
q9_current_AND_to_step_specific	route_wide_step_specific_GPR_remapping	0.1	YALI1B05571g	0.0	0.0	TP	TP	TP->TP	False
q9_current_AND_to_step_specific	route_wide_step_specific_GPR_remapping	0.15	YALI1B05571g	0.0	0.0	TP	TP	TP->TP	False
q9_current_AND_to_step_specific	route_wide_step_specific_GPR_remapping	0.01	YALI1B05798g	1.0	1.0	FN	FN	FN->FN	False
q9_current_AND_to_step_specific	route_wide_step_specific_GPR_remapping	0.05	YALI1B05798g	1.0	1.0	FN	FN	FN->FN	False
q9_current_AND_to_step_specific	route_wide_step_specific_GPR_remapping	0.1	YALI1B05798g	1.0	1.0	FN	FN	FN->FN	False
q9_current_AND_to_step_specific	route_wide_step_specific_GPR_remapping	0.15	YALI1B05798g	1.0	1.0	FN	FN	FN->FN	False
q9_current_AND_to_step_specific	route_wide_step_specific_GPR_remapping	0.01	YALI1B07094g	0.0	0.0	TP	TP	TP->TP	False
q9_current_AND_to_step_specific	route_wide_step_specific_GPR_remapping	0.05	YALI1B07094g	0.0	0.0	TP	TP	TP->TP	False
q9_current_AND_to_step_specific	route_wide_step_specific_GPR_remapping	0.1	YALI1B07094g	0.0	0.0	TP	TP	TP->TP	False
q9_current_AND_to_step_specific	route_wide_step_specific_GPR_remapping	0.15	YALI1B07094g	0.0	0.0	TP	TP	TP->TP	False
q9_current_AND_to_step_specific	route_wide_step_specific_GPR_remapping	0.01	YALI1B07366g	0.0	0.0	TP	TP	TP->TP	False
q9_current_AND_to_step_specific	route_wide_step_specific_GPR_remapping	0.05	YALI1B07366g	0.0	0.0	TP	TP	TP->TP	False
q9_current_AND_to_step_specific	route_wide_step_specific_GPR_remapping	0.1	YALI1B07366g	0.0	0.0	TP	TP	TP->TP	False
q9_current_AND_to_step_specific	route_wide_step_specific_GPR_remapping	0.15	YALI1B07366g	0.0	0.0	TP	TP	TP->TP	False
q9_current_AND_to_step_specific	route_wide_step_specific_GPR_remapping	0.01	YALI1B07538g	0.0	0.0	TP	TP	TP->TP	False
q9_current_AND_to_step_specific	route_wide_step_specific_GPR_remapping	0.05	YALI1B07538g	0.0	0.0	TP	TP	TP->TP	False
q9_current_AND_to_step_specific	route_wide_step_specific_GPR_remapping	0.1	YALI1B07538g	0.0	0.0	TP	TP	TP->TP	False
q9_current_AND_to_step_specific	route_wide_step_specific_GPR_remapping	0.15	YALI1B07538g	0.0	0.0	TP	TP	TP->TP	False
q9_current_AND_to_step_specific	route_wide_step_specific_GPR_remapping	0.01	YALI1B07957g	1.0	1.0	FN	FN	FN->FN	False
q9_current_AND_to_step_specific	route_wide_step_specific_GPR_remapping	0.05	YALI1B07957g	1.0	1.0	FN	FN	FN->FN	False
q9_current_AND_to_step_specific	route_wide_step_specific_GPR_remapping	0.1	YALI1B07957g	1.0	1.0	FN	FN	FN->FN	False
q9_current_AND_to_step_specific	route_wide_step_specific_GPR_remapping	0.15	YALI1B07957g	1.0	1.0	FN	FN	FN->FN	False
q9_current_AND_to_step_specific	route_wide_step_specific_GPR_remapping	0.01	YALI1B08885g	1.0	1.0	FN	FN	FN->FN	False
q9_current_AND_to_step_specific	route_wide_step_specific_GPR_remapping	0.05	YALI1B08885g	1.0	1.0	FN	FN	FN->FN	False
q9_current_AND_to_step_specific	route_wide_step_specific_GPR_remapping	0.1	YALI1B08885g	1.0	1.0	FN	FN	FN->FN	False
q9_current_AND_to_step_specific	route_wide_step_specific_GPR_remapping	0.15	YALI1B08885g	1.0	1.0	FN	FN	FN->FN	False
q9_current_AND_to_step_specific	route_wide_step_specific_GPR_remapping	0.01	YALI1B09025g	1.0	1.0	FN	FN	FN->FN	False
q9_current_AND_to_step_specific	route_wide_step_specific_GPR_remapping	0.05	YALI1B09025g	1.0	1.0	FN	FN	FN->FN	False
q9_current_AND_to_step_specific	route_wide_step_specific_GPR_remapping	0.1	YALI1B09025g	1.0	1.0	FN	FN	FN->FN	False
q9_current_AND_to_step_specific	route_wide_step_specific_GPR_remapping	0.15	YALI1B09025g	1.0	1.0	FN	FN	FN->FN	False
q9_current_AND_to_step_specific	route_wide_step_specific_GPR_remapping	0.01	YALI1B09592g	0.0	0.0	TP	TP	TP->TP	False
q9_current_AND_to_step_specific	route_wide_step_specific_GPR_remapping	0.05	YALI1B09592g	0.0	0.0	TP	TP	TP->TP	False
q9_current_AND_to_step_specific	route_wide_step_specific_GPR_remapping	0.1	YALI1B09592g	0.0	0.0	TP	TP	TP->TP	False
q9_current_AND_to_step_specific	route_wide_step_specific_GPR_remapping	0.15	YALI1B09592g	0.0	0.0	TP	TP	TP->TP	False
q9_current_AND_to_step_specific	route_wide_step_specific_GPR_remapping	0.01	YALI1B11532g	0.0	0.0	TP	TP	TP->TP	False
q9_current_AND_to_step_specific	route_wide_step_specific_GPR_remapping	0.05	YALI1B11532g	0.0	0.0	TP	TP	TP->TP	False
q9_current_AND_to_step_specific	route_wide_step_specific_GPR_remapping	0.1	YALI1B11532g	0.0	0.0	TP	TP	TP->TP	False
q9_current_AND_to_step_specific	route_wide_step_specific_GPR_remapping	0.15	YALI1B11532g	0.0	0.0	TP	TP	TP->TP	False
q9_current_AND_to_step_specific	route_wide_step_specific_GPR_remapping	0.01	YALI1B12042g	1.0	1.0	FN	FN	FN->FN	False
q9_current_AND_to_step_specific	route_wide_step_specific_GPR_remapping	0.05	YALI1B12042g	1.0	1.0	FN	FN	FN->FN	False
q9_current_AND_to_step_specific	route_wide_step_specific_GPR_remapping	0.1	YALI1B12042g	1.0	1.0	FN	FN	FN->FN	False
q9_current_AND_to_step_specific	route_wide_step_specific_GPR_remapping	0.15	YALI1B12042g	1.0	1.0	FN	FN	FN->FN	False
q9_current_AND_to_step_specific	route_wide_step_specific_GPR_remapping	0.01	YALI1B14978g	1.0	1.0	FN	FN	FN->FN	False
q9_current_AND_to_step_specific	route_wide_step_specific_GPR_remapping	0.05	YALI1B14978g	1.0	1.0	FN	FN	FN->FN	False
q9_current_AND_to_step_specific	route_wide_step_specific_GPR_remapping	0.1	YALI1B14978g	1.0	1.0	FN	FN	FN->FN	False
q9_current_AND_to_step_specific	route_wide_step_specific_GPR_remapping	0.15	YALI1B14978g	1.0	1.0	FN	FN	FN->FN	False
q9_current_AND_to_step_specific	route_wide_step_specific_GPR_remapping	0.01	YALI1B15015g	1.0	1.0	FN	FN	FN->FN	False
q9_current_AND_to_step_specific	route_wide_step_specific_GPR_remapping	0.05	YALI1B15015g	1.0	1.0	FN	FN	FN->FN	False
q9_current_AND_to_step_specific	route_wide_step_specific_GPR_remapping	0.1	YALI1B15015g	1.0	1.0	FN	FN	FN->FN	False
q9_current_AND_to_step_specific	route_wide_step_specific_GPR_remapping	0.15	YALI1B15015g	1.0	1.0	FN	FN	FN->FN	False
q9_current_AND_to_step_specific	route_wide_step_specific_GPR_remapping	0.01	YALI1B15180g	1.0	1.0	FN	FN	FN->FN	False
q9_current_AND_to_step_specific	route_wide_step_specific_GPR_remapping	0.05	YALI1B15180g	1.0	1.0	FN	FN	FN->FN	False
q9_current_AND_to_step_specific	route_wide_step_specific_GPR_remapping	0.1	YALI1B15180g	1.0	1.0	FN	FN	FN->FN	False
q9_current_AND_to_step_specific	route_wide_step_specific_GPR_remapping	0.15	YALI1B15180g	1.0	1.0	FN	FN	FN->FN	False
q9_current_AND_to_step_specific	route_wide_step_specific_GPR_remapping	0.01	YALI1B17838g	1.0	1.0	FN	FN	FN->FN	False
q9_current_AND_to_step_specific	route_wide_step_specific_GPR_remapping	0.05	YALI1B17838g	1.0	1.0	FN	FN	FN->FN	False
q9_current_AND_to_step_specific	route_wide_step_specific_GPR_remapping	0.1	YALI1B17838g	1.0	1.0	FN	FN	FN->FN	False
q9_current_AND_to_step_specific	route_wide_step_specific_GPR_remapping	0.15	YALI1B17838g	1.0	1.0	FN	FN	FN->FN	False
q9_current_AND_to_step_specific	route_wide_step_specific_GPR_remapping	0.01	YALI1B17927g	1.0	1.0	FN	FN	FN->FN	False
q9_current_AND_to_step_specific	route_wide_step_specific_GPR_remapping	0.05	YALI1B17927g	1.0	1.0	FN	FN	FN->FN	False
q9_current_AND_to_step_specific	route_wide_step_specific_GPR_remapping	0.1	YALI1B17927g	1.0	1.0	FN	FN	FN->FN	False
q9_current_AND_to_step_specific	route_wide_step_specific_GPR_remapping	0.15	YALI1B17927g	1.0	1.0	FN	FN	FN->FN	False
q9_current_AND_to_step_specific	route_wide_step_specific_GPR_remapping	0.01	YALI1B18955g	0.0	0.0	TP	TP	TP->TP	False
q9_current_AND_to_step_specific	route_wide_step_specific_GPR_remapping	0.05	YALI1B18955g	0.0	0.0	TP	TP	TP->TP	False
q9_current_AND_to_step_specific	route_wide_step_specific_GPR_remapping	0.1	YALI1B18955g	0.0	0.0	TP	TP	TP->TP	False
q9_current_AND_to_step_specific	route_wide_step_specific_GPR_remapping	0.15	YALI1B18955g	0.0	0.0	TP	TP	TP->TP	False
q9_current_AND_to_step_specific	route_wide_step_specific_GPR_remapping	0.01	YALI1B19079g	0.0	0.0	TP	TP	TP->TP	False
q9_current_AND_to_step_specific	route_wide_step_specific_GPR_remapping	0.05	YALI1B19079g	0.0	0.0	TP	TP	TP->TP	False
q9_current_AND_to_step_specific	route_wide_step_specific_GPR_remapping	0.1	YALI1B19079g	0.0	0.0	TP	TP	TP->TP	False
q9_current_AND_to_step_specific	route_wide_step_specific_GPR_remapping	0.15	YALI1B19079g	0.0	0.0	TP	TP	TP->TP	False
q9_current_AND_to_step_specific	route_wide_step_specific_GPR_remapping	0.01	YALI1B19490g	1.0	1.0	FN	FN	FN->FN	False
q9_current_AND_to_step_specific	route_wide_step_specific_GPR_remapping	0.05	YALI1B19490g	1.0	1.0	FN	FN	FN->FN	False
q9_current_AND_to_step_specific	route_wide_step_specific_GPR_remapping	0.1	YALI1B19490g	1.0	1.0	FN	FN	FN->FN	False
q9_current_AND_to_step_specific	route_wide_step_specific_GPR_remapping	0.15	YALI1B19490g	1.0	1.0	FN	FN	FN->FN	False
q9_current_AND_to_step_specific	route_wide_step_specific_GPR_remapping	0.01	YALI1B19844g	0.0	0.0	TP	TP	TP->TP	False
q9_current_AND_to_step_specific	route_wide_step_specific_GPR_remapping	0.05	YALI1B19844g	0.0	0.0	TP	TP	TP->TP	False
q9_current_AND_to_step_specific	route_wide_step_specific_GPR_remapping	0.1	YALI1B19844g	0.0	0.0	TP	TP	TP->TP	False
q9_current_AND_to_step_specific	route_wide_step_specific_GPR_remapping	0.15	YALI1B19844g	0.0	0.0	TP	TP	TP->TP	False
q9_current_AND_to_step_specific	route_wide_step_specific_GPR_remapping	0.01	YALI1B20153g	0.02663015324	0.02663015324	FN	FN	FN->FN	False
q9_current_AND_to_step_specific	route_wide_step_specific_GPR_remapping	0.05	YALI1B20153g	0.02663015324	0.02663015324	TP	TP	TP->TP	False
q9_current_AND_to_step_specific	route_wide_step_specific_GPR_remapping	0.1	YALI1B20153g	0.02663015324	0.02663015324	TP	TP	TP->TP	False
q9_current_AND_to_step_specific	route_wide_step_specific_GPR_remapping	0.15	YALI1B20153g	0.02663015324	0.02663015324	TP	TP	TP->TP	False
q9_current_AND_to_step_specific	route_wide_step_specific_GPR_remapping	0.01	YALI1B20289g	0.061319169711	0.061319169711	FN	FN	FN->FN	False
q9_current_AND_to_step_specific	route_wide_step_specific_GPR_remapping	0.05	YALI1B20289g	0.061319169711	0.061319169711	FN	FN	FN->FN	False
q9_current_AND_to_step_specific	route_wide_step_specific_GPR_remapping	0.1	YALI1B20289g	0.061319169711	0.061319169711	TP	TP	TP->TP	False
q9_current_AND_to_step_specific	route_wide_step_specific_GPR_remapping	0.15	YALI1B20289g	0.061319169711	0.061319169711	TP	TP	TP->TP	False
q9_current_AND_to_step_specific	route_wide_step_specific_GPR_remapping	0.01	YALI1B20462g	1.0	1.0	FN	FN	FN->FN	False
q9_current_AND_to_step_specific	route_wide_step_specific_GPR_remapping	0.05	YALI1B20462g	1.0	1.0	FN	FN	FN->FN	False
q9_current_AND_to_step_specific	route_wide_step_specific_GPR_remapping	0.1	YALI1B20462g	1.0	1.0	FN	FN	FN->FN	False
q9_current_AND_to_step_specific	route_wide_step_specific_GPR_remapping	0.15	YALI1B20462g	1.0	1.0	FN	FN	FN->FN	False
q9_current_AND_to_step_specific	route_wide_step_specific_GPR_remapping	0.01	YALI1B20527g	0.0	1.0	TP	FN	TP->FN	True
q9_current_AND_to_step_specific	route_wide_step_specific_GPR_remapping	0.05	YALI1B20527g	0.0	1.0	TP	FN	TP->FN	True
q9_current_AND_to_step_specific	route_wide_step_specific_GPR_remapping	0.1	YALI1B20527g	0.0	1.0	TP	FN	TP->FN	True
q9_current_AND_to_step_specific	route_wide_step_specific_GPR_remapping	0.15	YALI1B20527g	0.0	1.0	TP	FN	TP->FN	True
q9_current_AND_to_step_specific	route_wide_step_specific_GPR_remapping	0.01	YALI1B21004g	0.0	0.0	TP	TP	TP->TP	False
q9_current_AND_to_step_specific	route_wide_step_specific_GPR_remapping	0.05	YALI1B21004g	0.0	0.0	TP	TP	TP->TP	False
q9_current_AND_to_step_specific	route_wide_step_specific_GPR_remapping	0.1	YALI1B21004g	0.0	0.0	TP	TP	TP->TP	False
q9_current_AND_to_step_specific	route_wide_step_specific_GPR_remapping	0.15	YALI1B21004g	0.0	0.0	TP	TP	TP->TP	False
q9_current_AND_to_step_specific	route_wide_step_specific_GPR_remapping	0.01	YALI1B21070g	0.0	0.0	TP	TP	TP->TP	False
q9_current_AND_to_step_specific	route_wide_step_specific_GPR_remapping	0.05	YALI1B21070g	0.0	0.0	TP	TP	TP->TP	False
q9_current_AND_to_step_specific	route_wide_step_specific_GPR_remapping	0.1	YALI1B21070g	0.0	0.0	TP	TP	TP->TP	False
q9_current_AND_to_step_specific	route_wide_step_specific_GPR_remapping	0.15	YALI1B21070g	0.0	0.0	TP	TP	TP->TP	False
q9_current_AND_to_step_specific	route_wide_step_specific_GPR_remapping	0.01	YALI1B21088g	1.0	1.0	FN	FN	FN->FN	False
q9_current_AND_to_step_specific	route_wide_step_specific_GPR_remapping	0.05	YALI1B21088g	1.0	1.0	FN	FN	FN->FN	False
q9_current_AND_to_step_specific	route_wide_step_specific_GPR_remapping	0.1	YALI1B21088g	1.0	1.0	FN	FN	FN->FN	False
q9_current_AND_to_step_specific	route_wide_step_specific_GPR_remapping	0.15	YALI1B21088g	1.0	1.0	FN	FN	FN->FN	False
q9_current_AND_to_step_specific	route_wide_step_specific_GPR_remapping	0.01	YALI1B21313g	1.0	1.0	FN	FN	FN->FN	False
q9_current_AND_to_step_specific	route_wide_step_specific_GPR_remapping	0.05	YALI1B21313g	1.0	1.0	FN	FN	FN->FN	False
q9_current_AND_to_step_specific	route_wide_step_specific_GPR_remapping	0.1	YALI1B21313g	1.0	1.0	FN	FN	FN->FN	False
q9_current_AND_to_step_specific	route_wide_step_specific_GPR_remapping	0.15	YALI1B21313g	1.0	1.0	FN	FN	FN->FN	False
q9_current_AND_to_step_specific	route_wide_step_specific_GPR_remapping	0.01	YALI1B21356g	1.0	1.0	FN	FN	FN->FN	False
q9_current_AND_to_step_specific	route_wide_step_specific_GPR_remapping	0.05	YALI1B21356g	1.0	1.0	FN	FN	FN->FN	False
q9_current_AND_to_step_specific	route_wide_step_specific_GPR_remapping	0.1	YALI1B21356g	1.0	1.0	FN	FN	FN->FN	False
q9_current_AND_to_step_specific	route_wide_step_specific_GPR_remapping	0.15	YALI1B21356g	1.0	1.0	FN	FN	FN->FN	False
q9_current_AND_to_step_specific	route_wide_step_specific_GPR_remapping	0.01	YALI1B21618g	1.0	1.0	FN	FN	FN->FN	False
q9_current_AND_to_step_specific	route_wide_step_specific_GPR_remapping	0.05	YALI1B21618g	1.0	1.0	FN	FN	FN->FN	False
q9_current_AND_to_step_specific	route_wide_step_specific_GPR_remapping	0.1	YALI1B21618g	1.0	1.0	FN	FN	FN->FN	False
q9_current_AND_to_step_specific	route_wide_step_specific_GPR_remapping	0.15	YALI1B21618g	1.0	1.0	FN	FN	FN->FN	False
q9_current_AND_to_step_specific	route_wide_step_specific_GPR_remapping	0.01	YALI1B22614g	0.02663015324	0.02663015324	FN	FN	FN->FN	False
q9_current_AND_to_step_specific	route_wide_step_specific_GPR_remapping	0.05	YALI1B22614g	0.02663015324	0.02663015324	TP	TP	TP->TP	False
q9_current_AND_to_step_specific	route_wide_step_specific_GPR_remapping	0.1	YALI1B22614g	0.02663015324	0.02663015324	TP	TP	TP->TP	False
q9_current_AND_to_step_specific	route_wide_step_specific_GPR_remapping	0.15	YALI1B22614g	0.02663015324	0.02663015324	TP	TP	TP->TP	False
q9_current_AND_to_step_specific	route_wide_step_specific_GPR_remapping	0.01	YALI1B22820g	0.0	0.0	TP	TP	TP->TP	False
q9_current_AND_to_step_specific	route_wide_step_specific_GPR_remapping	0.05	YALI1B22820g	0.0	0.0	TP	TP	TP->TP	False
q9_current_AND_to_step_specific	route_wide_step_specific_GPR_remapping	0.1	YALI1B22820g	0.0	0.0	TP	TP	TP->TP	False
q9_current_AND_to_step_specific	route_wide_step_specific_GPR_remapping	0.15	YALI1B22820g	0.0	0.0	TP	TP	TP->TP	False
q9_current_AND_to_step_specific	route_wide_step_specific_GPR_remapping	0.01	YALI1B22853g	0.140835007259	0.140835007259	FN	FN	FN->FN	False
q9_current_AND_to_step_specific	route_wide_step_specific_GPR_remapping	0.05	YALI1B22853g	0.140835007259	0.140835007259	FN	FN	FN->FN	False
q9_current_AND_to_step_specific	route_wide_step_specific_GPR_remapping	0.1	YALI1B22853g	0.140835007259	0.140835007259	FN	FN	FN->FN	False
q9_current_AND_to_step_specific	route_wide_step_specific_GPR_remapping	0.15	YALI1B22853g	0.140835007259	0.140835007259	TP	TP	TP->TP	False
q9_current_AND_to_step_specific	route_wide_step_specific_GPR_remapping	0.01	YALI1B22883g	1.0	1.0	FN	FN	FN->FN	False
q9_current_AND_to_step_specific	route_wide_step_specific_GPR_remapping	0.05	YALI1B22883g	1.0	1.0	FN	FN	FN->FN	False
q9_current_AND_to_step_specific	route_wide_step_specific_GPR_remapping	0.1	YALI1B22883g	1.0	1.0	FN	FN	FN->FN	False
q9_current_AND_to_step_specific	route_wide_step_specific_GPR_remapping	0.15	YALI1B22883g	1.0	1.0	FN	FN	FN->FN	False
q9_current_AND_to_step_specific	route_wide_step_specific_GPR_remapping	0.01	YALI1B23834g	0.0	0.0	TP	TP	TP->TP	False
q9_current_AND_to_step_specific	route_wide_step_specific_GPR_remapping	0.05	YALI1B23834g	0.0	0.0	TP	TP	TP->TP	False
q9_current_AND_to_step_specific	route_wide_step_specific_GPR_remapping	0.1	YALI1B23834g	0.0	0.0	TP	TP	TP->TP	False
q9_current_AND_to_step_specific	route_wide_step_specific_GPR_remapping	0.15	YALI1B23834g	0.0	0.0	TP	TP	TP->TP	False
q9_current_AND_to_step_specific	route_wide_step_specific_GPR_remapping	0.01	YALI1B25427g	0.0	0.0	TP	TP	TP->TP	False
q9_current_AND_to_step_specific	route_wide_step_specific_GPR_remapping	0.05	YALI1B25427g	0.0	0.0	TP	TP	TP->TP	False
q9_current_AND_to_step_specific	route_wide_step_specific_GPR_remapping	0.1	YALI1B25427g	0.0	0.0	TP	TP	TP->TP	False
q9_current_AND_to_step_specific	route_wide_step_specific_GPR_remapping	0.15	YALI1B25427g	0.0	0.0	TP	TP	TP->TP	False
q9_current_AND_to_step_specific	route_wide_step_specific_GPR_remapping	0.01	YALI1B26350g	1.0	1.0	FN	FN	FN->FN	False
q9_current_AND_to_step_specific	route_wide_step_specific_GPR_remapping	0.05	YALI1B26350g	1.0	1.0	FN	FN	FN->FN	False
q9_current_AND_to_step_specific	route_wide_step_specific_GPR_remapping	0.1	YALI1B26350g	1.0	1.0	FN	FN	FN->FN	False
q9_current_AND_to_step_specific	route_wide_step_specific_GPR_remapping	0.15	YALI1B26350g	1.0	1.0	FN	FN	FN->FN	False
q9_current_AND_to_step_specific	route_wide_step_specific_GPR_remapping	0.01	YALI1B26679g	1.0	1.0	FN	FN	FN->FN	False
q9_current_AND_to_step_specific	route_wide_step_specific_GPR_remapping	0.05	YALI1B26679g	1.0	1.0	FN	FN	FN->FN	False
q9_current_AND_to_step_specific	route_wide_step_specific_GPR_remapping	0.1	YALI1B26679g	1.0	1.0	FN	FN	FN->FN	False
q9_current_AND_to_step_specific	route_wide_step_specific_GPR_remapping	0.15	YALI1B26679g	1.0	1.0	FN	FN	FN->FN	False
q9_current_AND_to_step_specific	route_wide_step_specific_GPR_remapping	0.01	YALI1B26749g	1.0	1.0	FN	FN	FN->FN	False
q9_current_AND_to_step_specific	route_wide_step_specific_GPR_remapping	0.05	YALI1B26749g	1.0	1.0	FN	FN	FN->FN	False
q9_current_AND_to_step_specific	route_wide_step_specific_GPR_remapping	0.1	YALI1B26749g	1.0	1.0	FN	FN	FN->FN	False
q9_current_AND_to_step_specific	route_wide_step_specific_GPR_remapping	0.15	YALI1B26749g	1.0	1.0	FN	FN	FN->FN	False
q9_current_AND_to_step_specific	route_wide_step_specific_GPR_remapping	0.01	YALI1B27874g	0.0	0.0	TP	TP	TP->TP	False
q9_current_AND_to_step_specific	route_wide_step_specific_GPR_remapping	0.05	YALI1B27874g	0.0	0.0	TP	TP	TP->TP	False
q9_current_AND_to_step_specific	route_wide_step_specific_GPR_remapping	0.1	YALI1B27874g	0.0	0.0	TP	TP	TP->TP	False
q9_current_AND_to_step_specific	route_wide_step_specific_GPR_remapping	0.15	YALI1B27874g	0.0	0.0	TP	TP	TP->TP	False
q9_current_AND_to_step_specific	route_wide_step_specific_GPR_remapping	0.01	YALI1B28659g	1.0	1.0	FN	FN	FN->FN	False
q9_current_AND_to_step_specific	route_wide_step_specific_GPR_remapping	0.05	YALI1B28659g	1.0	1.0	FN	FN	FN->FN	False
q9_current_AND_to_step_specific	route_wide_step_specific_GPR_remapping	0.1	YALI1B28659g	1.0	1.0	FN	FN	FN->FN	False
q9_current_AND_to_step_specific	route_wide_step_specific_GPR_remapping	0.15	YALI1B28659g	1.0	1.0	FN	FN	FN->FN	False
q9_current_AND_to_step_specific	route_wide_step_specific_GPR_remapping	0.01	YALI1B29895g	1.0	1.0	FN	FN	FN->FN	False
q9_current_AND_to_step_specific	route_wide_step_specific_GPR_remapping	0.05	YALI1B29895g	1.0	1.0	FN	FN	FN->FN	False
q9_current_AND_to_step_specific	route_wide_step_specific_GPR_remapping	0.1	YALI1B29895g	1.0	1.0	FN	FN	FN->FN	False
q9_current_AND_to_step_specific	route_wide_step_specific_GPR_remapping	0.15	YALI1B29895g	1.0	1.0	FN	FN	FN->FN	False
q9_current_AND_to_step_specific	route_wide_step_specific_GPR_remapping	0.01	YALI1B30090g	0.02663015324	0.02663015324	FN	FN	FN->FN	False
q9_current_AND_to_step_specific	route_wide_step_specific_GPR_remapping	0.05	YALI1B30090g	0.02663015324	0.02663015324	TP	TP	TP->TP	False
q9_current_AND_to_step_specific	route_wide_step_specific_GPR_remapping	0.1	YALI1B30090g	0.02663015324	0.02663015324	TP	TP	TP->TP	False
q9_current_AND_to_step_specific	route_wide_step_specific_GPR_remapping	0.15	YALI1B30090g	0.02663015324	0.02663015324	TP	TP	TP->TP	False
q9_current_AND_to_step_specific	route_wide_step_specific_GPR_remapping	0.01	YALI1B30181g	0.0	0.0	TP	TP	TP->TP	False
q9_current_AND_to_step_specific	route_wide_step_specific_GPR_remapping	0.05	YALI1B30181g	0.0	0.0	TP	TP	TP->TP	False
q9_current_AND_to_step_specific	route_wide_step_specific_GPR_remapping	0.1	YALI1B30181g	0.0	0.0	TP	TP	TP->TP	False
q9_current_AND_to_step_specific	route_wide_step_specific_GPR_remapping	0.15	YALI1B30181g	0.0	0.0	TP	TP	TP->TP	False
q9_current_AND_to_step_specific	route_wide_step_specific_GPR_remapping	0.01	YALI1C02391g	1.0	1.0	FN	FN	FN->FN	False
q9_current_AND_to_step_specific	route_wide_step_specific_GPR_remapping	0.05	YALI1C02391g	1.0	1.0	FN	FN	FN->FN	False
q9_current_AND_to_step_specific	route_wide_step_specific_GPR_remapping	0.1	YALI1C02391g	1.0	1.0	FN	FN	FN->FN	False
q9_current_AND_to_step_specific	route_wide_step_specific_GPR_remapping	0.15	YALI1C02391g	1.0	1.0	FN	FN	FN->FN	False
q9_current_AND_to_step_specific	route_wide_step_specific_GPR_remapping	0.01	YALI1C04265g	1.0	1.0	FN	FN	FN->FN	False
q9_current_AND_to_step_specific	route_wide_step_specific_GPR_remapping	0.05	YALI1C04265g	1.0	1.0	FN	FN	FN->FN	False
q9_current_AND_to_step_specific	route_wide_step_specific_GPR_remapping	0.1	YALI1C04265g	1.0	1.0	FN	FN	FN->FN	False
q9_current_AND_to_step_specific	route_wide_step_specific_GPR_remapping	0.15	YALI1C04265g	1.0	1.0	FN	FN	FN->FN	False
q9_current_AND_to_step_specific	route_wide_step_specific_GPR_remapping	0.01	YALI1C04281g	1.0	1.0	FN	FN	FN->FN	False
q9_current_AND_to_step_specific	route_wide_step_specific_GPR_remapping	0.05	YALI1C04281g	1.0	1.0	FN	FN	FN->FN	False
q9_current_AND_to_step_specific	route_wide_step_specific_GPR_remapping	0.1	YALI1C04281g	1.0	1.0	FN	FN	FN->FN	False
q9_current_AND_to_step_specific	route_wide_step_specific_GPR_remapping	0.15	YALI1C04281g	1.0	1.0	FN	FN	FN->FN	False
q9_current_AND_to_step_specific	route_wide_step_specific_GPR_remapping	0.01	YALI1C06626g	0.109018775544	0.109018775544	FN	FN	FN->FN	False
q9_current_AND_to_step_specific	route_wide_step_specific_GPR_remapping	0.05	YALI1C06626g	0.109018775544	0.109018775544	FN	FN	FN->FN	False
q9_current_AND_to_step_specific	route_wide_step_specific_GPR_remapping	0.1	YALI1C06626g	0.109018775544	0.109018775544	FN	FN	FN->FN	False
q9_current_AND_to_step_specific	route_wide_step_specific_GPR_remapping	0.15	YALI1C06626g	0.109018775544	0.109018775544	TP	TP	TP->TP	False
q9_current_AND_to_step_specific	route_wide_step_specific_GPR_remapping	0.01	YALI1C07638g	0.999994548698	0.999994548698	FN	FN	FN->FN	False
q9_current_AND_to_step_specific	route_wide_step_specific_GPR_remapping	0.05	YALI1C07638g	0.999994548698	0.999994548698	FN	FN	FN->FN	False
q9_current_AND_to_step_specific	route_wide_step_specific_GPR_remapping	0.1	YALI1C07638g	0.999994548698	0.999994548698	FN	FN	FN->FN	False
q9_current_AND_to_step_specific	route_wide_step_specific_GPR_remapping	0.15	YALI1C07638g	0.999994548698	0.999994548698	FN	FN	FN->FN	False
q9_current_AND_to_step_specific	route_wide_step_specific_GPR_remapping	0.01	YALI1C07816g	1.0	1.0	FN	FN	FN->FN	False
q9_current_AND_to_step_specific	route_wide_step_specific_GPR_remapping	0.05	YALI1C07816g	1.0	1.0	FN	FN	FN->FN	False
q9_current_AND_to_step_specific	route_wide_step_specific_GPR_remapping	0.1	YALI1C07816g	1.0	1.0	FN	FN	FN->FN	False
q9_current_AND_to_step_specific	route_wide_step_specific_GPR_remapping	0.15	YALI1C07816g	1.0	1.0	FN	FN	FN->FN	False
q9_current_AND_to_step_specific	route_wide_step_specific_GPR_remapping	0.01	YALI1C08262g	0.86491294288	0.86491294288	FN	FN	FN->FN	False
q9_current_AND_to_step_specific	route_wide_step_specific_GPR_remapping	0.05	YALI1C08262g	0.86491294288	0.86491294288	FN	FN	FN->FN	False
q9_current_AND_to_step_specific	route_wide_step_specific_GPR_remapping	0.1	YALI1C08262g	0.86491294288	0.86491294288	FN	FN	FN->FN	False
q9_current_AND_to_step_specific	route_wide_step_specific_GPR_remapping	0.15	YALI1C08262g	0.86491294288	0.86491294288	FN	FN	FN->FN	False
q9_current_AND_to_step_specific	route_wide_step_specific_GPR_remapping	0.01	YALI1C08702g	1.0	1.0	FN	FN	FN->FN	False
q9_current_AND_to_step_specific	route_wide_step_specific_GPR_remapping	0.05	YALI1C08702g	1.0	1.0	FN	FN	FN->FN	False
q9_current_AND_to_step_specific	route_wide_step_specific_GPR_remapping	0.1	YALI1C08702g	1.0	1.0	FN	FN	FN->FN	False
q9_current_AND_to_step_specific	route_wide_step_specific_GPR_remapping	0.15	YALI1C08702g	1.0	1.0	FN	FN	FN->FN	False
q9_current_AND_to_step_specific	route_wide_step_specific_GPR_remapping	0.01	YALI1C09033g	0.96390764717	0.96390764717	FN	FN	FN->FN	False
q9_current_AND_to_step_specific	route_wide_step_specific_GPR_remapping	0.05	YALI1C09033g	0.96390764717	0.96390764717	FN	FN	FN->FN	False
q9_current_AND_to_step_specific	route_wide_step_specific_GPR_remapping	0.1	YALI1C09033g	0.96390764717	0.96390764717	FN	FN	FN->FN	False
q9_current_AND_to_step_specific	route_wide_step_specific_GPR_remapping	0.15	YALI1C09033g	0.96390764717	0.96390764717	FN	FN	FN->FN	False
q9_current_AND_to_step_specific	route_wide_step_specific_GPR_remapping	0.01	YALI1C09380g	1.0	1.0	FN	FN	FN->FN	False
q9_current_AND_to_step_specific	route_wide_step_specific_GPR_remapping	0.05	YALI1C09380g	1.0	1.0	FN	FN	FN->FN	False
q9_current_AND_to_step_specific	route_wide_step_specific_GPR_remapping	0.1	YALI1C09380g	1.0	1.0	FN	FN	FN->FN	False
q9_current_AND_to_step_specific	route_wide_step_specific_GPR_remapping	0.15	YALI1C09380g	1.0	1.0	FN	FN	FN->FN	False
q9_current_AND_to_step_specific	route_wide_step_specific_GPR_remapping	0.01	YALI1C09467g	0.109018775544	0.109018775544	FN	FN	FN->FN	False
q9_current_AND_to_step_specific	route_wide_step_specific_GPR_remapping	0.05	YALI1C09467g	0.109018775544	0.109018775544	FN	FN	FN->FN	False
q9_current_AND_to_step_specific	route_wide_step_specific_GPR_remapping	0.1	YALI1C09467g	0.109018775544	0.109018775544	FN	FN	FN->FN	False
q9_current_AND_to_step_specific	route_wide_step_specific_GPR_remapping	0.15	YALI1C09467g	0.109018775544	0.109018775544	TP	TP	TP->TP	False
q9_current_AND_to_step_specific	route_wide_step_specific_GPR_remapping	0.01	YALI1C12024g	1.0	1.0	FN	FN	FN->FN	False
q9_current_AND_to_step_specific	route_wide_step_specific_GPR_remapping	0.05	YALI1C12024g	1.0	1.0	FN	FN	FN->FN	False
q9_current_AND_to_step_specific	route_wide_step_specific_GPR_remapping	0.1	YALI1C12024g	1.0	1.0	FN	FN	FN->FN	False
q9_current_AND_to_step_specific	route_wide_step_specific_GPR_remapping	0.15	YALI1C12024g	1.0	1.0	FN	FN	FN->FN	False
q9_current_AND_to_step_specific	route_wide_step_specific_GPR_remapping	0.01	YALI1C15297g	0.0	0.0	TP	TP	TP->TP	False
q9_current_AND_to_step_specific	route_wide_step_specific_GPR_remapping	0.05	YALI1C15297g	0.0	0.0	TP	TP	TP->TP	False
q9_current_AND_to_step_specific	route_wide_step_specific_GPR_remapping	0.1	YALI1C15297g	0.0	0.0	TP	TP	TP->TP	False
q9_current_AND_to_step_specific	route_wide_step_specific_GPR_remapping	0.15	YALI1C15297g	0.0	0.0	TP	TP	TP->TP	False
q9_current_AND_to_step_specific	route_wide_step_specific_GPR_remapping	0.01	YALI1C15991g	1.0	1.0	FN	FN	FN->FN	False
q9_current_AND_to_step_specific	route_wide_step_specific_GPR_remapping	0.05	YALI1C15991g	1.0	1.0	FN	FN	FN->FN	False
q9_current_AND_to_step_specific	route_wide_step_specific_GPR_remapping	0.1	YALI1C15991g	1.0	1.0	FN	FN	FN->FN	False
q9_current_AND_to_step_specific	route_wide_step_specific_GPR_remapping	0.15	YALI1C15991g	1.0	1.0	FN	FN	FN->FN	False
q9_current_AND_to_step_specific	route_wide_step_specific_GPR_remapping	0.01	YALI1C16621g	0.999524784309	0.999524784309	FN	FN	FN->FN	False
q9_current_AND_to_step_specific	route_wide_step_specific_GPR_remapping	0.05	YALI1C16621g	0.999524784309	0.999524784309	FN	FN	FN->FN	False
q9_current_AND_to_step_specific	route_wide_step_specific_GPR_remapping	0.1	YALI1C16621g	0.999524784309	0.999524784309	FN	FN	FN->FN	False
q9_current_AND_to_step_specific	route_wide_step_specific_GPR_remapping	0.15	YALI1C16621g	0.999524784309	0.999524784309	FN	FN	FN->FN	False
q9_current_AND_to_step_specific	route_wide_step_specific_GPR_remapping	0.01	YALI1C17947g	0.0	0.0	TP	TP	TP->TP	False
q9_current_AND_to_step_specific	route_wide_step_specific_GPR_remapping	0.05	YALI1C17947g	0.0	0.0	TP	TP	TP->TP	False
q9_current_AND_to_step_specific	route_wide_step_specific_GPR_remapping	0.1	YALI1C17947g	0.0	0.0	TP	TP	TP->TP	False
q9_current_AND_to_step_specific	route_wide_step_specific_GPR_remapping	0.15	YALI1C17947g	0.0	0.0	TP	TP	TP->TP	False
q9_current_AND_to_step_specific	route_wide_step_specific_GPR_remapping	0.01	YALI1C19814g	1.0	1.0	FN	FN	FN->FN	False
q9_current_AND_to_step_specific	route_wide_step_specific_GPR_remapping	0.05	YALI1C19814g	1.0	1.0	FN	FN	FN->FN	False
q9_current_AND_to_step_specific	route_wide_step_specific_GPR_remapping	0.1	YALI1C19814g	1.0	1.0	FN	FN	FN->FN	False
q9_current_AND_to_step_specific	route_wide_step_specific_GPR_remapping	0.15	YALI1C19814g	1.0	1.0	FN	FN	FN->FN	False
q9_current_AND_to_step_specific	route_wide_step_specific_GPR_remapping	0.01	YALI1C21487g	0.0	0.0	TP	TP	TP->TP	False
q9_current_AND_to_step_specific	route_wide_step_specific_GPR_remapping	0.05	YALI1C21487g	0.0	0.0	TP	TP	TP->TP	False
q9_current_AND_to_step_specific	route_wide_step_specific_GPR_remapping	0.1	YALI1C21487g	0.0	0.0	TP	TP	TP->TP	False
q9_current_AND_to_step_specific	route_wide_step_specific_GPR_remapping	0.15	YALI1C21487g	0.0	0.0	TP	TP	TP->TP	False
q9_current_AND_to_step_specific	route_wide_step_specific_GPR_remapping	0.01	YALI1C25029g	1.0	1.0	FN	FN	FN->FN	False
q9_current_AND_to_step_specific	route_wide_step_specific_GPR_remapping	0.05	YALI1C25029g	1.0	1.0	FN	FN	FN->FN	False
q9_current_AND_to_step_specific	route_wide_step_specific_GPR_remapping	0.1	YALI1C25029g	1.0	1.0	FN	FN	FN->FN	False
q9_current_AND_to_step_specific	route_wide_step_specific_GPR_remapping	0.15	YALI1C25029g	1.0	1.0	FN	FN	FN->FN	False
q9_current_AND_to_step_specific	route_wide_step_specific_GPR_remapping	0.01	YALI1C25782g	1.0	1.0	FN	FN	FN->FN	False
q9_current_AND_to_step_specific	route_wide_step_specific_GPR_remapping	0.05	YALI1C25782g	1.0	1.0	FN	FN	FN->FN	False
q9_current_AND_to_step_specific	route_wide_step_specific_GPR_remapping	0.1	YALI1C25782g	1.0	1.0	FN	FN	FN->FN	False
q9_current_AND_to_step_specific	route_wide_step_specific_GPR_remapping	0.15	YALI1C25782g	1.0	1.0	FN	FN	FN->FN	False
q9_current_AND_to_step_specific	route_wide_step_specific_GPR_remapping	0.01	YALI1C26017g	0.0	0.0	TP	TP	TP->TP	False
q9_current_AND_to_step_specific	route_wide_step_specific_GPR_remapping	0.05	YALI1C26017g	0.0	0.0	TP	TP	TP->TP	False
q9_current_AND_to_step_specific	route_wide_step_specific_GPR_remapping	0.1	YALI1C26017g	0.0	0.0	TP	TP	TP->TP	False
q9_current_AND_to_step_specific	route_wide_step_specific_GPR_remapping	0.15	YALI1C26017g	0.0	0.0	TP	TP	TP->TP	False
q9_current_AND_to_step_specific	route_wide_step_specific_GPR_remapping	0.01	YALI1C26036g	1.0	1.0	FN	FN	FN->FN	False
q9_current_AND_to_step_specific	route_wide_step_specific_GPR_remapping	0.05	YALI1C26036g	1.0	1.0	FN	FN	FN->FN	False
q9_current_AND_to_step_specific	route_wide_step_specific_GPR_remapping	0.1	YALI1C26036g	1.0	1.0	FN	FN	FN->FN	False
q9_current_AND_to_step_specific	route_wide_step_specific_GPR_remapping	0.15	YALI1C26036g	1.0	1.0	FN	FN	FN->FN	False
q9_current_AND_to_step_specific	route_wide_step_specific_GPR_remapping	0.01	YALI1C26544g	0.0	0.0	TP	TP	TP->TP	False
q9_current_AND_to_step_specific	route_wide_step_specific_GPR_remapping	0.05	YALI1C26544g	0.0	0.0	TP	TP	TP->TP	False
q9_current_AND_to_step_specific	route_wide_step_specific_GPR_remapping	0.1	YALI1C26544g	0.0	0.0	TP	TP	TP->TP	False
q9_current_AND_to_step_specific	route_wide_step_specific_GPR_remapping	0.15	YALI1C26544g	0.0	0.0	TP	TP	TP->TP	False
q9_current_AND_to_step_specific	route_wide_step_specific_GPR_remapping	0.01	YALI1C27933g	1.0	1.0	FN	FN	FN->FN	False
q9_current_AND_to_step_specific	route_wide_step_specific_GPR_remapping	0.05	YALI1C27933g	1.0	1.0	FN	FN	FN->FN	False
q9_current_AND_to_step_specific	route_wide_step_specific_GPR_remapping	0.1	YALI1C27933g	1.0	1.0	FN	FN	FN->FN	False
q9_current_AND_to_step_specific	route_wide_step_specific_GPR_remapping	0.15	YALI1C27933g	1.0	1.0	FN	FN	FN->FN	False
q9_current_AND_to_step_specific	route_wide_step_specific_GPR_remapping	0.01	YALI1C29920g	1.0	1.0	FN	FN	FN->FN	False
q9_current_AND_to_step_specific	route_wide_step_specific_GPR_remapping	0.05	YALI1C29920g	1.0	1.0	FN	FN	FN->FN	False
q9_current_AND_to_step_specific	route_wide_step_specific_GPR_remapping	0.1	YALI1C29920g	1.0	1.0	FN	FN	FN->FN	False
q9_current_AND_to_step_specific	route_wide_step_specific_GPR_remapping	0.15	YALI1C29920g	1.0	1.0	FN	FN	FN->FN	False
q9_current_AND_to_step_specific	route_wide_step_specific_GPR_remapping	0.01	YALI1C32184g	1.0	1.0	FN	FN	FN->FN	False
q9_current_AND_to_step_specific	route_wide_step_specific_GPR_remapping	0.05	YALI1C32184g	1.0	1.0	FN	FN	FN->FN	False
q9_current_AND_to_step_specific	route_wide_step_specific_GPR_remapping	0.1	YALI1C32184g	1.0	1.0	FN	FN	FN->FN	False
q9_current_AND_to_step_specific	route_wide_step_specific_GPR_remapping	0.15	YALI1C32184g	1.0	1.0	FN	FN	FN->FN	False
q9_current_AND_to_step_specific	route_wide_step_specific_GPR_remapping	0.01	YALI1C32276g	0.200405527078	0.200405527078	FN	FN	FN->FN	False
q9_current_AND_to_step_specific	route_wide_step_specific_GPR_remapping	0.05	YALI1C32276g	0.200405527078	0.200405527078	FN	FN	FN->FN	False
q9_current_AND_to_step_specific	route_wide_step_specific_GPR_remapping	0.1	YALI1C32276g	0.200405527078	0.200405527078	FN	FN	FN->FN	False
q9_current_AND_to_step_specific	route_wide_step_specific_GPR_remapping	0.15	YALI1C32276g	0.200405527078	0.200405527078	FN	FN	FN->FN	False
q9_current_AND_to_step_specific	route_wide_step_specific_GPR_remapping	0.01	YALI1C32810g	1.0	1.0	FN	FN	FN->FN	False
q9_current_AND_to_step_specific	route_wide_step_specific_GPR_remapping	0.05	YALI1C32810g	1.0	1.0	FN	FN	FN->FN	False
q9_current_AND_to_step_specific	route_wide_step_specific_GPR_remapping	0.1	YALI1C32810g	1.0	1.0	FN	FN	FN->FN	False
q9_current_AND_to_step_specific	route_wide_step_specific_GPR_remapping	0.15	YALI1C32810g	1.0	1.0	FN	FN	FN->FN	False
q9_current_AND_to_step_specific	route_wide_step_specific_GPR_remapping	0.01	YALI1C33005g	0.140835007259	0.140835007259	FN	FN	FN->FN	False
q9_current_AND_to_step_specific	route_wide_step_specific_GPR_remapping	0.05	YALI1C33005g	0.140835007259	0.140835007259	FN	FN	FN->FN	False
q9_current_AND_to_step_specific	route_wide_step_specific_GPR_remapping	0.1	YALI1C33005g	0.140835007259	0.140835007259	FN	FN	FN->FN	False
q9_current_AND_to_step_specific	route_wide_step_specific_GPR_remapping	0.15	YALI1C33005g	0.140835007259	0.140835007259	TP	TP	TP->TP	False
q9_current_AND_to_step_specific	route_wide_step_specific_GPR_remapping	0.01	YALI1C33299g	1.0	1.0	FN	FN	FN->FN	False
q9_current_AND_to_step_specific	route_wide_step_specific_GPR_remapping	0.05	YALI1C33299g	1.0	1.0	FN	FN	FN->FN	False
q9_current_AND_to_step_specific	route_wide_step_specific_GPR_remapping	0.1	YALI1C33299g	1.0	1.0	FN	FN	FN->FN	False
q9_current_AND_to_step_specific	route_wide_step_specific_GPR_remapping	0.15	YALI1C33299g	1.0	1.0	FN	FN	FN->FN	False
q9_current_AND_to_step_specific	route_wide_step_specific_GPR_remapping	0.01	YALI1D00766g	1.0	1.0	FN	FN	FN->FN	False
q9_current_AND_to_step_specific	route_wide_step_specific_GPR_remapping	0.05	YALI1D00766g	1.0	1.0	FN	FN	FN->FN	False
q9_current_AND_to_step_specific	route_wide_step_specific_GPR_remapping	0.1	YALI1D00766g	1.0	1.0	FN	FN	FN->FN	False
q9_current_AND_to_step_specific	route_wide_step_specific_GPR_remapping	0.15	YALI1D00766g	1.0	1.0	FN	FN	FN->FN	False
q9_current_AND_to_step_specific	route_wide_step_specific_GPR_remapping	0.01	YALI1D01188g	0.18660121904	0.18660121904	FN	FN	FN->FN	False
q9_current_AND_to_step_specific	route_wide_step_specific_GPR_remapping	0.05	YALI1D01188g	0.18660121904	0.18660121904	FN	FN	FN->FN	False
q9_current_AND_to_step_specific	route_wide_step_specific_GPR_remapping	0.1	YALI1D01188g	0.18660121904	0.18660121904	FN	FN	FN->FN	False
q9_current_AND_to_step_specific	route_wide_step_specific_GPR_remapping	0.15	YALI1D01188g	0.18660121904	0.18660121904	FN	FN	FN->FN	False
q9_current_AND_to_step_specific	route_wide_step_specific_GPR_remapping	0.01	YALI1D03865g	0.996443848847	0.996443848847	FN	FN	FN->FN	False
q9_current_AND_to_step_specific	route_wide_step_specific_GPR_remapping	0.05	YALI1D03865g	0.996443848847	0.996443848847	FN	FN	FN->FN	False
q9_current_AND_to_step_specific	route_wide_step_specific_GPR_remapping	0.1	YALI1D03865g	0.996443848847	0.996443848847	FN	FN	FN->FN	False
q9_current_AND_to_step_specific	route_wide_step_specific_GPR_remapping	0.15	YALI1D03865g	0.996443848847	0.996443848847	FN	FN	FN->FN	False
q9_current_AND_to_step_specific	route_wide_step_specific_GPR_remapping	0.01	YALI1D03952g	0.200405527078	0.200405527078	FN	FN	FN->FN	False
q9_current_AND_to_step_specific	route_wide_step_specific_GPR_remapping	0.05	YALI1D03952g	0.200405527078	0.200405527078	FN	FN	FN->FN	False
q9_current_AND_to_step_specific	route_wide_step_specific_GPR_remapping	0.1	YALI1D03952g	0.200405527078	0.200405527078	FN	FN	FN->FN	False
q9_current_AND_to_step_specific	route_wide_step_specific_GPR_remapping	0.15	YALI1D03952g	0.200405527078	0.200405527078	FN	FN	FN->FN	False
q9_current_AND_to_step_specific	route_wide_step_specific_GPR_remapping	0.01	YALI1D04055g	1.0	1.0	FN	FN	FN->FN	False
q9_current_AND_to_step_specific	route_wide_step_specific_GPR_remapping	0.05	YALI1D04055g	1.0	1.0	FN	FN	FN->FN	False
q9_current_AND_to_step_specific	route_wide_step_specific_GPR_remapping	0.1	YALI1D04055g	1.0	1.0	FN	FN	FN->FN	False
q9_current_AND_to_step_specific	route_wide_step_specific_GPR_remapping	0.15	YALI1D04055g	1.0	1.0	FN	FN	FN->FN	False
q9_current_AND_to_step_specific	route_wide_step_specific_GPR_remapping	0.01	YALI1D04566g	1.0	1.0	FN	FN	FN->FN	False
q9_current_AND_to_step_specific	route_wide_step_specific_GPR_remapping	0.05	YALI1D04566g	1.0	1.0	FN	FN	FN->FN	False
q9_current_AND_to_step_specific	route_wide_step_specific_GPR_remapping	0.1	YALI1D04566g	1.0	1.0	FN	FN	FN->FN	False
q9_current_AND_to_step_specific	route_wide_step_specific_GPR_remapping	0.15	YALI1D04566g	1.0	1.0	FN	FN	FN->FN	False
q9_current_AND_to_step_specific	route_wide_step_specific_GPR_remapping	0.01	YALI1D05038g	1.0	1.0	FN	FN	FN->FN	False
q9_current_AND_to_step_specific	route_wide_step_specific_GPR_remapping	0.05	YALI1D05038g	1.0	1.0	FN	FN	FN->FN	False
q9_current_AND_to_step_specific	route_wide_step_specific_GPR_remapping	0.1	YALI1D05038g	1.0	1.0	FN	FN	FN->FN	False
q9_current_AND_to_step_specific	route_wide_step_specific_GPR_remapping	0.15	YALI1D05038g	1.0	1.0	FN	FN	FN->FN	False
q9_current_AND_to_step_specific	route_wide_step_specific_GPR_remapping	0.01	YALI1D05270g	1.0	1.0	FN	FN	FN->FN	False
q9_current_AND_to_step_specific	route_wide_step_specific_GPR_remapping	0.05	YALI1D05270g	1.0	1.0	FN	FN	FN->FN	False
q9_current_AND_to_step_specific	route_wide_step_specific_GPR_remapping	0.1	YALI1D05270g	1.0	1.0	FN	FN	FN->FN	False
q9_current_AND_to_step_specific	route_wide_step_specific_GPR_remapping	0.15	YALI1D05270g	1.0	1.0	FN	FN	FN->FN	False
q9_current_AND_to_step_specific	route_wide_step_specific_GPR_remapping	0.01	YALI1D05474g	0.0	0.0	TP	TP	TP->TP	False
q9_current_AND_to_step_specific	route_wide_step_specific_GPR_remapping	0.05	YALI1D05474g	0.0	0.0	TP	TP	TP->TP	False
q9_current_AND_to_step_specific	route_wide_step_specific_GPR_remapping	0.1	YALI1D05474g	0.0	0.0	TP	TP	TP->TP	False
q9_current_AND_to_step_specific	route_wide_step_specific_GPR_remapping	0.15	YALI1D05474g	0.0	0.0	TP	TP	TP->TP	False
q9_current_AND_to_step_specific	route_wide_step_specific_GPR_remapping	0.01	YALI1D06302g	1.0	1.0	FN	FN	FN->FN	False
q9_current_AND_to_step_specific	route_wide_step_specific_GPR_remapping	0.05	YALI1D06302g	1.0	1.0	FN	FN	FN->FN	False
q9_current_AND_to_step_specific	route_wide_step_specific_GPR_remapping	0.1	YALI1D06302g	1.0	1.0	FN	FN	FN->FN	False
q9_current_AND_to_step_specific	route_wide_step_specific_GPR_remapping	0.15	YALI1D06302g	1.0	1.0	FN	FN	FN->FN	False
q9_current_AND_to_step_specific	route_wide_step_specific_GPR_remapping	0.01	YALI1D06380g	1.0	1.0	FN	FN	FN->FN	False
q9_current_AND_to_step_specific	route_wide_step_specific_GPR_remapping	0.05	YALI1D06380g	1.0	1.0	FN	FN	FN->FN	False
q9_current_AND_to_step_specific	route_wide_step_specific_GPR_remapping	0.1	YALI1D06380g	1.0	1.0	FN	FN	FN->FN	False
q9_current_AND_to_step_specific	route_wide_step_specific_GPR_remapping	0.15	YALI1D06380g	1.0	1.0	FN	FN	FN->FN	False
q9_current_AND_to_step_specific	route_wide_step_specific_GPR_remapping	0.01	YALI1D07089g	1.0	1.0	FN	FN	FN->FN	False
q9_current_AND_to_step_specific	route_wide_step_specific_GPR_remapping	0.05	YALI1D07089g	1.0	1.0	FN	FN	FN->FN	False
q9_current_AND_to_step_specific	route_wide_step_specific_GPR_remapping	0.1	YALI1D07089g	1.0	1.0	FN	FN	FN->FN	False
q9_current_AND_to_step_specific	route_wide_step_specific_GPR_remapping	0.15	YALI1D07089g	1.0	1.0	FN	FN	FN->FN	False
q9_current_AND_to_step_specific	route_wide_step_specific_GPR_remapping	0.01	YALI1D07232g	0.0	0.0	TP	TP	TP->TP	False
q9_current_AND_to_step_specific	route_wide_step_specific_GPR_remapping	0.05	YALI1D07232g	0.0	0.0	TP	TP	TP->TP	False
q9_current_AND_to_step_specific	route_wide_step_specific_GPR_remapping	0.1	YALI1D07232g	0.0	0.0	TP	TP	TP->TP	False
q9_current_AND_to_step_specific	route_wide_step_specific_GPR_remapping	0.15	YALI1D07232g	0.0	0.0	TP	TP	TP->TP	False
q9_current_AND_to_step_specific	route_wide_step_specific_GPR_remapping	0.01	YALI1D07665g	1.0	1.0	FN	FN	FN->FN	False
q9_current_AND_to_step_specific	route_wide_step_specific_GPR_remapping	0.05	YALI1D07665g	1.0	1.0	FN	FN	FN->FN	False
q9_current_AND_to_step_specific	route_wide_step_specific_GPR_remapping	0.1	YALI1D07665g	1.0	1.0	FN	FN	FN->FN	False
q9_current_AND_to_step_specific	route_wide_step_specific_GPR_remapping	0.15	YALI1D07665g	1.0	1.0	FN	FN	FN->FN	False
q9_current_AND_to_step_specific	route_wide_step_specific_GPR_remapping	0.01	YALI1D07981g	1.0	1.0	FN	FN	FN->FN	False
q9_current_AND_to_step_specific	route_wide_step_specific_GPR_remapping	0.05	YALI1D07981g	1.0	1.0	FN	FN	FN->FN	False
q9_current_AND_to_step_specific	route_wide_step_specific_GPR_remapping	0.1	YALI1D07981g	1.0	1.0	FN	FN	FN->FN	False
q9_current_AND_to_step_specific	route_wide_step_specific_GPR_remapping	0.15	YALI1D07981g	1.0	1.0	FN	FN	FN->FN	False
q9_current_AND_to_step_specific	route_wide_step_specific_GPR_remapping	0.01	YALI1D08000g	1.0	1.0	FN	FN	FN->FN	False
q9_current_AND_to_step_specific	route_wide_step_specific_GPR_remapping	0.05	YALI1D08000g	1.0	1.0	FN	FN	FN->FN	False
q9_current_AND_to_step_specific	route_wide_step_specific_GPR_remapping	0.1	YALI1D08000g	1.0	1.0	FN	FN	FN->FN	False
q9_current_AND_to_step_specific	route_wide_step_specific_GPR_remapping	0.15	YALI1D08000g	1.0	1.0	FN	FN	FN->FN	False
q9_current_AND_to_step_specific	route_wide_step_specific_GPR_remapping	0.01	YALI1D08050g	0.0	0.0	TP	TP	TP->TP	False
q9_current_AND_to_step_specific	route_wide_step_specific_GPR_remapping	0.05	YALI1D08050g	0.0	0.0	TP	TP	TP->TP	False
q9_current_AND_to_step_specific	route_wide_step_specific_GPR_remapping	0.1	YALI1D08050g	0.0	0.0	TP	TP	TP->TP	False
q9_current_AND_to_step_specific	route_wide_step_specific_GPR_remapping	0.15	YALI1D08050g	0.0	0.0	TP	TP	TP->TP	False
q9_current_AND_to_step_specific	route_wide_step_specific_GPR_remapping	0.01	YALI1D08082g	1.0	1.0	FN	FN	FN->FN	False
q9_current_AND_to_step_specific	route_wide_step_specific_GPR_remapping	0.05	YALI1D08082g	1.0	1.0	FN	FN	FN->FN	False
q9_current_AND_to_step_specific	route_wide_step_specific_GPR_remapping	0.1	YALI1D08082g	1.0	1.0	FN	FN	FN->FN	False
q9_current_AND_to_step_specific	route_wide_step_specific_GPR_remapping	0.15	YALI1D08082g	1.0	1.0	FN	FN	FN->FN	False
q9_current_AND_to_step_specific	route_wide_step_specific_GPR_remapping	0.01	YALI1D08339g	1.0	1.0	FN	FN	FN->FN	False
q9_current_AND_to_step_specific	route_wide_step_specific_GPR_remapping	0.05	YALI1D08339g	1.0	1.0	FN	FN	FN->FN	False
q9_current_AND_to_step_specific	route_wide_step_specific_GPR_remapping	0.1	YALI1D08339g	1.0	1.0	FN	FN	FN->FN	False
q9_current_AND_to_step_specific	route_wide_step_specific_GPR_remapping	0.15	YALI1D08339g	1.0	1.0	FN	FN	FN->FN	False
q9_current_AND_to_step_specific	route_wide_step_specific_GPR_remapping	0.01	YALI1D10930g	0.0	0.0	TP	TP	TP->TP	False
q9_current_AND_to_step_specific	route_wide_step_specific_GPR_remapping	0.05	YALI1D10930g	0.0	0.0	TP	TP	TP->TP	False
q9_current_AND_to_step_specific	route_wide_step_specific_GPR_remapping	0.1	YALI1D10930g	0.0	0.0	TP	TP	TP->TP	False
q9_current_AND_to_step_specific	route_wide_step_specific_GPR_remapping	0.15	YALI1D10930g	0.0	0.0	TP	TP	TP->TP	False
q9_current_AND_to_step_specific	route_wide_step_specific_GPR_remapping	0.01	YALI1D11015g	1.0	1.0	FN	FN	FN->FN	False
q9_current_AND_to_step_specific	route_wide_step_specific_GPR_remapping	0.05	YALI1D11015g	1.0	1.0	FN	FN	FN->FN	False
q9_current_AND_to_step_specific	route_wide_step_specific_GPR_remapping	0.1	YALI1D11015g	1.0	1.0	FN	FN	FN->FN	False
q9_current_AND_to_step_specific	route_wide_step_specific_GPR_remapping	0.15	YALI1D11015g	1.0	1.0	FN	FN	FN->FN	False
q9_current_AND_to_step_specific	route_wide_step_specific_GPR_remapping	0.01	YALI1D11769g	0.329138734168	0.329138734168	FN	FN	FN->FN	False
q9_current_AND_to_step_specific	route_wide_step_specific_GPR_remapping	0.05	YALI1D11769g	0.329138734168	0.329138734168	FN	FN	FN->FN	False
q9_current_AND_to_step_specific	route_wide_step_specific_GPR_remapping	0.1	YALI1D11769g	0.329138734168	0.329138734168	FN	FN	FN->FN	False
q9_current_AND_to_step_specific	route_wide_step_specific_GPR_remapping	0.15	YALI1D11769g	0.329138734168	0.329138734168	FN	FN	FN->FN	False
q9_current_AND_to_step_specific	route_wide_step_specific_GPR_remapping	0.01	YALI1D11984g	1.0	1.0	FN	FN	FN->FN	False
q9_current_AND_to_step_specific	route_wide_step_specific_GPR_remapping	0.05	YALI1D11984g	1.0	1.0	FN	FN	FN->FN	False
q9_current_AND_to_step_specific	route_wide_step_specific_GPR_remapping	0.1	YALI1D11984g	1.0	1.0	FN	FN	FN->FN	False
q9_current_AND_to_step_specific	route_wide_step_specific_GPR_remapping	0.15	YALI1D11984g	1.0	1.0	FN	FN	FN->FN	False
q9_current_AND_to_step_specific	route_wide_step_specific_GPR_remapping	0.01	YALI1D12493g	0.999239432563	0.999239432563	FN	FN	FN->FN	False
q9_current_AND_to_step_specific	route_wide_step_specific_GPR_remapping	0.05	YALI1D12493g	0.999239432563	0.999239432563	FN	FN	FN->FN	False
q9_current_AND_to_step_specific	route_wide_step_specific_GPR_remapping	0.1	YALI1D12493g	0.999239432563	0.999239432563	FN	FN	FN->FN	False
q9_current_AND_to_step_specific	route_wide_step_specific_GPR_remapping	0.15	YALI1D12493g	0.999239432563	0.999239432563	FN	FN	FN->FN	False
q9_current_AND_to_step_specific	route_wide_step_specific_GPR_remapping	0.01	YALI1D14260g	0.987253897313	0.987253897313	FN	FN	FN->FN	False
q9_current_AND_to_step_specific	route_wide_step_specific_GPR_remapping	0.05	YALI1D14260g	0.987253897313	0.987253897313	FN	FN	FN->FN	False
q9_current_AND_to_step_specific	route_wide_step_specific_GPR_remapping	0.1	YALI1D14260g	0.987253897313	0.987253897313	FN	FN	FN->FN	False
q9_current_AND_to_step_specific	route_wide_step_specific_GPR_remapping	0.15	YALI1D14260g	0.987253897313	0.987253897313	FN	FN	FN->FN	False
q9_current_AND_to_step_specific	route_wide_step_specific_GPR_remapping	0.01	YALI1D14532g	0.18660121904	0.18660121904	FN	FN	FN->FN	False
q9_current_AND_to_step_specific	route_wide_step_specific_GPR_remapping	0.05	YALI1D14532g	0.18660121904	0.18660121904	FN	FN	FN->FN	False
q9_current_AND_to_step_specific	route_wide_step_specific_GPR_remapping	0.1	YALI1D14532g	0.18660121904	0.18660121904	FN	FN	FN->FN	False
q9_current_AND_to_step_specific	route_wide_step_specific_GPR_remapping	0.15	YALI1D14532g	0.18660121904	0.18660121904	FN	FN	FN->FN	False
q9_current_AND_to_step_specific	route_wide_step_specific_GPR_remapping	0.01	YALI1D14639g	1.0	1.0	FN	FN	FN->FN	False
q9_current_AND_to_step_specific	route_wide_step_specific_GPR_remapping	0.05	YALI1D14639g	1.0	1.0	FN	FN	FN->FN	False
q9_current_AND_to_step_specific	route_wide_step_specific_GPR_remapping	0.1	YALI1D14639g	1.0	1.0	FN	FN	FN->FN	False
q9_current_AND_to_step_specific	route_wide_step_specific_GPR_remapping	0.15	YALI1D14639g	1.0	1.0	FN	FN	FN->FN	False
q9_current_AND_to_step_specific	route_wide_step_specific_GPR_remapping	0.01	YALI1D15063g	0.0	0.0	TP	TP	TP->TP	False
q9_current_AND_to_step_specific	route_wide_step_specific_GPR_remapping	0.05	YALI1D15063g	0.0	0.0	TP	TP	TP->TP	False
q9_current_AND_to_step_specific	route_wide_step_specific_GPR_remapping	0.1	YALI1D15063g	0.0	0.0	TP	TP	TP->TP	False
q9_current_AND_to_step_specific	route_wide_step_specific_GPR_remapping	0.15	YALI1D15063g	0.0	0.0	TP	TP	TP->TP	False
q9_current_AND_to_step_specific	route_wide_step_specific_GPR_remapping	0.01	YALI1D15734g	1.0	1.0	FN	FN	FN->FN	False
q9_current_AND_to_step_specific	route_wide_step_specific_GPR_remapping	0.05	YALI1D15734g	1.0	1.0	FN	FN	FN->FN	False
q9_current_AND_to_step_specific	route_wide_step_specific_GPR_remapping	0.1	YALI1D15734g	1.0	1.0	FN	FN	FN->FN	False
q9_current_AND_to_step_specific	route_wide_step_specific_GPR_remapping	0.15	YALI1D15734g	1.0	1.0	FN	FN	FN->FN	False
q9_current_AND_to_step_specific	route_wide_step_specific_GPR_remapping	0.01	YALI1D16290g	0.0	0.0	TP	TP	TP->TP	False
q9_current_AND_to_step_specific	route_wide_step_specific_GPR_remapping	0.05	YALI1D16290g	0.0	0.0	TP	TP	TP->TP	False
q9_current_AND_to_step_specific	route_wide_step_specific_GPR_remapping	0.1	YALI1D16290g	0.0	0.0	TP	TP	TP->TP	False
q9_current_AND_to_step_specific	route_wide_step_specific_GPR_remapping	0.15	YALI1D16290g	0.0	0.0	TP	TP	TP->TP	False
q9_current_AND_to_step_specific	route_wide_step_specific_GPR_remapping	0.01	YALI1D16809g	0.18660121904	0.18660121904	FN	FN	FN->FN	False
q9_current_AND_to_step_specific	route_wide_step_specific_GPR_remapping	0.05	YALI1D16809g	0.18660121904	0.18660121904	FN	FN	FN->FN	False
q9_current_AND_to_step_specific	route_wide_step_specific_GPR_remapping	0.1	YALI1D16809g	0.18660121904	0.18660121904	FN	FN	FN->FN	False
q9_current_AND_to_step_specific	route_wide_step_specific_GPR_remapping	0.15	YALI1D16809g	0.18660121904	0.18660121904	FN	FN	FN->FN	False
q9_current_AND_to_step_specific	route_wide_step_specific_GPR_remapping	0.01	YALI1D17983g	1.0	1.0	FN	FN	FN->FN	False
q9_current_AND_to_step_specific	route_wide_step_specific_GPR_remapping	0.05	YALI1D17983g	1.0	1.0	FN	FN	FN->FN	False
q9_current_AND_to_step_specific	route_wide_step_specific_GPR_remapping	0.1	YALI1D17983g	1.0	1.0	FN	FN	FN->FN	False
q9_current_AND_to_step_specific	route_wide_step_specific_GPR_remapping	0.15	YALI1D17983g	1.0	1.0	FN	FN	FN->FN	False
q9_current_AND_to_step_specific	route_wide_step_specific_GPR_remapping	0.01	YALI1D18037g	1.0	1.0	FN	FN	FN->FN	False
q9_current_AND_to_step_specific	route_wide_step_specific_GPR_remapping	0.05	YALI1D18037g	1.0	1.0	FN	FN	FN->FN	False
q9_current_AND_to_step_specific	route_wide_step_specific_GPR_remapping	0.1	YALI1D18037g	1.0	1.0	FN	FN	FN->FN	False
q9_current_AND_to_step_specific	route_wide_step_specific_GPR_remapping	0.15	YALI1D18037g	1.0	1.0	FN	FN	FN->FN	False
q9_current_AND_to_step_specific	route_wide_step_specific_GPR_remapping	0.01	YALI1D18130g	0.140835007259	0.140835007259	FN	FN	FN->FN	False
q9_current_AND_to_step_specific	route_wide_step_specific_GPR_remapping	0.05	YALI1D18130g	0.140835007259	0.140835007259	FN	FN	FN->FN	False
q9_current_AND_to_step_specific	route_wide_step_specific_GPR_remapping	0.1	YALI1D18130g	0.140835007259	0.140835007259	FN	FN	FN->FN	False
q9_current_AND_to_step_specific	route_wide_step_specific_GPR_remapping	0.15	YALI1D18130g	0.140835007259	0.140835007259	TP	TP	TP->TP	False
q9_current_AND_to_step_specific	route_wide_step_specific_GPR_remapping	0.01	YALI1D18577g	0.0	0.0	TP	TP	TP->TP	False
q9_current_AND_to_step_specific	route_wide_step_specific_GPR_remapping	0.05	YALI1D18577g	0.0	0.0	TP	TP	TP->TP	False
q9_current_AND_to_step_specific	route_wide_step_specific_GPR_remapping	0.1	YALI1D18577g	0.0	0.0	TP	TP	TP->TP	False
q9_current_AND_to_step_specific	route_wide_step_specific_GPR_remapping	0.15	YALI1D18577g	0.0	0.0	TP	TP	TP->TP	False
q9_current_AND_to_step_specific	route_wide_step_specific_GPR_remapping	0.01	YALI1D19110g	1.0	1.0	FN	FN	FN->FN	False
q9_current_AND_to_step_specific	route_wide_step_specific_GPR_remapping	0.05	YALI1D19110g	1.0	1.0	FN	FN	FN->FN	False
q9_current_AND_to_step_specific	route_wide_step_specific_GPR_remapping	0.1	YALI1D19110g	1.0	1.0	FN	FN	FN->FN	False
q9_current_AND_to_step_specific	route_wide_step_specific_GPR_remapping	0.15	YALI1D19110g	1.0	1.0	FN	FN	FN->FN	False
q9_current_AND_to_step_specific	route_wide_step_specific_GPR_remapping	0.01	YALI1D20222g	0.896252186517	0.896252186517	FN	FN	FN->FN	False
q9_current_AND_to_step_specific	route_wide_step_specific_GPR_remapping	0.05	YALI1D20222g	0.896252186517	0.896252186517	FN	FN	FN->FN	False
q9_current_AND_to_step_specific	route_wide_step_specific_GPR_remapping	0.1	YALI1D20222g	0.896252186517	0.896252186517	FN	FN	FN->FN	False
q9_current_AND_to_step_specific	route_wide_step_specific_GPR_remapping	0.15	YALI1D20222g	0.896252186517	0.896252186517	FN	FN	FN->FN	False
q9_current_AND_to_step_specific	route_wide_step_specific_GPR_remapping	0.01	YALI1D20473g	0.0	0.0	TP	TP	TP->TP	False
q9_current_AND_to_step_specific	route_wide_step_specific_GPR_remapping	0.05	YALI1D20473g	0.0	0.0	TP	TP	TP->TP	False
q9_current_AND_to_step_specific	route_wide_step_specific_GPR_remapping	0.1	YALI1D20473g	0.0	0.0	TP	TP	TP->TP	False
q9_current_AND_to_step_specific	route_wide_step_specific_GPR_remapping	0.15	YALI1D20473g	0.0	0.0	TP	TP	TP->TP	False
q9_current_AND_to_step_specific	route_wide_step_specific_GPR_remapping	0.01	YALI1D20676g	1.0	1.0	FN	FN	FN->FN	False
q9_current_AND_to_step_specific	route_wide_step_specific_GPR_remapping	0.05	YALI1D20676g	1.0	1.0	FN	FN	FN->FN	False
q9_current_AND_to_step_specific	route_wide_step_specific_GPR_remapping	0.1	YALI1D20676g	1.0	1.0	FN	FN	FN->FN	False
q9_current_AND_to_step_specific	route_wide_step_specific_GPR_remapping	0.15	YALI1D20676g	1.0	1.0	FN	FN	FN->FN	False
q9_current_AND_to_step_specific	route_wide_step_specific_GPR_remapping	0.01	YALI1D24361g	0.0	0.0	TP	TP	TP->TP	False
q9_current_AND_to_step_specific	route_wide_step_specific_GPR_remapping	0.05	YALI1D24361g	0.0	0.0	TP	TP	TP->TP	False
q9_current_AND_to_step_specific	route_wide_step_specific_GPR_remapping	0.1	YALI1D24361g	0.0	0.0	TP	TP	TP->TP	False
q9_current_AND_to_step_specific	route_wide_step_specific_GPR_remapping	0.15	YALI1D24361g	0.0	0.0	TP	TP	TP->TP	False
q9_current_AND_to_step_specific	route_wide_step_specific_GPR_remapping	0.01	YALI1D24649g	1.0	1.0	FN	FN	FN->FN	False
q9_current_AND_to_step_specific	route_wide_step_specific_GPR_remapping	0.05	YALI1D24649g	1.0	1.0	FN	FN	FN->FN	False
q9_current_AND_to_step_specific	route_wide_step_specific_GPR_remapping	0.1	YALI1D24649g	1.0	1.0	FN	FN	FN->FN	False
q9_current_AND_to_step_specific	route_wide_step_specific_GPR_remapping	0.15	YALI1D24649g	1.0	1.0	FN	FN	FN->FN	False
q9_current_AND_to_step_specific	route_wide_step_specific_GPR_remapping	0.01	YALI1D25450g	0.0	0.0	TP	TP	TP->TP	False
q9_current_AND_to_step_specific	route_wide_step_specific_GPR_remapping	0.05	YALI1D25450g	0.0	0.0	TP	TP	TP->TP	False
q9_current_AND_to_step_specific	route_wide_step_specific_GPR_remapping	0.1	YALI1D25450g	0.0	0.0	TP	TP	TP->TP	False
q9_current_AND_to_step_specific	route_wide_step_specific_GPR_remapping	0.15	YALI1D25450g	0.0	0.0	TP	TP	TP->TP	False
q9_current_AND_to_step_specific	route_wide_step_specific_GPR_remapping	0.01	YALI1D26360g	1.0	1.0	FN	FN	FN->FN	False
q9_current_AND_to_step_specific	route_wide_step_specific_GPR_remapping	0.05	YALI1D26360g	1.0	1.0	FN	FN	FN->FN	False
q9_current_AND_to_step_specific	route_wide_step_specific_GPR_remapping	0.1	YALI1D26360g	1.0	1.0	FN	FN	FN->FN	False
q9_current_AND_to_step_specific	route_wide_step_specific_GPR_remapping	0.15	YALI1D26360g	1.0	1.0	FN	FN	FN->FN	False
q9_current_AND_to_step_specific	route_wide_step_specific_GPR_remapping	0.01	YALI1D27148g	0.0	0.0	TP	TP	TP->TP	False
q9_current_AND_to_step_specific	route_wide_step_specific_GPR_remapping	0.05	YALI1D27148g	0.0	0.0	TP	TP	TP->TP	False
q9_current_AND_to_step_specific	route_wide_step_specific_GPR_remapping	0.1	YALI1D27148g	0.0	0.0	TP	TP	TP->TP	False
q9_current_AND_to_step_specific	route_wide_step_specific_GPR_remapping	0.15	YALI1D27148g	0.0	0.0	TP	TP	TP->TP	False
q9_current_AND_to_step_specific	route_wide_step_specific_GPR_remapping	0.01	YALI1D27274g	0.999999220365	0.999999220365	FN	FN	FN->FN	False
q9_current_AND_to_step_specific	route_wide_step_specific_GPR_remapping	0.05	YALI1D27274g	0.999999220365	0.999999220365	FN	FN	FN->FN	False
q9_current_AND_to_step_specific	route_wide_step_specific_GPR_remapping	0.1	YALI1D27274g	0.999999220365	0.999999220365	FN	FN	FN->FN	False
q9_current_AND_to_step_specific	route_wide_step_specific_GPR_remapping	0.15	YALI1D27274g	0.999999220365	0.999999220365	FN	FN	FN->FN	False
q9_current_AND_to_step_specific	route_wide_step_specific_GPR_remapping	0.01	YALI1D27826g	1.0	1.0	FN	FN	FN->FN	False
q9_current_AND_to_step_specific	route_wide_step_specific_GPR_remapping	0.05	YALI1D27826g	1.0	1.0	FN	FN	FN->FN	False
q9_current_AND_to_step_specific	route_wide_step_specific_GPR_remapping	0.1	YALI1D27826g	1.0	1.0	FN	FN	FN->FN	False
q9_current_AND_to_step_specific	route_wide_step_specific_GPR_remapping	0.15	YALI1D27826g	1.0	1.0	FN	FN	FN->FN	False
q9_current_AND_to_step_specific	route_wide_step_specific_GPR_remapping	0.01	YALI1D29481g	0.061319169711	0.061319169711	FN	FN	FN->FN	False
q9_current_AND_to_step_specific	route_wide_step_specific_GPR_remapping	0.05	YALI1D29481g	0.061319169711	0.061319169711	FN	FN	FN->FN	False
q9_current_AND_to_step_specific	route_wide_step_specific_GPR_remapping	0.1	YALI1D29481g	0.061319169711	0.061319169711	TP	TP	TP->TP	False
q9_current_AND_to_step_specific	route_wide_step_specific_GPR_remapping	0.15	YALI1D29481g	0.061319169711	0.061319169711	TP	TP	TP->TP	False
q9_current_AND_to_step_specific	route_wide_step_specific_GPR_remapping	0.01	YALI1D30256g	0.987253897313	0.987253897313	FN	FN	FN->FN	False
q9_current_AND_to_step_specific	route_wide_step_specific_GPR_remapping	0.05	YALI1D30256g	0.987253897313	0.987253897313	FN	FN	FN->FN	False
q9_current_AND_to_step_specific	route_wide_step_specific_GPR_remapping	0.1	YALI1D30256g	0.987253897313	0.987253897313	FN	FN	FN->FN	False
q9_current_AND_to_step_specific	route_wide_step_specific_GPR_remapping	0.15	YALI1D30256g	0.987253897313	0.987253897313	FN	FN	FN->FN	False
q9_current_AND_to_step_specific	route_wide_step_specific_GPR_remapping	0.01	YALI1D30570g	1.0	1.0	FN	FN	FN->FN	False
q9_current_AND_to_step_specific	route_wide_step_specific_GPR_remapping	0.05	YALI1D30570g	1.0	1.0	FN	FN	FN->FN	False
q9_current_AND_to_step_specific	route_wide_step_specific_GPR_remapping	0.1	YALI1D30570g	1.0	1.0	FN	FN	FN->FN	False
q9_current_AND_to_step_specific	route_wide_step_specific_GPR_remapping	0.15	YALI1D30570g	1.0	1.0	FN	FN	FN->FN	False
q9_current_AND_to_step_specific	route_wide_step_specific_GPR_remapping	0.01	YALI1D30618g	1.0	1.0	FN	FN	FN->FN	False
q9_current_AND_to_step_specific	route_wide_step_specific_GPR_remapping	0.05	YALI1D30618g	1.0	1.0	FN	FN	FN->FN	False
q9_current_AND_to_step_specific	route_wide_step_specific_GPR_remapping	0.1	YALI1D30618g	1.0	1.0	FN	FN	FN->FN	False
q9_current_AND_to_step_specific	route_wide_step_specific_GPR_remapping	0.15	YALI1D30618g	1.0	1.0	FN	FN	FN->FN	False
q9_current_AND_to_step_specific	route_wide_step_specific_GPR_remapping	0.01	YALI1D32550g	1.0	1.0	FN	FN	FN->FN	False
q9_current_AND_to_step_specific	route_wide_step_specific_GPR_remapping	0.05	YALI1D32550g	1.0	1.0	FN	FN	FN->FN	False
q9_current_AND_to_step_specific	route_wide_step_specific_GPR_remapping	0.1	YALI1D32550g	1.0	1.0	FN	FN	FN->FN	False
q9_current_AND_to_step_specific	route_wide_step_specific_GPR_remapping	0.15	YALI1D32550g	1.0	1.0	FN	FN	FN->FN	False
q9_current_AND_to_step_specific	route_wide_step_specific_GPR_remapping	0.01	YALI1D32594g	1.0	1.0	FN	FN	FN->FN	False
q9_current_AND_to_step_specific	route_wide_step_specific_GPR_remapping	0.05	YALI1D32594g	1.0	1.0	FN	FN	FN->FN	False
q9_current_AND_to_step_specific	route_wide_step_specific_GPR_remapping	0.1	YALI1D32594g	1.0	1.0	FN	FN	FN->FN	False
q9_current_AND_to_step_specific	route_wide_step_specific_GPR_remapping	0.15	YALI1D32594g	1.0	1.0	FN	FN	FN->FN	False
q9_current_AND_to_step_specific	route_wide_step_specific_GPR_remapping	0.01	YALI1D33465g	1.0	1.0	FN	FN	FN->FN	False
q9_current_AND_to_step_specific	route_wide_step_specific_GPR_remapping	0.05	YALI1D33465g	1.0	1.0	FN	FN	FN->FN	False
q9_current_AND_to_step_specific	route_wide_step_specific_GPR_remapping	0.1	YALI1D33465g	1.0	1.0	FN	FN	FN->FN	False
q9_current_AND_to_step_specific	route_wide_step_specific_GPR_remapping	0.15	YALI1D33465g	1.0	1.0	FN	FN	FN->FN	False
q9_current_AND_to_step_specific	route_wide_step_specific_GPR_remapping	0.01	YALI1D33780g	1.0	1.0	FN	FN	FN->FN	False
q9_current_AND_to_step_specific	route_wide_step_specific_GPR_remapping	0.05	YALI1D33780g	1.0	1.0	FN	FN	FN->FN	False
q9_current_AND_to_step_specific	route_wide_step_specific_GPR_remapping	0.1	YALI1D33780g	1.0	1.0	FN	FN	FN->FN	False
q9_current_AND_to_step_specific	route_wide_step_specific_GPR_remapping	0.15	YALI1D33780g	1.0	1.0	FN	FN	FN->FN	False
q9_current_AND_to_step_specific	route_wide_step_specific_GPR_remapping	0.01	YALI1D33889g	1.0	1.0	FN	FN	FN->FN	False
q9_current_AND_to_step_specific	route_wide_step_specific_GPR_remapping	0.05	YALI1D33889g	1.0	1.0	FN	FN	FN->FN	False
q9_current_AND_to_step_specific	route_wide_step_specific_GPR_remapping	0.1	YALI1D33889g	1.0	1.0	FN	FN	FN->FN	False
q9_current_AND_to_step_specific	route_wide_step_specific_GPR_remapping	0.15	YALI1D33889g	1.0	1.0	FN	FN	FN->FN	False
q9_current_AND_to_step_specific	route_wide_step_specific_GPR_remapping	0.01	YALI1D34288g	1.0	1.0	FN	FN	FN->FN	False
q9_current_AND_to_step_specific	route_wide_step_specific_GPR_remapping	0.05	YALI1D34288g	1.0	1.0	FN	FN	FN->FN	False
q9_current_AND_to_step_specific	route_wide_step_specific_GPR_remapping	0.1	YALI1D34288g	1.0	1.0	FN	FN	FN->FN	False
q9_current_AND_to_step_specific	route_wide_step_specific_GPR_remapping	0.15	YALI1D34288g	1.0	1.0	FN	FN	FN->FN	False
q9_current_AND_to_step_specific	route_wide_step_specific_GPR_remapping	0.01	YALI1D34865g	0.140835007259	0.140835007259	FN	FN	FN->FN	False
q9_current_AND_to_step_specific	route_wide_step_specific_GPR_remapping	0.05	YALI1D34865g	0.140835007259	0.140835007259	FN	FN	FN->FN	False
q9_current_AND_to_step_specific	route_wide_step_specific_GPR_remapping	0.1	YALI1D34865g	0.140835007259	0.140835007259	FN	FN	FN->FN	False
q9_current_AND_to_step_specific	route_wide_step_specific_GPR_remapping	0.15	YALI1D34865g	0.140835007259	0.140835007259	TP	TP	TP->TP	False
q9_current_AND_to_step_specific	route_wide_step_specific_GPR_remapping	0.01	YALI1E00574g	1.0	1.0	FN	FN	FN->FN	False
q9_current_AND_to_step_specific	route_wide_step_specific_GPR_remapping	0.05	YALI1E00574g	1.0	1.0	FN	FN	FN->FN	False
q9_current_AND_to_step_specific	route_wide_step_specific_GPR_remapping	0.1	YALI1E00574g	1.0	1.0	FN	FN	FN->FN	False
q9_current_AND_to_step_specific	route_wide_step_specific_GPR_remapping	0.15	YALI1E00574g	1.0	1.0	FN	FN	FN->FN	False
q9_current_AND_to_step_specific	route_wide_step_specific_GPR_remapping	0.01	YALI1E01159g	1.0	1.0	FN	FN	FN->FN	False
q9_current_AND_to_step_specific	route_wide_step_specific_GPR_remapping	0.05	YALI1E01159g	1.0	1.0	FN	FN	FN->FN	False
q9_current_AND_to_step_specific	route_wide_step_specific_GPR_remapping	0.1	YALI1E01159g	1.0	1.0	FN	FN	FN->FN	False
q9_current_AND_to_step_specific	route_wide_step_specific_GPR_remapping	0.15	YALI1E01159g	1.0	1.0	FN	FN	FN->FN	False
q9_current_AND_to_step_specific	route_wide_step_specific_GPR_remapping	0.01	YALI1E01793g	0.109018775544	0.109018775544	FN	FN	FN->FN	False
q9_current_AND_to_step_specific	route_wide_step_specific_GPR_remapping	0.05	YALI1E01793g	0.109018775544	0.109018775544	FN	FN	FN->FN	False
q9_current_AND_to_step_specific	route_wide_step_specific_GPR_remapping	0.1	YALI1E01793g	0.109018775544	0.109018775544	FN	FN	FN->FN	False
q9_current_AND_to_step_specific	route_wide_step_specific_GPR_remapping	0.15	YALI1E01793g	0.109018775544	0.109018775544	TP	TP	TP->TP	False
q9_current_AND_to_step_specific	route_wide_step_specific_GPR_remapping	0.01	YALI1E02885g	1.0	1.0	FN	FN	FN->FN	False
q9_current_AND_to_step_specific	route_wide_step_specific_GPR_remapping	0.05	YALI1E02885g	1.0	1.0	FN	FN	FN->FN	False
q9_current_AND_to_step_specific	route_wide_step_specific_GPR_remapping	0.1	YALI1E02885g	1.0	1.0	FN	FN	FN->FN	False
q9_current_AND_to_step_specific	route_wide_step_specific_GPR_remapping	0.15	YALI1E02885g	1.0	1.0	FN	FN	FN->FN	False
q9_current_AND_to_step_specific	route_wide_step_specific_GPR_remapping	0.01	YALI1E03387g	0.061319169711	0.061319169711	FN	FN	FN->FN	False
q9_current_AND_to_step_specific	route_wide_step_specific_GPR_remapping	0.05	YALI1E03387g	0.061319169711	0.061319169711	FN	FN	FN->FN	False
q9_current_AND_to_step_specific	route_wide_step_specific_GPR_remapping	0.1	YALI1E03387g	0.061319169711	0.061319169711	TP	TP	TP->TP	False
q9_current_AND_to_step_specific	route_wide_step_specific_GPR_remapping	0.15	YALI1E03387g	0.061319169711	0.061319169711	TP	TP	TP->TP	False
q9_current_AND_to_step_specific	route_wide_step_specific_GPR_remapping	0.01	YALI1E03762g	0.0	0.0	TP	TP	TP->TP	False
q9_current_AND_to_step_specific	route_wide_step_specific_GPR_remapping	0.05	YALI1E03762g	0.0	0.0	TP	TP	TP->TP	False
q9_current_AND_to_step_specific	route_wide_step_specific_GPR_remapping	0.1	YALI1E03762g	0.0	0.0	TP	TP	TP->TP	False
q9_current_AND_to_step_specific	route_wide_step_specific_GPR_remapping	0.15	YALI1E03762g	0.0	0.0	TP	TP	TP->TP	False
q9_current_AND_to_step_specific	route_wide_step_specific_GPR_remapping	0.01	YALI1E04744g	1.0	1.0	FN	FN	FN->FN	False
q9_current_AND_to_step_specific	route_wide_step_specific_GPR_remapping	0.05	YALI1E04744g	1.0	1.0	FN	FN	FN->FN	False
q9_current_AND_to_step_specific	route_wide_step_specific_GPR_remapping	0.1	YALI1E04744g	1.0	1.0	FN	FN	FN->FN	False
q9_current_AND_to_step_specific	route_wide_step_specific_GPR_remapping	0.15	YALI1E04744g	1.0	1.0	FN	FN	FN->FN	False
q9_current_AND_to_step_specific	route_wide_step_specific_GPR_remapping	0.01	YALI1E05833g	1.0	1.0	FN	FN	FN->FN	False
q9_current_AND_to_step_specific	route_wide_step_specific_GPR_remapping	0.05	YALI1E05833g	1.0	1.0	FN	FN	FN->FN	False
q9_current_AND_to_step_specific	route_wide_step_specific_GPR_remapping	0.1	YALI1E05833g	1.0	1.0	FN	FN	FN->FN	False
q9_current_AND_to_step_specific	route_wide_step_specific_GPR_remapping	0.15	YALI1E05833g	1.0	1.0	FN	FN	FN->FN	False
q9_current_AND_to_step_specific	route_wide_step_specific_GPR_remapping	0.01	YALI1E05907g	0.0	0.0	TP	TP	TP->TP	False
q9_current_AND_to_step_specific	route_wide_step_specific_GPR_remapping	0.05	YALI1E05907g	0.0	0.0	TP	TP	TP->TP	False
q9_current_AND_to_step_specific	route_wide_step_specific_GPR_remapping	0.1	YALI1E05907g	0.0	0.0	TP	TP	TP->TP	False
q9_current_AND_to_step_specific	route_wide_step_specific_GPR_remapping	0.15	YALI1E05907g	0.0	0.0	TP	TP	TP->TP	False
q9_current_AND_to_step_specific	route_wide_step_specific_GPR_remapping	0.01	YALI1E05929g	1.0	1.0	FN	FN	FN->FN	False
q9_current_AND_to_step_specific	route_wide_step_specific_GPR_remapping	0.05	YALI1E05929g	1.0	1.0	FN	FN	FN->FN	False
q9_current_AND_to_step_specific	route_wide_step_specific_GPR_remapping	0.1	YALI1E05929g	1.0	1.0	FN	FN	FN->FN	False
q9_current_AND_to_step_specific	route_wide_step_specific_GPR_remapping	0.15	YALI1E05929g	1.0	1.0	FN	FN	FN->FN	False
q9_current_AND_to_step_specific	route_wide_step_specific_GPR_remapping	0.01	YALI1E05963g	0.109018775544	0.109018775544	FN	FN	FN->FN	False
q9_current_AND_to_step_specific	route_wide_step_specific_GPR_remapping	0.05	YALI1E05963g	0.109018775544	0.109018775544	FN	FN	FN->FN	False
q9_current_AND_to_step_specific	route_wide_step_specific_GPR_remapping	0.1	YALI1E05963g	0.109018775544	0.109018775544	FN	FN	FN->FN	False
q9_current_AND_to_step_specific	route_wide_step_specific_GPR_remapping	0.15	YALI1E05963g	0.109018775544	0.109018775544	TP	TP	TP->TP	False
q9_current_AND_to_step_specific	route_wide_step_specific_GPR_remapping	0.01	YALI1E06015g	1.0	1.0	FN	FN	FN->FN	False
q9_current_AND_to_step_specific	route_wide_step_specific_GPR_remapping	0.05	YALI1E06015g	1.0	1.0	FN	FN	FN->FN	False
q9_current_AND_to_step_specific	route_wide_step_specific_GPR_remapping	0.1	YALI1E06015g	1.0	1.0	FN	FN	FN->FN	False
q9_current_AND_to_step_specific	route_wide_step_specific_GPR_remapping	0.15	YALI1E06015g	1.0	1.0	FN	FN	FN->FN	False
q9_current_AND_to_step_specific	route_wide_step_specific_GPR_remapping	0.01	YALI1E06759g	0.0	0.0	TP	TP	TP->TP	False
q9_current_AND_to_step_specific	route_wide_step_specific_GPR_remapping	0.05	YALI1E06759g	0.0	0.0	TP	TP	TP->TP	False
q9_current_AND_to_step_specific	route_wide_step_specific_GPR_remapping	0.1	YALI1E06759g	0.0	0.0	TP	TP	TP->TP	False
q9_current_AND_to_step_specific	route_wide_step_specific_GPR_remapping	0.15	YALI1E06759g	0.0	0.0	TP	TP	TP->TP	False
q9_current_AND_to_step_specific	route_wide_step_specific_GPR_remapping	0.01	YALI1E07347g	0.0	0.0	TP	TP	TP->TP	False
q9_current_AND_to_step_specific	route_wide_step_specific_GPR_remapping	0.05	YALI1E07347g	0.0	0.0	TP	TP	TP->TP	False
q9_current_AND_to_step_specific	route_wide_step_specific_GPR_remapping	0.1	YALI1E07347g	0.0	0.0	TP	TP	TP->TP	False
q9_current_AND_to_step_specific	route_wide_step_specific_GPR_remapping	0.15	YALI1E07347g	0.0	0.0	TP	TP	TP->TP	False
q9_current_AND_to_step_specific	route_wide_step_specific_GPR_remapping	0.01	YALI1E07506g	0.0	0.0	TP	TP	TP->TP	False
q9_current_AND_to_step_specific	route_wide_step_specific_GPR_remapping	0.05	YALI1E07506g	0.0	0.0	TP	TP	TP->TP	False
q9_current_AND_to_step_specific	route_wide_step_specific_GPR_remapping	0.1	YALI1E07506g	0.0	0.0	TP	TP	TP->TP	False
q9_current_AND_to_step_specific	route_wide_step_specific_GPR_remapping	0.15	YALI1E07506g	0.0	0.0	TP	TP	TP->TP	False
q9_current_AND_to_step_specific	route_wide_step_specific_GPR_remapping	0.01	YALI1E07744g	1.0	1.0	FN	FN	FN->FN	False
q9_current_AND_to_step_specific	route_wide_step_specific_GPR_remapping	0.05	YALI1E07744g	1.0	1.0	FN	FN	FN->FN	False
q9_current_AND_to_step_specific	route_wide_step_specific_GPR_remapping	0.1	YALI1E07744g	1.0	1.0	FN	FN	FN->FN	False
q9_current_AND_to_step_specific	route_wide_step_specific_GPR_remapping	0.15	YALI1E07744g	1.0	1.0	FN	FN	FN->FN	False
q9_current_AND_to_step_specific	route_wide_step_specific_GPR_remapping	0.01	YALI1E08382g	0.999239432563	0.999239432563	FN	FN	FN->FN	False
q9_current_AND_to_step_specific	route_wide_step_specific_GPR_remapping	0.05	YALI1E08382g	0.999239432563	0.999239432563	FN	FN	FN->FN	False
q9_current_AND_to_step_specific	route_wide_step_specific_GPR_remapping	0.1	YALI1E08382g	0.999239432563	0.999239432563	FN	FN	FN->FN	False
q9_current_AND_to_step_specific	route_wide_step_specific_GPR_remapping	0.15	YALI1E08382g	0.999239432563	0.999239432563	FN	FN	FN->FN	False
q9_current_AND_to_step_specific	route_wide_step_specific_GPR_remapping	0.01	YALI1E08530g	1.0	1.0	FN	FN	FN->FN	False
q9_current_AND_to_step_specific	route_wide_step_specific_GPR_remapping	0.05	YALI1E08530g	1.0	1.0	FN	FN	FN->FN	False
q9_current_AND_to_step_specific	route_wide_step_specific_GPR_remapping	0.1	YALI1E08530g	1.0	1.0	FN	FN	FN->FN	False
q9_current_AND_to_step_specific	route_wide_step_specific_GPR_remapping	0.15	YALI1E08530g	1.0	1.0	FN	FN	FN->FN	False
q9_current_AND_to_step_specific	route_wide_step_specific_GPR_remapping	0.01	YALI1E10492g	1.0	1.0	FN	FN	FN->FN	False
q9_current_AND_to_step_specific	route_wide_step_specific_GPR_remapping	0.05	YALI1E10492g	1.0	1.0	FN	FN	FN->FN	False
q9_current_AND_to_step_specific	route_wide_step_specific_GPR_remapping	0.1	YALI1E10492g	1.0	1.0	FN	FN	FN->FN	False
q9_current_AND_to_step_specific	route_wide_step_specific_GPR_remapping	0.15	YALI1E10492g	1.0	1.0	FN	FN	FN->FN	False
q9_current_AND_to_step_specific	route_wide_step_specific_GPR_remapping	0.01	YALI1E11370g	1.0	1.0	FN	FN	FN->FN	False
q9_current_AND_to_step_specific	route_wide_step_specific_GPR_remapping	0.05	YALI1E11370g	1.0	1.0	FN	FN	FN->FN	False
q9_current_AND_to_step_specific	route_wide_step_specific_GPR_remapping	0.1	YALI1E11370g	1.0	1.0	FN	FN	FN->FN	False
q9_current_AND_to_step_specific	route_wide_step_specific_GPR_remapping	0.15	YALI1E11370g	1.0	1.0	FN	FN	FN->FN	False
q9_current_AND_to_step_specific	route_wide_step_specific_GPR_remapping	0.01	YALI1E11415g	1.0	1.0	FN	FN	FN->FN	False
q9_current_AND_to_step_specific	route_wide_step_specific_GPR_remapping	0.05	YALI1E11415g	1.0	1.0	FN	FN	FN->FN	False
q9_current_AND_to_step_specific	route_wide_step_specific_GPR_remapping	0.1	YALI1E11415g	1.0	1.0	FN	FN	FN->FN	False
q9_current_AND_to_step_specific	route_wide_step_specific_GPR_remapping	0.15	YALI1E11415g	1.0	1.0	FN	FN	FN->FN	False
q9_current_AND_to_step_specific	route_wide_step_specific_GPR_remapping	0.01	YALI1E12482g	1.0	1.0	FN	FN	FN->FN	False
q9_current_AND_to_step_specific	route_wide_step_specific_GPR_remapping	0.05	YALI1E12482g	1.0	1.0	FN	FN	FN->FN	False
q9_current_AND_to_step_specific	route_wide_step_specific_GPR_remapping	0.1	YALI1E12482g	1.0	1.0	FN	FN	FN->FN	False
q9_current_AND_to_step_specific	route_wide_step_specific_GPR_remapping	0.15	YALI1E12482g	1.0	1.0	FN	FN	FN->FN	False
q9_current_AND_to_step_specific	route_wide_step_specific_GPR_remapping	0.01	YALI1E12730g	1.0	1.0	FN	FN	FN->FN	False
q9_current_AND_to_step_specific	route_wide_step_specific_GPR_remapping	0.05	YALI1E12730g	1.0	1.0	FN	FN	FN->FN	False
q9_current_AND_to_step_specific	route_wide_step_specific_GPR_remapping	0.1	YALI1E12730g	1.0	1.0	FN	FN	FN->FN	False
q9_current_AND_to_step_specific	route_wide_step_specific_GPR_remapping	0.15	YALI1E12730g	1.0	1.0	FN	FN	FN->FN	False
q9_current_AND_to_step_specific	route_wide_step_specific_GPR_remapping	0.01	YALI1E14125g	1.0	1.0	FN	FN	FN->FN	False
q9_current_AND_to_step_specific	route_wide_step_specific_GPR_remapping	0.05	YALI1E14125g	1.0	1.0	FN	FN	FN->FN	False
q9_current_AND_to_step_specific	route_wide_step_specific_GPR_remapping	0.1	YALI1E14125g	1.0	1.0	FN	FN	FN->FN	False
q9_current_AND_to_step_specific	route_wide_step_specific_GPR_remapping	0.15	YALI1E14125g	1.0	1.0	FN	FN	FN->FN	False
q9_current_AND_to_step_specific	route_wide_step_specific_GPR_remapping	0.01	YALI1E14925g	1.0	1.0	FN	FN	FN->FN	False
q9_current_AND_to_step_specific	route_wide_step_specific_GPR_remapping	0.05	YALI1E14925g	1.0	1.0	FN	FN	FN->FN	False
q9_current_AND_to_step_specific	route_wide_step_specific_GPR_remapping	0.1	YALI1E14925g	1.0	1.0	FN	FN	FN->FN	False
q9_current_AND_to_step_specific	route_wide_step_specific_GPR_remapping	0.15	YALI1E14925g	1.0	1.0	FN	FN	FN->FN	False
q9_current_AND_to_step_specific	route_wide_step_specific_GPR_remapping	0.01	YALI1E15432g	0.0	0.0	TP	TP	TP->TP	False
q9_current_AND_to_step_specific	route_wide_step_specific_GPR_remapping	0.05	YALI1E15432g	0.0	0.0	TP	TP	TP->TP	False
q9_current_AND_to_step_specific	route_wide_step_specific_GPR_remapping	0.1	YALI1E15432g	0.0	0.0	TP	TP	TP->TP	False
q9_current_AND_to_step_specific	route_wide_step_specific_GPR_remapping	0.15	YALI1E15432g	0.0	0.0	TP	TP	TP->TP	False
q9_current_AND_to_step_specific	route_wide_step_specific_GPR_remapping	0.01	YALI1E15606g	1.0	1.0	FN	FN	FN->FN	False
q9_current_AND_to_step_specific	route_wide_step_specific_GPR_remapping	0.05	YALI1E15606g	1.0	1.0	FN	FN	FN->FN	False
q9_current_AND_to_step_specific	route_wide_step_specific_GPR_remapping	0.1	YALI1E15606g	1.0	1.0	FN	FN	FN->FN	False
q9_current_AND_to_step_specific	route_wide_step_specific_GPR_remapping	0.15	YALI1E15606g	1.0	1.0	FN	FN	FN->FN	False
q9_current_AND_to_step_specific	route_wide_step_specific_GPR_remapping	0.01	YALI1E15659g	0.098822393417	0.098822393417	FN	FN	FN->FN	False
q9_current_AND_to_step_specific	route_wide_step_specific_GPR_remapping	0.05	YALI1E15659g	0.098822393417	0.098822393417	FN	FN	FN->FN	False
q9_current_AND_to_step_specific	route_wide_step_specific_GPR_remapping	0.1	YALI1E15659g	0.098822393417	0.098822393417	TP	TP	TP->TP	False
q9_current_AND_to_step_specific	route_wide_step_specific_GPR_remapping	0.15	YALI1E15659g	0.098822393417	0.098822393417	TP	TP	TP->TP	False
q9_current_AND_to_step_specific	route_wide_step_specific_GPR_remapping	0.01	YALI1E16694g	1.0	1.0	FN	FN	FN->FN	False
q9_current_AND_to_step_specific	route_wide_step_specific_GPR_remapping	0.05	YALI1E16694g	1.0	1.0	FN	FN	FN->FN	False
q9_current_AND_to_step_specific	route_wide_step_specific_GPR_remapping	0.1	YALI1E16694g	1.0	1.0	FN	FN	FN->FN	False
q9_current_AND_to_step_specific	route_wide_step_specific_GPR_remapping	0.15	YALI1E16694g	1.0	1.0	FN	FN	FN->FN	False
q9_current_AND_to_step_specific	route_wide_step_specific_GPR_remapping	0.01	YALI1E17162g	1.0	1.0	FN	FN	FN->FN	False
q9_current_AND_to_step_specific	route_wide_step_specific_GPR_remapping	0.05	YALI1E17162g	1.0	1.0	FN	FN	FN->FN	False
q9_current_AND_to_step_specific	route_wide_step_specific_GPR_remapping	0.1	YALI1E17162g	1.0	1.0	FN	FN	FN->FN	False
q9_current_AND_to_step_specific	route_wide_step_specific_GPR_remapping	0.15	YALI1E17162g	1.0	1.0	FN	FN	FN->FN	False
q9_current_AND_to_step_specific	route_wide_step_specific_GPR_remapping	0.01	YALI1E17431g	0.0	0.0	TP	TP	TP->TP	False
q9_current_AND_to_step_specific	route_wide_step_specific_GPR_remapping	0.05	YALI1E17431g	0.0	0.0	TP	TP	TP->TP	False
q9_current_AND_to_step_specific	route_wide_step_specific_GPR_remapping	0.1	YALI1E17431g	0.0	0.0	TP	TP	TP->TP	False
q9_current_AND_to_step_specific	route_wide_step_specific_GPR_remapping	0.15	YALI1E17431g	0.0	0.0	TP	TP	TP->TP	False
q9_current_AND_to_step_specific	route_wide_step_specific_GPR_remapping	0.01	YALI1E17574g	0.0	0.0	TP	TP	TP->TP	False
q9_current_AND_to_step_specific	route_wide_step_specific_GPR_remapping	0.05	YALI1E17574g	0.0	0.0	TP	TP	TP->TP	False
q9_current_AND_to_step_specific	route_wide_step_specific_GPR_remapping	0.1	YALI1E17574g	0.0	0.0	TP	TP	TP->TP	False
q9_current_AND_to_step_specific	route_wide_step_specific_GPR_remapping	0.15	YALI1E17574g	0.0	0.0	TP	TP	TP->TP	False
q9_current_AND_to_step_specific	route_wide_step_specific_GPR_remapping	0.01	YALI1E18269g	0.0	0.0	TP	TP	TP->TP	False
q9_current_AND_to_step_specific	route_wide_step_specific_GPR_remapping	0.05	YALI1E18269g	0.0	0.0	TP	TP	TP->TP	False
q9_current_AND_to_step_specific	route_wide_step_specific_GPR_remapping	0.1	YALI1E18269g	0.0	0.0	TP	TP	TP->TP	False
q9_current_AND_to_step_specific	route_wide_step_specific_GPR_remapping	0.15	YALI1E18269g	0.0	0.0	TP	TP	TP->TP	False
q9_current_AND_to_step_specific	route_wide_step_specific_GPR_remapping	0.01	YALI1E18961g	0.0	0.0	TP	TP	TP->TP	False
q9_current_AND_to_step_specific	route_wide_step_specific_GPR_remapping	0.05	YALI1E18961g	0.0	0.0	TP	TP	TP->TP	False
q9_current_AND_to_step_specific	route_wide_step_specific_GPR_remapping	0.1	YALI1E18961g	0.0	0.0	TP	TP	TP->TP	False
q9_current_AND_to_step_specific	route_wide_step_specific_GPR_remapping	0.15	YALI1E18961g	0.0	0.0	TP	TP	TP->TP	False
q9_current_AND_to_step_specific	route_wide_step_specific_GPR_remapping	0.01	YALI1E19647g	1.0	1.0	FN	FN	FN->FN	False
q9_current_AND_to_step_specific	route_wide_step_specific_GPR_remapping	0.05	YALI1E19647g	1.0	1.0	FN	FN	FN->FN	False
q9_current_AND_to_step_specific	route_wide_step_specific_GPR_remapping	0.1	YALI1E19647g	1.0	1.0	FN	FN	FN->FN	False
q9_current_AND_to_step_specific	route_wide_step_specific_GPR_remapping	0.15	YALI1E19647g	1.0	1.0	FN	FN	FN->FN	False
q9_current_AND_to_step_specific	route_wide_step_specific_GPR_remapping	0.01	YALI1E19682g	1.0	1.0	FN	FN	FN->FN	False
q9_current_AND_to_step_specific	route_wide_step_specific_GPR_remapping	0.05	YALI1E19682g	1.0	1.0	FN	FN	FN->FN	False
q9_current_AND_to_step_specific	route_wide_step_specific_GPR_remapping	0.1	YALI1E19682g	1.0	1.0	FN	FN	FN->FN	False
q9_current_AND_to_step_specific	route_wide_step_specific_GPR_remapping	0.15	YALI1E19682g	1.0	1.0	FN	FN	FN->FN	False
q9_current_AND_to_step_specific	route_wide_step_specific_GPR_remapping	0.01	YALI1E19902g	1.0	1.0	FN	FN	FN->FN	False
q9_current_AND_to_step_specific	route_wide_step_specific_GPR_remapping	0.05	YALI1E19902g	1.0	1.0	FN	FN	FN->FN	False
q9_current_AND_to_step_specific	route_wide_step_specific_GPR_remapping	0.1	YALI1E19902g	1.0	1.0	FN	FN	FN->FN	False
q9_current_AND_to_step_specific	route_wide_step_specific_GPR_remapping	0.15	YALI1E19902g	1.0	1.0	FN	FN	FN->FN	False
q9_current_AND_to_step_specific	route_wide_step_specific_GPR_remapping	0.01	YALI1E20192g	1.0	1.0	FN	FN	FN->FN	False
q9_current_AND_to_step_specific	route_wide_step_specific_GPR_remapping	0.05	YALI1E20192g	1.0	1.0	FN	FN	FN->FN	False
q9_current_AND_to_step_specific	route_wide_step_specific_GPR_remapping	0.1	YALI1E20192g	1.0	1.0	FN	FN	FN->FN	False
q9_current_AND_to_step_specific	route_wide_step_specific_GPR_remapping	0.15	YALI1E20192g	1.0	1.0	FN	FN	FN->FN	False
q9_current_AND_to_step_specific	route_wide_step_specific_GPR_remapping	0.01	YALI1E20626g	1.0	1.0	FN	FN	FN->FN	False
q9_current_AND_to_step_specific	route_wide_step_specific_GPR_remapping	0.05	YALI1E20626g	1.0	1.0	FN	FN	FN->FN	False
q9_current_AND_to_step_specific	route_wide_step_specific_GPR_remapping	0.1	YALI1E20626g	1.0	1.0	FN	FN	FN->FN	False
q9_current_AND_to_step_specific	route_wide_step_specific_GPR_remapping	0.15	YALI1E20626g	1.0	1.0	FN	FN	FN->FN	False
q9_current_AND_to_step_specific	route_wide_step_specific_GPR_remapping	0.01	YALI1E20751g	0.225840266231	0.225840266231	FN	FN	FN->FN	False
q9_current_AND_to_step_specific	route_wide_step_specific_GPR_remapping	0.05	YALI1E20751g	0.225840266231	0.225840266231	FN	FN	FN->FN	False
q9_current_AND_to_step_specific	route_wide_step_specific_GPR_remapping	0.1	YALI1E20751g	0.225840266231	0.225840266231	FN	FN	FN->FN	False
q9_current_AND_to_step_specific	route_wide_step_specific_GPR_remapping	0.15	YALI1E20751g	0.225840266231	0.225840266231	FN	FN	FN->FN	False
q9_current_AND_to_step_specific	route_wide_step_specific_GPR_remapping	0.01	YALI1E21230g	1.0	1.0	FN	FN	FN->FN	False
q9_current_AND_to_step_specific	route_wide_step_specific_GPR_remapping	0.05	YALI1E21230g	1.0	1.0	FN	FN	FN->FN	False
q9_current_AND_to_step_specific	route_wide_step_specific_GPR_remapping	0.1	YALI1E21230g	1.0	1.0	FN	FN	FN->FN	False
q9_current_AND_to_step_specific	route_wide_step_specific_GPR_remapping	0.15	YALI1E21230g	1.0	1.0	FN	FN	FN->FN	False
q9_current_AND_to_step_specific	route_wide_step_specific_GPR_remapping	0.01	YALI1E21312g	1.0	1.0	FN	FN	FN->FN	False
q9_current_AND_to_step_specific	route_wide_step_specific_GPR_remapping	0.05	YALI1E21312g	1.0	1.0	FN	FN	FN->FN	False
q9_current_AND_to_step_specific	route_wide_step_specific_GPR_remapping	0.1	YALI1E21312g	1.0	1.0	FN	FN	FN->FN	False
q9_current_AND_to_step_specific	route_wide_step_specific_GPR_remapping	0.15	YALI1E21312g	1.0	1.0	FN	FN	FN->FN	False
q9_current_AND_to_step_specific	route_wide_step_specific_GPR_remapping	0.01	YALI1E21345g	0.0	0.0	TP	TP	TP->TP	False
q9_current_AND_to_step_specific	route_wide_step_specific_GPR_remapping	0.05	YALI1E21345g	0.0	0.0	TP	TP	TP->TP	False
q9_current_AND_to_step_specific	route_wide_step_specific_GPR_remapping	0.1	YALI1E21345g	0.0	0.0	TP	TP	TP->TP	False
q9_current_AND_to_step_specific	route_wide_step_specific_GPR_remapping	0.15	YALI1E21345g	0.0	0.0	TP	TP	TP->TP	False
q9_current_AND_to_step_specific	route_wide_step_specific_GPR_remapping	0.01	YALI1E22262g	1.0	1.0	FN	FN	FN->FN	False
q9_current_AND_to_step_specific	route_wide_step_specific_GPR_remapping	0.05	YALI1E22262g	1.0	1.0	FN	FN	FN->FN	False
q9_current_AND_to_step_specific	route_wide_step_specific_GPR_remapping	0.1	YALI1E22262g	1.0	1.0	FN	FN	FN->FN	False
q9_current_AND_to_step_specific	route_wide_step_specific_GPR_remapping	0.15	YALI1E22262g	1.0	1.0	FN	FN	FN->FN	False
q9_current_AND_to_step_specific	route_wide_step_specific_GPR_remapping	0.01	YALI1E22633g	1.0	1.0	FN	FN	FN->FN	False
q9_current_AND_to_step_specific	route_wide_step_specific_GPR_remapping	0.05	YALI1E22633g	1.0	1.0	FN	FN	FN->FN	False
q9_current_AND_to_step_specific	route_wide_step_specific_GPR_remapping	0.1	YALI1E22633g	1.0	1.0	FN	FN	FN->FN	False
q9_current_AND_to_step_specific	route_wide_step_specific_GPR_remapping	0.15	YALI1E22633g	1.0	1.0	FN	FN	FN->FN	False
q9_current_AND_to_step_specific	route_wide_step_specific_GPR_remapping	0.01	YALI1E22718g	1.0	1.0	FN	FN	FN->FN	False
q9_current_AND_to_step_specific	route_wide_step_specific_GPR_remapping	0.05	YALI1E22718g	1.0	1.0	FN	FN	FN->FN	False
q9_current_AND_to_step_specific	route_wide_step_specific_GPR_remapping	0.1	YALI1E22718g	1.0	1.0	FN	FN	FN->FN	False
q9_current_AND_to_step_specific	route_wide_step_specific_GPR_remapping	0.15	YALI1E22718g	1.0	1.0	FN	FN	FN->FN	False
q9_current_AND_to_step_specific	route_wide_step_specific_GPR_remapping	0.01	YALI1E22736g	1.0	1.0	FN	FN	FN->FN	False
q9_current_AND_to_step_specific	route_wide_step_specific_GPR_remapping	0.05	YALI1E22736g	1.0	1.0	FN	FN	FN->FN	False
q9_current_AND_to_step_specific	route_wide_step_specific_GPR_remapping	0.1	YALI1E22736g	1.0	1.0	FN	FN	FN->FN	False
q9_current_AND_to_step_specific	route_wide_step_specific_GPR_remapping	0.15	YALI1E22736g	1.0	1.0	FN	FN	FN->FN	False
q9_current_AND_to_step_specific	route_wide_step_specific_GPR_remapping	0.01	YALI1E24149g	1.0	1.0	FN	FN	FN->FN	False
q9_current_AND_to_step_specific	route_wide_step_specific_GPR_remapping	0.05	YALI1E24149g	1.0	1.0	FN	FN	FN->FN	False
q9_current_AND_to_step_specific	route_wide_step_specific_GPR_remapping	0.1	YALI1E24149g	1.0	1.0	FN	FN	FN->FN	False
q9_current_AND_to_step_specific	route_wide_step_specific_GPR_remapping	0.15	YALI1E24149g	1.0	1.0	FN	FN	FN->FN	False
q9_current_AND_to_step_specific	route_wide_step_specific_GPR_remapping	0.01	YALI1E24461g	1.0	1.0	FN	FN	FN->FN	False
q9_current_AND_to_step_specific	route_wide_step_specific_GPR_remapping	0.05	YALI1E24461g	1.0	1.0	FN	FN	FN->FN	False
q9_current_AND_to_step_specific	route_wide_step_specific_GPR_remapping	0.1	YALI1E24461g	1.0	1.0	FN	FN	FN->FN	False
q9_current_AND_to_step_specific	route_wide_step_specific_GPR_remapping	0.15	YALI1E24461g	1.0	1.0	FN	FN	FN->FN	False
q9_current_AND_to_step_specific	route_wide_step_specific_GPR_remapping	0.01	YALI1E25018g	1.0	1.0	FN	FN	FN->FN	False
q9_current_AND_to_step_specific	route_wide_step_specific_GPR_remapping	0.05	YALI1E25018g	1.0	1.0	FN	FN	FN->FN	False
q9_current_AND_to_step_specific	route_wide_step_specific_GPR_remapping	0.1	YALI1E25018g	1.0	1.0	FN	FN	FN->FN	False
q9_current_AND_to_step_specific	route_wide_step_specific_GPR_remapping	0.15	YALI1E25018g	1.0	1.0	FN	FN	FN->FN	False
q9_current_AND_to_step_specific	route_wide_step_specific_GPR_remapping	0.01	YALI1E25443g	1.0	1.0	FN	FN	FN->FN	False
q9_current_AND_to_step_specific	route_wide_step_specific_GPR_remapping	0.05	YALI1E25443g	1.0	1.0	FN	FN	FN->FN	False
q9_current_AND_to_step_specific	route_wide_step_specific_GPR_remapping	0.1	YALI1E25443g	1.0	1.0	FN	FN	FN->FN	False
q9_current_AND_to_step_specific	route_wide_step_specific_GPR_remapping	0.15	YALI1E25443g	1.0	1.0	FN	FN	FN->FN	False
q9_current_AND_to_step_specific	route_wide_step_specific_GPR_remapping	0.01	YALI1E25932g	1.0	1.0	FN	FN	FN->FN	False
q9_current_AND_to_step_specific	route_wide_step_specific_GPR_remapping	0.05	YALI1E25932g	1.0	1.0	FN	FN	FN->FN	False
q9_current_AND_to_step_specific	route_wide_step_specific_GPR_remapping	0.1	YALI1E25932g	1.0	1.0	FN	FN	FN->FN	False
q9_current_AND_to_step_specific	route_wide_step_specific_GPR_remapping	0.15	YALI1E25932g	1.0	1.0	FN	FN	FN->FN	False
q9_current_AND_to_step_specific	route_wide_step_specific_GPR_remapping	0.01	YALI1E26811g	1.0	1.0	FN	FN	FN->FN	False
q9_current_AND_to_step_specific	route_wide_step_specific_GPR_remapping	0.05	YALI1E26811g	1.0	1.0	FN	FN	FN->FN	False
q9_current_AND_to_step_specific	route_wide_step_specific_GPR_remapping	0.1	YALI1E26811g	1.0	1.0	FN	FN	FN->FN	False
q9_current_AND_to_step_specific	route_wide_step_specific_GPR_remapping	0.15	YALI1E26811g	1.0	1.0	FN	FN	FN->FN	False
q9_current_AND_to_step_specific	route_wide_step_specific_GPR_remapping	0.01	YALI1E27144g	0.0	0.0	TP	TP	TP->TP	False
q9_current_AND_to_step_specific	route_wide_step_specific_GPR_remapping	0.05	YALI1E27144g	0.0	0.0	TP	TP	TP->TP	False
q9_current_AND_to_step_specific	route_wide_step_specific_GPR_remapping	0.1	YALI1E27144g	0.0	0.0	TP	TP	TP->TP	False
q9_current_AND_to_step_specific	route_wide_step_specific_GPR_remapping	0.15	YALI1E27144g	0.0	0.0	TP	TP	TP->TP	False
q9_current_AND_to_step_specific	route_wide_step_specific_GPR_remapping	0.01	YALI1E29179g	1.0	1.0	FN	FN	FN->FN	False
q9_current_AND_to_step_specific	route_wide_step_specific_GPR_remapping	0.05	YALI1E29179g	1.0	1.0	FN	FN	FN->FN	False
q9_current_AND_to_step_specific	route_wide_step_specific_GPR_remapping	0.1	YALI1E29179g	1.0	1.0	FN	FN	FN->FN	False
q9_current_AND_to_step_specific	route_wide_step_specific_GPR_remapping	0.15	YALI1E29179g	1.0	1.0	FN	FN	FN->FN	False
q9_current_AND_to_step_specific	route_wide_step_specific_GPR_remapping	0.01	YALI1E29319g	0.0	0.0	TP	TP	TP->TP	False
q9_current_AND_to_step_specific	route_wide_step_specific_GPR_remapping	0.05	YALI1E29319g	0.0	0.0	TP	TP	TP->TP	False
q9_current_AND_to_step_specific	route_wide_step_specific_GPR_remapping	0.1	YALI1E29319g	0.0	0.0	TP	TP	TP->TP	False
q9_current_AND_to_step_specific	route_wide_step_specific_GPR_remapping	0.15	YALI1E29319g	0.0	0.0	TP	TP	TP->TP	False
q9_current_AND_to_step_specific	route_wide_step_specific_GPR_remapping	0.01	YALI1E30886g	0.896252186517	0.896252186517	FN	FN	FN->FN	False
q9_current_AND_to_step_specific	route_wide_step_specific_GPR_remapping	0.05	YALI1E30886g	0.896252186517	0.896252186517	FN	FN	FN->FN	False
q9_current_AND_to_step_specific	route_wide_step_specific_GPR_remapping	0.1	YALI1E30886g	0.896252186517	0.896252186517	FN	FN	FN->FN	False
q9_current_AND_to_step_specific	route_wide_step_specific_GPR_remapping	0.15	YALI1E30886g	0.896252186517	0.896252186517	FN	FN	FN->FN	False
q9_current_AND_to_step_specific	route_wide_step_specific_GPR_remapping	0.01	YALI1E31947g	1.0	1.0	FN	FN	FN->FN	False
q9_current_AND_to_step_specific	route_wide_step_specific_GPR_remapping	0.05	YALI1E31947g	1.0	1.0	FN	FN	FN->FN	False
q9_current_AND_to_step_specific	route_wide_step_specific_GPR_remapping	0.1	YALI1E31947g	1.0	1.0	FN	FN	FN->FN	False
q9_current_AND_to_step_specific	route_wide_step_specific_GPR_remapping	0.15	YALI1E31947g	1.0	1.0	FN	FN	FN->FN	False
q9_current_AND_to_step_specific	route_wide_step_specific_GPR_remapping	0.01	YALI1E32332g	1.0	1.0	FN	FN	FN->FN	False
q9_current_AND_to_step_specific	route_wide_step_specific_GPR_remapping	0.05	YALI1E32332g	1.0	1.0	FN	FN	FN->FN	False
q9_current_AND_to_step_specific	route_wide_step_specific_GPR_remapping	0.1	YALI1E32332g	1.0	1.0	FN	FN	FN->FN	False
q9_current_AND_to_step_specific	route_wide_step_specific_GPR_remapping	0.15	YALI1E32332g	1.0	1.0	FN	FN	FN->FN	False
q9_current_AND_to_step_specific	route_wide_step_specific_GPR_remapping	0.01	YALI1E33150g	1.0	1.0	FN	FN	FN->FN	False
q9_current_AND_to_step_specific	route_wide_step_specific_GPR_remapping	0.05	YALI1E33150g	1.0	1.0	FN	FN	FN->FN	False
q9_current_AND_to_step_specific	route_wide_step_specific_GPR_remapping	0.1	YALI1E33150g	1.0	1.0	FN	FN	FN->FN	False
q9_current_AND_to_step_specific	route_wide_step_specific_GPR_remapping	0.15	YALI1E33150g	1.0	1.0	FN	FN	FN->FN	False
q9_current_AND_to_step_specific	route_wide_step_specific_GPR_remapping	0.01	YALI1E33633g	0.0	0.0	TP	TP	TP->TP	False
q9_current_AND_to_step_specific	route_wide_step_specific_GPR_remapping	0.05	YALI1E33633g	0.0	0.0	TP	TP	TP->TP	False
q9_current_AND_to_step_specific	route_wide_step_specific_GPR_remapping	0.1	YALI1E33633g	0.0	0.0	TP	TP	TP->TP	False
q9_current_AND_to_step_specific	route_wide_step_specific_GPR_remapping	0.15	YALI1E33633g	0.0	0.0	TP	TP	TP->TP	False
q9_current_AND_to_step_specific	route_wide_step_specific_GPR_remapping	0.01	YALI1E34269g	0.051074446427	0.051074446427	FN	FN	FN->FN	False
q9_current_AND_to_step_specific	route_wide_step_specific_GPR_remapping	0.05	YALI1E34269g	0.051074446427	0.051074446427	FN	FN	FN->FN	False
q9_current_AND_to_step_specific	route_wide_step_specific_GPR_remapping	0.1	YALI1E34269g	0.051074446427	0.051074446427	TP	TP	TP->TP	False
q9_current_AND_to_step_specific	route_wide_step_specific_GPR_remapping	0.15	YALI1E34269g	0.051074446427	0.051074446427	TP	TP	TP->TP	False
q9_current_AND_to_step_specific	route_wide_step_specific_GPR_remapping	0.01	YALI1E34408g	1.0	1.0	FN	FN	FN->FN	False
q9_current_AND_to_step_specific	route_wide_step_specific_GPR_remapping	0.05	YALI1E34408g	1.0	1.0	FN	FN	FN->FN	False
q9_current_AND_to_step_specific	route_wide_step_specific_GPR_remapping	0.1	YALI1E34408g	1.0	1.0	FN	FN	FN->FN	False
q9_current_AND_to_step_specific	route_wide_step_specific_GPR_remapping	0.15	YALI1E34408g	1.0	1.0	FN	FN	FN->FN	False
q9_current_AND_to_step_specific	route_wide_step_specific_GPR_remapping	0.01	YALI1E34425g	1.0	1.0	FN	FN	FN->FN	False
q9_current_AND_to_step_specific	route_wide_step_specific_GPR_remapping	0.05	YALI1E34425g	1.0	1.0	FN	FN	FN->FN	False
q9_current_AND_to_step_specific	route_wide_step_specific_GPR_remapping	0.1	YALI1E34425g	1.0	1.0	FN	FN	FN->FN	False
q9_current_AND_to_step_specific	route_wide_step_specific_GPR_remapping	0.15	YALI1E34425g	1.0	1.0	FN	FN	FN->FN	False
q9_current_AND_to_step_specific	route_wide_step_specific_GPR_remapping	0.01	YALI1E35005g	0.0	0.0	TP	TP	TP->TP	False
q9_current_AND_to_step_specific	route_wide_step_specific_GPR_remapping	0.05	YALI1E35005g	0.0	0.0	TP	TP	TP->TP	False
q9_current_AND_to_step_specific	route_wide_step_specific_GPR_remapping	0.1	YALI1E35005g	0.0	0.0	TP	TP	TP->TP	False
q9_current_AND_to_step_specific	route_wide_step_specific_GPR_remapping	0.15	YALI1E35005g	0.0	0.0	TP	TP	TP->TP	False
q9_current_AND_to_step_specific	route_wide_step_specific_GPR_remapping	0.01	YALI1E35082g	0.987253897313	0.987253897313	FN	FN	FN->FN	False
q9_current_AND_to_step_specific	route_wide_step_specific_GPR_remapping	0.05	YALI1E35082g	0.987253897313	0.987253897313	FN	FN	FN->FN	False
q9_current_AND_to_step_specific	route_wide_step_specific_GPR_remapping	0.1	YALI1E35082g	0.987253897313	0.987253897313	FN	FN	FN->FN	False
q9_current_AND_to_step_specific	route_wide_step_specific_GPR_remapping	0.15	YALI1E35082g	0.987253897313	0.987253897313	FN	FN	FN->FN	False
q9_current_AND_to_step_specific	route_wide_step_specific_GPR_remapping	0.01	YALI1E35520g	1.0	1.0	FN	FN	FN->FN	False
q9_current_AND_to_step_specific	route_wide_step_specific_GPR_remapping	0.05	YALI1E35520g	1.0	1.0	FN	FN	FN->FN	False
q9_current_AND_to_step_specific	route_wide_step_specific_GPR_remapping	0.1	YALI1E35520g	1.0	1.0	FN	FN	FN->FN	False
q9_current_AND_to_step_specific	route_wide_step_specific_GPR_remapping	0.15	YALI1E35520g	1.0	1.0	FN	FN	FN->FN	False
q9_current_AND_to_step_specific	route_wide_step_specific_GPR_remapping	0.01	YALI1E35652g	1.0	1.0	FN	FN	FN->FN	False
q9_current_AND_to_step_specific	route_wide_step_specific_GPR_remapping	0.05	YALI1E35652g	1.0	1.0	FN	FN	FN->FN	False
q9_current_AND_to_step_specific	route_wide_step_specific_GPR_remapping	0.1	YALI1E35652g	1.0	1.0	FN	FN	FN->FN	False
q9_current_AND_to_step_specific	route_wide_step_specific_GPR_remapping	0.15	YALI1E35652g	1.0	1.0	FN	FN	FN->FN	False
q9_current_AND_to_step_specific	route_wide_step_specific_GPR_remapping	0.01	YALI1E35815g	1.0	1.0	FN	FN	FN->FN	False
q9_current_AND_to_step_specific	route_wide_step_specific_GPR_remapping	0.05	YALI1E35815g	1.0	1.0	FN	FN	FN->FN	False
q9_current_AND_to_step_specific	route_wide_step_specific_GPR_remapping	0.1	YALI1E35815g	1.0	1.0	FN	FN	FN->FN	False
q9_current_AND_to_step_specific	route_wide_step_specific_GPR_remapping	0.15	YALI1E35815g	1.0	1.0	FN	FN	FN->FN	False
q9_current_AND_to_step_specific	route_wide_step_specific_GPR_remapping	0.01	YALI1E35955g	1.0	1.0	FN	FN	FN->FN	False
q9_current_AND_to_step_specific	route_wide_step_specific_GPR_remapping	0.05	YALI1E35955g	1.0	1.0	FN	FN	FN->FN	False
q9_current_AND_to_step_specific	route_wide_step_specific_GPR_remapping	0.1	YALI1E35955g	1.0	1.0	FN	FN	FN->FN	False
q9_current_AND_to_step_specific	route_wide_step_specific_GPR_remapping	0.15	YALI1E35955g	1.0	1.0	FN	FN	FN->FN	False
q9_current_AND_to_step_specific	route_wide_step_specific_GPR_remapping	0.01	YALI1E37063g	1.0	1.0	FN	FN	FN->FN	False
q9_current_AND_to_step_specific	route_wide_step_specific_GPR_remapping	0.05	YALI1E37063g	1.0	1.0	FN	FN	FN->FN	False
q9_current_AND_to_step_specific	route_wide_step_specific_GPR_remapping	0.1	YALI1E37063g	1.0	1.0	FN	FN	FN->FN	False
q9_current_AND_to_step_specific	route_wide_step_specific_GPR_remapping	0.15	YALI1E37063g	1.0	1.0	FN	FN	FN->FN	False
q9_current_AND_to_step_specific	route_wide_step_specific_GPR_remapping	0.01	YALI1E37603g	1.0	1.0	FN	FN	FN->FN	False
q9_current_AND_to_step_specific	route_wide_step_specific_GPR_remapping	0.05	YALI1E37603g	1.0	1.0	FN	FN	FN->FN	False
q9_current_AND_to_step_specific	route_wide_step_specific_GPR_remapping	0.1	YALI1E37603g	1.0	1.0	FN	FN	FN->FN	False
q9_current_AND_to_step_specific	route_wide_step_specific_GPR_remapping	0.15	YALI1E37603g	1.0	1.0	FN	FN	FN->FN	False
q9_current_AND_to_step_specific	route_wide_step_specific_GPR_remapping	0.01	YALI1E37764g	1.0	1.0	FN	FN	FN->FN	False
q9_current_AND_to_step_specific	route_wide_step_specific_GPR_remapping	0.05	YALI1E37764g	1.0	1.0	FN	FN	FN->FN	False
q9_current_AND_to_step_specific	route_wide_step_specific_GPR_remapping	0.1	YALI1E37764g	1.0	1.0	FN	FN	FN->FN	False
q9_current_AND_to_step_specific	route_wide_step_specific_GPR_remapping	0.15	YALI1E37764g	1.0	1.0	FN	FN	FN->FN	False
q9_current_AND_to_step_specific	route_wide_step_specific_GPR_remapping	0.01	YALI1E39221g	0.02663015324	0.02663015324	FN	FN	FN->FN	False
q9_current_AND_to_step_specific	route_wide_step_specific_GPR_remapping	0.05	YALI1E39221g	0.02663015324	0.02663015324	TP	TP	TP->TP	False
q9_current_AND_to_step_specific	route_wide_step_specific_GPR_remapping	0.1	YALI1E39221g	0.02663015324	0.02663015324	TP	TP	TP->TP	False
q9_current_AND_to_step_specific	route_wide_step_specific_GPR_remapping	0.15	YALI1E39221g	0.02663015324	0.02663015324	TP	TP	TP->TP	False
q9_current_AND_to_step_specific	route_wide_step_specific_GPR_remapping	0.01	YALI1E39693g	1.0	1.0	FN	FN	FN->FN	False
q9_current_AND_to_step_specific	route_wide_step_specific_GPR_remapping	0.05	YALI1E39693g	1.0	1.0	FN	FN	FN->FN	False
q9_current_AND_to_step_specific	route_wide_step_specific_GPR_remapping	0.1	YALI1E39693g	1.0	1.0	FN	FN	FN->FN	False
q9_current_AND_to_step_specific	route_wide_step_specific_GPR_remapping	0.15	YALI1E39693g	1.0	1.0	FN	FN	FN->FN	False
q9_current_AND_to_step_specific	route_wide_step_specific_GPR_remapping	0.01	YALI1E40076g	1.0	1.0	FN	FN	FN->FN	False
q9_current_AND_to_step_specific	route_wide_step_specific_GPR_remapping	0.05	YALI1E40076g	1.0	1.0	FN	FN	FN->FN	False
q9_current_AND_to_step_specific	route_wide_step_specific_GPR_remapping	0.1	YALI1E40076g	1.0	1.0	FN	FN	FN->FN	False
q9_current_AND_to_step_specific	route_wide_step_specific_GPR_remapping	0.15	YALI1E40076g	1.0	1.0	FN	FN	FN->FN	False
q9_current_AND_to_step_specific	route_wide_step_specific_GPR_remapping	0.01	YALI1E40305g	0.109018775544	0.109018775544	FN	FN	FN->FN	False
q9_current_AND_to_step_specific	route_wide_step_specific_GPR_remapping	0.05	YALI1E40305g	0.109018775544	0.109018775544	FN	FN	FN->FN	False
q9_current_AND_to_step_specific	route_wide_step_specific_GPR_remapping	0.1	YALI1E40305g	0.109018775544	0.109018775544	FN	FN	FN->FN	False
q9_current_AND_to_step_specific	route_wide_step_specific_GPR_remapping	0.15	YALI1E40305g	0.109018775544	0.109018775544	TP	TP	TP->TP	False
q9_current_AND_to_step_specific	route_wide_step_specific_GPR_remapping	0.01	YALI1E40361g	0.329138734168	0.329138734168	FN	FN	FN->FN	False
q9_current_AND_to_step_specific	route_wide_step_specific_GPR_remapping	0.05	YALI1E40361g	0.329138734168	0.329138734168	FN	FN	FN->FN	False
q9_current_AND_to_step_specific	route_wide_step_specific_GPR_remapping	0.1	YALI1E40361g	0.329138734168	0.329138734168	FN	FN	FN->FN	False
q9_current_AND_to_step_specific	route_wide_step_specific_GPR_remapping	0.15	YALI1E40361g	0.329138734168	0.329138734168	FN	FN	FN->FN	False
q9_current_AND_to_step_specific	route_wide_step_specific_GPR_remapping	0.01	YALI1E40471g	1.0	1.0	FN	FN	FN->FN	False
q9_current_AND_to_step_specific	route_wide_step_specific_GPR_remapping	0.05	YALI1E40471g	1.0	1.0	FN	FN	FN->FN	False
q9_current_AND_to_step_specific	route_wide_step_specific_GPR_remapping	0.1	YALI1E40471g	1.0	1.0	FN	FN	FN->FN	False
q9_current_AND_to_step_specific	route_wide_step_specific_GPR_remapping	0.15	YALI1E40471g	1.0	1.0	FN	FN	FN->FN	False
q9_current_AND_to_step_specific	route_wide_step_specific_GPR_remapping	0.01	YALI1F00821g	1.0	1.0	FN	FN	FN->FN	False
q9_current_AND_to_step_specific	route_wide_step_specific_GPR_remapping	0.05	YALI1F00821g	1.0	1.0	FN	FN	FN->FN	False
q9_current_AND_to_step_specific	route_wide_step_specific_GPR_remapping	0.1	YALI1F00821g	1.0	1.0	FN	FN	FN->FN	False
q9_current_AND_to_step_specific	route_wide_step_specific_GPR_remapping	0.15	YALI1F00821g	1.0	1.0	FN	FN	FN->FN	False
q9_current_AND_to_step_specific	route_wide_step_specific_GPR_remapping	0.01	YALI1F01456g	1.0	1.0	FN	FN	FN->FN	False
q9_current_AND_to_step_specific	route_wide_step_specific_GPR_remapping	0.05	YALI1F01456g	1.0	1.0	FN	FN	FN->FN	False
q9_current_AND_to_step_specific	route_wide_step_specific_GPR_remapping	0.1	YALI1F01456g	1.0	1.0	FN	FN	FN->FN	False
q9_current_AND_to_step_specific	route_wide_step_specific_GPR_remapping	0.15	YALI1F01456g	1.0	1.0	FN	FN	FN->FN	False
q9_current_AND_to_step_specific	route_wide_step_specific_GPR_remapping	0.01	YALI1F02758g	0.329138734168	0.329138734168	FN	FN	FN->FN	False
q9_current_AND_to_step_specific	route_wide_step_specific_GPR_remapping	0.05	YALI1F02758g	0.329138734168	0.329138734168	FN	FN	FN->FN	False
q9_current_AND_to_step_specific	route_wide_step_specific_GPR_remapping	0.1	YALI1F02758g	0.329138734168	0.329138734168	FN	FN	FN->FN	False
q9_current_AND_to_step_specific	route_wide_step_specific_GPR_remapping	0.15	YALI1F02758g	0.329138734168	0.329138734168	FN	FN	FN->FN	False
q9_current_AND_to_step_specific	route_wide_step_specific_GPR_remapping	0.01	YALI1F03527g	1.0	1.0	FN	FN	FN->FN	False
q9_current_AND_to_step_specific	route_wide_step_specific_GPR_remapping	0.05	YALI1F03527g	1.0	1.0	FN	FN	FN->FN	False
q9_current_AND_to_step_specific	route_wide_step_specific_GPR_remapping	0.1	YALI1F03527g	1.0	1.0	FN	FN	FN->FN	False
q9_current_AND_to_step_specific	route_wide_step_specific_GPR_remapping	0.15	YALI1F03527g	1.0	1.0	FN	FN	FN->FN	False
q9_current_AND_to_step_specific	route_wide_step_specific_GPR_remapping	0.01	YALI1F03803g	1.0	1.0	FN	FN	FN->FN	False
q9_current_AND_to_step_specific	route_wide_step_specific_GPR_remapping	0.05	YALI1F03803g	1.0	1.0	FN	FN	FN->FN	False
q9_current_AND_to_step_specific	route_wide_step_specific_GPR_remapping	0.1	YALI1F03803g	1.0	1.0	FN	FN	FN->FN	False
q9_current_AND_to_step_specific	route_wide_step_specific_GPR_remapping	0.15	YALI1F03803g	1.0	1.0	FN	FN	FN->FN	False
q9_current_AND_to_step_specific	route_wide_step_specific_GPR_remapping	0.01	YALI1F03908g	1.0	1.0	FN	FN	FN->FN	False
q9_current_AND_to_step_specific	route_wide_step_specific_GPR_remapping	0.05	YALI1F03908g	1.0	1.0	FN	FN	FN->FN	False
q9_current_AND_to_step_specific	route_wide_step_specific_GPR_remapping	0.1	YALI1F03908g	1.0	1.0	FN	FN	FN->FN	False
q9_current_AND_to_step_specific	route_wide_step_specific_GPR_remapping	0.15	YALI1F03908g	1.0	1.0	FN	FN	FN->FN	False
q9_current_AND_to_step_specific	route_wide_step_specific_GPR_remapping	0.01	YALI1F04110g	1.0	1.0	FN	FN	FN->FN	False
q9_current_AND_to_step_specific	route_wide_step_specific_GPR_remapping	0.05	YALI1F04110g	1.0	1.0	FN	FN	FN->FN	False
q9_current_AND_to_step_specific	route_wide_step_specific_GPR_remapping	0.1	YALI1F04110g	1.0	1.0	FN	FN	FN->FN	False
q9_current_AND_to_step_specific	route_wide_step_specific_GPR_remapping	0.15	YALI1F04110g	1.0	1.0	FN	FN	FN->FN	False
q9_current_AND_to_step_specific	route_wide_step_specific_GPR_remapping	0.01	YALI1F04433g	1.0	1.0	FN	FN	FN->FN	False
q9_current_AND_to_step_specific	route_wide_step_specific_GPR_remapping	0.05	YALI1F04433g	1.0	1.0	FN	FN	FN->FN	False
q9_current_AND_to_step_specific	route_wide_step_specific_GPR_remapping	0.1	YALI1F04433g	1.0	1.0	FN	FN	FN->FN	False
q9_current_AND_to_step_specific	route_wide_step_specific_GPR_remapping	0.15	YALI1F04433g	1.0	1.0	FN	FN	FN->FN	False
q9_current_AND_to_step_specific	route_wide_step_specific_GPR_remapping	0.01	YALI1F05089g	1.0	1.0	FN	FN	FN->FN	False
q9_current_AND_to_step_specific	route_wide_step_specific_GPR_remapping	0.05	YALI1F05089g	1.0	1.0	FN	FN	FN->FN	False
q9_current_AND_to_step_specific	route_wide_step_specific_GPR_remapping	0.1	YALI1F05089g	1.0	1.0	FN	FN	FN->FN	False
q9_current_AND_to_step_specific	route_wide_step_specific_GPR_remapping	0.15	YALI1F05089g	1.0	1.0	FN	FN	FN->FN	False
q9_current_AND_to_step_specific	route_wide_step_specific_GPR_remapping	0.01	YALI1F06018g	0.0	0.0	TP	TP	TP->TP	False
q9_current_AND_to_step_specific	route_wide_step_specific_GPR_remapping	0.05	YALI1F06018g	0.0	0.0	TP	TP	TP->TP	False
q9_current_AND_to_step_specific	route_wide_step_specific_GPR_remapping	0.1	YALI1F06018g	0.0	0.0	TP	TP	TP->TP	False
q9_current_AND_to_step_specific	route_wide_step_specific_GPR_remapping	0.15	YALI1F06018g	0.0	0.0	TP	TP	TP->TP	False
q9_current_AND_to_step_specific	route_wide_step_specific_GPR_remapping	0.01	YALI1F06787g	0.0	0.0	TP	TP	TP->TP	False
q9_current_AND_to_step_specific	route_wide_step_specific_GPR_remapping	0.05	YALI1F06787g	0.0	0.0	TP	TP	TP->TP	False
q9_current_AND_to_step_specific	route_wide_step_specific_GPR_remapping	0.1	YALI1F06787g	0.0	0.0	TP	TP	TP->TP	False
q9_current_AND_to_step_specific	route_wide_step_specific_GPR_remapping	0.15	YALI1F06787g	0.0	0.0	TP	TP	TP->TP	False
q9_current_AND_to_step_specific	route_wide_step_specific_GPR_remapping	0.01	YALI1F07384g	1.0	1.0	FN	FN	FN->FN	False
q9_current_AND_to_step_specific	route_wide_step_specific_GPR_remapping	0.05	YALI1F07384g	1.0	1.0	FN	FN	FN->FN	False
q9_current_AND_to_step_specific	route_wide_step_specific_GPR_remapping	0.1	YALI1F07384g	1.0	1.0	FN	FN	FN->FN	False
q9_current_AND_to_step_specific	route_wide_step_specific_GPR_remapping	0.15	YALI1F07384g	1.0	1.0	FN	FN	FN->FN	False
q9_current_AND_to_step_specific	route_wide_step_specific_GPR_remapping	0.01	YALI1F07827g	0.109018775544	0.109018775544	FN	FN	FN->FN	False
q9_current_AND_to_step_specific	route_wide_step_specific_GPR_remapping	0.05	YALI1F07827g	0.109018775544	0.109018775544	FN	FN	FN->FN	False
q9_current_AND_to_step_specific	route_wide_step_specific_GPR_remapping	0.1	YALI1F07827g	0.109018775544	0.109018775544	FN	FN	FN->FN	False
q9_current_AND_to_step_specific	route_wide_step_specific_GPR_remapping	0.15	YALI1F07827g	0.109018775544	0.109018775544	TP	TP	TP->TP	False
q9_current_AND_to_step_specific	route_wide_step_specific_GPR_remapping	0.01	YALI1F07847g	0.94812585312	0.94812585312	FN	FN	FN->FN	False
q9_current_AND_to_step_specific	route_wide_step_specific_GPR_remapping	0.05	YALI1F07847g	0.94812585312	0.94812585312	FN	FN	FN->FN	False
q9_current_AND_to_step_specific	route_wide_step_specific_GPR_remapping	0.1	YALI1F07847g	0.94812585312	0.94812585312	FN	FN	FN->FN	False
q9_current_AND_to_step_specific	route_wide_step_specific_GPR_remapping	0.15	YALI1F07847g	0.94812585312	0.94812585312	FN	FN	FN->FN	False
q9_current_AND_to_step_specific	route_wide_step_specific_GPR_remapping	0.01	YALI1F08225g	1.0	1.0	FN	FN	FN->FN	False
q9_current_AND_to_step_specific	route_wide_step_specific_GPR_remapping	0.05	YALI1F08225g	1.0	1.0	FN	FN	FN->FN	False
q9_current_AND_to_step_specific	route_wide_step_specific_GPR_remapping	0.1	YALI1F08225g	1.0	1.0	FN	FN	FN->FN	False
q9_current_AND_to_step_specific	route_wide_step_specific_GPR_remapping	0.15	YALI1F08225g	1.0	1.0	FN	FN	FN->FN	False
q9_current_AND_to_step_specific	route_wide_step_specific_GPR_remapping	0.01	YALI1F08349g	0.0	0.0	TP	TP	TP->TP	False
q9_current_AND_to_step_specific	route_wide_step_specific_GPR_remapping	0.05	YALI1F08349g	0.0	0.0	TP	TP	TP->TP	False
q9_current_AND_to_step_specific	route_wide_step_specific_GPR_remapping	0.1	YALI1F08349g	0.0	0.0	TP	TP	TP->TP	False
q9_current_AND_to_step_specific	route_wide_step_specific_GPR_remapping	0.15	YALI1F08349g	0.0	0.0	TP	TP	TP->TP	False
q9_current_AND_to_step_specific	route_wide_step_specific_GPR_remapping	0.01	YALI1F09003g	1.0	1.0	FN	FN	FN->FN	False
q9_current_AND_to_step_specific	route_wide_step_specific_GPR_remapping	0.05	YALI1F09003g	1.0	1.0	FN	FN	FN->FN	False
q9_current_AND_to_step_specific	route_wide_step_specific_GPR_remapping	0.1	YALI1F09003g	1.0	1.0	FN	FN	FN->FN	False
q9_current_AND_to_step_specific	route_wide_step_specific_GPR_remapping	0.15	YALI1F09003g	1.0	1.0	FN	FN	FN->FN	False
q9_current_AND_to_step_specific	route_wide_step_specific_GPR_remapping	0.01	YALI1F09542g	1.0	1.0	FN	FN	FN->FN	False
q9_current_AND_to_step_specific	route_wide_step_specific_GPR_remapping	0.05	YALI1F09542g	1.0	1.0	FN	FN	FN->FN	False
q9_current_AND_to_step_specific	route_wide_step_specific_GPR_remapping	0.1	YALI1F09542g	1.0	1.0	FN	FN	FN->FN	False
q9_current_AND_to_step_specific	route_wide_step_specific_GPR_remapping	0.15	YALI1F09542g	1.0	1.0	FN	FN	FN->FN	False
q9_current_AND_to_step_specific	route_wide_step_specific_GPR_remapping	0.01	YALI1F09598g	0.962269639545	0.962269639545	FN	FN	FN->FN	False
q9_current_AND_to_step_specific	route_wide_step_specific_GPR_remapping	0.05	YALI1F09598g	0.962269639545	0.962269639545	FN	FN	FN->FN	False
q9_current_AND_to_step_specific	route_wide_step_specific_GPR_remapping	0.1	YALI1F09598g	0.962269639545	0.962269639545	FN	FN	FN->FN	False
q9_current_AND_to_step_specific	route_wide_step_specific_GPR_remapping	0.15	YALI1F09598g	0.962269639545	0.962269639545	FN	FN	FN->FN	False
q9_current_AND_to_step_specific	route_wide_step_specific_GPR_remapping	0.01	YALI1F11049g	0.99190467144	0.99190467144	FN	FN	FN->FN	False
q9_current_AND_to_step_specific	route_wide_step_specific_GPR_remapping	0.05	YALI1F11049g	0.99190467144	0.99190467144	FN	FN	FN->FN	False
q9_current_AND_to_step_specific	route_wide_step_specific_GPR_remapping	0.1	YALI1F11049g	0.99190467144	0.99190467144	FN	FN	FN->FN	False
q9_current_AND_to_step_specific	route_wide_step_specific_GPR_remapping	0.15	YALI1F11049g	0.99190467144	0.99190467144	FN	FN	FN->FN	False
q9_current_AND_to_step_specific	route_wide_step_specific_GPR_remapping	0.01	YALI1F12013g	0.329138734168	0.329138734168	FN	FN	FN->FN	False
q9_current_AND_to_step_specific	route_wide_step_specific_GPR_remapping	0.05	YALI1F12013g	0.329138734168	0.329138734168	FN	FN	FN->FN	False
q9_current_AND_to_step_specific	route_wide_step_specific_GPR_remapping	0.1	YALI1F12013g	0.329138734168	0.329138734168	FN	FN	FN->FN	False
q9_current_AND_to_step_specific	route_wide_step_specific_GPR_remapping	0.15	YALI1F12013g	0.329138734168	0.329138734168	FN	FN	FN->FN	False
q9_current_AND_to_step_specific	route_wide_step_specific_GPR_remapping	0.01	YALI1F12138g	0.0	0.0	TP	TP	TP->TP	False
q9_current_AND_to_step_specific	route_wide_step_specific_GPR_remapping	0.05	YALI1F12138g	0.0	0.0	TP	TP	TP->TP	False
q9_current_AND_to_step_specific	route_wide_step_specific_GPR_remapping	0.1	YALI1F12138g	0.0	0.0	TP	TP	TP->TP	False
q9_current_AND_to_step_specific	route_wide_step_specific_GPR_remapping	0.15	YALI1F12138g	0.0	0.0	TP	TP	TP->TP	False
q9_current_AND_to_step_specific	route_wide_step_specific_GPR_remapping	0.01	YALI1F12842g	0.95871349449	0.95871349449	FN	FN	FN->FN	False
q9_current_AND_to_step_specific	route_wide_step_specific_GPR_remapping	0.05	YALI1F12842g	0.95871349449	0.95871349449	FN	FN	FN->FN	False
q9_current_AND_to_step_specific	route_wide_step_specific_GPR_remapping	0.1	YALI1F12842g	0.95871349449	0.95871349449	FN	FN	FN->FN	False
q9_current_AND_to_step_specific	route_wide_step_specific_GPR_remapping	0.15	YALI1F12842g	0.95871349449	0.95871349449	FN	FN	FN->FN	False
q9_current_AND_to_step_specific	route_wide_step_specific_GPR_remapping	0.01	YALI1F13017g	1.0	1.0	FN	FN	FN->FN	False
q9_current_AND_to_step_specific	route_wide_step_specific_GPR_remapping	0.05	YALI1F13017g	1.0	1.0	FN	FN	FN->FN	False
q9_current_AND_to_step_specific	route_wide_step_specific_GPR_remapping	0.1	YALI1F13017g	1.0	1.0	FN	FN	FN->FN	False
q9_current_AND_to_step_specific	route_wide_step_specific_GPR_remapping	0.15	YALI1F13017g	1.0	1.0	FN	FN	FN->FN	False
q9_current_AND_to_step_specific	route_wide_step_specific_GPR_remapping	0.01	YALI1F13039g	1.0	1.0	FN	FN	FN->FN	False
q9_current_AND_to_step_specific	route_wide_step_specific_GPR_remapping	0.05	YALI1F13039g	1.0	1.0	FN	FN	FN->FN	False
q9_current_AND_to_step_specific	route_wide_step_specific_GPR_remapping	0.1	YALI1F13039g	1.0	1.0	FN	FN	FN->FN	False
q9_current_AND_to_step_specific	route_wide_step_specific_GPR_remapping	0.15	YALI1F13039g	1.0	1.0	FN	FN	FN->FN	False
q9_current_AND_to_step_specific	route_wide_step_specific_GPR_remapping	0.01	YALI1F14882g	1.0	1.0	FN	FN	FN->FN	False
q9_current_AND_to_step_specific	route_wide_step_specific_GPR_remapping	0.05	YALI1F14882g	1.0	1.0	FN	FN	FN->FN	False
q9_current_AND_to_step_specific	route_wide_step_specific_GPR_remapping	0.1	YALI1F14882g	1.0	1.0	FN	FN	FN->FN	False
q9_current_AND_to_step_specific	route_wide_step_specific_GPR_remapping	0.15	YALI1F14882g	1.0	1.0	FN	FN	FN->FN	False
q9_current_AND_to_step_specific	route_wide_step_specific_GPR_remapping	0.01	YALI1F14958g	0.0	0.0	TP	TP	TP->TP	False
q9_current_AND_to_step_specific	route_wide_step_specific_GPR_remapping	0.05	YALI1F14958g	0.0	0.0	TP	TP	TP->TP	False
q9_current_AND_to_step_specific	route_wide_step_specific_GPR_remapping	0.1	YALI1F14958g	0.0	0.0	TP	TP	TP->TP	False
q9_current_AND_to_step_specific	route_wide_step_specific_GPR_remapping	0.15	YALI1F14958g	0.0	0.0	TP	TP	TP->TP	False
q9_current_AND_to_step_specific	route_wide_step_specific_GPR_remapping	0.01	YALI1F15403g	1.0	1.0	FN	FN	FN->FN	False
q9_current_AND_to_step_specific	route_wide_step_specific_GPR_remapping	0.05	YALI1F15403g	1.0	1.0	FN	FN	FN->FN	False
q9_current_AND_to_step_specific	route_wide_step_specific_GPR_remapping	0.1	YALI1F15403g	1.0	1.0	FN	FN	FN->FN	False
q9_current_AND_to_step_specific	route_wide_step_specific_GPR_remapping	0.15	YALI1F15403g	1.0	1.0	FN	FN	FN->FN	False
q9_current_AND_to_step_specific	route_wide_step_specific_GPR_remapping	0.01	YALI1F15517g	0.0	0.0	TP	TP	TP->TP	False
q9_current_AND_to_step_specific	route_wide_step_specific_GPR_remapping	0.05	YALI1F15517g	0.0	0.0	TP	TP	TP->TP	False
q9_current_AND_to_step_specific	route_wide_step_specific_GPR_remapping	0.1	YALI1F15517g	0.0	0.0	TP	TP	TP->TP	False
q9_current_AND_to_step_specific	route_wide_step_specific_GPR_remapping	0.15	YALI1F15517g	0.0	0.0	TP	TP	TP->TP	False
q9_current_AND_to_step_specific	route_wide_step_specific_GPR_remapping	0.01	YALI1F15781g	1.0	1.0	FN	FN	FN->FN	False
q9_current_AND_to_step_specific	route_wide_step_specific_GPR_remapping	0.05	YALI1F15781g	1.0	1.0	FN	FN	FN->FN	False
q9_current_AND_to_step_specific	route_wide_step_specific_GPR_remapping	0.1	YALI1F15781g	1.0	1.0	FN	FN	FN->FN	False
q9_current_AND_to_step_specific	route_wide_step_specific_GPR_remapping	0.15	YALI1F15781g	1.0	1.0	FN	FN	FN->FN	False
q9_current_AND_to_step_specific	route_wide_step_specific_GPR_remapping	0.01	YALI1F16984g	0.0	0.0	TP	TP	TP->TP	False
q9_current_AND_to_step_specific	route_wide_step_specific_GPR_remapping	0.05	YALI1F16984g	0.0	0.0	TP	TP	TP->TP	False
q9_current_AND_to_step_specific	route_wide_step_specific_GPR_remapping	0.1	YALI1F16984g	0.0	0.0	TP	TP	TP->TP	False
q9_current_AND_to_step_specific	route_wide_step_specific_GPR_remapping	0.15	YALI1F16984g	0.0	0.0	TP	TP	TP->TP	False
q9_current_AND_to_step_specific	route_wide_step_specific_GPR_remapping	0.01	YALI1F17082g	1.0	1.0	FN	FN	FN->FN	False
q9_current_AND_to_step_specific	route_wide_step_specific_GPR_remapping	0.05	YALI1F17082g	1.0	1.0	FN	FN	FN->FN	False
q9_current_AND_to_step_specific	route_wide_step_specific_GPR_remapping	0.1	YALI1F17082g	1.0	1.0	FN	FN	FN->FN	False
q9_current_AND_to_step_specific	route_wide_step_specific_GPR_remapping	0.15	YALI1F17082g	1.0	1.0	FN	FN	FN->FN	False
q9_current_AND_to_step_specific	route_wide_step_specific_GPR_remapping	0.01	YALI1F17962g	0.245606383133	0.245606383133	FN	FN	FN->FN	False
q9_current_AND_to_step_specific	route_wide_step_specific_GPR_remapping	0.05	YALI1F17962g	0.245606383133	0.245606383133	FN	FN	FN->FN	False
q9_current_AND_to_step_specific	route_wide_step_specific_GPR_remapping	0.1	YALI1F17962g	0.245606383133	0.245606383133	FN	FN	FN->FN	False
q9_current_AND_to_step_specific	route_wide_step_specific_GPR_remapping	0.15	YALI1F17962g	0.245606383133	0.245606383133	FN	FN	FN->FN	False
q9_current_AND_to_step_specific	route_wide_step_specific_GPR_remapping	0.01	YALI1F18105g	1.0	1.0	FN	FN	FN->FN	False
q9_current_AND_to_step_specific	route_wide_step_specific_GPR_remapping	0.05	YALI1F18105g	1.0	1.0	FN	FN	FN->FN	False
q9_current_AND_to_step_specific	route_wide_step_specific_GPR_remapping	0.1	YALI1F18105g	1.0	1.0	FN	FN	FN->FN	False
q9_current_AND_to_step_specific	route_wide_step_specific_GPR_remapping	0.15	YALI1F18105g	1.0	1.0	FN	FN	FN->FN	False
q9_current_AND_to_step_specific	route_wide_step_specific_GPR_remapping	0.01	YALI1F19090g	1.0	1.0	FN	FN	FN->FN	False
q9_current_AND_to_step_specific	route_wide_step_specific_GPR_remapping	0.05	YALI1F19090g	1.0	1.0	FN	FN	FN->FN	False
q9_current_AND_to_step_specific	route_wide_step_specific_GPR_remapping	0.1	YALI1F19090g	1.0	1.0	FN	FN	FN->FN	False
q9_current_AND_to_step_specific	route_wide_step_specific_GPR_remapping	0.15	YALI1F19090g	1.0	1.0	FN	FN	FN->FN	False
q9_current_AND_to_step_specific	route_wide_step_specific_GPR_remapping	0.01	YALI1F20637g	1.0	1.0	FN	FN	FN->FN	False
q9_current_AND_to_step_specific	route_wide_step_specific_GPR_remapping	0.05	YALI1F20637g	1.0	1.0	FN	FN	FN->FN	False
q9_current_AND_to_step_specific	route_wide_step_specific_GPR_remapping	0.1	YALI1F20637g	1.0	1.0	FN	FN	FN->FN	False
q9_current_AND_to_step_specific	route_wide_step_specific_GPR_remapping	0.15	YALI1F20637g	1.0	1.0	FN	FN	FN->FN	False
q9_current_AND_to_step_specific	route_wide_step_specific_GPR_remapping	0.01	YALI1F20788g	1.0	1.0	FN	FN	FN->FN	False
q9_current_AND_to_step_specific	route_wide_step_specific_GPR_remapping	0.05	YALI1F20788g	1.0	1.0	FN	FN	FN->FN	False
q9_current_AND_to_step_specific	route_wide_step_specific_GPR_remapping	0.1	YALI1F20788g	1.0	1.0	FN	FN	FN->FN	False
q9_current_AND_to_step_specific	route_wide_step_specific_GPR_remapping	0.15	YALI1F20788g	1.0	1.0	FN	FN	FN->FN	False
q9_current_AND_to_step_specific	route_wide_step_specific_GPR_remapping	0.01	YALI1F20914g	0.999703558356	0.999703558356	FN	FN	FN->FN	False
q9_current_AND_to_step_specific	route_wide_step_specific_GPR_remapping	0.05	YALI1F20914g	0.999703558356	0.999703558356	FN	FN	FN->FN	False
q9_current_AND_to_step_specific	route_wide_step_specific_GPR_remapping	0.1	YALI1F20914g	0.999703558356	0.999703558356	FN	FN	FN->FN	False
q9_current_AND_to_step_specific	route_wide_step_specific_GPR_remapping	0.15	YALI1F20914g	0.999703558356	0.999703558356	FN	FN	FN->FN	False
q9_current_AND_to_step_specific	route_wide_step_specific_GPR_remapping	0.01	YALI1F20965g	1.0	1.0	FN	FN	FN->FN	False
q9_current_AND_to_step_specific	route_wide_step_specific_GPR_remapping	0.05	YALI1F20965g	1.0	1.0	FN	FN	FN->FN	False
q9_current_AND_to_step_specific	route_wide_step_specific_GPR_remapping	0.1	YALI1F20965g	1.0	1.0	FN	FN	FN->FN	False
q9_current_AND_to_step_specific	route_wide_step_specific_GPR_remapping	0.15	YALI1F20965g	1.0	1.0	FN	FN	FN->FN	False
q9_current_AND_to_step_specific	route_wide_step_specific_GPR_remapping	0.01	YALI1F21690g	1.0	1.0	FN	FN	FN->FN	False
q9_current_AND_to_step_specific	route_wide_step_specific_GPR_remapping	0.05	YALI1F21690g	1.0	1.0	FN	FN	FN->FN	False
q9_current_AND_to_step_specific	route_wide_step_specific_GPR_remapping	0.1	YALI1F21690g	1.0	1.0	FN	FN	FN->FN	False
q9_current_AND_to_step_specific	route_wide_step_specific_GPR_remapping	0.15	YALI1F21690g	1.0	1.0	FN	FN	FN->FN	False
q9_current_AND_to_step_specific	route_wide_step_specific_GPR_remapping	0.01	YALI1F21769g	0.0	0.0	TP	TP	TP->TP	False
q9_current_AND_to_step_specific	route_wide_step_specific_GPR_remapping	0.05	YALI1F21769g	0.0	0.0	TP	TP	TP->TP	False
q9_current_AND_to_step_specific	route_wide_step_specific_GPR_remapping	0.1	YALI1F21769g	0.0	0.0	TP	TP	TP->TP	False
q9_current_AND_to_step_specific	route_wide_step_specific_GPR_remapping	0.15	YALI1F21769g	0.0	0.0	TP	TP	TP->TP	False
q9_current_AND_to_step_specific	route_wide_step_specific_GPR_remapping	0.01	YALI1F22436g	0.956894004483	0.956894004483	FN	FN	FN->FN	False
q9_current_AND_to_step_specific	route_wide_step_specific_GPR_remapping	0.05	YALI1F22436g	0.956894004483	0.956894004483	FN	FN	FN->FN	False
q9_current_AND_to_step_specific	route_wide_step_specific_GPR_remapping	0.1	YALI1F22436g	0.956894004483	0.956894004483	FN	FN	FN->FN	False
q9_current_AND_to_step_specific	route_wide_step_specific_GPR_remapping	0.15	YALI1F22436g	0.956894004483	0.956894004483	FN	FN	FN->FN	False
q9_current_AND_to_step_specific	route_wide_step_specific_GPR_remapping	0.01	YALI1F22993g	1.0	1.0	FN	FN	FN->FN	False
q9_current_AND_to_step_specific	route_wide_step_specific_GPR_remapping	0.05	YALI1F22993g	1.0	1.0	FN	FN	FN->FN	False
q9_current_AND_to_step_specific	route_wide_step_specific_GPR_remapping	0.1	YALI1F22993g	1.0	1.0	FN	FN	FN->FN	False
q9_current_AND_to_step_specific	route_wide_step_specific_GPR_remapping	0.15	YALI1F22993g	1.0	1.0	FN	FN	FN->FN	False
q9_current_AND_to_step_specific	route_wide_step_specific_GPR_remapping	0.01	YALI1F24171g	1.0	1.0	FN	FN	FN->FN	False
q9_current_AND_to_step_specific	route_wide_step_specific_GPR_remapping	0.05	YALI1F24171g	1.0	1.0	FN	FN	FN->FN	False
q9_current_AND_to_step_specific	route_wide_step_specific_GPR_remapping	0.1	YALI1F24171g	1.0	1.0	FN	FN	FN->FN	False
q9_current_AND_to_step_specific	route_wide_step_specific_GPR_remapping	0.15	YALI1F24171g	1.0	1.0	FN	FN	FN->FN	False
q9_current_AND_to_step_specific	route_wide_step_specific_GPR_remapping	0.01	YALI1F24343g	1.0	1.0	FN	FN	FN->FN	False
q9_current_AND_to_step_specific	route_wide_step_specific_GPR_remapping	0.05	YALI1F24343g	1.0	1.0	FN	FN	FN->FN	False
q9_current_AND_to_step_specific	route_wide_step_specific_GPR_remapping	0.1	YALI1F24343g	1.0	1.0	FN	FN	FN->FN	False
q9_current_AND_to_step_specific	route_wide_step_specific_GPR_remapping	0.15	YALI1F24343g	1.0	1.0	FN	FN	FN->FN	False
q9_current_AND_to_step_specific	route_wide_step_specific_GPR_remapping	0.01	YALI1F25908g	1.0	1.0	FN	FN	FN->FN	False
q9_current_AND_to_step_specific	route_wide_step_specific_GPR_remapping	0.05	YALI1F25908g	1.0	1.0	FN	FN	FN->FN	False
q9_current_AND_to_step_specific	route_wide_step_specific_GPR_remapping	0.1	YALI1F25908g	1.0	1.0	FN	FN	FN->FN	False
q9_current_AND_to_step_specific	route_wide_step_specific_GPR_remapping	0.15	YALI1F25908g	1.0	1.0	FN	FN	FN->FN	False
q9_current_AND_to_step_specific	route_wide_step_specific_GPR_remapping	0.01	YALI1F25924g	1.0	1.0	FN	FN	FN->FN	False
q9_current_AND_to_step_specific	route_wide_step_specific_GPR_remapping	0.05	YALI1F25924g	1.0	1.0	FN	FN	FN->FN	False
q9_current_AND_to_step_specific	route_wide_step_specific_GPR_remapping	0.1	YALI1F25924g	1.0	1.0	FN	FN	FN->FN	False
q9_current_AND_to_step_specific	route_wide_step_specific_GPR_remapping	0.15	YALI1F25924g	1.0	1.0	FN	FN	FN->FN	False
q9_current_AND_to_step_specific	route_wide_step_specific_GPR_remapping	0.01	YALI1F26873g	0.0	0.0	TP	TP	TP->TP	False
q9_current_AND_to_step_specific	route_wide_step_specific_GPR_remapping	0.05	YALI1F26873g	0.0	0.0	TP	TP	TP->TP	False
q9_current_AND_to_step_specific	route_wide_step_specific_GPR_remapping	0.1	YALI1F26873g	0.0	0.0	TP	TP	TP->TP	False
q9_current_AND_to_step_specific	route_wide_step_specific_GPR_remapping	0.15	YALI1F26873g	0.0	0.0	TP	TP	TP->TP	False
q9_current_AND_to_step_specific	route_wide_step_specific_GPR_remapping	0.01	YALI1F26967g	1.0	1.0	FN	FN	FN->FN	False
q9_current_AND_to_step_specific	route_wide_step_specific_GPR_remapping	0.05	YALI1F26967g	1.0	1.0	FN	FN	FN->FN	False
q9_current_AND_to_step_specific	route_wide_step_specific_GPR_remapping	0.1	YALI1F26967g	1.0	1.0	FN	FN	FN->FN	False
q9_current_AND_to_step_specific	route_wide_step_specific_GPR_remapping	0.15	YALI1F26967g	1.0	1.0	FN	FN	FN->FN	False
q9_current_AND_to_step_specific	route_wide_step_specific_GPR_remapping	0.01	YALI1F27002g	0.0	0.0	TP	TP	TP->TP	False
q9_current_AND_to_step_specific	route_wide_step_specific_GPR_remapping	0.05	YALI1F27002g	0.0	0.0	TP	TP	TP->TP	False
q9_current_AND_to_step_specific	route_wide_step_specific_GPR_remapping	0.1	YALI1F27002g	0.0	0.0	TP	TP	TP->TP	False
q9_current_AND_to_step_specific	route_wide_step_specific_GPR_remapping	0.15	YALI1F27002g	0.0	0.0	TP	TP	TP->TP	False
q9_current_AND_to_step_specific	route_wide_step_specific_GPR_remapping	0.01	YALI1F27343g	1.0	1.0	FN	FN	FN->FN	False
q9_current_AND_to_step_specific	route_wide_step_specific_GPR_remapping	0.05	YALI1F27343g	1.0	1.0	FN	FN	FN->FN	False
q9_current_AND_to_step_specific	route_wide_step_specific_GPR_remapping	0.1	YALI1F27343g	1.0	1.0	FN	FN	FN->FN	False
q9_current_AND_to_step_specific	route_wide_step_specific_GPR_remapping	0.15	YALI1F27343g	1.0	1.0	FN	FN	FN->FN	False
q9_current_AND_to_step_specific	route_wide_step_specific_GPR_remapping	0.01	YALI1F27556g	1.0	1.0	FN	FN	FN->FN	False
q9_current_AND_to_step_specific	route_wide_step_specific_GPR_remapping	0.05	YALI1F27556g	1.0	1.0	FN	FN	FN->FN	False
q9_current_AND_to_step_specific	route_wide_step_specific_GPR_remapping	0.1	YALI1F27556g	1.0	1.0	FN	FN	FN->FN	False
q9_current_AND_to_step_specific	route_wide_step_specific_GPR_remapping	0.15	YALI1F27556g	1.0	1.0	FN	FN	FN->FN	False
q9_current_AND_to_step_specific	route_wide_step_specific_GPR_remapping	0.01	YALI1F27686g	1.0	1.0	FN	FN	FN->FN	False
q9_current_AND_to_step_specific	route_wide_step_specific_GPR_remapping	0.05	YALI1F27686g	1.0	1.0	FN	FN	FN->FN	False
q9_current_AND_to_step_specific	route_wide_step_specific_GPR_remapping	0.1	YALI1F27686g	1.0	1.0	FN	FN	FN->FN	False
q9_current_AND_to_step_specific	route_wide_step_specific_GPR_remapping	0.15	YALI1F27686g	1.0	1.0	FN	FN	FN->FN	False
q9_current_AND_to_step_specific	route_wide_step_specific_GPR_remapping	0.01	YALI1F27761g	1.0	1.0	FN	FN	FN->FN	False
q9_current_AND_to_step_specific	route_wide_step_specific_GPR_remapping	0.05	YALI1F27761g	1.0	1.0	FN	FN	FN->FN	False
q9_current_AND_to_step_specific	route_wide_step_specific_GPR_remapping	0.1	YALI1F27761g	1.0	1.0	FN	FN	FN->FN	False
q9_current_AND_to_step_specific	route_wide_step_specific_GPR_remapping	0.15	YALI1F27761g	1.0	1.0	FN	FN	FN->FN	False
q9_current_AND_to_step_specific	route_wide_step_specific_GPR_remapping	0.01	YALI1F27904g	0.02663015324	0.02663015324	FN	FN	FN->FN	False
q9_current_AND_to_step_specific	route_wide_step_specific_GPR_remapping	0.05	YALI1F27904g	0.02663015324	0.02663015324	TP	TP	TP->TP	False
q9_current_AND_to_step_specific	route_wide_step_specific_GPR_remapping	0.1	YALI1F27904g	0.02663015324	0.02663015324	TP	TP	TP->TP	False
q9_current_AND_to_step_specific	route_wide_step_specific_GPR_remapping	0.15	YALI1F27904g	0.02663015324	0.02663015324	TP	TP	TP->TP	False
q9_current_AND_to_step_specific	route_wide_step_specific_GPR_remapping	0.01	YALI1F28092g	1.0	1.0	FN	FN	FN->FN	False
q9_current_AND_to_step_specific	route_wide_step_specific_GPR_remapping	0.05	YALI1F28092g	1.0	1.0	FN	FN	FN->FN	False
q9_current_AND_to_step_specific	route_wide_step_specific_GPR_remapping	0.1	YALI1F28092g	1.0	1.0	FN	FN	FN->FN	False
q9_current_AND_to_step_specific	route_wide_step_specific_GPR_remapping	0.15	YALI1F28092g	1.0	1.0	FN	FN	FN->FN	False
q9_current_AND_to_step_specific	route_wide_step_specific_GPR_remapping	0.01	YALI1F28274g	1.0	1.0	FN	FN	FN->FN	False
q9_current_AND_to_step_specific	route_wide_step_specific_GPR_remapping	0.05	YALI1F28274g	1.0	1.0	FN	FN	FN->FN	False
q9_current_AND_to_step_specific	route_wide_step_specific_GPR_remapping	0.1	YALI1F28274g	1.0	1.0	FN	FN	FN->FN	False
q9_current_AND_to_step_specific	route_wide_step_specific_GPR_remapping	0.15	YALI1F28274g	1.0	1.0	FN	FN	FN->FN	False
q9_current_AND_to_step_specific	route_wide_step_specific_GPR_remapping	0.01	YALI1F28833g	1.0	1.0	FN	FN	FN->FN	False
q9_current_AND_to_step_specific	route_wide_step_specific_GPR_remapping	0.05	YALI1F28833g	1.0	1.0	FN	FN	FN->FN	False
q9_current_AND_to_step_specific	route_wide_step_specific_GPR_remapping	0.1	YALI1F28833g	1.0	1.0	FN	FN	FN->FN	False
q9_current_AND_to_step_specific	route_wide_step_specific_GPR_remapping	0.15	YALI1F28833g	1.0	1.0	FN	FN	FN->FN	False
q9_current_AND_to_step_specific	route_wide_step_specific_GPR_remapping	0.01	YALI1F30459g	0.245606383133	0.245606383133	FN	FN	FN->FN	False
q9_current_AND_to_step_specific	route_wide_step_specific_GPR_remapping	0.05	YALI1F30459g	0.245606383133	0.245606383133	FN	FN	FN->FN	False
q9_current_AND_to_step_specific	route_wide_step_specific_GPR_remapping	0.1	YALI1F30459g	0.245606383133	0.245606383133	FN	FN	FN->FN	False
q9_current_AND_to_step_specific	route_wide_step_specific_GPR_remapping	0.15	YALI1F30459g	0.245606383133	0.245606383133	FN	FN	FN->FN	False
q9_current_AND_to_step_specific	route_wide_step_specific_GPR_remapping	0.01	YALI1F30703g	1.0	1.0	FN	FN	FN->FN	False
q9_current_AND_to_step_specific	route_wide_step_specific_GPR_remapping	0.05	YALI1F30703g	1.0	1.0	FN	FN	FN->FN	False
q9_current_AND_to_step_specific	route_wide_step_specific_GPR_remapping	0.1	YALI1F30703g	1.0	1.0	FN	FN	FN->FN	False
q9_current_AND_to_step_specific	route_wide_step_specific_GPR_remapping	0.15	YALI1F30703g	1.0	1.0	FN	FN	FN->FN	False
q9_current_AND_to_step_specific	route_wide_step_specific_GPR_remapping	0.01	YALI1F31135g	1.0	1.0	FN	FN	FN->FN	False
q9_current_AND_to_step_specific	route_wide_step_specific_GPR_remapping	0.05	YALI1F31135g	1.0	1.0	FN	FN	FN->FN	False
q9_current_AND_to_step_specific	route_wide_step_specific_GPR_remapping	0.1	YALI1F31135g	1.0	1.0	FN	FN	FN->FN	False
q9_current_AND_to_step_specific	route_wide_step_specific_GPR_remapping	0.15	YALI1F31135g	1.0	1.0	FN	FN	FN->FN	False
q9_current_AND_to_step_specific	route_wide_step_specific_GPR_remapping	0.01	YALI1F31283g	1.0	1.0	FN	FN	FN->FN	False
q9_current_AND_to_step_specific	route_wide_step_specific_GPR_remapping	0.05	YALI1F31283g	1.0	1.0	FN	FN	FN->FN	False
q9_current_AND_to_step_specific	route_wide_step_specific_GPR_remapping	0.1	YALI1F31283g	1.0	1.0	FN	FN	FN->FN	False
q9_current_AND_to_step_specific	route_wide_step_specific_GPR_remapping	0.15	YALI1F31283g	1.0	1.0	FN	FN	FN->FN	False
q9_current_AND_to_step_specific	route_wide_step_specific_GPR_remapping	0.01	YALI1F31854g	1.0	1.0	FN	FN	FN->FN	False
q9_current_AND_to_step_specific	route_wide_step_specific_GPR_remapping	0.05	YALI1F31854g	1.0	1.0	FN	FN	FN->FN	False
q9_current_AND_to_step_specific	route_wide_step_specific_GPR_remapping	0.1	YALI1F31854g	1.0	1.0	FN	FN	FN->FN	False
q9_current_AND_to_step_specific	route_wide_step_specific_GPR_remapping	0.15	YALI1F31854g	1.0	1.0	FN	FN	FN->FN	False
q9_current_AND_to_step_specific	route_wide_step_specific_GPR_remapping	0.01	YALI1F32002g	1.0	1.0	FN	FN	FN->FN	False
q9_current_AND_to_step_specific	route_wide_step_specific_GPR_remapping	0.05	YALI1F32002g	1.0	1.0	FN	FN	FN->FN	False
q9_current_AND_to_step_specific	route_wide_step_specific_GPR_remapping	0.1	YALI1F32002g	1.0	1.0	FN	FN	FN->FN	False
q9_current_AND_to_step_specific	route_wide_step_specific_GPR_remapping	0.15	YALI1F32002g	1.0	1.0	FN	FN	FN->FN	False
q9_current_AND_to_step_specific	route_wide_step_specific_GPR_remapping	0.01	YALI1F33819g	1.0	1.0	FN	FN	FN->FN	False
q9_current_AND_to_step_specific	route_wide_step_specific_GPR_remapping	0.05	YALI1F33819g	1.0	1.0	FN	FN	FN->FN	False
q9_current_AND_to_step_specific	route_wide_step_specific_GPR_remapping	0.1	YALI1F33819g	1.0	1.0	FN	FN	FN->FN	False
q9_current_AND_to_step_specific	route_wide_step_specific_GPR_remapping	0.15	YALI1F33819g	1.0	1.0	FN	FN	FN->FN	False
q9_current_AND_to_step_specific	route_wide_step_specific_GPR_remapping	0.01	YALI1F34051g	1.0	1.0	FN	FN	FN->FN	False
q9_current_AND_to_step_specific	route_wide_step_specific_GPR_remapping	0.05	YALI1F34051g	1.0	1.0	FN	FN	FN->FN	False
q9_current_AND_to_step_specific	route_wide_step_specific_GPR_remapping	0.1	YALI1F34051g	1.0	1.0	FN	FN	FN->FN	False
q9_current_AND_to_step_specific	route_wide_step_specific_GPR_remapping	0.15	YALI1F34051g	1.0	1.0	FN	FN	FN->FN	False
q9_current_AND_to_step_specific	route_wide_step_specific_GPR_remapping	0.01	YALI1F34625g	0.0	0.0	TP	TP	TP->TP	False
q9_current_AND_to_step_specific	route_wide_step_specific_GPR_remapping	0.05	YALI1F34625g	0.0	0.0	TP	TP	TP->TP	False
q9_current_AND_to_step_specific	route_wide_step_specific_GPR_remapping	0.1	YALI1F34625g	0.0	0.0	TP	TP	TP->TP	False
q9_current_AND_to_step_specific	route_wide_step_specific_GPR_remapping	0.15	YALI1F34625g	0.0	0.0	TP	TP	TP->TP	False
q9_current_AND_to_step_specific	route_wide_step_specific_GPR_remapping	0.01	YALI1F34675g	0.0	1.0	TP	FN	TP->FN	True
q9_current_AND_to_step_specific	route_wide_step_specific_GPR_remapping	0.05	YALI1F34675g	0.0	1.0	TP	FN	TP->FN	True
q9_current_AND_to_step_specific	route_wide_step_specific_GPR_remapping	0.1	YALI1F34675g	0.0	1.0	TP	FN	TP->FN	True
q9_current_AND_to_step_specific	route_wide_step_specific_GPR_remapping	0.15	YALI1F34675g	0.0	1.0	TP	FN	TP->FN	True
q9_current_AND_to_step_specific	route_wide_step_specific_GPR_remapping	0.01	YALI1F35109g	0.990755222712	0.990755222712	FN	FN	FN->FN	False
q9_current_AND_to_step_specific	route_wide_step_specific_GPR_remapping	0.05	YALI1F35109g	0.990755222712	0.990755222712	FN	FN	FN->FN	False
q9_current_AND_to_step_specific	route_wide_step_specific_GPR_remapping	0.1	YALI1F35109g	0.990755222712	0.990755222712	FN	FN	FN->FN	False
q9_current_AND_to_step_specific	route_wide_step_specific_GPR_remapping	0.15	YALI1F35109g	0.990755222712	0.990755222712	FN	FN	FN->FN	False
q9_current_AND_to_step_specific	route_wide_step_specific_GPR_remapping	0.01	YALI1F37354g	0.0	0.0	TP	TP	TP->TP	False
q9_current_AND_to_step_specific	route_wide_step_specific_GPR_remapping	0.05	YALI1F37354g	0.0	0.0	TP	TP	TP->TP	False
q9_current_AND_to_step_specific	route_wide_step_specific_GPR_remapping	0.1	YALI1F37354g	0.0	0.0	TP	TP	TP->TP	False
q9_current_AND_to_step_specific	route_wide_step_specific_GPR_remapping	0.15	YALI1F37354g	0.0	0.0	TP	TP	TP->TP	False
q9_current_AND_to_step_specific	route_wide_step_specific_GPR_remapping	0.01	YALI1F37559g	0.02663015324	0.02663015324	FN	FN	FN->FN	False
q9_current_AND_to_step_specific	route_wide_step_specific_GPR_remapping	0.05	YALI1F37559g	0.02663015324	0.02663015324	TP	TP	TP->TP	False
q9_current_AND_to_step_specific	route_wide_step_specific_GPR_remapping	0.1	YALI1F37559g	0.02663015324	0.02663015324	TP	TP	TP->TP	False
q9_current_AND_to_step_specific	route_wide_step_specific_GPR_remapping	0.15	YALI1F37559g	0.02663015324	0.02663015324	TP	TP	TP->TP	False
q9_current_AND_to_step_specific	route_wide_step_specific_GPR_remapping	0.01	YALI1F38116g	0.0	0.0	TP	TP	TP->TP	False
q9_current_AND_to_step_specific	route_wide_step_specific_GPR_remapping	0.05	YALI1F38116g	0.0	0.0	TP	TP	TP->TP	False
q9_current_AND_to_step_specific	route_wide_step_specific_GPR_remapping	0.1	YALI1F38116g	0.0	0.0	TP	TP	TP->TP	False
q9_current_AND_to_step_specific	route_wide_step_specific_GPR_remapping	0.15	YALI1F38116g	0.0	0.0	TP	TP	TP->TP	False
q9_current_AND_to_step_specific	route_wide_step_specific_GPR_remapping	0.01	YALI1F38317g	1.0	1.0	FN	FN	FN->FN	False
q9_current_AND_to_step_specific	route_wide_step_specific_GPR_remapping	0.05	YALI1F38317g	1.0	1.0	FN	FN	FN->FN	False
q9_current_AND_to_step_specific	route_wide_step_specific_GPR_remapping	0.1	YALI1F38317g	1.0	1.0	FN	FN	FN->FN	False
q9_current_AND_to_step_specific	route_wide_step_specific_GPR_remapping	0.15	YALI1F38317g	1.0	1.0	FN	FN	FN->FN	False
q9_current_AND_to_step_specific	route_wide_step_specific_GPR_remapping	0.01	YALI1F38986g	1.0	1.0	FN	FN	FN->FN	False
q9_current_AND_to_step_specific	route_wide_step_specific_GPR_remapping	0.05	YALI1F38986g	1.0	1.0	FN	FN	FN->FN	False
q9_current_AND_to_step_specific	route_wide_step_specific_GPR_remapping	0.1	YALI1F38986g	1.0	1.0	FN	FN	FN->FN	False
q9_current_AND_to_step_specific	route_wide_step_specific_GPR_remapping	0.15	YALI1F38986g	1.0	1.0	FN	FN	FN->FN	False
q9_current_AND_to_step_specific	route_wide_step_specific_GPR_remapping	0.01	YALI1F39330g	1.0	1.0	FN	FN	FN->FN	False
q9_current_AND_to_step_specific	route_wide_step_specific_GPR_remapping	0.05	YALI1F39330g	1.0	1.0	FN	FN	FN->FN	False
q9_current_AND_to_step_specific	route_wide_step_specific_GPR_remapping	0.1	YALI1F39330g	1.0	1.0	FN	FN	FN->FN	False
q9_current_AND_to_step_specific	route_wide_step_specific_GPR_remapping	0.15	YALI1F39330g	1.0	1.0	FN	FN	FN->FN	False
q9_current_AND_to_step_specific	route_wide_step_specific_GPR_remapping	0.01	YALI1F39620g	1.0	1.0	FN	FN	FN->FN	False
q9_current_AND_to_step_specific	route_wide_step_specific_GPR_remapping	0.05	YALI1F39620g	1.0	1.0	FN	FN	FN->FN	False
q9_current_AND_to_step_specific	route_wide_step_specific_GPR_remapping	0.1	YALI1F39620g	1.0	1.0	FN	FN	FN->FN	False
q9_current_AND_to_step_specific	route_wide_step_specific_GPR_remapping	0.15	YALI1F39620g	1.0	1.0	FN	FN	FN->FN	False
