gene_id	previous_raw_growth	current_raw_growth	previous_ratio	current_ratio	classification_changed_1pct	classification_changed_5pct	classification_changed_10pct	classification_changed_15pct
YALI0B10406g	1.8718823069403006	1.8718823069403032	1.0000000000000004	1.0000000000000018	False	False	False	False
YALI0D12573g	1.8718823069403006	1.8718823069402997	1.0000000000000004	0.9999999999999999	False	False	False	False
YALI0D17490g	1.8718823069403006	1.8718823069403006	1.0000000000000004	1.0000000000000004	False	False	False	False
YALI0D27654g	1.8718823069403006	1.8718823069403006	1.0000000000000004	1.0000000000000004	False	False	False	False
YALI0E07787g	1.8718823069403006	1.8718823069403006	1.0000000000000004	1.0000000000000004	False	False	False	False
YALI0E12442g	1.8718823069403006	1.8718823069403032	1.0000000000000004	1.0000000000000018	False	False	False	False
YALI0E16192g	1.8718823069403006	1.8718823069403032	1.0000000000000004	1.0000000000000018	False	False	False	False
YALI0E18568g	1.8718823069403006	1.8718823069403032	1.0000000000000004	1.0000000000000018	False	False	False	False
YALI0F04114g	1.8718823069402961	1.8718823069402961	0.999999999999998	0.999999999999998	False	False	False	False
YALI1A00309g	0.0	0.0	0.0	0.0	False	False	False	False
YALI1A00538g	1.8718823069403006	1.8718823069403032	1.0000000000000004	1.0000000000000018	False	False	False	False
YALI1A00661g	1.8718823069403006	1.8718823069403032	1.0000000000000004	1.0000000000000018	False	False	False	False
YALI1A01198g	1.8718823069402994	1.8718823069403032	0.9999999999999998	1.0000000000000018	False	False	False	False
YALI1A01577g	1.8718823069403006	1.8718823069403032	1.0000000000000004	1.0000000000000018	False	False	False	False
YALI1A01602g	1.8718823069402994	1.8718823069402994	0.9999999999999998	0.9999999999999998	False	False	False	False
YALI1A02198g	1.8718823069403	1.8718823069403	1.0	1.0	False	False	False	False
YALI1A02335g	1.8718823069402994	1.8718823069403032	0.9999999999999998	1.0000000000000018	False	False	False	False
YALI1A02653g	1.8718823069403006	1.8718823069403006	1.0000000000000004	1.0000000000000004	False	False	False	False
YALI1A02775g	1.8718823069403026	1.8718823069403032	1.0000000000000013	1.0000000000000018	False	False	False	False
YALI1A02974g	1.8718823069403006	1.8718823069402994	1.0000000000000004	0.9999999999999998	False	False	False	False
YALI1A03069g	1.8718823069402994	1.8718823069403032	0.9999999999999998	1.0000000000000018	False	False	False	False
YALI1A03210g	1.8718823069403006	1.8718823069403006	1.0000000000000004	1.0000000000000004	False	False	False	False
YALI1A03322g	1.8718823069403043	1.8718823069402997	1.0000000000000024	0.9999999999999999	False	False	False	False
YALI1A03512g	1.8718823069402994	1.8718823069403032	0.9999999999999998	1.0000000000000018	False	False	False	False
YALI1A04817g	1.8718823069403006	1.8718823069403032	1.0000000000000004	1.0000000000000018	False	False	False	False
YALI1A05116g	1.8718823069403006	1.8718823069402994	1.0000000000000004	0.9999999999999998	False	False	False	False
YALI1A05459g	1.8718823069403006	1.8718823069403006	1.0000000000000004	1.0000000000000004	False	False	False	False
YALI1A06229g	1.8718823069403006	1.8718823069403032	1.0000000000000004	1.0000000000000018	False	False	False	False
YALI1A06361g	1.8718823069403023	1.8718823069403006	1.0000000000000013	1.0000000000000004	False	False	False	False
YALI1A06453g	1.8718823069403006	1.8718823069403006	1.0000000000000004	1.0000000000000004	False	False	False	False
YALI1A06640g	1.8718823069403006	1.8718823069403032	1.0000000000000004	1.0000000000000018	False	False	False	False
YALI1A06873g	1.8718823069403006	1.8718823069403032	1.0000000000000004	1.0000000000000018	False	False	False	False
YALI1A07014g	1.871882306940304	1.8718823069403032	1.0000000000000022	1.0000000000000018	False	False	False	False
YALI1A07103g	1.8718823069403048	1.8718823069403032	1.0000000000000027	1.0000000000000018	False	False	False	False
YALI1A07575g	1.8718823069403006	1.8718823069403032	1.0000000000000004	1.0000000000000018	False	False	False	False
YALI1A07887g	1.8718823069403006	1.871882306940293	1.0000000000000004	0.9999999999999963	False	False	False	False
YALI1A08512g	1.871882306940302	1.8718823069403032	1.000000000000001	1.0000000000000018	False	False	False	False
YALI1A08546g	1.8718823069403006	1.8718823069403032	1.0000000000000004	1.0000000000000018	False	False	False	False
YALI1A08672g	1.8718823069403006	1.8718823069403032	1.0000000000000004	1.0000000000000018	False	False	False	False
YALI1A08781g	1.8718823069403006	1.8718823069403032	1.0000000000000004	1.0000000000000018	False	False	False	False
YALI1A09121g	1.8718823069403006	1.8718823069403032	1.0000000000000004	1.0000000000000018	False	False	False	False
YALI1A09408g	1.8718823069403006	1.8718823069403032	1.0000000000000004	1.0000000000000018	False	False	False	False
YALI1A09553g	1.871882306940304	1.8718823069403032	1.0000000000000022	1.0000000000000018	False	False	False	False
YALI1A09694g	1.871882306940302	1.8718823069403032	1.000000000000001	1.0000000000000018	False	False	False	False
YALI1A09766g	1.8718823069403006	1.8718823069403032	1.0000000000000004	1.0000000000000018	False	False	False	False
YALI1A09911g	1.8718823069403006	1.8718823069403032	1.0000000000000004	1.0000000000000018	False	False	False	False
YALI1A09939g	0.0	0.0	0.0	0.0	False	False	False	False
YALI1A10254g	1.871882306940304	1.8718823069403032	1.0000000000000022	1.0000000000000018	False	False	False	False
YALI1A10708g	1.8718823069403006	1.8718823069403032	1.0000000000000004	1.0000000000000018	False	False	False	False
YALI1A11258g	1.8718823069403006	1.8718823069403032	1.0000000000000004	1.0000000000000018	False	False	False	False
YALI1A11654g	1.871882306940302	1.8718823069403032	1.000000000000001	1.0000000000000018	False	False	False	False
YALI1A12284g	1.871882306940302	1.8718823069403032	1.000000000000001	1.0000000000000018	False	False	False	False
YALI1A12540g	1.8718823069403012	1.8718823069403032	1.0000000000000007	1.0000000000000018	False	False	False	False
YALI1A12688g	1.8718823069403006	1.8718823069403032	1.0000000000000004	1.0000000000000018	False	False	False	False
YALI1A13454g	1.871882306940304	1.8718823069403032	1.0000000000000022	1.0000000000000018	False	False	False	False
YALI1A13994g	1.8718823069403006	1.8718823069403032	1.0000000000000004	1.0000000000000018	False	False	False	False
YALI1A14024g	1.871882306940302	1.8718823069403032	1.000000000000001	1.0000000000000018	False	False	False	False
YALI1A14287g	1.8718823069403006	1.8718823069402963	1.0000000000000004	0.9999999999999981	False	False	False	False
YALI1A14721g	1.871882306940304	1.8718823069403032	1.0000000000000022	1.0000000000000018	False	False	False	False
YALI1A14736g	1.8718823069403034	1.8718823069403032	1.000000000000002	1.0000000000000018	False	False	False	False
YALI1A15132g	1.871882306940304	1.8718823069403032	1.0000000000000022	1.0000000000000018	False	False	False	False
YALI1A15227g	1.871882306940304	1.8718823069403032	1.0000000000000022	1.0000000000000018	False	False	False	False
YALI1A15624g	1.871882306940302	1.8718823069403032	1.000000000000001	1.0000000000000018	False	False	False	False
YALI1A15863g	1.871882306940304	1.8718823069403032	1.0000000000000022	1.0000000000000018	False	False	False	False
YALI1A15879g	0.15942540041944286	0.15942540041944286	0.08516849581212876	0.08516849581212876	False	False	False	False
YALI1A15925g	1.8718823069403001	1.8718823069403001	1.0000000000000002	1.0000000000000002	False	False	False	False
YALI1A16292g	1.871882306940304	1.8718823069402977	1.0000000000000022	0.9999999999999988	False	False	False	False
YALI1A16422g	1.871882306940304	1.8718823069402977	1.0000000000000022	0.9999999999999988	False	False	False	False
YALI1A16642g	1.8718823069403001	1.8718823069403001	1.0000000000000002	1.0000000000000002	False	False	False	False
YALI1A16988g	1.8718823069403001	1.8718823069402977	1.0000000000000002	0.9999999999999988	False	False	False	False
YALI1A17289g	1.8718823069402963	1.8718823069402977	0.9999999999999981	0.9999999999999988	False	False	False	False
YALI1A17570g	1.8718823069402966	1.8718823069403006	0.9999999999999982	1.0000000000000004	False	False	False	False
YALI1A17640g	1.8718823069403008	1.8718823069402977	1.0000000000000004	0.9999999999999988	False	False	False	False
YALI1A18062g	1.871882306940304	1.8718823069402977	1.0000000000000022	0.9999999999999988	False	False	False	False
YALI1A18344g	0.0	0.0	0.0	0.0	False	False	False	False
YALI1A18514g	1.871882306940304	1.8718823069402977	1.0000000000000022	0.9999999999999988	False	False	False	False
YALI1A19526g	0.0	0.0	0.0	0.0	False	False	False	False
YALI1A19862g	1.871882306940304	1.8718823069403006	1.0000000000000022	1.0000000000000004	False	False	False	False
YALI1A20063g	1.8718823069402963	1.8718823069402963	0.9999999999999981	0.9999999999999981	False	False	False	False
YALI1A20089g	1.8718823069403001	1.8718823069403006	1.0000000000000002	1.0000000000000004	False	False	False	False
YALI1A20176g	1.8718823069402963	1.8718823069403001	0.9999999999999981	1.0000000000000002	False	False	False	False
YALI1A20201g	1.8718823069403001	1.8718823069403001	1.0000000000000002	1.0000000000000002	False	False	False	False
YALI1A20528g	1.871882306940304	1.8718823069402977	1.0000000000000022	0.9999999999999988	False	False	False	False
YALI1A20558g	1.8718823069403001	1.8718823069402977	1.0000000000000002	0.9999999999999988	False	False	False	False
YALI1A20611g	1.8718823069403001	1.8718823069403014	1.0000000000000002	1.0000000000000009	False	False	False	False
YALI1A21000g	1.8718823069403008	1.8718823069402963	1.0000000000000004	0.9999999999999981	False	False	False	False
YALI1A21156g	1.871882306940297	1.8718823069402977	0.9999999999999984	0.9999999999999988	False	False	False	False
YALI1A21372g	1.8718823069403	1.8718823069402977	1.0	0.9999999999999988	False	False	False	False
YALI1A21711g	1.8718823069403001	1.8718823069403006	1.0000000000000002	1.0000000000000004	False	False	False	False
YALI1A21970g	1.8718823069402981	1.8718823069402963	0.999999999999999	0.9999999999999981	False	False	False	False
YALI1A22129g	1.8718823069403001	1.8718823069402963	1.0000000000000002	0.9999999999999981	False	False	False	False
YALI1A22228g	1.8718823069403001	1.8718823069403001	1.0000000000000002	1.0000000000000002	False	False	False	False
YALI1A22275g	1.8718823069403001	1.8718823069402961	1.0000000000000002	0.999999999999998	False	False	False	False
YALI1A22440g	1.6851410748837086	1.6851410748837077	0.9002387963365973	0.9002387963365969	False	False	False	False
YALI1B00214g	1.8718823069402981	1.8718823069402977	0.999999999999999	0.9999999999999988	False	False	False	False
YALI1B00357g	1.8718823069402981	1.8718823069403006	0.999999999999999	1.0000000000000004	False	False	False	False
YALI1B00578g	1.8718823069402926	1.8718823069403006	0.9999999999999961	1.0000000000000004	False	False	False	False
YALI1B00908g	1.871882306940297	1.8718823069403006	0.9999999999999984	1.0000000000000004	False	False	False	False
YALI1B01084g	1.8718823069403008	1.871882306940296	1.0000000000000004	0.9999999999999979	False	False	False	False
YALI1B01136g	1.8718823069403034	1.8718823069403157	1.000000000000002	1.0000000000000084	False	False	False	False
YALI1B01428g	0.03894304281345006	0.038943042813459346	0.020804215451507055	0.020804215451512016	False	False	False	False
YALI1B02194g	1.8718823069403048	1.8718823069402972	1.0000000000000027	0.9999999999999986	False	False	False	False
YALI1B02283g	1.8718823069402986	1.8718823069402972	0.9999999999999993	0.9999999999999986	False	False	False	False
YALI1B02345g	0.0	0.0	0.0	0.0	False	False	False	False
YALI1B02487g	1.8718823069402986	1.8718823069402928	0.9999999999999993	0.9999999999999962	False	False	False	False
YALI1B02637g	1.8718823069402986	1.8718823069403014	0.9999999999999993	1.0000000000000009	False	False	False	False
YALI1B02733g	1.8718823069402986	1.8718823069403006	0.9999999999999993	1.0000000000000004	False	False	False	False
YALI1B02806g	1.871882306940298	1.871882306940301	0.9999999999999989	1.0000000000000007	False	False	False	False
YALI1B02833g	1.8718823069402986	1.8718823069402972	0.9999999999999993	0.9999999999999986	False	False	False	False
YALI1B03198g	1.8718823069403001	1.871882306940296	1.0000000000000002	0.9999999999999979	False	False	False	False
YALI1B03314g	1.8718823069402977	1.871882306940296	0.9999999999999988	0.9999999999999979	False	False	False	False
YALI1B03719g	1.8718823069403001	1.8718823069403028	1.0000000000000002	1.0000000000000016	False	False	False	False
YALI1B03910g	1.871882306940297	1.8718823069403032	0.9999999999999984	1.0000000000000018	False	False	False	False
YALI1B04138g	1.8718823069403046	1.8718823069402966	1.0000000000000024	0.9999999999999982	False	False	False	False
YALI1B04309g	1.8691754206414328	1.8691754206414255	0.9985539228140408	0.9985539228140369	False	False	False	False
YALI1B04433g	1.871882306940306	1.8718823069403074	1.0000000000000033	1.000000000000004	False	False	False	False
YALI1B04589g	1.8718823069402986	1.8718823069403032	0.9999999999999993	1.0000000000000018	False	False	False	False
YALI1B04831g	1.8718823069403006	1.8718823069403006	1.0000000000000004	1.0000000000000004	False	False	False	False
YALI1B05024g	1.8718823069403	1.8718823069403032	1.0	1.0000000000000018	False	False	False	False
YALI1B05072g	1.8718823069403034	1.8718823069403006	1.000000000000002	1.0000000000000004	False	False	False	False
YALI1B05364g	1.871882306940297	1.8718823069403032	0.9999999999999984	1.0000000000000018	False	False	False	False
YALI1B05571g	0.0	0.0	0.0	0.0	False	False	False	False
YALI1B05609g	1.8718823069402926	1.8718823069403157	0.9999999999999961	1.0000000000000084	False	False	False	False
YALI1B05798g	1.8718823069403034	1.8718823069403006	1.000000000000002	1.0000000000000004	False	False	False	False
YALI1B07094g	0.0	0.0	0.0	0.0	False	False	False	False
YALI1B07366g	0.0	0.0	0.0	0.0	False	False	False	False
YALI1B07538g	0.0	0.0	0.0	0.0	False	False	False	False
YALI1B07957g	1.8718823069402986	1.8718823069403006	0.9999999999999993	1.0000000000000004	False	False	False	False
YALI1B08123g	1.8718823069402992	1.8718823069402966	0.9999999999999997	0.9999999999999982	False	False	False	False
YALI1B08461g	1.8718823069402992	1.8718823069402963	0.9999999999999997	0.9999999999999981	False	False	False	False
YALI1B08885g	1.8718823069403006	1.8718823069403	1.0000000000000004	1.0	False	False	False	False
YALI1B09025g	1.8718823069402954	1.8718823069402963	0.9999999999999977	0.9999999999999981	False	False	False	False
YALI1B09211g	1.8718823069402992	1.8718823069402963	0.9999999999999997	0.9999999999999981	False	False	False	False
YALI1B09367g	1.8718823069402972	1.8718823069402963	0.9999999999999986	0.9999999999999981	False	False	False	False
YALI1B09592g	0.0	0.0	0.0	0.0	False	False	False	False
YALI1B10130g	1.7968119817125199	1.7968119817125023	0.9598958091812477	0.9598958091812384	False	False	False	False
YALI1B10635g	0.25217282299849747	0.2521728229985077	0.13471617422929147	0.1347161742292969	False	False	False	False
YALI1B10813g	1.8718823069403006	1.8718823069402986	1.0000000000000004	0.9999999999999993	False	False	False	False
YALI1B11402g	1.8718823069402992	1.8718823069402986	0.9999999999999997	0.9999999999999993	False	False	False	False
YALI1B11448g	1.8718823069402954	1.8718823069403	0.9999999999999977	1.0	False	False	False	False
YALI1B11532g	1.8718823069402992	1.8718823069403008	0.9999999999999997	1.0000000000000004	False	False	False	False
YALI1B12010g	0.0	0.0	0.0	0.0	False	False	False	False
YALI1B12042g	1.8718823069403006	1.8718823069402963	1.0000000000000004	0.9999999999999981	False	False	False	False
YALI1B12489g	1.8718823069402966	1.8718823069402963	0.9999999999999982	0.9999999999999981	False	False	False	False
YALI1B12742g	1.8718823069402992	1.8718823069402963	0.9999999999999997	0.9999999999999981	False	False	False	False
YALI1B12781g	1.8718823069402954	1.8718823069402986	0.9999999999999977	0.9999999999999993	False	False	False	False
YALI1B12966g	1.871882306940296	1.8718823069403	0.9999999999999979	1.0	False	False	False	False
YALI1B12993g	1.8718823069402952	1.8718823069403003	0.9999999999999976	1.0000000000000002	False	False	False	False
YALI1B13179g	1.8718823069402946	1.8718823069402994	0.9999999999999971	0.9999999999999998	False	False	False	False
YALI1B13948g	1.871882306940301	1.8718823069402963	1.0000000000000007	0.9999999999999981	False	False	False	False
YALI1B14044g	1.8718823069402992	1.8718823069402992	0.9999999999999997	0.9999999999999997	False	False	False	False
YALI1B14382g	1.8718823069402972	1.8718823069402994	0.9999999999999986	0.9999999999999998	False	False	False	False
YALI1B14733g	1.8718823069403006	1.8718823069402963	1.0000000000000004	0.9999999999999981	False	False	False	False
YALI1B14826g	1.8718823069402966	1.8718823069402972	0.9999999999999982	0.9999999999999986	False	False	False	False
YALI1B14978g	1.8718823069402992	1.8718823069402986	0.9999999999999997	0.9999999999999993	False	False	False	False
YALI1B15015g	1.8718823069402963	1.8718823069402963	0.9999999999999981	0.9999999999999981	False	False	False	False
YALI1B15180g	1.8718823069403006	1.8718823069402986	1.0000000000000004	0.9999999999999993	False	False	False	False
YALI1B15440g	1.8718823069403006	1.8718823069403	1.0000000000000004	1.0	False	False	False	False
YALI1B15733g	1.8718823069402992	1.8718823069402968	0.9999999999999997	0.9999999999999983	False	False	False	False
YALI1B15928g	1.8718823069402954	1.8718823069402994	0.9999999999999977	0.9999999999999998	False	False	False	False
YALI1B17155g	1.8718823069403012	1.8718823069403125	1.0000000000000007	1.0000000000000067	False	False	False	False
YALI1B17838g	1.8718823069402908	1.8718823069402826	0.9999999999999951	0.9999999999999908	False	False	False	False
YALI1B17871g	1.8718823069402981	1.8718823069402626	0.999999999999999	0.9999999999999801	False	False	False	False
YALI1B17927g	1.8718823069402992	1.8718823069402752	0.9999999999999997	0.9999999999999868	False	False	False	False
YALI1B18012g	1.8718823069402981	1.8718823069403163	0.999999999999999	1.0000000000000089	False	False	False	False
YALI1B18292g	1.8718823069403	1.8718823069403163	1.0	1.0000000000000089	False	False	False	False
YALI1B18311g	1.8718823069403	1.8718823069403125	1.0	1.0000000000000067	False	False	False	False
YALI1B18499g	1.8718823069402954	1.8718823069402826	0.9999999999999977	0.9999999999999908	False	False	False	False
YALI1B18572g	1.8718823069402954	1.871882306940275	0.9999999999999977	0.9999999999999867	False	False	False	False
YALI1B18845g	1.8718823069402981	1.8718823069403208	0.999999999999999	1.000000000000011	False	False	False	False
YALI1B18955g	0.0	0.0	0.0	0.0	False	False	False	False
YALI1B19021g	1.871882306940299	1.8718823069403163	0.9999999999999996	1.0000000000000089	False	False	False	False
YALI1B19079g	0.0	0.0	0.0	0.0	False	False	False	False
YALI1B19107g	1.8718823069403012	1.8718823069403125	1.0000000000000007	1.0000000000000067	False	False	False	False
YALI1B19217g	1.8718823069403012	1.8718823069402781	1.0000000000000007	0.9999999999999883	False	False	False	False
YALI1B19348g	1.8718823069402946	1.8718823069402826	0.9999999999999971	0.9999999999999908	False	False	False	False
YALI1B19490g	1.8718823069403012	1.8718823069403125	1.0000000000000007	1.0000000000000067	False	False	False	False
YALI1B19507g	1.8718823069403012	1.871882306940283	1.0000000000000007	0.999999999999991	False	False	False	False
YALI1B19576g	1.871882306940299	1.8718823069403125	0.9999999999999996	1.0000000000000067	False	False	False	False
YALI1B19844g	0.0	0.0	0.0	0.0	False	False	False	False
YALI1B19932g	1.8718823069402981	1.8718823069402688	0.999999999999999	0.9999999999999833	False	False	False	False
YALI1B20108g	1.8718823069403012	1.8718823069403163	1.0000000000000007	1.0000000000000089	False	False	False	False
YALI1B20153g	0.03894304281345741	0.038943042812005585	0.020804215451510982	0.020804215450735387	False	False	False	False
YALI1B20289g	0.08967109688914747	0.08967109688914747	0.04790423872092689	0.04790423872092689	False	False	False	False
YALI1B20462g	1.8718823069402986	1.8718823069403125	0.9999999999999993	1.0000000000000067	False	False	False	False
YALI1B20527g	1.8718823069403012	1.8718823069403163	1.0000000000000007	1.0000000000000089	False	False	False	False
YALI1B20835g	1.8718823069403012	1.871882306940275	1.0000000000000007	0.9999999999999867	False	False	False	False
YALI1B21004g	0.0	0.0	0.0	0.0	False	False	False	False
YALI1B21070g	0.0	0.0	0.0	0.0	False	False	False	False
YALI1B21088g	1.8718823069402992	1.8718823069403125	0.9999999999999997	1.0000000000000067	False	False	False	False
YALI1B21134g	1.8718823069403	1.8718823069402826	1.0	0.9999999999999908	False	False	False	False
YALI1B21155g	1.8718823069402908	1.8718823069403208	0.9999999999999951	1.000000000000011	False	False	False	False
YALI1B21313g	1.8718823069403112	1.871882306940268	1.000000000000006	0.9999999999999829	False	False	False	False
YALI1B21356g	1.8718823069403	1.8718823069402881	1.0	0.9999999999999937	False	False	False	False
YALI1B21538g	1.8718823069403112	1.8718823069402881	1.000000000000006	0.9999999999999937	False	False	False	False
YALI1B21618g	1.8718823069403112	1.8718823069403157	1.000000000000006	1.0000000000000084	False	False	False	False
YALI1B22321g	1.8718823069403	1.8718823069406136	1.0	1.0000000000001676	False	False	False	False
YALI1B22375g	1.8718823069403	1.8718823069402692	1.0	0.9999999999999837	False	False	False	False
YALI1B22549g	0.33026122972956606	0.33026122972956606	0.17643268944050078	0.17643268944050078	False	False	False	False
YALI1B22614g	0.0389430428134526	0.03894304281291504	0.02080421545150841	0.020804215451221235	False	False	False	False
YALI1B22820g	0.0	0.0	0.0	0.0	False	False	False	False
YALI1B22853g	0.20595239043348756	0.20595239043348756	0.11002421982935918	0.11002421982935918	False	False	False	False
YALI1B22883g	1.8718823069402968	1.871882306940268	0.9999999999999983	0.9999999999999829	False	False	False	False
YALI1B23017g	1.8718823069402983	1.8718823069403474	0.9999999999999992	1.0000000000000253	False	False	False	False
YALI1B23153g	1.8718823069403	1.871882306940272	1.0	0.999999999999985	False	False	False	False
YALI1B23237g	1.8718823069403112	1.8718823069406136	1.000000000000006	1.0000000000001676	False	False	False	False
YALI1B23300g	1.8718823069403	1.8718823069402826	1.0	0.9999999999999908	False	False	False	False
YALI1B23834g	0.0	0.0	0.0	0.0	False	False	False	False
YALI1B24424g	1.8718823069403008	1.8718823069402881	1.0000000000000004	0.9999999999999937	False	False	False	False
YALI1B24638g	1.8718823069403112	1.871882306940268	1.000000000000006	0.9999999999999829	False	False	False	False
YALI1B25360g	1.8718823069403008	1.871882306940268	1.0000000000000004	0.9999999999999829	False	False	False	False
YALI1B25395g	1.8718823069403112	1.8718823069402748	1.000000000000006	0.9999999999999866	False	False	False	False
YALI1B25427g	0.0	0.0	0.0	0.0	False	False	False	False
YALI1B25506g	1.8718823069402968	1.871882306940268	0.9999999999999983	0.9999999999999829	False	False	False	False
YALI1B25553g	1.8718823069403008	1.8718823069406136	1.0000000000000004	1.0000000000001676	False	False	False	False
YALI1B25906g	1.8718823069403	1.8718823069406136	1.0	1.0000000000001676	False	False	False	False
YALI1B26033g	1.8718823069403	1.8718823069406136	1.0	1.0000000000001676	False	False	False	False
YALI1B26112g	1.8718823069402983	1.8718823069402692	0.9999999999999992	0.9999999999999837	False	False	False	False
YALI1B26153g	1.8718823069403	1.871882306940268	1.0	0.9999999999999829	False	False	False	False
YALI1B26205g	1.8718823069403008	1.8718823069406136	1.0000000000000004	1.0000000000001676	False	False	False	False
YALI1B26350g	1.8718823069403008	1.8718823069402881	1.0000000000000004	0.9999999999999937	False	False	False	False
YALI1B26679g	1.8718823069403008	1.8718823069402881	1.0000000000000004	0.9999999999999937	False	False	False	False
YALI1B26749g	1.8718823069403008	1.8718823069403436	1.0000000000000004	1.0000000000000233	False	False	False	False
YALI1B27564g	1.8718823069403008	1.8718823069402746	1.0000000000000004	0.9999999999999865	False	False	False	False
YALI1B27645g	1.8718823069403028	1.8718823069403516	1.0000000000000016	1.0000000000000275	False	False	False	False
YALI1B27874g	0.0	0.0	0.0	0.0	False	False	False	False
YALI1B28025g	1.8718823069403057	1.8718823069403545	1.000000000000003	1.000000000000029	False	False	False	False
YALI1B28349g	1.8718823069403057	1.8718823069403414	1.000000000000003	1.0000000000000222	False	False	False	False
YALI1B28394g	1.8718823069402968	1.8718823069403414	0.9999999999999983	1.0000000000000222	False	False	False	False
YALI1B28454g	1.8718823069403028	1.8718823069403125	1.0000000000000016	1.0000000000000067	False	False	False	False
YALI1B28659g	1.8718823069402977	1.8718823069402741	0.9999999999999988	0.9999999999999862	False	False	False	False
YALI1B29133g	1.8718823069402983	1.8718823069402812	0.9999999999999992	0.99999999999999	False	False	False	False
YALI1B29243g	1.8718823069403057	1.8718823069403516	1.000000000000003	1.0000000000000275	False	False	False	False
YALI1B29419g	1.8718823069402954	1.871882306940285	0.9999999999999977	0.999999999999992	False	False	False	False
YALI1B29483g	1.8718823069403057	1.871882306940285	1.000000000000003	0.999999999999992	False	False	False	False
YALI1B29562g	1.8718823069403023	1.871882306940285	1.0000000000000013	0.999999999999992	False	False	False	False
YALI1B29867g	1.7939309564292631	1.7939309564292103	0.9583567031847997	0.9583567031847715	False	False	False	False
YALI1B29883g	1.8718823069402983	1.8718823069403545	0.9999999999999992	1.000000000000029	False	False	False	False
YALI1B29895g	1.8718823069402954	1.871882306940285	0.9999999999999977	0.999999999999992	False	False	False	False
YALI1B30090g	0.038943042813459214	0.03894304281381803	0.020804215451511947	0.020804215451703634	False	False	False	False
YALI1B30181g	0.0	0.0	0.0	0.0	False	False	False	False
YALI1B30275g	1.8718823069402983	1.8718823069403414	0.9999999999999992	1.0000000000000222	False	False	False	False
YALI1C00230g	0.0	0.0	0.0	0.0	False	False	False	False
YALI1C00293g	0.29306632037743346	0.29306632037743346	0.15656236468011034	0.15656236468011034	False	False	False	False
YALI1C00464g	1.8718823069402968	1.8718823069403414	0.9999999999999983	1.0000000000000222	False	False	False	False
YALI1C00550g	1.8718823069403028	1.871882306940285	1.0000000000000016	0.999999999999992	False	False	False	False
YALI1C00694g	1.8718823069403023	1.871882306940312	1.0000000000000013	1.0000000000000064	False	False	False	False
YALI1C00826g	1.8718823069402954	1.8718823069403414	0.9999999999999977	1.0000000000000222	False	False	False	False
YALI1C00999g	1.8718823069403057	1.871882306940285	1.000000000000003	0.999999999999992	False	False	False	False
YALI1C01129g	1.8718823069402977	1.8718823069403414	0.9999999999999988	1.0000000000000222	False	False	False	False
YALI1C01520g	1.8718823069403057	1.8718823069403414	1.000000000000003	1.0000000000000222	False	False	False	False
YALI1C01944g	1.871882306940301	1.8718823069403414	1.0000000000000007	1.0000000000000222	False	False	False	False
YALI1C01965g	1.871882306940301	1.8718823069403545	1.0000000000000007	1.000000000000029	False	False	False	False
YALI1C02391g	1.8718823069402994	1.8718823069403123	0.9999999999999998	1.0000000000000067	False	False	False	False
YALI1C02550g	1.871882306940301	1.8718823069403414	1.0000000000000007	1.0000000000000222	False	False	False	False
YALI1C03415g	1.8718823069403057	1.871882306940285	1.000000000000003	0.999999999999992	False	False	False	False
YALI1C03848g	1.871882306940296	1.8718823069402784	0.9999999999999979	0.9999999999999885	False	False	False	False
YALI1C04067g	1.8718823069402966	1.871882306940343	0.9999999999999982	1.000000000000023	False	False	False	False
YALI1C04093g	1.871882306940296	1.871882306940321	0.9999999999999979	1.0000000000000113	False	False	False	False
YALI1C04265g	1.8718823069403012	1.871882306940321	1.0000000000000007	1.0000000000000113	False	False	False	False
YALI1C04281g	1.8718823069403012	1.871882306940321	1.0000000000000007	1.0000000000000113	False	False	False	False
YALI1C04798g	1.8718823069402966	1.871882306940281	0.9999999999999982	0.9999999999999899	False	False	False	False
YALI1C04882g	0.0	0.0	0.0	0.0	False	False	False	False
YALI1C05386g	1.8718823069402983	1.8718823069403063	0.9999999999999992	1.0000000000000033	False	False	False	False
YALI1C05570g	1.8718823069403012	1.871882306940281	1.0000000000000007	0.9999999999999899	False	False	False	False
YALI1C05908g	1.8718823069402977	1.871882306940343	0.9999999999999988	1.000000000000023	False	False	False	False
YALI1C05972g	1.871882306940296	1.8718823069402784	0.9999999999999979	0.9999999999999885	False	False	False	False
YALI1C06006g	1.871882306940295	1.871882306940321	0.9999999999999973	1.0000000000000113	False	False	False	False
YALI1C06222g	1.8718823069403012	1.8718823069402777	1.0000000000000007	0.9999999999999881	False	False	False	False
YALI1C06626g	0.15942540041944286	0.15942540041944286	0.08516849581212876	0.08516849581212876	False	False	False	False
YALI1C06681g	1.8718823069402966	1.8718823069403119	0.9999999999999982	1.0000000000000064	False	False	False	False
YALI1C06951g	1.871882306940296	1.871882306940321	0.9999999999999979	1.0000000000000113	False	False	False	False
YALI1C07360g	1.8718823069402977	1.8718823069402784	0.9999999999999988	0.9999999999999885	False	False	False	False
YALI1C07423g	1.8718823069402966	1.8718823069402784	0.9999999999999982	0.9999999999999885	False	False	False	False
YALI1C07638g	1.8718823069402977	1.8718823069402777	0.9999999999999988	0.9999999999999881	False	False	False	False
YALI1C07816g	1.8718823069402974	1.871882306940281	0.9999999999999987	0.9999999999999899	False	False	False	False
YALI1C08017g	1.8718823069402974	1.871882306940281	0.9999999999999987	0.9999999999999899	False	False	False	False
YALI1C08173g	1.8718823069402966	1.871882306940321	0.9999999999999982	1.0000000000000113	False	False	False	False
YALI1C08197g	1.8718823069402966	1.8718823069402784	0.9999999999999982	0.9999999999999885	False	False	False	False
YALI1C08262g	1.8718823069403006	1.8718823069402784	1.0000000000000004	0.9999999999999885	False	False	False	False
YALI1C08523g	1.8718823069402966	1.871882306940343	0.9999999999999982	1.000000000000023	False	False	False	False
YALI1C08548g	1.871882306940295	1.871882306940321	0.9999999999999973	1.0000000000000113	False	False	False	False
YALI1C08702g	1.871882306940296	1.8718823069402784	0.9999999999999979	0.9999999999999885	False	False	False	False
YALI1C09033g	1.815266353504007	1.8152663535039806	0.9697545335909313	0.9697545335909171	False	False	False	False
YALI1C09072g	1.8718823069402966	1.8718823069402784	0.9999999999999982	0.9999999999999885	False	False	False	False
YALI1C09285g	1.8718823069402932	1.8718823069402784	0.9999999999999964	0.9999999999999885	False	False	False	False
YALI1C09308g	1.871882306940296	1.871882306940321	0.9999999999999979	1.0000000000000113	False	False	False	False
YALI1C09380g	1.8718823069402966	1.871882306940343	0.9999999999999982	1.000000000000023	False	False	False	False
YALI1C09467g	0.15942540041944286	0.15942540041944286	0.08516849581212876	0.08516849581212876	False	False	False	False
YALI1C09773g	1.8718823069403039	1.8718823069403119	1.0000000000000022	1.0000000000000064	False	False	False	False
YALI1C10232g	1.8718823069402981	1.8718823069403032	0.999999999999999	1.0000000000000018	False	False	False	False
YALI1C10293g	1.8718823069402977	1.8718823069402781	0.9999999999999988	0.9999999999999883	False	False	False	False
YALI1C10762g	1.871882306940297	1.8718823069403032	0.9999999999999984	1.0000000000000018	False	False	False	False
YALI1C11773g	1.8718823069402981	1.8718823069403119	0.999999999999999	1.0000000000000064	False	False	False	False
YALI1C12024g	1.8718823069402977	1.8718823069402777	0.9999999999999988	0.9999999999999881	False	False	False	False
YALI1C12220g	1.871882306940291	1.8718823069403119	0.9999999999999952	1.0000000000000064	False	False	False	False
YALI1C12619g	1.8718823069403039	1.8718823069402777	1.0000000000000022	0.9999999999999881	False	False	False	False
YALI1C13355g	1.8718823069402977	1.8718823069403119	0.9999999999999988	1.0000000000000064	False	False	False	False
YALI1C13768g	1.8718823069402983	1.8718823069402777	0.9999999999999992	0.9999999999999881	False	False	False	False
YALI1C15048g	1.871882306940295	1.8718823069403148	0.9999999999999973	1.000000000000008	False	False	False	False
YALI1C15180g	1.8718823069402988	1.8718823069402777	0.9999999999999994	0.9999999999999881	False	False	False	False
YALI1C15297g	0.0	0.0	0.0	0.0	False	False	False	False
YALI1C15420g	1.8718823069402981	1.8718823069403119	0.999999999999999	1.0000000000000064	False	False	False	False
YALI1C15526g	1.8718823069402988	1.8718823069402781	0.9999999999999994	0.9999999999999883	False	False	False	False
YALI1C15776g	1.8718823069402981	1.8718823069403119	0.999999999999999	1.0000000000000064	False	False	False	False
YALI1C15945g	1.8718823069402981	1.8718823069403119	0.999999999999999	1.0000000000000064	False	False	False	False
YALI1C15991g	1.871882306940299	1.8718823069403738	0.9999999999999996	1.0000000000000395	False	False	False	False
YALI1C16485g	1.871882306940291	1.8718823069402781	0.9999999999999952	0.9999999999999883	False	False	False	False
YALI1C16621g	1.710694313968836	1.7106943139689097	0.9138898891378834	0.9138898891379227	False	False	False	False
YALI1C16932g	1.8718823069402981	1.8718823069402777	0.999999999999999	0.9999999999999881	False	False	False	False
YALI1C17100g	1.8718823069402923	1.8718823069403419	0.999999999999996	1.0000000000000224	False	False	False	False
YALI1C17932g	1.8718823069402983	1.8718823069403148	0.9999999999999992	1.000000000000008	False	False	False	False
YALI1C17947g	0.0	0.0	0.0	0.0	False	False	False	False
YALI1C18258g	1.8718823069402988	1.8718823069403032	0.9999999999999994	1.0000000000000018	False	False	False	False
YALI1C18590g	1.871882306940291	1.8718823069402777	0.9999999999999952	0.9999999999999881	False	False	False	False
YALI1C18771g	1.8718823069402988	1.8718823069402781	0.9999999999999994	0.9999999999999883	False	False	False	False
YALI1C18872g	1.871882306940291	1.8718823069403119	0.9999999999999952	1.0000000000000064	False	False	False	False
YALI1C19814g	1.8718823069402983	1.8718823069402777	0.9999999999999992	0.9999999999999881	False	False	False	False
YALI1C19943g	1.8718823069402997	1.8718823069402777	0.9999999999999999	0.9999999999999881	False	False	False	False
YALI1C20054g	1.871882306940295	1.8718823069403119	0.9999999999999973	1.0000000000000064	False	False	False	False
YALI1C20198g	1.8718823069402881	1.8718823069402821	0.9999999999999937	0.9999999999999906	False	False	False	False
YALI1C20224g	1.8705702191338878	1.8705702191338993	0.9992990543253989	0.9992990543254051	False	False	False	False
YALI1C21487g	0.0	0.0	0.0	0.0	False	False	False	False
YALI1C21946g	1.871882306940346	1.871882306940278	1.0000000000000246	0.9999999999999882	False	False	False	False
YALI1C22186g	1.8718823069402881	1.8718823069402986	0.9999999999999937	0.9999999999999993	False	False	False	False
YALI1C22751g	1.871882306940346	1.871882306940278	1.0000000000000246	0.9999999999999882	False	False	False	False
YALI1C23511g	0.0	0.0	0.0	0.0	False	False	False	False
YALI1C23601g	1.8718823069403714	1.8718823069403738	1.0000000000000382	1.0000000000000395	False	False	False	False
YALI1C23902g	1.8718823069403714	1.8718823069403738	1.0000000000000382	1.0000000000000395	False	False	False	False
YALI1C24124g	1.871882306940346	1.8718823069403738	1.0000000000000246	1.0000000000000395	False	False	False	False
YALI1C24165g	1.8718823069403714	1.8718823069403738	1.0000000000000382	1.0000000000000395	False	False	False	False
YALI1C24367g	1.8718823069402881	1.8718823069402901	0.9999999999999937	0.9999999999999948	False	False	False	False
YALI1C24488g	1.871882306940346	1.8718823069403738	1.0000000000000246	1.0000000000000395	False	False	False	False
YALI1C24567g	1.8718823069402917	1.8718823069403738	0.9999999999999956	1.0000000000000395	False	False	False	False
YALI1C24611g	1.8718823069402917	1.8718823069403077	0.9999999999999956	1.0000000000000042	False	False	False	False
YALI1C24647g	1.871882306940346	1.871882306940278	1.0000000000000246	0.9999999999999882	False	False	False	False
YALI1C25029g	1.8718823069402881	1.8718823069402901	0.9999999999999937	0.9999999999999948	False	False	False	False
YALI1C25093g	1.8718823069402881	1.8718823069402901	0.9999999999999937	0.9999999999999948	False	False	False	False
YALI1C25190g	1.8718823069402917	1.8718823069402901	0.9999999999999956	0.9999999999999948	False	False	False	False
YALI1C25352g	1.8718823069402881	1.8718823069402915	0.9999999999999937	0.9999999999999954	False	False	False	False
YALI1C25512g	1.8718823069403714	1.8718823069402901	1.0000000000000382	0.9999999999999948	False	False	False	False
YALI1C25598g	1.8718823069403714	1.8718823069403738	1.0000000000000382	1.0000000000000395	False	False	False	False
YALI1C25782g	1.871882306940346	1.871882306940278	1.0000000000000246	0.9999999999999882	False	False	False	False
YALI1C26017g	1.8718823069403714	1.8718823069402901	1.0000000000000382	0.9999999999999948	False	False	False	False
YALI1C26036g	1.8718823069403714	1.871882306940278	1.0000000000000382	0.9999999999999882	False	False	False	False
YALI1C26276g	1.871882306940346	1.8718823069403738	1.0000000000000246	1.0000000000000395	False	False	False	False
YALI1C26544g	1.871882306940346	1.8718823069403738	1.0000000000000246	1.0000000000000395	False	False	False	False
YALI1C26939g	1.8718823069402881	1.8718823069402901	0.9999999999999937	0.9999999999999948	False	False	False	False
YALI1C27061g	1.8718823069402881	1.871882306940278	0.9999999999999937	0.9999999999999882	False	False	False	False
YALI1C27229g	1.8718823069402917	1.871882306940278	0.9999999999999956	0.9999999999999882	False	False	False	False
YALI1C27933g	1.871882306940346	1.8718823069403738	1.0000000000000246	1.0000000000000395	False	False	False	False
YALI1C28263g	1.871882306940346	1.871882306940278	1.0000000000000246	0.9999999999999882	False	False	False	False
YALI1C28310g	1.8718823069402852	1.8718823069402624	0.9999999999999921	0.9999999999999799	False	False	False	False
YALI1C28479g	1.8718823069402852	1.8718823069402624	0.9999999999999921	0.9999999999999799	False	False	False	False
YALI1C28497g	1.8718823069403203	1.8718823069402624	1.0000000000000109	0.9999999999999799	False	False	False	False
YALI1C28621g	1.871882306940324	1.8718823069403128	1.0000000000000129	1.0000000000000069	False	False	False	False
YALI1C29104g	1.871882306940324	1.8718823069402948	1.0000000000000129	0.9999999999999972	False	False	False	False
YALI1C29538g	1.871882306940324	1.8718823069403128	1.0000000000000129	1.0000000000000069	False	False	False	False
YALI1C29920g	1.8718823069403203	1.8718823069402624	1.0000000000000109	0.9999999999999799	False	False	False	False
YALI1C30440g	1.8718823069402852	1.8718823069402624	0.9999999999999921	0.9999999999999799	False	False	False	False
YALI1C30514g	0.0	0.0	0.0	0.0	False	False	False	False
YALI1C31122g	1.8718823069402852	1.8718823069402948	0.9999999999999921	0.9999999999999972	False	False	False	False
YALI1C31510g	1.8718823069402852	1.8718823069403128	0.9999999999999921	1.0000000000000069	False	False	False	False
YALI1C32031g	1.8718823069403159	1.8718823069402146	1.0000000000000084	0.9999999999999545	False	False	False	False
YALI1C32119g	1.8718823069402852	1.8718823069402624	0.9999999999999921	0.9999999999999799	False	False	False	False
YALI1C32156g	1.8718823069403083	1.8718823069402624	1.0000000000000044	0.9999999999999799	False	False	False	False
YALI1C32184g	1.8718823069403203	1.8718823069402624	1.0000000000000109	0.9999999999999799	False	False	False	False
YALI1C32276g	0.29306632037743346	0.29306632037743346	0.15656236468011034	0.15656236468011034	False	False	False	False
YALI1C32609g	1.8718823069402881	1.8718823069402948	0.9999999999999937	0.9999999999999972	False	False	False	False
YALI1C32810g	1.871882306940282	1.8718823069403128	0.9999999999999903	1.0000000000000069	False	False	False	False
YALI1C32886g	1.871882306940324	1.8718823069403128	1.0000000000000129	1.0000000000000069	False	False	False	False
YALI1C33005g	1.8718823069402852	1.8718823069402624	0.9999999999999921	0.9999999999999799	False	False	False	False
YALI1C33152g	1.871882306940282	1.8718823069403077	0.9999999999999903	1.0000000000000042	False	False	False	False
YALI1C33270g	1.8718823069403174	1.8718823069402624	1.0000000000000093	0.9999999999999799	False	False	False	False
YALI1C33299g	1.8718823069402764	1.8718823069402624	0.9999999999999875	0.9999999999999799	False	False	False	False
YALI1C33406g	1.871882306940282	1.8718823069402624	0.9999999999999903	0.9999999999999799	False	False	False	False
YALI1C353g	1.8718823069402852	1.8718823069403128	0.9999999999999921	1.0000000000000069	False	False	False	False
YALI1D00094g	1.871882306940282	1.8718823069403128	0.9999999999999903	1.0000000000000069	False	False	False	False
YALI1D00376g	1.8718823069402852	1.8718823069402624	0.9999999999999921	0.9999999999999799	False	False	False	False
YALI1D00515g	1.8718823069402881	1.8718823069402624	0.9999999999999937	0.9999999999999799	False	False	False	False
YALI1D00581g	1.871882306940324	1.8718823069403128	1.0000000000000129	1.0000000000000069	False	False	False	False
YALI1D00614g	1.871882306940324	1.8718823069403128	1.0000000000000129	1.0000000000000069	False	False	False	False
YALI1D00766g	1.8718823069402852	1.8718823069402948	0.9999999999999921	0.9999999999999972	False	False	False	False
YALI1D01188g	0.27287936335684576	0.27287936335684576	0.14577805578112596	0.14577805578112596	False	False	False	False
YALI1D01234g	1.871882306940282	1.8718823069402988	0.9999999999999903	0.9999999999999994	False	False	False	False
YALI1D01431g	0.0	0.0	0.0	0.0	False	False	False	False
YALI1D01489g	1.871882306940322	1.8718823069402966	1.0000000000000118	0.9999999999999982	False	False	False	False
YALI1D02000g	1.8718823069403112	1.8718823069402948	1.000000000000006	0.9999999999999972	False	False	False	False
YALI1D02041g	1.8718823069403112	1.8718823069402948	1.000000000000006	0.9999999999999972	False	False	False	False
YALI1D02416g	1.871882306940322	1.871882306940226	1.0000000000000118	0.9999999999999605	False	False	False	False
YALI1D02444g	1.871882306940282	1.8718823069402988	0.9999999999999903	0.9999999999999994	False	False	False	False
YALI1D02625g	1.871882306940322	1.8718823069402966	1.0000000000000118	0.9999999999999982	False	False	False	False
YALI1D02781g	1.8718823069403103	1.8718823069402948	1.0000000000000056	0.9999999999999972	False	False	False	False
YALI1D03047g	1.8718823069402766	1.8718823069402948	0.9999999999999876	0.9999999999999972	False	False	False	False
YALI1D03221g	0.08967109688914747	0.08967109688914747	0.04790423872092689	0.04790423872092689	False	False	False	False
YALI1D03865g	1.8718823069402784	1.8718823069403472	0.9999999999999885	1.0000000000000253	False	False	False	False
YALI1D03952g	0.29306632037743346	0.29306632037743346	0.15656236468011034	0.15656236468011034	False	False	False	False
YALI1D04055g	1.8718823069403103	1.8718823069402966	1.0000000000000056	0.9999999999999982	False	False	False	False
YALI1D04261g	1.871882306940282	1.8718823069403137	0.9999999999999903	1.0000000000000073	False	False	False	False
YALI1D04432g	1.8718823069403103	1.8718823069402988	1.0000000000000056	0.9999999999999994	False	False	False	False
YALI1D04566g	1.8718823069403079	1.8718823069402948	1.0000000000000042	0.9999999999999972	False	False	False	False
YALI1D05038g	1.8718823069402766	1.8718823069402706	0.9999999999999876	0.9999999999999843	False	False	False	False
YALI1D05111g	1.871882306940282	1.8718823069402948	0.9999999999999903	0.9999999999999972	False	False	False	False
YALI1D05270g	1.871882306940282	1.871882306940215	0.9999999999999903	0.9999999999999547	False	False	False	False
YALI1D05320g	1.871882306940318	1.8718823069402966	1.0000000000000098	0.9999999999999982	False	False	False	False
YALI1D05440g	1.871882306940282	1.8718823069402752	0.9999999999999903	0.9999999999999868	False	False	False	False
YALI1D05474g	0.0	0.0	0.0	0.0	False	False	False	False
YALI1D05873g	1.8718823069403092	1.8718823069402533	1.0000000000000049	0.9999999999999751	False	False	False	False
YALI1D06302g	1.871882306940322	1.8718823069402966	1.0000000000000118	0.9999999999999982	False	False	False	False
YALI1D06380g	1.871882306940322	1.8718823069402966	1.0000000000000118	0.9999999999999982	False	False	False	False
YALI1D06883g	1.871882306940322	1.8718823069402948	1.0000000000000118	0.9999999999999972	False	False	False	False
YALI1D07089g	1.871882306940282	1.8718823069403137	0.9999999999999903	1.0000000000000073	False	False	False	False
YALI1D07232g	0.0	0.0	0.0	0.0	False	False	False	False
YALI1D07451g	1.871882306940282	1.8718823069402948	0.9999999999999903	0.9999999999999972	False	False	False	False
YALI1D07486g	1.871882306940322	1.8718823069402966	1.0000000000000118	0.9999999999999982	False	False	False	False
YALI1D07665g	1.871882306940322	1.8718823069402966	1.0000000000000118	0.9999999999999982	False	False	False	False
YALI1D07696g	1.8718823069403088	1.8718823069402641	1.0000000000000047	0.9999999999999809	False	False	False	False
YALI1D07981g	1.8718823069403172	1.8718823069404142	1.0000000000000093	1.000000000000061	False	False	False	False
YALI1D08000g	1.8718823069403139	1.8718823069404302	1.0000000000000075	1.0000000000000697	False	False	False	False
YALI1D08050g	0.0	0.0	0.0	0.0	False	False	False	False
YALI1D08082g	1.8718823069403139	1.8718823069404142	1.0000000000000075	1.000000000000061	False	False	False	False
YALI1D08125g	1.8718823069402795	1.8718823069402988	0.9999999999999891	0.9999999999999994	False	False	False	False
YALI1D08205g	1.8718823069403088	1.8718823069403103	1.0000000000000047	1.0000000000000056	False	False	False	False
YALI1D08339g	1.8718823069402761	1.871882306940278	0.9999999999999873	0.9999999999999882	False	False	False	False
YALI1D08734g	0.20595239043348756	0.20595239043348756	0.11002421982935918	0.11002421982935918	False	False	False	False
YALI1D08884g	1.8718823069402504	1.8718823069402641	0.9999999999999736	0.9999999999999809	False	False	False	False
YALI1D08946g	1.8718823069403112	1.8718823069402641	1.000000000000006	0.9999999999999809	False	False	False	False
YALI1D09034g	1.8718823069403112	1.8718823069402641	1.000000000000006	0.9999999999999809	False	False	False	False
YALI1D09203g	1.871882306940386	1.8718823069403103	1.000000000000046	1.0000000000000056	False	False	False	False
YALI1D09420g	1.8718823069402821	1.8718823069402641	0.9999999999999906	0.9999999999999809	False	False	False	False
YALI1D09453g	1.8718823069402795	1.8718823069403463	0.9999999999999891	1.0000000000000249	False	False	False	False
YALI1D09712g	1.8718823069403112	1.8718823069403063	1.000000000000006	1.0000000000000033	False	False	False	False
YALI1D09870g	1.8718823069403112	1.8718823069403103	1.000000000000006	1.0000000000000056	False	False	False	False
YALI1D10197g	1.8718823069402795	1.8718823069402641	0.9999999999999891	0.9999999999999809	False	False	False	False
YALI1D10264g	1.8703863010535564	1.8703863010535664	0.999200801310426	0.9992008013104313	False	False	False	False
YALI1D10495g	1.8718823069402795	1.8718823069402988	0.9999999999999891	0.9999999999999994	False	False	False	False
YALI1D10535g	1.8718823069403088	1.8718823069403063	1.0000000000000047	1.0000000000000033	False	False	False	False
YALI1D10768g	1.8718823069403088	1.8718823069403456	1.0000000000000047	1.0000000000000244	False	False	False	False
YALI1D10930g	0.0	0.0	0.0	0.0	False	False	False	False
YALI1D11015g	1.8718823069402795	1.8718823069402715	0.9999999999999891	0.9999999999999848	False	False	False	False
YALI1D11159g	1.8718823069402795	1.8718823069402641	0.9999999999999891	0.9999999999999809	False	False	False	False
YALI1D11256g	1.8718823069403094	1.8718823069403463	1.000000000000005	1.0000000000000249	False	False	False	False
YALI1D11686g	1.8718823069403088	1.8718823069402641	1.0000000000000047	0.9999999999999809	False	False	False	False
YALI1D11769g	1.8718823069402795	1.8718823069402977	0.9999999999999891	0.9999999999999988	False	False	False	False
YALI1D11810g	1.8718823069402795	1.8718823069404302	0.9999999999999891	1.0000000000000697	False	False	False	False
YALI1D11984g	1.8718823069403119	1.8718823069403103	1.0000000000000064	1.0000000000000056	False	False	False	False
YALI1D12493g	1.869175420641443	1.8691754206414128	0.9985539228140462	0.9985539228140301	False	False	False	False
YALI1D12723g	1.8718823069403088	1.871882306940386	1.0000000000000047	1.000000000000046	False	False	False	False
YALI1D12832g	1.8718823069403112	1.8718823069402641	1.000000000000006	0.9999999999999809	False	False	False	False
YALI1D13201g	1.8718823069403252	1.8718823069403159	1.0000000000000135	1.0000000000000084	False	False	False	False
YALI1D13238g	0.08967109688914747	0.08967109688914747	0.04790423872092689	0.04790423872092689	False	False	False	False
YALI1D13510g	1.8718823069403128	1.8718823069403214	1.0000000000000069	1.0000000000000115	False	False	False	False
YALI1D13963g	1.7968119817125052	1.796811981712536	0.9598958091812398	0.9598958091812564	False	False	False	False
YALI1D14058g	0.25217282299849564	0.2521728229984956	0.13471617422929047	0.13471617422929044	False	False	False	False
YALI1D14199g	1.8718823069403117	1.8718823069403103	1.0000000000000062	1.0000000000000056	False	False	False	False
YALI1D14260g	1.8718823069403112	1.871882306940284	1.000000000000006	0.9999999999999915	False	False	False	False
YALI1D14453g	1.8718823069403179	1.8718823069402828	1.0000000000000095	0.9999999999999909	False	False	False	False
YALI1D14532g	0.27287936335684576	0.27287936335684576	0.14577805578112596	0.14577805578112596	False	False	False	False
YALI1D14639g	1.871882306940346	1.8718823069402828	1.0000000000000246	0.9999999999999909	False	False	False	False
YALI1D14670g	1.87188230694031	1.871882306940312	1.0000000000000056	1.0000000000000064	False	False	False	False
YALI1D15030g	1.8718823069403252	1.8718823069402832	1.0000000000000135	0.9999999999999911	False	False	False	False
YALI1D15063g	0.0	0.0	0.0	0.0	False	False	False	False
YALI1D15398g	1.8718823069402724	1.8718823069402641	0.9999999999999853	0.9999999999999809	False	False	False	False
YALI1D15424g	1.871882306940273	1.8718823069402641	0.9999999999999857	0.9999999999999809	False	False	False	False
YALI1D15734g	1.8718823069402724	1.871882306940286	0.9999999999999853	0.9999999999999926	False	False	False	False
YALI1D15848g	1.87188230694031	1.871882306940286	1.0000000000000056	0.9999999999999926	False	False	False	False
YALI1D16144g	1.8718823069402741	1.8718823069403159	0.9999999999999862	1.0000000000000084	False	False	False	False
YALI1D16151g	1.8718823069403252	1.871882306940312	1.0000000000000135	1.0000000000000064	False	False	False	False
YALI1D16290g	0.0	0.0	0.0	0.0	False	False	False	False
YALI1D16809g	0.27287936335684576	0.27287936335684576	0.14577805578112596	0.14577805578112596	False	False	False	False
YALI1D17299g	1.8718823069403112	1.871882306940315	1.000000000000006	1.000000000000008	False	False	False	False
YALI1D17462g	1.871882306940312	1.8718823069402863	1.0000000000000064	0.9999999999999928	False	False	False	False
YALI1D17482g	1.871882306940346	1.8718823069402832	1.0000000000000246	0.9999999999999911	False	False	False	False
YALI1D17620g	0.0	0.0	0.0	0.0	False	False	False	False
YALI1D17983g	1.8718823069403243	1.8718823069402828	1.000000000000013	0.9999999999999909	False	False	False	False
YALI1D18037g	1.8718823069402766	1.8718823069403243	0.9999999999999876	1.000000000000013	False	False	False	False
YALI1D18130g	0.20595239043348756	0.20595239043348756	0.11002421982935918	0.11002421982935918	False	False	False	False
YALI1D18577g	0.0	0.0	0.0	0.0	False	False	False	False
YALI1D18845g	1.8718823069403052	1.8718823069403243	1.0000000000000029	1.000000000000013	False	False	False	False
YALI1D18890g	1.87188230694031	1.8718823069402641	1.0000000000000056	0.9999999999999809	False	False	False	False
YALI1D19108g	1.8718823069403503	1.8718823069403148	1.0000000000000269	1.000000000000008	False	False	False	False
YALI1D19110g	1.871882306940308	1.8718823069403105	1.0000000000000044	1.0000000000000058	False	False	False	False
YALI1D19252g	1.8718823069403117	1.871882306940308	1.0000000000000062	1.0000000000000044	False	False	False	False
YALI1D19951g	1.871882306940274	1.8718823069403105	0.9999999999999861	1.0000000000000058	False	False	False	False
YALI1D20061g	1.871882306940307	1.8718823069403105	1.0000000000000038	1.0000000000000058	False	False	False	False
YALI1D20222g	1.8167026947221667	1.816702694722163	0.9705218581245487	0.9705218581245467	False	False	False	False
YALI1D20257g	1.8705702191339117	1.8705702191339066	0.9992990543254117	0.999299054325409	False	False	False	False
YALI1D20359g	1.8718823069403079	1.8718823069403214	1.0000000000000042	1.0000000000000115	False	False	False	False
YALI1D20473g	0.0	0.0	0.0	0.0	False	False	False	False
YALI1D20676g	1.871882306940307	1.8718823069403214	1.0000000000000038	1.0000000000000115	False	False	False	False
YALI1D20706g	1.871882306940307	1.8718823069403119	1.0000000000000038	1.0000000000000064	False	False	False	False
YALI1D21022g	1.87188230694027	1.871882306940311	0.999999999999984	1.000000000000006	False	False	False	False
YALI1D21023g	1.8718823069403128	1.8718823069403214	1.0000000000000069	1.0000000000000115	False	False	False	False
YALI1D21408g	1.8718823069403079	1.8718823069403105	1.0000000000000042	1.0000000000000058	False	False	False	False
YALI1D21511g	1.871882306940274	1.8718823069403105	0.9999999999999861	1.0000000000000058	False	False	False	False
YALI1D21543g	1.871882306940307	1.871882306940311	1.0000000000000038	1.000000000000006	False	False	False	False
YALI1D21631g	1.871882306940307	1.8718823069403148	1.0000000000000038	1.000000000000008	False	False	False	False
YALI1D22083g	1.8718823069403079	1.8718823069403105	1.0000000000000042	1.0000000000000058	False	False	False	False
YALI1D22124g	0.0	0.0	0.0	0.0	False	False	False	False
YALI1D22237g	0.33026122972956606	0.33026122972956606	0.17643268944050078	0.17643268944050078	False	False	False	False
YALI1D22274g	1.871882306940307	1.8718823069403105	1.0000000000000038	1.0000000000000058	False	False	False	False
YALI1D22834g	1.8718823069403079	1.871882306940311	1.0000000000000042	1.000000000000006	False	False	False	False
YALI1D22906g	1.8718823069403503	1.8718823069403105	1.0000000000000269	1.0000000000000058	False	False	False	False
YALI1D22997g	1.871882306940307	1.871882306940311	1.0000000000000038	1.000000000000006	False	False	False	False
YALI1D23067g	1.871882306940307	1.8718823069403105	1.0000000000000038	1.0000000000000058	False	False	False	False
YALI1D23128g	1.8718823069403128	1.8718823069403177	1.0000000000000069	1.0000000000000095	False	False	False	False
YALI1D23237g	1.8718823069403128	1.8718823069403105	1.0000000000000069	1.0000000000000058	False	False	False	False
YALI1D23885g	1.871882306940307	1.8718823069403105	1.0000000000000038	1.0000000000000058	False	False	False	False
YALI1D23995g	1.871882306940307	1.8718823069403148	1.0000000000000038	1.000000000000008	False	False	False	False
YALI1D24109g	1.8718823069403459	1.8718823069403194	1.0000000000000246	1.0000000000000104	False	False	False	False
YALI1D24249g	1.871882306940307	1.871882306940311	1.0000000000000038	1.000000000000006	False	False	False	False
YALI1D24333g	1.8718823069403128	1.8718823069403105	1.0000000000000069	1.0000000000000058	False	False	False	False
YALI1D24361g	0.0	0.0	0.0	0.0	False	False	False	False
YALI1D24649g	1.871882306940307	1.8718823069403216	1.0000000000000038	1.0000000000000115	False	False	False	False
YALI1D25037g	1.871882306940301	1.8718823069402752	1.0000000000000007	0.9999999999999868	False	False	False	False
YALI1D25359g	1.8718823069403199	1.8718823069402752	1.0000000000000107	0.9999999999999868	False	False	False	False
YALI1D25400g	1.871882306940324	1.8718823069402752	1.0000000000000129	0.9999999999999868	False	False	False	False
YALI1D25450g	0.0	0.0	0.0	0.0	False	False	False	False
YALI1D25664g	1.8718823069403046	1.8718823069403108	1.0000000000000024	1.0000000000000058	False	False	False	False
YALI1D26320g	1.871882306940282	1.8718823069403108	0.9999999999999903	1.0000000000000058	False	False	False	False
YALI1D26360g	1.8718823069403199	1.8718823069402752	1.0000000000000107	0.9999999999999868	False	False	False	False
YALI1D26438g	1.871882306940307	1.8718823069403137	1.0000000000000038	1.0000000000000073	False	False	False	False
YALI1D26496g	0.0	0.0	0.0	0.0	False	False	False	False
YALI1D26610g	1.8718823069403046	1.871882306940289	1.0000000000000024	0.9999999999999942	False	False	False	False
YALI1D26639g	1.871882306940324	1.8718823069403137	1.0000000000000129	1.0000000000000073	False	False	False	False
YALI1D27148g	0.0	0.0	0.0	0.0	False	False	False	False
YALI1D27274g	1.8718823069403199	1.8718823069402835	1.0000000000000107	0.9999999999999912	False	False	False	False
YALI1D27808g	1.8718823069402792	1.8718823069403137	0.999999999999989	1.0000000000000073	False	False	False	False
YALI1D27826g	1.8718823069403199	1.871882306940275	1.0000000000000107	0.9999999999999867	False	False	False	False
YALI1D28087g	0.0	0.0	0.0	0.0	False	False	False	False
YALI1D28351g	1.871882306940324	1.8718823069403103	1.0000000000000129	1.0000000000000056	False	False	False	False
YALI1D28569g	1.871882306940282	1.8718823069402752	0.9999999999999903	0.9999999999999868	False	False	False	False
YALI1D29419g	0.20595239043348756	0.20595239043348756	0.11002421982935918	0.11002421982935918	False	False	False	False
YALI1D29481g	0.08967109688914747	0.08967109688914747	0.04790423872092689	0.04790423872092689	False	False	False	False
YALI1D29523g	1.8718823069403543	1.871882306940275	1.000000000000029	0.9999999999999867	False	False	False	False
YALI1D30196g	1.871882306940282	1.8718823069403108	0.9999999999999903	1.0000000000000058	False	False	False	False
YALI1D30256g	1.871882306940307	1.871882306940275	1.0000000000000038	0.9999999999999867	False	False	False	False
YALI1D30570g	1.871882306940307	1.8718823069402752	1.0000000000000038	0.9999999999999868	False	False	False	False
YALI1D30618g	1.871882306940278	1.8718823069402752	0.9999999999999882	0.9999999999999868	False	False	False	False
YALI1D30866g	1.8718823069403199	1.871882306940275	1.0000000000000107	0.9999999999999867	False	False	False	False
YALI1D31719g	1.8718823069403199	1.8718823069402752	1.0000000000000107	0.9999999999999868	False	False	False	False
YALI1D32209g	0.03894304281291355	0.03894304281291447	0.02080421545122044	0.020804215451220933	False	False	False	False
YALI1D32268g	1.871882306940282	1.871882306940289	0.9999999999999903	0.9999999999999942	False	False	False	False
YALI1D32550g	1.871882306940324	1.871882306940275	1.0000000000000129	0.9999999999999867	False	False	False	False
YALI1D32568g	1.8718823069402781	1.871882306940321	0.9999999999999883	1.0000000000000113	False	False	False	False
YALI1D32594g	1.8718823069402757	1.8718823069402837	0.9999999999999871	0.9999999999999913	False	False	False	False
YALI1D32619g	1.8718823069402781	1.871882306940279	0.9999999999999883	0.9999999999999889	False	False	False	False
YALI1D32754g	1.871882306940276	1.8718823069403128	0.9999999999999872	1.0000000000000069	False	False	False	False
YALI1D33380g	1.8718823069402781	1.871882306940249	0.9999999999999883	0.9999999999999728	False	False	False	False
YALI1D33465g	1.871882306940278	1.871882306940279	0.9999999999999882	0.9999999999999889	False	False	False	False
YALI1D33780g	1.8718823069402781	1.8718823069403128	0.9999999999999883	1.0000000000000069	False	False	False	False
YALI1D33889g	1.871882306940335	1.8718823069402688	1.0000000000000187	0.9999999999999833	False	False	False	False
YALI1D33961g	1.8718823069402757	1.8718823069402757	0.9999999999999871	0.9999999999999871	False	False	False	False
YALI1D34149g	1.8718823069402781	1.8718823069402593	0.9999999999999883	0.9999999999999782	False	False	False	False
YALI1D34288g	1.8718823069402757	1.8718823069403128	0.9999999999999871	1.0000000000000069	False	False	False	False
YALI1D34529g	1.8718823069402757	1.8718823069402593	0.9999999999999871	0.9999999999999782	False	False	False	False
YALI1D34865g	0.20595239043348756	0.20595239043348756	0.11002421982935918	0.11002421982935918	False	False	False	False
YALI1D35593g	1.870386896430545	1.870386896430544	0.9992011193736858	0.9992011193736853	False	False	False	False
YALI1D35735g	0.0	0.0	0.0	0.0	False	False	False	False
YALI1D35787g	1.7968119817125034	1.7968119817125365	0.959895809181239	0.9598958091812566	False	False	False	False
YALI1D36215g	1.8718823069402741	1.871882306940279	0.9999999999999862	0.9999999999999889	False	False	False	False
YALI1E00574g	1.8718823069402741	1.8718823069402757	0.9999999999999862	0.9999999999999871	False	False	False	False
YALI1E00588g	1.8718823069402781	1.8718823069403128	0.9999999999999883	1.0000000000000069	False	False	False	False
YALI1E00760g	0.252172822998495	0.2521728229984921	0.13471617422929016	0.13471617422928858	False	False	False	False
YALI1E00907g	1.8718823069402781	1.8718823069402593	0.9999999999999883	0.9999999999999782	False	False	False	False
YALI1E01019g	1.871882306940335	1.8718823069403128	1.0000000000000187	1.0000000000000069	False	False	False	False
YALI1E01159g	1.871882306940335	1.8718823069403128	1.0000000000000187	1.0000000000000069	False	False	False	False
YALI1E01235g	1.8718823069402757	1.8718823069402757	0.9999999999999871	0.9999999999999871	False	False	False	False
YALI1E01589g	1.871882306940278	1.871882306940321	0.9999999999999882	1.0000000000000113	False	False	False	False
YALI1E01793g	0.15942540041944286	0.15942540041944286	0.08516849581212876	0.08516849581212876	False	False	False	False
YALI1E02413g	1.871882306940335	1.871882306940313	1.0000000000000187	1.000000000000007	False	False	False	False
YALI1E02616g	0.0	0.0	0.0	0.0	False	False	False	False
YALI1E02678g	1.8718823069402581	1.8718823069403128	0.9999999999999777	1.0000000000000069	False	False	False	False
YALI1E02832g	1.8718823069402757	1.8718823069402741	0.9999999999999871	0.9999999999999862	False	False	False	False
YALI1E02885g	1.871882306940335	1.8718823069403128	1.0000000000000187	1.0000000000000069	False	False	False	False
YALI1E02906g	1.8718823069402757	1.8718823069403128	0.9999999999999871	1.0000000000000069	False	False	False	False
YALI1E03039g	1.8718823069403037	1.8718823069402817	1.000000000000002	0.9999999999999902	False	False	False	False
YALI1E03300g	1.8718823069402937	1.871882306940304	0.9999999999999967	1.0000000000000022	False	False	False	False
YALI1E03387g	0.08967109688914747	0.08967109688914747	0.04790423872092689	0.04790423872092689	False	False	False	False
YALI1E03623g	1.8718823069403019	1.8718823069403567	1.000000000000001	1.0000000000000304	False	False	False	False
YALI1E03762g	0.0	0.0	0.0	0.0	False	False	False	False
YALI1E03870g	1.8718823069402635	1.8718823069403165	0.9999999999999806	1.0000000000000089	False	False	False	False
YALI1E04744g	1.871882306940291	1.87188230694028	0.9999999999999952	0.9999999999999893	False	False	False	False
YALI1E04823g	1.8718823069403037	1.87188230694028	1.000000000000002	0.9999999999999893	False	False	False	False
YALI1E05004g	1.871882306940291	1.871882306940327	0.9999999999999952	1.0000000000000144	False	False	False	False
YALI1E05074g	1.8718823069402608	1.8718823069403197	0.9999999999999791	1.0000000000000107	False	False	False	False
YALI1E05103g	1.8718823069402792	1.87188230694028	0.999999999999989	0.9999999999999893	False	False	False	False
YALI1E05180g	1.8718823069402897	1.871882306940304	0.9999999999999946	1.0000000000000022	False	False	False	False
YALI1E05701g	1.871882306940291	1.871882306940304	0.9999999999999952	1.0000000000000022	False	False	False	False
YALI1E05731g	0.0	0.0	0.0	0.0	False	False	False	False
YALI1E05833g	1.871882306940291	1.87188230694028	0.9999999999999952	0.9999999999999893	False	False	False	False
YALI1E05907g	0.0	0.0	0.0	0.0	False	False	False	False
YALI1E05929g	1.8718823069402843	1.8718823069403165	0.9999999999999917	1.0000000000000089	False	False	False	False
YALI1E05963g	0.15942540041944286	0.15942540041944286	0.08516849581212876	0.08516849581212876	False	False	False	False
YALI1E06015g	1.8718823069403037	1.87188230694028	1.000000000000002	0.9999999999999893	False	False	False	False
YALI1E06056g	1.8718823069402843	1.8718823069402817	0.9999999999999917	0.9999999999999902	False	False	False	False
YALI1E06573g	1.871882306940298	1.8718823069402817	0.9999999999999989	0.9999999999999902	False	False	False	False
YALI1E06759g	0.0	0.0	0.0	0.0	False	False	False	False
YALI1E07121g	1.8718823069402908	1.871882306940304	0.9999999999999951	1.0000000000000022	False	False	False	False
YALI1E07347g	0.0	0.0	0.0	0.0	False	False	False	False
YALI1E07506g	0.0	0.0	0.0	0.0	False	False	False	False
YALI1E07601g	1.8718823069402897	1.8718823069403165	0.9999999999999946	1.0000000000000089	False	False	False	False
YALI1E07676g	0.08967109688914747	0.08967109688914747	0.04790423872092689	0.04790423872092689	False	False	False	False
YALI1E07744g	1.871882306940291	1.8718823069403165	0.9999999999999952	1.0000000000000089	False	False	False	False
YALI1E07899g	1.871882306940291	1.8718823069402786	0.9999999999999952	0.9999999999999886	False	False	False	False
YALI1E08382g	1.869175420641444	1.8691754206414446	0.9985539228140468	0.9985539228140471	False	False	False	False
YALI1E08530g	1.871882306940291	1.8718823069403165	0.9999999999999952	1.0000000000000089	False	False	False	False
YALI1E08575g	1.871882306940291	1.871882306940327	0.9999999999999952	1.0000000000000144	False	False	False	False
YALI1E08620g	1.8718823069403019	1.8718823069403117	1.000000000000001	1.0000000000000062	False	False	False	False
YALI1E08937g	1.8718823069402986	1.8718823069403125	0.9999999999999993	1.0000000000000067	False	False	False	False
YALI1E09329g	1.8718823069403125	1.8718823069402764	1.0000000000000067	0.9999999999999875	False	False	False	False
YALI1E10210g	1.8718823069403019	1.8718823069403125	1.000000000000001	1.0000000000000067	False	False	False	False
YALI1E10364g	1.8718823069403123	1.8718823069403163	1.0000000000000067	1.0000000000000089	False	False	False	False
YALI1E10492g	1.8718823069403125	1.8718823069403125	1.0000000000000067	1.0000000000000067	False	False	False	False
YALI1E10951g	1.8718823069403125	1.871882306940312	1.0000000000000067	1.0000000000000064	False	False	False	False
YALI1E11255g	1.871882306940313	1.8718823069403125	1.000000000000007	1.0000000000000067	False	False	False	False
YALI1E11370g	1.8718823069402477	1.8718823069403125	0.9999999999999721	1.0000000000000067	False	False	False	False
YALI1E11415g	1.8718823069402477	1.8718823069402823	0.9999999999999721	0.9999999999999907	False	False	False	False
YALI1E11510g	0.08967109688914747	0.08967109688914747	0.04790423872092689	0.04790423872092689	False	False	False	False
YALI1E11768g	1.8718823069403019	1.8718823069403125	1.000000000000001	1.0000000000000067	False	False	False	False
YALI1E11943g	1.8718823069403019	1.8718823069403117	1.000000000000001	1.0000000000000062	False	False	False	False
YALI1E12482g	1.8718823069403125	1.8718823069403125	1.0000000000000067	1.0000000000000067	False	False	False	False
YALI1E12730g	1.8718823069403125	1.8718823069402868	1.0000000000000067	0.999999999999993	False	False	False	False
YALI1E12893g	1.87188230694027	1.8718823069403125	0.999999999999984	1.0000000000000067	False	False	False	False
YALI1E12987g	1.8718823069403125	1.8718823069403125	1.0000000000000067	1.0000000000000067	False	False	False	False
YALI1E13223g	1.8718823069403125	1.8718823069403125	1.0000000000000067	1.0000000000000067	False	False	False	False
YALI1E13329g	1.8718823069403125	1.8718823069403117	1.0000000000000067	1.0000000000000062	False	False	False	False
YALI1E13514g	1.8718823069403019	1.8718823069403125	1.000000000000001	1.0000000000000067	False	False	False	False
YALI1E13899g	1.8718823069403019	1.8718823069403117	1.000000000000001	1.0000000000000062	False	False	False	False
YALI1E14125g	1.8718823069402477	1.8718823069402823	0.9999999999999721	0.9999999999999907	False	False	False	False
YALI1E14153g	1.8718823069403019	1.8718823069403125	1.000000000000001	1.0000000000000067	False	False	False	False
YALI1E14316g	1.8718823069403125	1.8718823069403125	1.0000000000000067	1.0000000000000067	False	False	False	False
YALI1E14505g	1.8718823069403019	1.8718823069403125	1.000000000000001	1.0000000000000067	False	False	False	False
YALI1E14619g	1.8718823069403125	1.8718823069403125	1.0000000000000067	1.0000000000000067	False	False	False	False
YALI1E14709g	1.8718823069402477	1.8718823069403117	0.9999999999999721	1.0000000000000062	False	False	False	False
YALI1E14925g	1.8718823069403019	1.8718823069403125	1.000000000000001	1.0000000000000067	False	False	False	False
YALI1E15432g	0.0	0.0	0.0	0.0	False	False	False	False
YALI1E15452g	1.8718823069403125	1.8718823069403125	1.0000000000000067	1.0000000000000067	False	False	False	False
YALI1E15555g	1.8718823069402477	1.8718823069403125	0.9999999999999721	1.0000000000000067	False	False	False	False
YALI1E15606g	1.8718823069403125	1.8718823069402777	1.0000000000000067	0.9999999999999881	False	False	False	False
YALI1E15659g	0.14989878416810523	0.14989878416810523	0.08007917143739848	0.08007917143739848	False	False	False	False
YALI1E15804g	1.87188230694035	1.8718823069403117	1.0000000000000269	1.0000000000000062	False	False	False	False
YALI1E16002g	0.20595239043348756	0.20595239043348756	0.11002421982935918	0.11002421982935918	False	False	False	False
YALI1E16068g	0.0	0.0	0.0	0.0	False	False	False	False
YALI1E16694g	1.8718823069402815	1.8718823069403174	0.9999999999999901	1.0000000000000093	False	False	False	False
YALI1E17162g	1.8718823069403765	1.871882306940315	1.0000000000000409	1.000000000000008	False	False	False	False
YALI1E17214g	1.8718823069402477	1.8718823069403445	0.9999999999999721	1.0000000000000238	False	False	False	False
YALI1E17258g	1.8718823069402477	1.8718823069403117	0.9999999999999721	1.0000000000000062	False	False	False	False
YALI1E17326g	1.8718823069403117	1.871882306940291	1.0000000000000062	0.9999999999999952	False	False	False	False
YALI1E17355g	1.871882306940274	1.8718823069403445	0.9999999999999861	1.0000000000000238	False	False	False	False
YALI1E17431g	0.0	0.0	0.0	0.0	False	False	False	False
YALI1E17574g	0.0	0.0	0.0	0.0	False	False	False	False
YALI1E17616g	0.0	0.0	0.0	0.0	False	False	False	False
YALI1E17699g	1.8718823069403119	1.8718823069403905	1.0000000000000064	1.0000000000000484	False	False	False	False
YALI1E17754g	1.8718823069402477	1.871882306940291	0.9999999999999721	0.9999999999999952	False	False	False	False
YALI1E17935g	1.8718823069402477	1.8718823069403174	0.9999999999999721	1.0000000000000093	False	False	False	False
YALI1E18121g	1.8718823069403214	1.8718823069402672	1.0000000000000115	0.9999999999999826	False	False	False	False
YALI1E18171g	1.8718823069402477	1.8718823069403905	0.9999999999999721	1.0000000000000484	False	False	False	False
YALI1E18242g	1.8718823069402477	1.8718823069403117	0.9999999999999721	1.0000000000000062	False	False	False	False
YALI1E18269g	1.871882306940274	1.871882306940291	0.9999999999999861	0.9999999999999952	False	False	False	False
YALI1E18441g	1.871882306940341	1.871882306940279	1.000000000000022	0.9999999999999889	False	False	False	False
YALI1E18480g	1.8718823069403117	1.8718823069403117	1.0000000000000062	1.0000000000000062	False	False	False	False
YALI1E18539g	1.8718823069403467	1.8718823069403445	1.000000000000025	1.0000000000000238	False	False	False	False
YALI1E18927g	1.87188230694035	1.8718823069403252	1.0000000000000269	1.0000000000000135	False	False	False	False
YALI1E18961g	0.0	0.0	0.0	0.0	False	False	False	False
YALI1E19014g	1.8718823069403214	1.8718823069403117	1.0000000000000115	1.0000000000000062	False	False	False	False
YALI1E19036g	1.8718823069402766	1.8718823069403105	0.9999999999999876	1.0000000000000058	False	False	False	False
YALI1E19172g	1.8718823069402477	1.871882306940291	0.9999999999999721	0.9999999999999952	False	False	False	False
YALI1E19263g	1.8718823069403119	1.8718823069403445	1.0000000000000064	1.0000000000000238	False	False	False	False
YALI1E19557g	1.8718823069403214	1.871882306940291	1.0000000000000115	0.9999999999999952	False	False	False	False
YALI1E19603g	0.25217282299849514	0.2521728229984939	0.13471617422929022	0.13471617422928955	False	False	False	False
YALI1E19647g	1.8718823069403214	1.8718823069403105	1.0000000000000115	1.0000000000000058	False	False	False	False
YALI1E19682g	1.8718823069403265	1.8718823069403439	1.0000000000000142	1.0000000000000235	False	False	False	False
YALI1E19852g	1.8718823069402901	1.871882306940311	0.9999999999999948	1.000000000000006	False	False	False	False
YALI1E19902g	1.8718823069403265	1.871882306940311	1.0000000000000142	1.000000000000006	False	False	False	False
YALI1E19958g	1.8718823069402744	1.8718823069403439	0.9999999999999863	1.0000000000000235	False	False	False	False
YALI1E20016g	1.8718823069403265	1.871882306940311	1.0000000000000142	1.000000000000006	False	False	False	False
YALI1E20049g	1.8718823069402846	1.8718823069403157	0.9999999999999918	1.0000000000000084	False	False	False	False
YALI1E20159g	1.8718823069403265	1.8718823069402992	1.0000000000000142	0.9999999999999997	False	False	False	False
YALI1E20192g	1.8718823069403265	1.8718823069403157	1.0000000000000142	1.0000000000000084	False	False	False	False
YALI1E20626g	1.8718823069403265	1.871882306940311	1.0000000000000142	1.000000000000006	False	False	False	False
YALI1E20666g	1.8718823069403265	1.8718823069402992	1.0000000000000142	0.9999999999999997	False	False	False	False
YALI1E20751g	0.33026122972956606	0.33026122972956606	0.17643268944050078	0.17643268944050078	False	False	False	False
YALI1E20766g	1.871882306940312	1.871882306940314	1.0000000000000064	1.0000000000000075	False	False	False	False
YALI1E20885g	1.8718823069403132	1.8718823069402992	1.000000000000007	0.9999999999999997	False	False	False	False
YALI1E21128g	1.8718823069403132	1.8718823069402992	1.000000000000007	0.9999999999999997	False	False	False	False
YALI1E21230g	1.8718823069403203	1.871882306940311	1.0000000000000109	1.000000000000006	False	False	False	False
YALI1E21312g	1.8718823069403265	1.871882306940311	1.0000000000000142	1.000000000000006	False	False	False	False
YALI1E21345g	0.0	0.0	0.0	0.0	False	False	False	False
YALI1E21406g	1.8718823069403265	1.871882306940311	1.0000000000000142	1.000000000000006	False	False	False	False
YALI1E21478g	1.8718823069403006	1.8718823069402672	1.0000000000000004	0.9999999999999826	False	False	False	False
YALI1E21552g	1.8718823069403006	1.8718823069402992	1.0000000000000004	0.9999999999999997	False	False	False	False
YALI1E21915g	1.8718823069403132	1.8718823069403157	1.000000000000007	1.0000000000000084	False	False	False	False
YALI1E21983g	1.8718823069403265	1.871882306940311	1.0000000000000142	1.000000000000006	False	False	False	False
YALI1E22041g	1.8718823069403265	1.871882306940311	1.0000000000000142	1.000000000000006	False	False	False	False
YALI1E22238g	1.8718823069403396	1.8718823069403112	1.0000000000000213	1.000000000000006	False	False	False	False
YALI1E22262g	1.8718823069403265	1.8718823069403439	1.0000000000000142	1.0000000000000235	False	False	False	False
YALI1E22303g	1.7927531587703747	1.7927531587703567	0.957727498210469	0.9577274982104594	False	False	False	False
YALI1E22633g	1.8718823069403265	1.8718823069403439	1.0000000000000142	1.0000000000000235	False	False	False	False
YALI1E22718g	1.8718823069403265	1.8718823069403439	1.0000000000000142	1.0000000000000235	False	False	False	False
YALI1E22736g	1.8718823069403265	1.8718823069403439	1.0000000000000142	1.0000000000000235	False	False	False	False
YALI1E23635g	1.8718823069403265	1.871882306940311	1.0000000000000142	1.000000000000006	False	False	False	False
YALI1E23809g	1.8718823069403006	1.8718823069403077	1.0000000000000004	1.0000000000000042	False	False	False	False
YALI1E23988g	1.8718823069403265	1.871882306940311	1.0000000000000142	1.000000000000006	False	False	False	False
YALI1E24028g	1.871882306940315	1.8718823069402992	1.000000000000008	0.9999999999999997	False	False	False	False
YALI1E24113g	1.871882306940315	1.8718823069402848	1.000000000000008	0.9999999999999919	False	False	False	False
YALI1E24149g	1.871882306940315	1.8718823069402992	1.000000000000008	0.9999999999999997	False	False	False	False
YALI1E24245g	1.8718823069402764	1.8718823069402863	0.9999999999999875	0.9999999999999928	False	False	False	False
YALI1E24318g	1.87188230694035	1.8718823069402992	1.0000000000000269	0.9999999999999997	False	False	False	False
YALI1E24461g	1.871882306940315	1.871882306940265	1.000000000000008	0.9999999999999813	False	False	False	False
YALI1E24479g	1.8718823069402764	1.8718823069402992	0.9999999999999875	0.9999999999999997	False	False	False	False
YALI1E24532g	1.871882306940315	1.8718823069402992	1.000000000000008	0.9999999999999997	False	False	False	False
YALI1E24567g	1.8718823069402764	1.8718823069402863	0.9999999999999875	0.9999999999999928	False	False	False	False
YALI1E24922g	1.8718823069402837	1.871882306940267	0.9999999999999913	0.9999999999999825	False	False	False	False
YALI1E25018g	1.8718823069402786	1.8718823069402992	0.9999999999999886	0.9999999999999997	False	False	False	False
YALI1E25290g	1.87188230694035	1.8718823069402992	1.0000000000000269	0.9999999999999997	False	False	False	False
YALI1E25364g	1.8718823069402764	1.8718823069402848	0.9999999999999875	0.9999999999999919	False	False	False	False
YALI1E25400g	1.871882306940315	1.8718823069402992	1.000000000000008	0.9999999999999997	False	False	False	False
YALI1E25443g	1.871882306940315	1.8718823069402863	1.000000000000008	0.9999999999999928	False	False	False	False
YALI1E25585g	1.871882306940315	1.8718823069402992	1.000000000000008	0.9999999999999997	False	False	False	False
YALI1E25932g	1.8718823069402786	1.8718823069402863	0.9999999999999886	0.9999999999999928	False	False	False	False
YALI1E26181g	1.87188230694035	1.8718823069402848	1.0000000000000269	0.9999999999999919	False	False	False	False
YALI1E26513g	1.871882306940315	1.8718823069402992	1.000000000000008	0.9999999999999997	False	False	False	False
YALI1E26811g	1.8718823069402786	1.8718823069402863	0.9999999999999886	0.9999999999999928	False	False	False	False
YALI1E27113g	1.8718823069402764	1.8718823069402992	0.9999999999999875	0.9999999999999997	False	False	False	False
YALI1E27144g	0.0	0.0	0.0	0.0	False	False	False	False
YALI1E27218g	1.871882306940315	1.8718823069402992	1.000000000000008	0.9999999999999997	False	False	False	False
YALI1E27279g	1.8718823069402755	1.8718823069402848	0.9999999999999869	0.9999999999999919	False	False	False	False
YALI1E27441g	1.8718823069402764	1.8718823069402992	0.9999999999999875	0.9999999999999997	False	False	False	False
YALI1E27791g	1.8718823069402764	1.8718823069402992	0.9999999999999875	0.9999999999999997	False	False	False	False
YALI1E28097g	1.8718823069403154	1.8718823069402863	1.0000000000000082	0.9999999999999928	False	False	False	False
YALI1E28300g	1.8718823069402764	1.8718823069402992	0.9999999999999875	0.9999999999999997	False	False	False	False
YALI1E28545g	1.8718823069402764	1.8718823069402848	0.9999999999999875	0.9999999999999919	False	False	False	False
YALI1E28575g	1.8718823069402764	1.8718823069402992	0.9999999999999875	0.9999999999999997	False	False	False	False
YALI1E28631g	1.8718823069402786	1.8718823069402992	0.9999999999999886	0.9999999999999997	False	False	False	False
YALI1E28779g	1.8718823069402764	1.8718823069402863	0.9999999999999875	0.9999999999999928	False	False	False	False
YALI1E29179g	1.871882306940287	1.871882306940326	0.9999999999999931	1.000000000000014	False	False	False	False
YALI1E29319g	0.0	0.0	0.0	0.0	False	False	False	False
YALI1E30014g	1.871882306940319	1.8718823069402912	1.0000000000000102	0.9999999999999953	False	False	False	False
YALI1E30028g	1.871882306940261	1.8718823069402912	0.9999999999999792	0.9999999999999953	False	False	False	False
YALI1E30173g	1.871882306940315	1.8718823069402912	1.000000000000008	0.9999999999999953	False	False	False	False
YALI1E30400g	1.871882306940287	1.8718823069402912	0.9999999999999931	0.9999999999999953	False	False	False	False
YALI1E30496g	1.871882306940287	1.8718823069402912	0.9999999999999931	0.9999999999999953	False	False	False	False
YALI1E30815g	1.871882306940284	1.8718823069402912	0.9999999999999915	0.9999999999999953	False	False	False	False
YALI1E30886g	1.8167026947221359	1.8167026947221439	0.9705218581245323	0.9705218581245365	False	False	False	False
YALI1E31685g	1.871882306940284	1.871882306940326	0.9999999999999915	1.000000000000014	False	False	False	False
YALI1E31754g	1.871882306940287	1.871882306940326	0.9999999999999931	1.000000000000014	False	False	False	False
YALI1E31947g	1.871882306940287	1.8718823069403103	0.9999999999999931	1.0000000000000056	False	False	False	False
YALI1E32054g	1.871882306940287	1.8718823069402912	0.9999999999999931	0.9999999999999953	False	False	False	False
YALI1E32118g	1.871882306940287	1.8718823069402912	0.9999999999999931	0.9999999999999953	False	False	False	False
YALI1E32180g	1.871882306940287	1.871882306940306	0.9999999999999931	1.0000000000000033	False	False	False	False
YALI1E32241g	1.8718823069402912	1.871882306940276	0.9999999999999953	0.9999999999999872	False	False	False	False
YALI1E32315g	1.8718823069402912	1.871882306940276	0.9999999999999953	0.9999999999999872	False	False	False	False
YALI1E32332g	1.871882306940287	1.8718823069402912	0.9999999999999931	0.9999999999999953	False	False	False	False
YALI1E32603g	1.871882306940287	1.8718823069402861	0.9999999999999931	0.9999999999999927	False	False	False	False
YALI1E32908g	1.871882306940319	1.871882306940306	1.0000000000000102	1.0000000000000033	False	False	False	False
YALI1E33150g	1.8718823069402912	1.8718823069402912	0.9999999999999953	0.9999999999999953	False	False	False	False
YALI1E33285g	1.871882306940319	1.8718823069402755	1.0000000000000102	0.9999999999999869	False	False	False	False
YALI1E33302g	1.8718823069402613	1.871882306940276	0.9999999999999793	0.9999999999999872	False	False	False	False
YALI1E33633g	0.0	0.0	0.0	0.0	False	False	False	False
YALI1E34072g	1.7939309564292765	1.7939309564292945	0.9583567031848068	0.9583567031848165	False	False	False	False
YALI1E34269g	0.07468955720819079	0.07468955720922395	0.03990077631017048	0.03990077631072242	False	False	False	False
YALI1E34408g	1.871882306940287	1.8718823069402912	0.9999999999999931	0.9999999999999953	False	False	False	False
YALI1E34425g	1.8718823069402912	1.871882306940276	0.9999999999999953	0.9999999999999872	False	False	False	False
YALI1E35005g	0.0	0.0	0.0	0.0	False	False	False	False
YALI1E35082g	1.871882306940319	1.8718823069402861	1.0000000000000102	0.9999999999999927	False	False	False	False
YALI1E35410g	1.871882306940308	1.871882306940274	1.0000000000000044	0.9999999999999861	False	False	False	False
YALI1E35520g	1.8718823069403188	1.871882306940276	1.00000000000001	0.9999999999999872	False	False	False	False
YALI1E35652g	1.8718823069403077	1.8718823069402877	1.0000000000000042	0.9999999999999934	False	False	False	False
YALI1E35815g	1.871882306940253	1.8718823069403452	0.999999999999975	1.0000000000000242	False	False	False	False
YALI1E35955g	1.871882306940278	1.8718823069403452	0.9999999999999882	1.0000000000000242	False	False	False	False
YALI1E36437g	1.8718823069402797	1.8718823069403452	0.9999999999999892	1.0000000000000242	False	False	False	False
YALI1E36477g	1.8718823069403117	1.8718823069402877	1.0000000000000062	0.9999999999999934	False	False	False	False
YALI1E36540g	1.871882306940282	1.8718823069403452	0.9999999999999903	1.0000000000000242	False	False	False	False
YALI1E36568g	0.0	0.0	0.0	0.0	False	False	False	False
YALI1E37063g	1.871882306940306	1.8718823069403452	1.0000000000000033	1.0000000000000242	False	False	False	False
YALI1E37118g	1.871882306940278	1.8718823069402877	0.9999999999999882	0.9999999999999934	False	False	False	False
YALI1E37603g	1.8718823069402795	1.8718823069402877	0.9999999999999891	0.9999999999999934	False	False	False	False
YALI1E37764g	1.871882306940278	1.8718823069403452	0.9999999999999882	1.0000000000000242	False	False	False	False
YALI1E37982g	1.8718823069403077	1.871882306940276	1.0000000000000042	0.9999999999999872	False	False	False	False
YALI1E38034g	1.8718823069403077	1.871882306940276	1.0000000000000042	0.9999999999999872	False	False	False	False
YALI1E38131g	1.871882306940282	1.8718823069403452	0.9999999999999903	1.0000000000000242	False	False	False	False
YALI1E38308g	1.871882306940278	1.8718823069403452	0.9999999999999882	1.0000000000000242	False	False	False	False
YALI1E38561g	1.8718823069403077	1.871882306940276	1.0000000000000042	0.9999999999999872	False	False	False	False
YALI1E38701g	1.8718823069402795	1.8718823069402877	0.9999999999999891	0.9999999999999934	False	False	False	False
YALI1E38749g	1.87188230694028	1.8718823069402877	0.9999999999999893	0.9999999999999934	False	False	False	False
YALI1E38810g	1.8717888470469775	1.8717888470470407	0.9999500717043075	0.9999500717043414	False	False	False	False
YALI1E38859g	1.8718823069403077	1.8718823069403452	1.0000000000000042	1.0000000000000242	False	False	False	False
YALI1E38912g	1.871882306940306	1.8718823069403172	1.0000000000000033	1.0000000000000093	False	False	False	False
YALI1E39128g	1.8718823069403077	1.8718823069403452	1.0000000000000042	1.0000000000000242	False	False	False	False
YALI1E39221g	0.03894304281268344	0.038943042812917716	0.02080421545109751	0.020804215451222668	False	False	False	False
YALI1E39248g	1.871882306940306	1.871882306940347	1.0000000000000033	1.000000000000025	False	False	False	False
YALI1E39295g	1.8718823069403077	1.8718823069403452	1.0000000000000042	1.0000000000000242	False	False	False	False
YALI1E39395g	1.871882306940278	1.8718823069403172	0.9999999999999882	1.0000000000000093	False	False	False	False
YALI1E39676g	1.87188230694028	1.8718823069403132	0.9999999999999893	1.000000000000007	False	False	False	False
YALI1E39693g	1.8718823069403077	1.8718823069403452	1.0000000000000042	1.0000000000000242	False	False	False	False
YALI1E40076g	1.8718823069402795	1.8718823069403452	0.9999999999999891	1.0000000000000242	False	False	False	False
YALI1E40305g	0.15942540041944286	0.15942540041944286	0.08516849581212876	0.08516849581212876	False	False	False	False
YALI1E40361g	1.8718823069403159	1.8718823069402744	1.0000000000000084	0.9999999999999863	False	False	False	False
YALI1E40471g	1.871882306940282	1.8718823069403452	0.9999999999999903	1.0000000000000242	False	False	False	False
YALI1E40502g	1.8718823069403125	1.871882306940295	1.0000000000000067	0.9999999999999973	False	False	False	False
YALI1E40671g	1.7853754513528595	1.7853754513528715	0.9537861673959401	0.9537861673959466	False	False	False	False
YALI1E41148g	1.8718823069403125	1.8718823069403188	1.0000000000000067	1.00000000000001	False	False	False	False
YALI1E41251g	1.8718823069403205	1.8718823069402986	1.000000000000011	0.9999999999999993	False	False	False	False
YALI1E41276g	1.871882306940278	1.8718823069403188	0.9999999999999882	1.00000000000001	False	False	False	False
YALI1E41315g	1.871882306940278	1.8718823069403452	0.9999999999999882	1.0000000000000242	False	False	False	False
YALI1E41754g	1.8718823069403205	1.871882306940295	1.000000000000011	0.9999999999999973	False	False	False	False
YALI1E41850g	1.8718823069403125	1.8718823069403188	1.0000000000000067	1.00000000000001	False	False	False	False
YALI1E41893g	1.8718823069403205	1.871882306940302	1.000000000000011	1.000000000000001	False	False	False	False
YALI1F00472g	1.8718823069403117	1.8718823069403188	1.0000000000000062	1.00000000000001	False	False	False	False
YALI1F00616g	1.8718823069402954	1.8718823069403188	0.9999999999999977	1.00000000000001	False	False	False	False
YALI1F00654g	1.8718823069403205	1.8718823069403452	1.000000000000011	1.0000000000000242	False	False	False	False
YALI1F00821g	1.8718823069402912	1.871882306940297	0.9999999999999953	0.9999999999999984	False	False	False	False
YALI1F01456g	1.8718823069402912	1.871882306940295	0.9999999999999953	0.9999999999999973	False	False	False	False
YALI1F01755g	1.8718823069403077	1.8718823069403452	1.0000000000000042	1.0000000000000242	False	False	False	False
YALI1F01981g	1.8718823069403205	1.871882306940293	1.000000000000011	0.9999999999999963	False	False	False	False
YALI1F02074g	1.871882306940278	1.8718823069403143	0.9999999999999882	1.0000000000000078	False	False	False	False
YALI1F02132g	1.871882306940278	1.8718823069403188	0.9999999999999882	1.00000000000001	False	False	False	False
YALI1F02309g	0.0	0.0	0.0	0.0	False	False	False	False
YALI1F02481g	1.8718823069403205	1.8718823069403188	1.000000000000011	1.00000000000001	False	False	False	False
YALI1F02508g	1.8718823069403125	1.871882306940306	1.0000000000000067	1.0000000000000033	False	False	False	False
YALI1F02518g	1.871882306940278	1.8718823069403452	0.9999999999999882	1.0000000000000242	False	False	False	False
YALI1F02592g	1.8718823069403205	1.871882306940295	1.000000000000011	0.9999999999999973	False	False	False	False
YALI1F02758g	1.871882306940346	1.8718823069402832	1.0000000000000246	0.9999999999999911	False	False	False	False
YALI1F03136g	1.8718823069403119	1.8718823069402852	1.0000000000000064	0.9999999999999921	False	False	False	False
YALI1F03371g	1.8718823069403125	1.8718823069403452	1.0000000000000067	1.0000000000000242	False	False	False	False
YALI1F03452g	1.871882306940278	1.8718823069403188	0.9999999999999882	1.00000000000001	False	False	False	False
YALI1F03527g	1.8718823069403119	1.871882306940298	1.0000000000000064	0.9999999999999989	False	False	False	False
YALI1F03803g	1.871882306940278	1.871882306940306	0.9999999999999882	1.0000000000000033	False	False	False	False
YALI1F03883g	1.8718823069403205	1.8718823069403452	1.000000000000011	1.0000000000000242	False	False	False	False
YALI1F03908g	1.8718823069403205	1.8718823069403452	1.000000000000011	1.0000000000000242	False	False	False	False
YALI1F04082g	1.8718823069403205	1.8718823069403452	1.000000000000011	1.0000000000000242	False	False	False	False
YALI1F04110g	1.8718823069402868	1.8718823069402994	0.999999999999993	0.9999999999999998	False	False	False	False
YALI1F04157g	1.8718823069402741	1.8718823069403008	0.9999999999999862	1.0000000000000004	False	False	False	False
YALI1F04185g	1.8718823069402741	1.8718823069403008	0.9999999999999862	1.0000000000000004	False	False	False	False
YALI1F04433g	1.871882306940278	1.8718823069403008	0.9999999999999882	1.0000000000000004	False	False	False	False
YALI1F04455g	1.8718823069402868	1.8718823069403008	0.999999999999993	1.0000000000000004	False	False	False	False
YALI1F05089g	1.8718823069403105	1.8718823069403008	1.0000000000000058	1.0000000000000004	False	False	False	False
YALI1F05220g	1.8718823069402741	1.8718823069402994	0.9999999999999862	0.9999999999999998	False	False	False	False
YALI1F05415g	1.871882306940278	1.8718823069402994	0.9999999999999882	0.9999999999999998	False	False	False	False
YALI1F05509g	1.8718823069402868	1.8718823069402994	0.999999999999993	0.9999999999999998	False	False	False	False
YALI1F05574g	1.871882306940278	1.8718823069402994	0.9999999999999882	0.9999999999999998	False	False	False	False
YALI1F06018g	0.0	0.0	0.0	0.0	False	False	False	False
YALI1F06197g	1.8718823069402761	1.8718823069402974	0.9999999999999873	0.9999999999999987	False	False	False	False
YALI1F06236g	1.8718823069402801	1.8718823069402957	0.9999999999999895	0.9999999999999978	False	False	False	False
YALI1F06351g	1.871882306940278	1.8718823069403008	0.9999999999999882	1.0000000000000004	False	False	False	False
YALI1F06787g	0.0	0.0	0.0	0.0	False	False	False	False
YALI1F06858g	1.8718823069402741	1.8718823069402935	0.9999999999999862	0.9999999999999966	False	False	False	False
YALI1F06904g	1.8718823069402741	1.8718823069403034	0.9999999999999862	1.000000000000002	False	False	False	False
YALI1F07384g	1.871882306940278	1.8718823069402994	0.9999999999999882	0.9999999999999998	False	False	False	False
YALI1F07630g	1.8718823069403105	1.8718823069403008	1.0000000000000058	1.0000000000000004	False	False	False	False
YALI1F07747g	1.871882306940278	1.8718823069402963	0.9999999999999882	0.9999999999999981	False	False	False	False
YALI1F07827g	0.15942540041944286	0.15942540041944286	0.08516849581212876	0.08516849581212876	False	False	False	False
YALI1F07847g	1.8718823069403092	1.8718823069402966	1.0000000000000049	0.9999999999999982	False	False	False	False
YALI1F08075g	1.8718823069402868	1.8718823069403034	0.999999999999993	1.000000000000002	False	False	False	False
YALI1F08225g	1.8718823069402741	1.8718823069402994	0.9999999999999862	0.9999999999999998	False	False	False	False
YALI1F08349g	1.8718823069402741	1.8718823069403008	0.9999999999999862	1.0000000000000004	False	False	False	False
YALI1F08363g	0.0	0.0	0.0	0.0	False	False	False	False
YALI1F08705g	1.8718823069403097	1.8718823069402994	1.0000000000000053	0.9999999999999998	False	False	False	False
YALI1F08845g	1.867644734725975	1.8676447347259586	0.9977361973033169	0.9977361973033081	False	False	False	False
YALI1F08885g	1.8718823069402868	1.8718823069402963	0.999999999999993	0.9999999999999981	False	False	False	False
YALI1F09003g	1.8718823069402741	1.87188230694029	0.9999999999999862	0.9999999999999947	False	False	False	False
YALI1F09433g	1.8718823069402868	1.8718823069403008	0.999999999999993	1.0000000000000004	False	False	False	False
YALI1F09542g	1.8718823069402741	1.8718823069403008	0.9999999999999862	1.0000000000000004	False	False	False	False
YALI1F09598g	1.8376517500794014	1.8376517500793812	0.9817132964321618	0.981713296432151	False	False	False	False
YALI1F09747g	1.871882306940254	1.8718823069402915	0.9999999999999755	0.9999999999999954	False	False	False	False
YALI1F09856g	1.871882306940288	1.8718823069403192	0.9999999999999936	1.0000000000000102	False	False	False	False
YALI1F09965g	1.871882306940288	1.871882306940316	0.9999999999999936	1.0000000000000087	False	False	False	False
YALI1F10110g	1.871882306940254	1.8718823069402997	0.9999999999999755	0.9999999999999999	False	False	False	False
YALI1F10122g	1.871882306940288	1.8718823069403192	0.9999999999999936	1.0000000000000102	False	False	False	False
YALI1F10224g	1.871882306940288	1.8718823069402997	0.9999999999999936	0.9999999999999999	False	False	False	False
YALI1F10253g	1.871882306940288	1.871882306940316	0.9999999999999936	1.0000000000000087	False	False	False	False
YALI1F10342g	1.871882306940254	1.8718823069402908	0.9999999999999755	0.9999999999999951	False	False	False	False
YALI1F10633g	1.871882306940288	1.871882306940292	0.9999999999999936	0.9999999999999958	False	False	False	False
YALI1F11049g	1.6180305877461887	1.618030587746249	0.8643869231238974	0.8643869231239296	False	False	False	False
YALI1F11199g	1.871882306940288	1.8718823069402994	0.9999999999999936	0.9999999999999998	False	False	False	False
YALI1F11396g	1.871882306940288	1.8718823069403192	0.9999999999999936	1.0000000000000102	False	False	False	False
YALI1F11481g	1.871882306940288	1.8718823069403192	0.9999999999999936	1.0000000000000102	False	False	False	False
YALI1F11583g	1.871882306940254	1.8718823069403123	0.9999999999999755	1.0000000000000067	False	False	False	False
YALI1F11605g	1.871882306940288	1.8718823069403192	0.9999999999999936	1.0000000000000102	False	False	False	False
YALI1F11635g	1.8718823069402775	1.8718823069402932	0.999999999999988	0.9999999999999964	False	False	False	False
YALI1F11827g	1.871882306940288	1.8718823069403123	0.9999999999999936	1.0000000000000067	False	False	False	False
YALI1F12013g	1.8718823069403467	1.8718823069403485	1.000000000000025	1.000000000000026	False	False	False	False
YALI1F12138g	0.0	0.0	0.0	0.0	False	False	False	False
YALI1F12176g	1.871882306940288	1.8718823069402932	0.9999999999999936	0.9999999999999964	False	False	False	False
YALI1F12649g	1.871882306940254	1.8718823069403192	0.9999999999999755	1.0000000000000102	False	False	False	False
YALI1F12666g	1.871882306940316	1.8718823069403192	1.0000000000000087	1.0000000000000102	False	False	False	False
YALI1F12842g	1.871882306940288	1.8718823069403006	0.9999999999999936	1.0000000000000004	False	False	False	False
YALI1F12874g	1.8718823069403205	1.8718823069403123	1.000000000000011	1.0000000000000067	False	False	False	False
YALI1F12895g	1.8718823069402926	1.8718823069403123	0.9999999999999961	1.0000000000000067	False	False	False	False
YALI1F12917g	1.871882306940288	1.871882306940292	0.9999999999999936	0.9999999999999958	False	False	False	False
YALI1F12969g	0.0	0.0	0.0	0.0	False	False	False	False
YALI1F13017g	1.871882306940316	1.8718823069403192	1.0000000000000087	1.0000000000000102	False	False	False	False
YALI1F13039g	1.871882306940288	1.8718823069402981	0.9999999999999936	0.999999999999999	False	False	False	False
YALI1F13097g	1.871882306940254	1.8718823069403123	0.9999999999999755	1.0000000000000067	False	False	False	False
YALI1F13170g	1.871882306940254	1.871882306940292	0.9999999999999755	0.9999999999999958	False	False	False	False
YALI1F13202g	1.8718823069402797	1.8718823069402821	0.9999999999999892	0.9999999999999906	False	False	False	False
YALI1F13505g	1.8376517500793952	1.8376517500793803	0.9817132964321584	0.9817132964321504	False	False	False	False
YALI1F13550g	1.8718823069403157	1.8718823069403119	1.0000000000000084	1.0000000000000064	False	False	False	False
YALI1F14495g	1.8718823069403387	1.8718823069403128	1.0000000000000207	1.0000000000000069	False	False	False	False
YALI1F14583g	1.8718823069403148	1.8718823069403123	1.000000000000008	1.0000000000000067	False	False	False	False
YALI1F14882g	1.8718823069403148	1.8718823069402821	1.000000000000008	0.9999999999999906	False	False	False	False
YALI1F14958g	0.0	0.0	0.0	0.0	False	False	False	False
YALI1F15334g	1.8718823069402797	1.8718823069403125	0.9999999999999892	1.0000000000000067	False	False	False	False
YALI1F15367g	1.8718823069403157	1.8718823069403145	1.0000000000000084	1.0000000000000078	False	False	False	False
YALI1F15403g	1.8718823069402797	1.8718823069403119	0.9999999999999892	1.0000000000000064	False	False	False	False
YALI1F15517g	0.0	0.0	0.0	0.0	False	False	False	False
YALI1F15781g	1.8718823069402717	1.8718823069403023	0.9999999999999849	1.0000000000000013	False	False	False	False
YALI1F15961g	1.8718823069403125	1.8718823069402821	1.0000000000000067	0.9999999999999906	False	False	False	False
YALI1F16045g	1.8718823069402797	1.8718823069402821	0.9999999999999892	0.9999999999999906	False	False	False	False
YALI1F16069g	1.8718823069403387	1.8718823069402821	1.0000000000000207	0.9999999999999906	False	False	False	False
YALI1F16984g	0.33026122972956606	0.3302612297295663	0.17643268944050078	0.1764326894405009	False	False	False	False
YALI1F17082g	1.8718823069403387	1.8718823069403046	1.0000000000000207	1.0000000000000024	False	False	False	False
YALI1F17337g	1.8718823069402797	1.8718823069402903	0.9999999999999892	0.9999999999999949	False	False	False	False
YALI1F17569g	1.8718823069403125	1.8718823069402821	1.0000000000000067	0.9999999999999906	False	False	False	False
YALI1F17962g	0.35916653605201787	0.35916653605201787	0.19187452903441157	0.19187452903441157	False	False	False	False
YALI1F18105g	1.8718823069402772	1.8718823069402843	0.9999999999999879	0.9999999999999917	False	False	False	False
YALI1F18152g	1.8718823069403148	1.8718823069403123	1.000000000000008	1.0000000000000067	False	False	False	False
YALI1F18429g	1.8718823069403157	1.8718823069402821	1.0000000000000084	0.9999999999999906	False	False	False	False
YALI1F18740g	1.8718823069402772	1.8718823069402903	0.9999999999999879	0.9999999999999949	False	False	False	False
YALI1F18835g	1.8718823069403148	1.8718823069402835	1.000000000000008	0.9999999999999912	False	False	False	False
YALI1F18897g	1.8718823069403387	1.871882306940318	1.0000000000000207	1.0000000000000098	False	False	False	False
YALI1F18920g	1.8718823069403125	1.8718823069402821	1.0000000000000067	0.9999999999999906	False	False	False	False
YALI1F18979g	1.8718823069403387	1.8718823069403128	1.0000000000000207	1.0000000000000069	False	False	False	False
YALI1F19090g	1.8718823069403387	1.8718823069402821	1.0000000000000207	0.9999999999999906	False	False	False	False
YALI1F19697g	1.8718823069402797	1.8718823069403139	0.9999999999999892	1.0000000000000075	False	False	False	False
YALI1F20637g	1.8718823069402797	1.8718823069402821	0.9999999999999892	0.9999999999999906	False	False	False	False
YALI1F20788g	1.8718823069403387	1.8718823069402843	1.0000000000000207	0.9999999999999917	False	False	False	False
YALI1F20914g	1.8718823069403119	1.8718823069403165	1.0000000000000064	1.0000000000000089	False	False	False	False
YALI1F20965g	1.8718823069403465	1.8718823069402821	1.0000000000000249	0.9999999999999906	False	False	False	False
YALI1F21467g	1.8718823069403465	1.8718823069402821	1.0000000000000249	0.9999999999999906	False	False	False	False
YALI1F21567g	1.8718823069403465	1.8718823069402821	1.0000000000000249	0.9999999999999906	False	False	False	False
YALI1F21690g	1.8718823069403465	1.871882306940285	1.0000000000000249	0.999999999999992	False	False	False	False
YALI1F21728g	1.8718823069403627	1.8718823069402821	1.0000000000000335	0.9999999999999906	False	False	False	False
YALI1F21769g	0.0	0.0	0.0	0.0	False	False	False	False
YALI1F21875g	1.8718823069403465	1.8718823069402821	1.0000000000000249	0.9999999999999906	False	False	False	False
YALI1F21908g	1.8718823069403627	1.8718823069403203	1.0000000000000335	1.0000000000000109	False	False	False	False
YALI1F22321g	1.8718823069402755	1.8718823069402821	0.9999999999999869	0.9999999999999906	False	False	False	False
YALI1F22436g	1.8718823069403465	1.8718823069403159	1.0000000000000249	1.0000000000000084	False	False	False	False
YALI1F22568g	1.8718823069403465	1.8718823069402821	1.0000000000000249	0.9999999999999906	False	False	False	False
YALI1F22908g	1.8718823069403465	1.8718823069402821	1.0000000000000249	0.9999999999999906	False	False	False	False
YALI1F22993g	1.8718823069403465	1.8718823069402721	1.0000000000000249	0.9999999999999851	False	False	False	False
YALI1F23441g	1.8718823069403465	1.8718823069402821	1.0000000000000249	0.9999999999999906	False	False	False	False
YALI1F23664g	1.8718823069403627	1.8718823069402821	1.0000000000000335	0.9999999999999906	False	False	False	False
YALI1F23706g	1.8718823069402755	1.8718823069402721	0.9999999999999869	0.9999999999999851	False	False	False	False
YALI1F23922g	1.8718823069403465	1.8718823069402721	1.0000000000000249	0.9999999999999851	False	False	False	False
YALI1F24031g	1.8718823069403465	1.871882306940285	1.0000000000000249	0.999999999999992	False	False	False	False
YALI1F24171g	1.8718823069402755	1.8718823069402821	0.9999999999999869	0.9999999999999906	False	False	False	False
YALI1F24343g	1.8718823069403465	1.8718823069402821	1.0000000000000249	0.9999999999999906	False	False	False	False
YALI1F24667g	1.8718823069403465	1.8718823069402821	1.0000000000000249	0.9999999999999906	False	False	False	False
YALI1F24773g	1.8718823069403465	1.8718823069402821	1.0000000000000249	0.9999999999999906	False	False	False	False
YALI1F25444g	1.8718823069403465	1.8718823069402821	1.0000000000000249	0.9999999999999906	False	False	False	False
YALI1F25587g	1.8718823069403465	1.8718823069402821	1.0000000000000249	0.9999999999999906	False	False	False	False
YALI1F25649g	1.8718823069403627	1.8718823069403203	1.0000000000000335	1.0000000000000109	False	False	False	False
YALI1F25908g	1.8718823069403465	1.8718823069402821	1.0000000000000249	0.9999999999999906	False	False	False	False
YALI1F25924g	1.8718823069403627	1.8718823069402721	1.0000000000000335	0.9999999999999851	False	False	False	False
YALI1F25951g	1.8718823069402755	1.8718823069402721	0.9999999999999869	0.9999999999999851	False	False	False	False
YALI1F25984g	1.8718823069403627	1.8718823069403203	1.0000000000000335	1.0000000000000109	False	False	False	False
YALI1F26167g	1.8718823069403465	1.8718823069402821	1.0000000000000249	0.9999999999999906	False	False	False	False
YALI1F26427g	1.8718823069403465	1.8718823069402821	1.0000000000000249	0.9999999999999906	False	False	False	False
YALI1F26873g	0.0	0.0	0.0	0.0	False	False	False	False
YALI1F26924g	1.8718823069403496	1.8718823069403592	1.0000000000000266	1.0000000000000318	False	False	False	False
YALI1F26967g	1.8718823069402741	1.8718823069403592	0.9999999999999862	1.0000000000000318	False	False	False	False
YALI1F27002g	0.0	0.0	0.0	0.0	False	False	False	False
YALI1F27211g	1.8718823069403465	1.8718823069399613	1.0000000000000249	0.9999999999998191	False	False	False	False
YALI1F27343g	1.8718823069403374	1.8718823069399613	1.00000000000002	0.9999999999998191	False	False	False	False
YALI1F27556g	1.8718823069403123	1.8718823069399613	1.0000000000000067	0.9999999999998191	False	False	False	False
YALI1F27686g	1.871882306940278	1.8718823069402617	0.9999999999999882	0.9999999999999796	False	False	False	False
YALI1F27761g	1.8718823069403465	1.8718823069403592	1.0000000000000249	1.0000000000000318	False	False	False	False
YALI1F27904g	0.03894304281381921	0.03894304281297321	0.020804215451704265	0.02080421545125231	False	False	False	False
YALI1F27989g	1.8718823069403123	1.8718823069403592	1.0000000000000067	1.0000000000000318	False	False	False	False
YALI1F28064g	1.871882306940278	1.8718823069403203	0.9999999999999882	1.0000000000000109	False	False	False	False
YALI1F28092g	1.8718823069402741	1.8718823069402617	0.9999999999999862	0.9999999999999796	False	False	False	False
YALI1F28274g	1.8718823069403496	1.8718823069403134	1.0000000000000266	1.0000000000000073	False	False	False	False
YALI1F28485g	1.8718823069402741	1.8718823069403203	0.9999999999999862	1.0000000000000109	False	False	False	False
YALI1F28833g	1.8718823069402741	1.8718823069402617	0.9999999999999862	0.9999999999999796	False	False	False	False
YALI1F29301g	1.8718823069403465	1.8718823069403376	1.0000000000000249	1.0000000000000202	False	False	False	False
YALI1F29751g	1.8718823069403532	1.8718823069403143	1.0000000000000284	1.0000000000000078	False	False	False	False
YALI1F29836g	1.8718823069403123	1.8718823069403592	1.0000000000000067	1.0000000000000318	False	False	False	False
YALI1F29987g	1.8718823069402741	1.8718823069403592	0.9999999999999862	1.0000000000000318	False	False	False	False
YALI1F30034g	1.8718823069403496	1.8718823069402617	1.0000000000000266	0.9999999999999796	False	False	False	False
YALI1F30179g	1.8718823069403465	1.8718823069403592	1.0000000000000249	1.0000000000000318	False	False	False	False
YALI1F30289g	1.8718823069403565	1.8718823069403203	1.0000000000000302	1.0000000000000109	False	False	False	False
YALI1F30459g	0.35916653605201787	0.35916653605201787	0.19187452903441157	0.19187452903441157	False	False	False	False
YALI1F30479g	1.8718823069402741	1.8718823069403203	0.9999999999999862	1.0000000000000109	False	False	False	False
YALI1F30703g	1.8718823069403467	1.8718823069403012	1.000000000000025	1.0000000000000007	False	False	False	False
YALI1F30754g	1.8718823069403485	1.8718823069402826	1.000000000000026	0.9999999999999908	False	False	False	False
YALI1F30877g	1.8718823069403465	1.8718823069402726	1.0000000000000249	0.9999999999999855	False	False	False	False
YALI1F30903g	1.8718823069402741	1.8718823069403376	0.9999999999999862	1.0000000000000202	False	False	False	False
YALI1F31135g	1.871882306940278	1.8718823069402617	0.9999999999999882	0.9999999999999796	False	False	False	False
YALI1F31153g	1.8718823069403123	1.8718823069403197	1.0000000000000067	1.0000000000000107	False	False	False	False
YALI1F31215g	1.871882306940278	1.8718823069403592	0.9999999999999882	1.0000000000000318	False	False	False	False
YALI1F31283g	1.8718823069402757	1.871882306940268	0.9999999999999871	0.9999999999999829	False	False	False	False
YALI1F31381g	1.87188230694028	1.871882306940289	0.9999999999999893	0.9999999999999942	False	False	False	False
YALI1F31405g	1.8718823069402744	1.871882306940289	0.9999999999999863	0.9999999999999942	False	False	False	False
YALI1F31854g	1.8718823069402757	1.871882306940268	0.9999999999999871	0.9999999999999829	False	False	False	False
YALI1F32002g	1.8718823069402741	1.8718823069403199	0.9999999999999862	1.0000000000000107	False	False	False	False
YALI1F32010g	1.8718823069402857	1.871882306940318	0.9999999999999925	1.0000000000000098	False	False	False	False
YALI1F32232g	1.796811981712505	1.7968119817125119	0.9598958091812397	0.9598958091812434	False	False	False	False
YALI1F32287g	1.8718823069403083	1.871882306940301	1.0000000000000044	1.0000000000000007	False	False	False	False
YALI1F32330g	1.8718823069402741	1.871882306940268	0.9999999999999862	0.9999999999999829	False	False	False	False
YALI1F32363g	1.8718823069402781	1.871882306940268	0.9999999999999883	0.9999999999999829	False	False	False	False
YALI1F32476g	1.87188230694028	1.8718823069402983	0.9999999999999893	0.9999999999999992	False	False	False	False
YALI1F32534g	1.8718823069402757	1.871882306940268	0.9999999999999871	0.9999999999999829	False	False	False	False
YALI1F32841g	1.8718823069402741	1.871882306940268	0.9999999999999862	0.9999999999999829	False	False	False	False
YALI1F32910g	1.8718823069402741	1.871882306940268	0.9999999999999862	0.9999999999999829	False	False	False	False
YALI1F32969g	1.8718823069403083	1.871882306940268	1.0000000000000044	0.9999999999999829	False	False	False	False
YALI1F33143g	1.8718823069403083	1.871882306940301	1.0000000000000044	1.0000000000000007	False	False	False	False
YALI1F33189g	1.8718823069402741	1.871882306940268	0.9999999999999862	0.9999999999999829	False	False	False	False
YALI1F33246g	1.8718823069402757	1.871882306940343	0.9999999999999871	1.000000000000023	False	False	False	False
YALI1F33579g	1.8718823069402757	1.871882306940268	0.9999999999999871	0.9999999999999829	False	False	False	False
YALI1F33681g	1.8718823069402757	1.871882306940268	0.9999999999999871	0.9999999999999829	False	False	False	False
YALI1F33754g	1.8718823069403083	1.871882306940355	1.0000000000000044	1.0000000000000293	False	False	False	False
YALI1F33819g	1.87188230694028	1.871882306940301	0.9999999999999893	1.0000000000000007	False	False	False	False
YALI1F33861g	1.7939309564292425	1.7939309564292738	0.9583567031847887	0.9583567031848054	False	False	False	False
YALI1F33951g	1.8718823069402757	1.871882306940301	0.9999999999999871	1.0000000000000007	False	False	False	False
YALI1F34029g	1.8718823069403083	1.8718823069403199	1.0000000000000044	1.0000000000000107	False	False	False	False
YALI1F34051g	1.87188230694028	1.871882306940301	0.9999999999999893	1.0000000000000007	False	False	False	False
YALI1F34187g	1.8718823069402741	1.871882306940268	0.9999999999999862	0.9999999999999829	False	False	False	False
YALI1F34625g	1.8718823069402746	1.871882306940268	0.9999999999999865	0.9999999999999829	False	False	False	False
YALI1F34675g	1.8718823069402741	1.871882306940301	0.9999999999999862	1.0000000000000007	False	False	False	False
YALI1F35109g	1.8489260782325183	1.8489260782324894	0.9877362862917889	0.9877362862917735	False	False	False	False
YALI1F35542g	1.87188230694028	1.871882306940343	0.9999999999999893	1.000000000000023	False	False	False	False
YALI1F35690g	1.87188230694028	1.871882306940301	0.9999999999999893	1.0000000000000007	False	False	False	False
YALI1F35822g	1.8718823069402757	1.871882306940245	0.9999999999999871	0.9999999999999707	False	False	False	False
YALI1F35868g	1.8718823069402744	1.871882306940288	0.9999999999999863	0.9999999999999936	False	False	False	False
YALI1F36094g	1.8718823069403139	1.8718823069402533	1.0000000000000075	0.9999999999999751	False	False	False	False
YALI1F36415g	1.8718823069403139	1.8718823069402533	1.0000000000000075	0.9999999999999751	False	False	False	False
YALI1F36584g	1.8718823069403139	1.871882306940274	1.0000000000000075	0.9999999999999861	False	False	False	False
YALI1F36733g	1.8718823069403139	1.871882306940274	1.0000000000000075	0.9999999999999861	False	False	False	False
YALI1F36930g	1.8718823069402772	1.8718823069402533	0.9999999999999879	0.9999999999999751	False	False	False	False
YALI1F36966g	1.8718823069403139	1.8718823069402533	1.0000000000000075	0.9999999999999751	False	False	False	False
YALI1F37194g	1.8718823069403139	1.8718823069402533	1.0000000000000075	0.9999999999999751	False	False	False	False
YALI1F37272g	1.8718823069402757	1.8718823069402768	0.9999999999999871	0.9999999999999877	False	False	False	False
YALI1F37354g	0.0	0.0	0.0	0.0	False	False	False	False
YALI1F37498g	1.8718823069402744	1.871882306940264	0.9999999999999863	0.9999999999999808	False	False	False	False
YALI1F37559g	0.03894304281291452	0.03894304281282362	0.020804215451220957	0.020804215451172395	False	False	False	False
YALI1F37658g	1.8718823069403139	1.871882306940274	1.0000000000000075	0.9999999999999861	False	False	False	False
YALI1F37714g	1.869175420641446	1.8691754206414783	0.9985539228140478	0.9985539228140651	False	False	False	False
YALI1F37916g	1.8718823069402772	1.8718823069403028	0.9999999999999879	1.0000000000000016	False	False	False	False
YALI1F38116g	1.846406136089153	1.8464061360891653	0.9863900787155849	0.9863900787155914	False	False	False	False
YALI1F38220g	1.8718823069403139	1.8718823069402533	1.0000000000000075	0.9999999999999751	False	False	False	False
YALI1F38317g	1.8718823069403139	1.8718823069402404	1.0000000000000075	0.9999999999999682	False	False	False	False
YALI1F38386g	1.8718823069403139	1.871882306940264	1.0000000000000075	0.9999999999999808	False	False	False	False
YALI1F38466g	1.8718823069402757	1.871882306940245	0.9999999999999871	0.9999999999999707	False	False	False	False
YALI1F38476g	1.8718823069403139	1.871882306940245	1.0000000000000075	0.9999999999999707	False	False	False	False
YALI1F38629g	1.8718823069402757	1.871882306940288	0.9999999999999871	0.9999999999999936	False	False	False	False
YALI1F38776g	0.08967109688914747	0.08967109688914747	0.04790423872092689	0.04790423872092689	False	False	False	False
YALI1F38820g	1.8718823069403139	1.871882306940245	1.0000000000000075	0.9999999999999707	False	False	False	False
YALI1F38986g	1.871882306940312	1.8718823069402404	1.0000000000000064	0.9999999999999682	False	False	False	False
YALI1F39058g	1.8718823069403139	1.8718823069402828	1.0000000000000075	0.9999999999999909	False	False	False	False
YALI1F39330g	1.8718823069402744	1.8718823069402533	0.9999999999999863	0.9999999999999751	False	False	False	False
YALI1F39426g	1.8718823069403139	1.871882306940295	1.0000000000000075	0.9999999999999973	False	False	False	False
YALI1F39620g	1.8718823069403139	1.8718823069402533	1.0000000000000075	0.9999999999999751	False	False	False	False
YALI1M00056g	1.8718823069402757	1.8718823069402768	0.9999999999999871	0.9999999999999877	False	False	False	False
YALI1M00064g	1.8718823069402744	1.871882306940264	0.9999999999999863	0.9999999999999808	False	False	False	False
YALI1M00131g	1.8718823069402866	1.871882306940233	0.9999999999999929	0.9999999999999643	False	False	False	False
YALI1M00260g	1.8718823069402803	1.8718823069403234	0.9999999999999896	1.0000000000000127	False	False	False	False
YALI1M00267g	1.8718823069402803	1.8718823069402744	0.9999999999999896	0.9999999999999863	False	False	False	False
YALI1M00277g	1.871882306940276	1.871882306940266	0.9999999999999872	0.9999999999999819	False	False	False	False
YALI1M00296g	1.8718823069402803	1.8718823069402963	0.9999999999999896	0.9999999999999981	False	False	False	False
YALI1M00318g	1.8718823069402803	1.8718823069402744	0.9999999999999896	0.9999999999999863	False	False	False	False
YALI1M00325g	1.871882306940323	1.8718823069402326	1.0000000000000124	0.999999999999964	False	False	False	False
YALI1M00335g	1.8718823069402803	1.8718823069403117	0.9999999999999896	1.0000000000000062	False	False	False	False
YALI1M00338r	1.8718823069402744	1.8718823069402468	0.9999999999999863	0.9999999999999717	False	False	False	False
YALI1M00390g	1.8718823069402784	1.8718823069402963	0.9999999999999885	0.9999999999999981	False	False	False	False
YALI1M00458g	1.8718823069402803	1.8718823069403705	0.9999999999999896	1.0000000000000377	False	False	False	False
YALIUNK1	1.8718823069402803	1.8718823069403705	0.9999999999999896	1.0000000000000377	False	False	False	False
YALIUNK2	1.8718823069402744	1.8718823069402963	0.9999999999999863	0.9999999999999981	False	False	False	False
YALIUNK3	1.8718823069402803	1.8718823069403234	0.9999999999999896	1.0000000000000127	False	False	False	False
YALIUNK4	1.8718823069402803	1.8718823069403234	0.9999999999999896	1.0000000000000127	False	False	False	False
YALIfMp29	1.8718823069402803	1.8718823069402744	0.9999999999999896	0.9999999999999863	False	False	False	False
YalifMp05	1.8718823069402803	1.8718823069402744	0.9999999999999896	0.9999999999999863	False	False	False	False
YalifMp06	1.8718823069402803	1.8718823069402626	0.9999999999999896	0.9999999999999801	False	False	False	False
