alpha_mmol_per_gDW	time_hours	biomass_gDW_L	evidence_origin
0.0	0.0	0.05	reused_previous_run
0.0	0.1	0.050584950714171316	reused_previous_run
0.0	0.2	0.05117674477510282	reused_previous_run
0.0	0.30000000000000004	0.051775462243206005	reused_previous_run
0.0	0.4	0.05238118411552027	reused_previous_run
0.0	0.5	0.05299399233667053	reused_previous_run
0.0	0.6	0.05361396980995302	reused_previous_run
0.0	0.7	0.05424120040855084	reused_previous_run
0.0	0.7999999999999999	0.054875768986880666	reused_previous_run
0.0	0.8999999999999999	0.055517761392072186	reused_previous_run
0.0	0.9999999999999999	0.056167264475581895	reused_previous_run
0.0	1.0999999999999999	0.05682436610494271	reused_previous_run
0.0	1.2	0.05748915517565108	reused_previous_run
0.0	1.3	0.05816172162319313	reused_previous_run
0.0	1.4000000000000001	0.058842156435211526	reused_previous_run
0.0	1.5000000000000002	0.05953055166381467	reused_previous_run
0.0	1.6000000000000003	0.060227000438029886	reused_previous_run
0.0	1.7000000000000004	0.06093159697640232	reused_previous_run
0.0	1.8000000000000005	0.061644436599741226	reused_previous_run
0.0	1.9000000000000006	0.06236561574401536	reused_previous_run
0.0	2.0000000000000004	0.06309523197339928	reused_previous_run
0.0	2.1000000000000005	0.06383338399347217	reused_previous_run
0.0	2.2000000000000006	0.06458017166457124	reused_previous_run
0.0	2.3000000000000007	0.06533569601530118	reused_previous_run
0.0	2.400000000000001	0.06610005925620178	reused_previous_run
0.0	2.500000000000001	0.06687336479357542	reused_previous_run
0.0	2.600000000000001	0.06765571724347623	reused_previous_run
0.0	2.700000000000001	0.06844722244586311	reused_previous_run
0.0	2.800000000000001	0.06924798747891812	reused_previous_run
0.0	2.9000000000000012	0.07005812067353251	reused_previous_run
0.0	3.0000000000000013	0.07087773162796217	reused_previous_run
0.0	3.1000000000000014	0.07170693122265455	reused_previous_run
0.0	3.2000000000000015	0.07254583163524905	reused_previous_run
0.0	3.3000000000000016	0.07339454635575288	reused_previous_run
0.0	3.4000000000000017	0.07425319020189443	reused_previous_run
0.0	3.5000000000000018	0.07512187933465636	reused_previous_run
0.0	3.600000000000002	0.07600073127399033	reused_previous_run
0.0	3.700000000000002	0.07688986491471558	reused_previous_run
0.0	3.800000000000002	0.07778940054260355	reused_previous_run
0.0	3.900000000000002	0.07869945985065065	reused_previous_run
0.0	4.000000000000002	0.07962016595554135	reused_previous_run
0.0	4.100000000000001	0.080551643414304	reused_previous_run
0.0	4.200000000000001	0.0814940182411614	reused_previous_run
0.0	4.300000000000001	0.08244741792457855	reused_previous_run
0.0	4.4	0.0834119714445098	reused_previous_run
0.0	4.5	0.08438780928984788	reused_previous_run
0.0	4.6	0.08537506347607686	reused_previous_run
0.0	4.699999999999999	0.08637386756313191	reused_previous_run
0.0	4.799999999999999	0.08738435667346776	reused_previous_run
0.0	4.899999999999999	0.08840666751033868	reused_previous_run
0.0	4.999999999999998	0.08944093837629226	reused_previous_run
0.0	5.099999999999998	0.09048730919187956	reused_previous_run
0.0	5.1999999999999975	0.09154592151458417	reused_previous_run
0.0	5.299999999999997	0.09261691855797272	reused_previous_run
0.0	5.399999999999997	0.09370044521106936	reused_previous_run
0.0	5.4999999999999964	0.09479664805795707	reused_previous_run
0.0	5.599999999999996	0.09590567539760804	reused_previous_run
0.0	5.699999999999996	0.0970276772639463	reused_previous_run
0.0	5.799999999999995	0.09816280544614489	reused_previous_run
0.0	5.899999999999995	0.09931121350916054	reused_previous_run
0.0	5.999999999999995	0.1004730568145086	reused_previous_run
0.0	6.099999999999994	0.10164849254128104	reused_previous_run
0.0	6.199999999999994	0.10283767970741024	reused_previous_run
0.0	6.299999999999994	0.10404077919118165	reused_previous_run
0.0	6.399999999999993	0.1052579537529981	reused_previous_run
0.0	6.499999999999993	0.10648936805739864	reused_previous_run
0.0	6.5999999999999925	0.10773518869533519	reused_previous_run
0.0	6.699999999999992	0.10899558420670954	reused_previous_run
0.0	6.799999999999992	0.11027072510317423	reused_previous_run
0.0	6.8999999999999915	0.11156078389120004	reused_previous_run
0.0	6.999999999999991	0.11286593509541343	reused_previous_run
0.0	7.099999999999991	0.11418635528220694	reused_previous_run
0.0	7.19999999999999	0.11552222308362586	reused_previous_run
0.0	7.29999999999999	0.11687371922153436	reused_previous_run
0.0	7.39999999999999	0.11824102653206425	reused_previous_run
0.0	7.499999999999989	0.11962432999034986	reused_previous_run
0.0	7.599999999999989	0.12102381673555226	reused_previous_run
0.0	7.699999999999989	0.12243967609617626	reused_previous_run
0.0	7.799999999999988	0.12387209961568352	reused_previous_run
0.0	7.899999999999988	0.1253212810784054	reused_previous_run
0.0	7.999999999999988	0.12678741653575895	reused_previous_run
0.0	8.099999999999987	0.12827070433276952	reused_previous_run
0.0	8.199999999999987	0.12977134513490374	reused_previous_run
0.0	8.299999999999986	0.13128954195521642	reused_previous_run
0.0	8.399999999999986	0.132825500181815	reused_previous_run
0.0	8.499999999999986	0.13437942760564528	reused_previous_run
0.0	8.599999999999985	0.13595153444860236	reused_previous_run
0.0	8.699999999999985	0.1375420333919703	reused_previous_run
0.0	8.799999999999985	0.13915113960519446	reused_previous_run
0.0	8.899999999999984	0.14077907077499066	reused_previous_run
0.0	8.999999999999984	0.14242604713479476	reused_previous_run
0.0	9.099999999999984	0.14409229149455666	reused_previous_run
0.0	9.199999999999983	0.1457780292708831	reused_previous_run
0.0	9.299999999999983	0.1474834885175329	reused_previous_run
0.0	9.399999999999983	0.14920889995626907	reused_previous_run
0.0	9.499999999999982	0.1509544970080718	reused_previous_run
0.0	9.599999999999982	0.15272051582471666	reused_previous_run
0.0	9.699999999999982	0.15450719532072224	reused_previous_run
0.0	9.799999999999981	0.1563147772056715	reused_previous_run
0.0	9.89999999999998	0.15814350601691124	reused_previous_run
0.0	9.99999999999998	0.1599936291526342	reused_previous_run
0.0	10.09999999999998	0.1618653969053481	reused_previous_run
0.0	10.19999999999998	0.16375906249573624	reused_previous_run
0.0	10.29999999999998	0.16567488210691436	reused_previous_run
0.0	10.399999999999979	0.16761311491908812	reused_previous_run
0.0	10.499999999999979	0.16957402314461612	reused_previous_run
0.0	10.599999999999978	0.17155787206348305	reused_previous_run
0.0	10.699999999999978	0.17356493005918797	reused_previous_run
0.0	10.799999999999978	0.1755954686550523	reused_previous_run
0.0	10.899999999999977	0.1776497625509527	reused_previous_run
0.0	10.999999999999977	0.17972808966048356	reused_previous_run
0.0	11.099999999999977	0.18183073114855447	reused_previous_run
0.0	11.199999999999976	0.18395797146942724	reused_previous_run
0.0	11.299999999999976	0.1861100984051982	reused_previous_run
0.0	11.399999999999975	0.1882874031047305	reused_previous_run
0.0	11.499999999999975	0.19049018012304197	reused_previous_run
0.0	11.599999999999975	0.1927187274611539	reused_previous_run
0.0	11.699999999999974	0.19497334660640567	reused_previous_run
0.0	11.799999999999974	0.19725434257324143	reused_previous_run
0.0	11.899999999999974	0.19956202394447364	reused_previous_run
0.0	11.999999999999973	0.2018967029130295	reused_previous_run
0.0	12.099999999999973	0.2042586953241857	reused_previous_run
0.0	12.199999999999973	0.20664832071829736	reused_previous_run
0.0	12.299999999999972	0.20906590237402678	reused_previous_run
0.0	12.399999999999972	0.21151176735207794	reused_previous_run
0.0	12.499999999999972	0.21398624653944265	reused_previous_run
0.0	12.599999999999971	0.21648967469416436	reused_previous_run
0.0	12.69999999999997	0.2190223904906257	reused_previous_run
0.0	12.79999999999997	0.2215847365653657	reused_previous_run
0.0	12.89999999999997	0.22417705956343317	reused_previous_run
0.0	12.99999999999997	0.22679971018528228	reused_previous_run
0.0	13.09999999999997	0.22945304323421684	reused_previous_run
0.0	13.199999999999969	0.23213741766438956	reused_previous_run
0.0	13.299999999999969	0.23485319662936294	reused_previous_run
0.0	13.399999999999968	0.23760074753123817	reused_previous_run
0.0	13.499999999999968	0.24038044207035889	reused_previous_run
0.0	13.599999999999968	0.24319265629559633	reused_previous_run
0.0	13.699999999999967	0.2460377706552229	reused_previous_run
0.0	13.799999999999967	0.2489161700483807	reused_previous_run
0.0	13.899999999999967	0.25182824387715247	reused_previous_run
0.0	13.999999999999966	0.2547743860992414	reused_previous_run
0.0	14.099999999999966	0.2577549952812676	reused_previous_run
0.0	14.199999999999966	0.26077047465268766	reused_previous_run
0.0	14.299999999999965	0.2638212321603453	reused_previous_run
0.0	14.399999999999965	0.2669076805236603	reused_previous_run
0.0	14.499999999999964	0.2700302372904628	reused_previous_run
0.0	14.599999999999964	0.27318932489348097	reused_previous_run
0.0	14.699999999999964	0.27638537070748936	reused_previous_run
0.0	14.799999999999963	0.27961880710712633	reused_previous_run
0.0	14.899999999999963	0.2828900715253872	reused_previous_run
0.0	14.999999999999963	0.2861996065128022	reused_previous_run
0.0	15.099999999999962	0.28954785979730646	reused_previous_run
0.0	15.199999999999962	0.29293528434481064	reused_previous_run
0.0	15.299999999999962	0.2963623384204801	reused_previous_run
0.0	15.399999999999961	0.2998294856507309	reused_previous_run
0.0	15.499999999999961	0.3033371950859512	reused_previous_run
0.0	15.59999999999996	0.3068859412639562	reused_previous_run
0.0	15.69999999999996	0.31047620427418593	reused_previous_run
0.0	15.79999999999996	0.3141084698226536	reused_previous_run
0.0	15.89999999999996	0.317783229297654	reused_previous_run
0.0	15.99999999999996	0.3215009798362406	reused_previous_run
0.0	16.09999999999996	0.32526222439148034	reused_previous_run
0.0	16.19999999999996	0.3290674718004953	reused_previous_run
0.0	16.29999999999996	0.33291723685330027	reused_previous_run
0.0	16.399999999999963	0.33681204036244583	reused_previous_run
0.0	16.499999999999964	0.34075240923347605	reused_previous_run
0.0	16.599999999999966	0.3447388765362104	reused_previous_run
0.0	16.699999999999967	0.34877198157685985	reused_previous_run
0.0	16.79999999999997	0.3528522699709864	reused_previous_run
0.0	16.89999999999997	0.3569802937173164	reused_previous_run
0.0	16.99999999999997	0.361156611272417	reused_previous_run
0.0	17.099999999999973	0.36538178762624685	reused_previous_run
0.0	17.199999999999974	0.36965639437859016	reused_previous_run
0.0	17.299999999999976	0.37398100981638516	reused_previous_run
0.0	17.399999999999977	0.37835621899195726	reused_previous_run
0.0	17.49999999999998	0.3827826138021673	reused_previous_run
0.0	17.59999999999998	0.38726079306848615	reused_previous_run
0.0	17.69999999999998	0.39179136261800535	reused_previous_run
0.0	17.799999999999983	0.3963749353653964	reused_previous_run
0.0	17.899999999999984	0.40101213139582836	reused_previous_run
0.0	17.999999999999986	0.4057035780488554	reused_previous_run
0.0	18.099999999999987	0.41044991000328607	reused_previous_run
0.0	18.19999999999999	0.41525176936304553	reused_previous_run
0.0	18.29999999999999	0.42010980574404183	reused_previous_run
0.0	18.39999999999999	0.4250246763620488	reused_previous_run
0.0	18.499999999999993	0.4299970461216171	reused_previous_run
0.0	18.599999999999994	0.435027587706025	reused_previous_run
0.0	18.699999999999996	0.4401169816682823	reused_previous_run
0.0	18.799999999999997	0.44526591652319797	reused_previous_run
0.0	18.9	0.4504750888405258	reused_previous_run
0.0	19.0	0.4557452033391988	reused_previous_run
0.0	19.1	0.46107697298266714	reused_previous_run
0.0	19.200000000000003	0.4664711190753503	reused_previous_run
0.0	19.300000000000004	0.4719283713602187	reused_previous_run
0.0	19.400000000000006	0.477449468117516	reused_previous_run
0.0	19.500000000000007	0.4830351562646371	reused_previous_run
0.0	19.60000000000001	0.4886861914571742	reused_previous_run
0.0	19.70000000000001	0.49440333819114485	reused_previous_run
0.0	19.80000000000001	0.5001873699064167	reused_previous_run
0.0	19.900000000000013	0.5060390690913412	reused_previous_run
0.0	20.000000000000014	0.5119592273886125	reused_previous_run
0.0	20.100000000000016	0.5179486457023638	reused_previous_run
0.0	20.200000000000017	0.524008134306517	reused_previous_run
0.0	20.30000000000002	0.5301385129544005	reused_previous_run
0.0	20.40000000000002	0.5363406109896485	reused_previous_run
0.0	20.50000000000002	0.5426152674583979	reused_previous_run
0.0	20.600000000000023	0.548963331222799	reused_previous_run
0.0	20.700000000000024	0.5553856610758517	reused_previous_run
0.0	20.800000000000026	0.5618831258575883	reused_previous_run
0.0	20.900000000000027	0.5684566045726124	reused_previous_run
0.0	21.00000000000003	0.5751069865090154	reused_previous_run
0.0	21.10000000000003	0.5818351713586826	reused_previous_run
0.0	21.20000000000003	0.5886420693390075	reused_previous_run
0.0	21.300000000000033	0.5955286013160302	reused_previous_run
0.0	21.400000000000034	0.6024956989290153	reused_previous_run
0.0	21.500000000000036	0.6095443047164888	reused_previous_run
0.0	21.600000000000037	0.6166753722437481	reused_previous_run
0.0	21.70000000000004	0.6238898662318649	reused_previous_run
0.0	21.80000000000004	0.6311887626881965	reused_previous_run
0.0	21.90000000000004	0.6385730490384238	reused_previous_run
0.0	22.000000000000043	0.6460437242601355	reused_previous_run
0.0	22.100000000000044	0.6536017990179727	reused_previous_run
0.0	22.200000000000045	0.661248295800357	reused_previous_run
0.0	22.300000000000047	0.6689842490578167	reused_previous_run
0.0	22.40000000000005	0.6768107053429313	reused_previous_run
0.0	22.50000000000005	0.684728723451914	reused_previous_run
0.0	22.60000000000005	0.6927393745678503	reused_previous_run
0.0	22.700000000000053	0.7008437424056113	reused_previous_run
0.0	22.800000000000054	0.7090429233584645	reused_previous_run
0.0	22.900000000000055	0.7173380266463976	reused_previous_run
0.0	23.000000000000057	0.7257301744661786	reused_previous_run
0.0	23.10000000000006	0.7342205021431719	reused_previous_run
0.0	23.20000000000006	0.7428101582849294	reused_previous_run
0.0	23.30000000000006	0.7515003049365789	reused_previous_run
0.0	23.400000000000063	0.7602921177380312	reused_previous_run
0.0	23.500000000000064	0.7691867860830248	reused_previous_run
0.0	23.600000000000065	0.7781855132800329	reused_previous_run
0.0	23.700000000000067	0.7872895167150514	reused_previous_run
0.0	23.800000000000068	0.7965000280162926	reused_previous_run
0.0	23.90000000000007	0.8058182932208047	reused_previous_run
0.0	24.0	0.8152455729430345	reused_previous_run
1e-06	0.0	0.05	new_this_run
1e-06	0.1	0.050584950714171316	new_this_run
1e-06	0.2	0.05117674477510282	new_this_run
1e-06	0.30000000000000004	0.051775462243206005	new_this_run
1e-06	0.4	0.05238118411552027	new_this_run
1e-06	0.5	0.05299399233667052	new_this_run
1e-06	0.6	0.05361396980995301	new_this_run
1e-06	0.7	0.054241200408550835	new_this_run
1e-06	0.7999999999999999	0.05487576898688066	new_this_run
1e-06	0.8999999999999999	0.05551776139207218	new_this_run
1e-06	0.9999999999999999	0.05616726447558188	new_this_run
1e-06	1.0999999999999999	0.056824366104942695	new_this_run
1e-06	1.2	0.05748915517565106	new_this_run
1e-06	1.3	0.058161721623193115	new_this_run
1e-06	1.4000000000000001	0.05884215643521151	new_this_run
1e-06	1.5000000000000002	0.05953055166381466	new_this_run
1e-06	1.6000000000000003	0.06022700043802987	new_this_run
1e-06	1.7000000000000004	0.060931596976402304	new_this_run
1e-06	1.8000000000000005	0.061644436599741205	new_this_run
1e-06	1.9000000000000006	0.06236561574401534	new_this_run
1e-06	2.0000000000000004	0.06309523197339925	new_this_run
1e-06	2.1000000000000005	0.06383338399347215	new_this_run
1e-06	2.2000000000000006	0.06458017166457121	new_this_run
1e-06	2.3000000000000007	0.06533569601530115	new_this_run
1e-06	2.400000000000001	0.06610005925620176	new_this_run
1e-06	2.500000000000001	0.06687336479357539	new_this_run
1e-06	2.600000000000001	0.0676557172434762	new_this_run
1e-06	2.700000000000001	0.06844722244586308	new_this_run
1e-06	2.800000000000001	0.0692479874789181	new_this_run
1e-06	2.9000000000000012	0.07005812067353248	new_this_run
1e-06	3.0000000000000013	0.07087773162796214	new_this_run
1e-06	3.1000000000000014	0.07170693122265452	new_this_run
1e-06	3.2000000000000015	0.07254583163524903	new_this_run
1e-06	3.3000000000000016	0.07339454635575283	new_this_run
1e-06	3.4000000000000017	0.07425319020189437	new_this_run
1e-06	3.5000000000000018	0.0751218793346563	new_this_run
1e-06	3.600000000000002	0.07600073127399028	new_this_run
1e-06	3.700000000000002	0.07688986491471553	new_this_run
1e-06	3.800000000000002	0.0777894005426035	new_this_run
1e-06	3.900000000000002	0.07869945985065059	new_this_run
1e-06	4.000000000000002	0.07962016595554129	new_this_run
1e-06	4.100000000000001	0.08055164341430394	new_this_run
1e-06	4.200000000000001	0.08149401824116134	new_this_run
1e-06	4.300000000000001	0.08244741792457849	new_this_run
1e-06	4.4	0.08341197144450975	new_this_run
1e-06	4.5	0.08438780928984782	new_this_run
1e-06	4.6	0.0853750634760768	new_this_run
1e-06	4.699999999999999	0.08637386756313185	new_this_run
1e-06	4.799999999999999	0.08738435667346771	new_this_run
1e-06	4.899999999999999	0.08840666751033863	new_this_run
1e-06	4.999999999999998	0.08944093837629219	new_this_run
1e-06	5.099999999999998	0.09048730919187949	new_this_run
1e-06	5.1999999999999975	0.0915459215145841	new_this_run
1e-06	5.299999999999997	0.09261691855797265	new_this_run
1e-06	5.399999999999997	0.0937004452110693	new_this_run
1e-06	5.4999999999999964	0.094796648057957	new_this_run
1e-06	5.599999999999996	0.09590567539760797	new_this_run
1e-06	5.699999999999996	0.09702767726394623	new_this_run
1e-06	5.799999999999995	0.09816280544614482	new_this_run
1e-06	5.899999999999995	0.09931121350916046	new_this_run
1e-06	5.999999999999995	0.10047305681450852	new_this_run
1e-06	6.099999999999994	0.10164849254128096	new_this_run
1e-06	6.199999999999994	0.10283767970741016	new_this_run
1e-06	6.299999999999994	0.10404077919118157	new_this_run
1e-06	6.399999999999993	0.105257953752998	new_this_run
1e-06	6.499999999999993	0.10648936805739855	new_this_run
1e-06	6.5999999999999925	0.10773518869533509	new_this_run
1e-06	6.699999999999992	0.10899558420670945	new_this_run
1e-06	6.799999999999992	0.11027072510317414	new_this_run
1e-06	6.8999999999999915	0.11156078389119994	new_this_run
1e-06	6.999999999999991	0.11286593509541333	new_this_run
1e-06	7.099999999999991	0.11418635528220683	new_this_run
1e-06	7.19999999999999	0.11552222308362575	new_this_run
1e-06	7.29999999999999	0.11687371922153425	new_this_run
1e-06	7.39999999999999	0.11824102653206413	new_this_run
1e-06	7.499999999999989	0.11962432999034973	new_this_run
1e-06	7.599999999999989	0.12102381673555214	new_this_run
1e-06	7.699999999999989	0.12243967609617613	new_this_run
1e-06	7.799999999999988	0.12387209961568338	new_this_run
1e-06	7.899999999999988	0.12532128107840526	new_this_run
1e-06	7.999999999999988	0.1267874165357588	new_this_run
1e-06	8.099999999999987	0.12827070433276938	new_this_run
1e-06	8.199999999999987	0.1297713451349036	new_this_run
1e-06	8.299999999999986	0.13128954195521628	new_this_run
1e-06	8.399999999999986	0.13282550018181485	new_this_run
1e-06	8.499999999999986	0.13437942760564514	new_this_run
1e-06	8.599999999999985	0.13595153444860222	new_this_run
1e-06	8.699999999999985	0.13754203339197013	new_this_run
1e-06	8.799999999999985	0.1391511396051943	new_this_run
1e-06	8.899999999999984	0.1407790707749905	new_this_run
1e-06	8.999999999999984	0.1424260471347946	new_this_run
1e-06	9.099999999999984	0.1440922914945565	new_this_run
1e-06	9.199999999999983	0.14577802927088293	new_this_run
1e-06	9.299999999999983	0.14748348851753273	new_this_run
1e-06	9.399999999999983	0.14920889995626888	new_this_run
1e-06	9.499999999999982	0.1509544970080716	new_this_run
1e-06	9.599999999999982	0.15272051582471646	new_this_run
1e-06	9.699999999999982	0.15450719532072205	new_this_run
1e-06	9.799999999999981	0.1563147772056713	new_this_run
1e-06	9.89999999999998	0.15814350601691105	new_this_run
1e-06	9.99999999999998	0.159993629152634	new_this_run
1e-06	10.09999999999998	0.16186539690534785	new_this_run
1e-06	10.19999999999998	0.16375906249573596	new_this_run
1e-06	10.29999999999998	0.16567488210691408	new_this_run
1e-06	10.399999999999979	0.16761311491908784	new_this_run
1e-06	10.499999999999979	0.1695740231446158	new_this_run
1e-06	10.599999999999978	0.17155787206348272	new_this_run
1e-06	10.699999999999978	0.17356493005918763	new_this_run
1e-06	10.799999999999978	0.17559546865505196	new_this_run
1e-06	10.899999999999977	0.17764976255095236	new_this_run
1e-06	10.999999999999977	0.17972808966048323	new_this_run
1e-06	11.099999999999977	0.18183073114855414	new_this_run
1e-06	11.199999999999976	0.1839579714694269	new_this_run
1e-06	11.299999999999976	0.18611009840519785	new_this_run
1e-06	11.399999999999975	0.18828740310473013	new_this_run
1e-06	11.499999999999975	0.1904901801230416	new_this_run
1e-06	11.599999999999975	0.1927187274611535	new_this_run
1e-06	11.699999999999974	0.19497334660640528	new_this_run
1e-06	11.799999999999974	0.19725434257324104	new_this_run
1e-06	11.899999999999974	0.19956202394447325	new_this_run
1e-06	11.999999999999973	0.2018967029130291	new_this_run
1e-06	12.099999999999973	0.2042586953241853	new_this_run
1e-06	12.199999999999973	0.20664832071829697	new_this_run
1e-06	12.299999999999972	0.2090659023740264	new_this_run
1e-06	12.399999999999972	0.21151176735207752	new_this_run
1e-06	12.499999999999972	0.2139862465394422	new_this_run
1e-06	12.599999999999971	0.2164896746941639	new_this_run
1e-06	12.69999999999997	0.21902239049062525	new_this_run
1e-06	12.79999999999997	0.22158473656536523	new_this_run
1e-06	12.89999999999997	0.2241770595634327	new_this_run
1e-06	12.99999999999997	0.2267997101852818	new_this_run
1e-06	13.09999999999997	0.22945304323421636	new_this_run
1e-06	13.199999999999969	0.23213741766438908	new_this_run
1e-06	13.299999999999969	0.23485319662936247	new_this_run
1e-06	13.399999999999968	0.2376007475312377	new_this_run
1e-06	13.499999999999968	0.2403804420703584	new_this_run
1e-06	13.599999999999968	0.24319265629559586	new_this_run
1e-06	13.699999999999967	0.24603777065522242	new_this_run
1e-06	13.799999999999967	0.24891617004838024	new_this_run
1e-06	13.899999999999967	0.251828243877152	new_this_run
1e-06	13.999999999999966	0.25477438609924097	new_this_run
1e-06	14.099999999999966	0.25775499528126716	new_this_run
1e-06	14.199999999999966	0.26077047465268716	new_this_run
1e-06	14.299999999999965	0.2638212321603448	new_this_run
1e-06	14.399999999999965	0.2669076805236598	new_this_run
1e-06	14.499999999999964	0.27003023729046227	new_this_run
1e-06	14.599999999999964	0.27318932489348036	new_this_run
1e-06	14.699999999999964	0.27638537070748875	new_this_run
1e-06	14.799999999999963	0.2796188071071257	new_this_run
1e-06	14.899999999999963	0.2828900715253866	new_this_run
1e-06	14.999999999999963	0.2861996065128016	new_this_run
1e-06	15.099999999999962	0.2895478597973058	new_this_run
1e-06	15.199999999999962	0.29293528434481	new_this_run
1e-06	15.299999999999962	0.29636233842047943	new_this_run
1e-06	15.399999999999961	0.29982948565073025	new_this_run
1e-06	15.499999999999961	0.30333719508595053	new_this_run
1e-06	15.59999999999996	0.3068859412639555	new_this_run
1e-06	15.69999999999996	0.31047620427418526	new_this_run
1e-06	15.79999999999996	0.31410846982265295	new_this_run
1e-06	15.89999999999996	0.31778322929765335	new_this_run
1e-06	15.99999999999996	0.32150097983623993	new_this_run
1e-06	16.09999999999996	0.32526222439147967	new_this_run
1e-06	16.19999999999996	0.3290674718004946	new_this_run
1e-06	16.29999999999996	0.3329172368532996	new_this_run
1e-06	16.399999999999963	0.33681204036244516	new_this_run
1e-06	16.499999999999964	0.3407524092334754	new_this_run
1e-06	16.599999999999966	0.3447388765362097	new_this_run
1e-06	16.699999999999967	0.3487719815768592	new_this_run
1e-06	16.79999999999997	0.35285226997098573	new_this_run
1e-06	16.89999999999997	0.35698029371731566	new_this_run
1e-06	16.99999999999997	0.3611566112724162	new_this_run
1e-06	17.099999999999973	0.36538178762624607	new_this_run
1e-06	17.199999999999974	0.3696563943785893	new_this_run
1e-06	17.299999999999976	0.3739810098163843	new_this_run
1e-06	17.399999999999977	0.3783562189919564	new_this_run
1e-06	17.49999999999998	0.38278261380216644	new_this_run
1e-06	17.59999999999998	0.3872607930684852	new_this_run
1e-06	17.69999999999998	0.3917913626180044	new_this_run
1e-06	17.799999999999983	0.3963749353653955	new_this_run
1e-06	17.899999999999984	0.4010121313958274	new_this_run
1e-06	17.999999999999986	0.40570357804885443	new_this_run
1e-06	18.099999999999987	0.4104499100032851	new_this_run
1e-06	18.19999999999999	0.4152517693630446	new_this_run
1e-06	18.29999999999999	0.4201098057440409	new_this_run
1e-06	18.39999999999999	0.4250246763620479	new_this_run
1e-06	18.499999999999993	0.4299970461216161	new_this_run
1e-06	18.599999999999994	0.435027587706024	new_this_run
1e-06	18.699999999999996	0.4401169816682813	new_this_run
1e-06	18.799999999999997	0.44526591652319697	new_this_run
1e-06	18.9	0.45047508884052473	new_this_run
1e-06	19.0	0.45574520333919777	new_this_run
1e-06	19.1	0.46107697298266603	new_this_run
1e-06	19.200000000000003	0.4664711190753492	new_this_run
1e-06	19.300000000000004	0.4719283713602176	new_this_run
1e-06	19.400000000000006	0.4774494681175149	new_this_run
1e-06	19.500000000000007	0.48303515626463595	new_this_run
1e-06	19.60000000000001	0.48868619145717296	new_this_run
1e-06	19.70000000000001	0.4944033381911436	new_this_run
1e-06	19.80000000000001	0.5001873699064154	new_this_run
1e-06	19.900000000000013	0.50603906909134	new_this_run
1e-06	20.000000000000014	0.5119592273886113	new_this_run
1e-06	20.100000000000016	0.5179486457023625	new_this_run
1e-06	20.200000000000017	0.5240081343065158	new_this_run
1e-06	20.30000000000002	0.5301385129543993	new_this_run
1e-06	20.40000000000002	0.5363406109896471	new_this_run
1e-06	20.50000000000002	0.5426152674583966	new_this_run
1e-06	20.600000000000023	0.5489633312227976	new_this_run
1e-06	20.700000000000024	0.5553856610758504	new_this_run
1e-06	20.800000000000026	0.5618831258575869	new_this_run
1e-06	20.900000000000027	0.568456604572611	new_this_run
1e-06	21.00000000000003	0.575106986509014	new_this_run
1e-06	21.10000000000003	0.5818351713586812	new_this_run
1e-06	21.20000000000003	0.5886420693390062	new_this_run
1e-06	21.300000000000033	0.5955286013160288	new_this_run
1e-06	21.400000000000034	0.6024956989290139	new_this_run
1e-06	21.500000000000036	0.6095443047164874	new_this_run
1e-06	21.600000000000037	0.6166753722437467	new_this_run
1e-06	21.70000000000004	0.6238898662318635	new_this_run
1e-06	21.80000000000004	0.631188762688195	new_this_run
1e-06	21.90000000000004	0.6385730490384224	new_this_run
1e-06	22.000000000000043	0.6460437242601339	new_this_run
1e-06	22.100000000000044	0.6536017990179711	new_this_run
1e-06	22.200000000000045	0.6612482958003555	new_this_run
1e-06	22.300000000000047	0.6689842490578152	new_this_run
1e-06	22.40000000000005	0.6768107053429298	new_this_run
1e-06	22.50000000000005	0.6847287234519125	new_this_run
1e-06	22.60000000000005	0.6927393745678486	new_this_run
1e-06	22.700000000000053	0.7008437424056096	new_this_run
1e-06	22.800000000000054	0.7090429233584628	new_this_run
1e-06	22.900000000000055	0.7173380266463957	new_this_run
1e-06	23.000000000000057	0.7257301744661767	new_this_run
1e-06	23.10000000000006	0.7342205021431699	new_this_run
1e-06	23.20000000000006	0.7428101582849272	new_this_run
1e-06	23.30000000000006	0.7515003049365767	new_this_run
1e-06	23.400000000000063	0.760292117738029	new_this_run
1e-06	23.500000000000064	0.7691867860830226	new_this_run
1e-06	23.600000000000065	0.7781855132800306	new_this_run
1e-06	23.700000000000067	0.7872895167150491	new_this_run
1e-06	23.800000000000068	0.7965000280162903	new_this_run
1e-06	23.90000000000007	0.8058182932208022	new_this_run
1e-06	24.0	0.815245572943032	new_this_run
3.162277660168379e-06	0.0	0.05	new_this_run
3.162277660168379e-06	0.1	0.050584950714171316	new_this_run
3.162277660168379e-06	0.2	0.05117674477510282	new_this_run
3.162277660168379e-06	0.30000000000000004	0.051775462243206005	new_this_run
3.162277660168379e-06	0.4	0.05238118411552027	new_this_run
3.162277660168379e-06	0.5	0.05299399233667052	new_this_run
3.162277660168379e-06	0.6	0.05361396980995301	new_this_run
3.162277660168379e-06	0.7	0.054241200408550835	new_this_run
3.162277660168379e-06	0.7999999999999999	0.05487576898688066	new_this_run
3.162277660168379e-06	0.8999999999999999	0.05551776139207217	new_this_run
3.162277660168379e-06	0.9999999999999999	0.056167264475581874	new_this_run
3.162277660168379e-06	1.0999999999999999	0.05682436610494269	new_this_run
3.162277660168379e-06	1.2	0.057489155175651056	new_this_run
3.162277660168379e-06	1.3	0.05816172162319311	new_this_run
3.162277660168379e-06	1.4000000000000001	0.058842156435211505	new_this_run
3.162277660168379e-06	1.5000000000000002	0.05953055166381465	new_this_run
3.162277660168379e-06	1.6000000000000003	0.060227000438029865	new_this_run
3.162277660168379e-06	1.7000000000000004	0.0609315969764023	new_this_run
3.162277660168379e-06	1.8000000000000005	0.0616444365997412	new_this_run
3.162277660168379e-06	1.9000000000000006	0.062365615744015335	new_this_run
3.162277660168379e-06	2.0000000000000004	0.06309523197339924	new_this_run
3.162277660168379e-06	2.1000000000000005	0.06383338399347213	new_this_run
3.162277660168379e-06	2.2000000000000006	0.0645801716645712	new_this_run
3.162277660168379e-06	2.3000000000000007	0.06533569601530113	new_this_run
3.162277660168379e-06	2.400000000000001	0.06610005925620174	new_this_run
3.162277660168379e-06	2.500000000000001	0.06687336479357536	new_this_run
3.162277660168379e-06	2.600000000000001	0.06765571724347617	new_this_run
3.162277660168379e-06	2.700000000000001	0.06844722244586304	new_this_run
3.162277660168379e-06	2.800000000000001	0.06924798747891805	new_this_run
3.162277660168379e-06	2.9000000000000012	0.07005812067353244	new_this_run
3.162277660168379e-06	3.0000000000000013	0.0708777316279621	new_this_run
3.162277660168379e-06	3.1000000000000014	0.07170693122265448	new_this_run
3.162277660168379e-06	3.2000000000000015	0.07254583163524898	new_this_run
3.162277660168379e-06	3.3000000000000016	0.0733945463557528	new_this_run
3.162277660168379e-06	3.4000000000000017	0.07425319020189433	new_this_run
3.162277660168379e-06	3.5000000000000018	0.07512187933465626	new_this_run
3.162277660168379e-06	3.600000000000002	0.07600073127399024	new_this_run
3.162277660168379e-06	3.700000000000002	0.07688986491471549	new_this_run
3.162277660168379e-06	3.800000000000002	0.07778940054260346	new_this_run
3.162277660168379e-06	3.900000000000002	0.07869945985065054	new_this_run
3.162277660168379e-06	4.000000000000002	0.07962016595554122	new_this_run
3.162277660168379e-06	4.100000000000001	0.08055164341430388	new_this_run
3.162277660168379e-06	4.200000000000001	0.08149401824116127	new_this_run
3.162277660168379e-06	4.300000000000001	0.08244741792457842	new_this_run
3.162277660168379e-06	4.4	0.08341197144450968	new_this_run
3.162277660168379e-06	4.5	0.08438780928984774	new_this_run
3.162277660168379e-06	4.6	0.08537506347607672	new_this_run
3.162277660168379e-06	4.699999999999999	0.08637386756313177	new_this_run
3.162277660168379e-06	4.799999999999999	0.08738435667346761	new_this_run
3.162277660168379e-06	4.899999999999999	0.08840666751033853	new_this_run
3.162277660168379e-06	4.999999999999998	0.08944093837629209	new_this_run
3.162277660168379e-06	5.099999999999998	0.09048730919187938	new_this_run
3.162277660168379e-06	5.1999999999999975	0.09154592151458397	new_this_run
3.162277660168379e-06	5.299999999999997	0.09261691855797251	new_this_run
3.162277660168379e-06	5.399999999999997	0.09370044521106916	new_this_run
3.162277660168379e-06	5.4999999999999964	0.09479664805795686	new_this_run
3.162277660168379e-06	5.599999999999996	0.09590567539760783	new_this_run
3.162277660168379e-06	5.699999999999996	0.0970276772639461	new_this_run
3.162277660168379e-06	5.799999999999995	0.09816280544614467	new_this_run
3.162277660168379e-06	5.899999999999995	0.0993112135091603	new_this_run
3.162277660168379e-06	5.999999999999995	0.10047305681450837	new_this_run
3.162277660168379e-06	6.099999999999994	0.1016484925412808	new_this_run
3.162277660168379e-06	6.199999999999994	0.10283767970740999	new_this_run
3.162277660168379e-06	6.299999999999994	0.1040407791911814	new_this_run
3.162277660168379e-06	6.399999999999993	0.10525795375299783	new_this_run
3.162277660168379e-06	6.499999999999993	0.10648936805739838	new_this_run
3.162277660168379e-06	6.5999999999999925	0.10773518869533492	new_this_run
3.162277660168379e-06	6.699999999999992	0.10899558420670927	new_this_run
3.162277660168379e-06	6.799999999999992	0.11027072510317396	new_this_run
3.162277660168379e-06	6.8999999999999915	0.11156078389119976	new_this_run
3.162277660168379e-06	6.999999999999991	0.11286593509541314	new_this_run
3.162277660168379e-06	7.099999999999991	0.11418635528220664	new_this_run
3.162277660168379e-06	7.19999999999999	0.11552222308362556	new_this_run
3.162277660168379e-06	7.29999999999999	0.11687371922153404	new_this_run
3.162277660168379e-06	7.39999999999999	0.11824102653206392	new_this_run
3.162277660168379e-06	7.499999999999989	0.11962432999034951	new_this_run
3.162277660168379e-06	7.599999999999989	0.1210238167355519	new_this_run
3.162277660168379e-06	7.699999999999989	0.12243967609617588	new_this_run
3.162277660168379e-06	7.799999999999988	0.12387209961568313	new_this_run
3.162277660168379e-06	7.899999999999988	0.125321281078405	new_this_run
3.162277660168379e-06	7.999999999999988	0.12678741653575853	new_this_run
3.162277660168379e-06	8.099999999999987	0.12827070433276908	new_this_run
3.162277660168379e-06	8.199999999999987	0.1297713451349033	new_this_run
3.162277660168379e-06	8.299999999999986	0.13128954195521597	new_this_run
3.162277660168379e-06	8.399999999999986	0.13282550018181452	new_this_run
3.162277660168379e-06	8.499999999999986	0.1343794276056448	new_this_run
3.162277660168379e-06	8.599999999999985	0.1359515344486019	new_this_run
3.162277660168379e-06	8.699999999999985	0.1375420333919698	new_this_run
3.162277660168379e-06	8.799999999999985	0.13915113960519396	new_this_run
3.162277660168379e-06	8.899999999999984	0.14077907077499016	new_this_run
3.162277660168379e-06	8.999999999999984	0.14242604713479426	new_this_run
3.162277660168379e-06	9.099999999999984	0.14409229149455616	new_this_run
3.162277660168379e-06	9.199999999999983	0.1457780292708826	new_this_run
3.162277660168379e-06	9.299999999999983	0.14748348851753237	new_this_run
3.162277660168379e-06	9.399999999999983	0.14920889995626851	new_this_run
3.162277660168379e-06	9.499999999999982	0.15095449700807123	new_this_run
3.162277660168379e-06	9.599999999999982	0.15272051582471607	new_this_run
3.162277660168379e-06	9.699999999999982	0.15450719532072166	new_this_run
3.162277660168379e-06	9.799999999999981	0.1563147772056709	new_this_run
3.162277660168379e-06	9.89999999999998	0.15814350601691066	new_this_run
3.162277660168379e-06	9.99999999999998	0.1599936291526336	new_this_run
3.162277660168379e-06	10.09999999999998	0.16186539690534746	new_this_run
3.162277660168379e-06	10.19999999999998	0.16375906249573557	new_this_run
3.162277660168379e-06	10.29999999999998	0.16567488210691367	new_this_run
3.162277660168379e-06	10.399999999999979	0.16761311491908742	new_this_run
3.162277660168379e-06	10.499999999999979	0.1695740231446154	new_this_run
3.162277660168379e-06	10.599999999999978	0.1715578720634823	new_this_run
3.162277660168379e-06	10.699999999999978	0.1735649300591872	new_this_run
3.162277660168379e-06	10.799999999999978	0.1755954686550515	new_this_run
3.162277660168379e-06	10.899999999999977	0.17764976255095186	new_this_run
3.162277660168379e-06	10.999999999999977	0.17972808966048273	new_this_run
3.162277660168379e-06	11.099999999999977	0.18183073114855364	new_this_run
3.162277660168379e-06	11.199999999999976	0.1839579714694264	new_this_run
3.162277660168379e-06	11.299999999999976	0.18611009840519735	new_this_run
3.162277660168379e-06	11.399999999999975	0.18828740310472963	new_this_run
3.162277660168379e-06	11.499999999999975	0.19049018012304111	new_this_run
3.162277660168379e-06	11.599999999999975	0.192718727461153	new_this_run
3.162277660168379e-06	11.699999999999974	0.19497334660640478	new_this_run
3.162277660168379e-06	11.799999999999974	0.19725434257324054	new_this_run
3.162277660168379e-06	11.899999999999974	0.19956202394447273	new_this_run
3.162277660168379e-06	11.999999999999973	0.20189670291302858	new_this_run
3.162277660168379e-06	12.099999999999973	0.20425869532418478	new_this_run
3.162277660168379e-06	12.199999999999973	0.20664832071829642	new_this_run
3.162277660168379e-06	12.299999999999972	0.2090659023740258	new_this_run
3.162277660168379e-06	12.399999999999972	0.21151176735207694	new_this_run
3.162277660168379e-06	12.499999999999972	0.21398624653944162	new_this_run
3.162277660168379e-06	12.599999999999971	0.21648967469416333	new_this_run
3.162277660168379e-06	12.69999999999997	0.21902239049062466	new_this_run
3.162277660168379e-06	12.79999999999997	0.22158473656536465	new_this_run
3.162277660168379e-06	12.89999999999997	0.2241770595634321	new_this_run
3.162277660168379e-06	12.99999999999997	0.2267997101852812	new_this_run
3.162277660168379e-06	13.09999999999997	0.22945304323421573	new_this_run
3.162277660168379e-06	13.199999999999969	0.23213741766438845	new_this_run
3.162277660168379e-06	13.299999999999969	0.23485319662936183	new_this_run
3.162277660168379e-06	13.399999999999968	0.23760074753123706	new_this_run
3.162277660168379e-06	13.499999999999968	0.24038044207035775	new_this_run
3.162277660168379e-06	13.599999999999968	0.2431926562955952	new_this_run
3.162277660168379e-06	13.699999999999967	0.24603777065522173	new_this_run
3.162277660168379e-06	13.799999999999967	0.24891617004837951	new_this_run
3.162277660168379e-06	13.899999999999967	0.25182824387715125	new_this_run
3.162277660168379e-06	13.999999999999966	0.2547743860992402	new_this_run
3.162277660168379e-06	14.099999999999966	0.2577549952812664	new_this_run
3.162277660168379e-06	14.199999999999966	0.2607704746526864	new_this_run
3.162277660168379e-06	14.299999999999965	0.263821232160344	new_this_run
3.162277660168379e-06	14.399999999999965	0.26690768052365893	new_this_run
3.162277660168379e-06	14.499999999999964	0.2700302372904614	new_this_run
3.162277660168379e-06	14.599999999999964	0.27318932489347947	new_this_run
3.162277660168379e-06	14.699999999999964	0.27638537070748787	new_this_run
3.162277660168379e-06	14.799999999999963	0.27961880710712483	new_this_run
3.162277660168379e-06	14.899999999999963	0.2828900715253857	new_this_run
3.162277660168379e-06	14.999999999999963	0.2861996065128007	new_this_run
3.162277660168379e-06	15.099999999999962	0.2895478597973049	new_this_run
3.162277660168379e-06	15.199999999999962	0.2929352843448091	new_this_run
3.162277660168379e-06	15.299999999999962	0.29636233842047854	new_this_run
3.162277660168379e-06	15.399999999999961	0.2998294856507293	new_this_run
3.162277660168379e-06	15.499999999999961	0.30333719508594953	new_this_run
3.162277660168379e-06	15.59999999999996	0.3068859412639545	new_this_run
3.162277660168379e-06	15.69999999999996	0.3104762042741842	new_this_run
3.162277660168379e-06	15.79999999999996	0.31410846982265184	new_this_run
3.162277660168379e-06	15.89999999999996	0.3177832292976522	new_this_run
3.162277660168379e-06	15.99999999999996	0.3215009798362387	new_this_run
3.162277660168379e-06	16.09999999999996	0.3252622243914784	new_this_run
3.162277660168379e-06	16.19999999999996	0.3290674718004933	new_this_run
3.162277660168379e-06	16.29999999999996	0.3329172368532982	new_this_run
3.162277660168379e-06	16.399999999999963	0.3368120403624438	new_this_run
3.162277660168379e-06	16.499999999999964	0.34075240923347394	new_this_run
3.162277660168379e-06	16.599999999999966	0.34473887653620827	new_this_run
3.162277660168379e-06	16.699999999999967	0.3487719815768577	new_this_run
3.162277660168379e-06	16.79999999999997	0.35285226997098423	new_this_run
3.162277660168379e-06	16.89999999999997	0.35698029371731416	new_this_run
3.162277660168379e-06	16.99999999999997	0.3611566112724147	new_this_run
3.162277660168379e-06	17.099999999999973	0.3653817876262445	new_this_run
3.162277660168379e-06	17.199999999999974	0.36965639437858777	new_this_run
3.162277660168379e-06	17.299999999999976	0.3739810098163827	new_this_run
3.162277660168379e-06	17.399999999999977	0.37835621899195476	new_this_run
3.162277660168379e-06	17.49999999999998	0.3827826138021648	new_this_run
3.162277660168379e-06	17.59999999999998	0.38726079306848354	new_this_run
3.162277660168379e-06	17.69999999999998	0.39179136261800274	new_this_run
3.162277660168379e-06	17.799999999999983	0.3963749353653938	new_this_run
3.162277660168379e-06	17.899999999999984	0.4010121313958257	new_this_run
3.162277660168379e-06	17.999999999999986	0.40570357804885265	new_this_run
3.162277660168379e-06	18.099999999999987	0.41044991000328335	new_this_run
3.162277660168379e-06	18.19999999999999	0.41525176936304276	new_this_run
3.162277660168379e-06	18.29999999999999	0.420109805744039	new_this_run
3.162277660168379e-06	18.39999999999999	0.42502467636204594	new_this_run
3.162277660168379e-06	18.499999999999993	0.42999704612161416	new_this_run
3.162277660168379e-06	18.599999999999994	0.435027587706022	new_this_run
3.162277660168379e-06	18.699999999999996	0.44011698166827923	new_this_run
3.162277660168379e-06	18.799999999999997	0.44526591652319486	new_this_run
3.162277660168379e-06	18.9	0.4504750888405226	new_this_run
3.162277660168379e-06	19.0	0.4557452033391956	new_this_run
3.162277660168379e-06	19.1	0.46107697298266387	new_this_run
3.162277660168379e-06	19.200000000000003	0.466471119075347	new_this_run
3.162277660168379e-06	19.300000000000004	0.4719283713602153	new_this_run
3.162277660168379e-06	19.400000000000006	0.47744946811751254	new_this_run
3.162277660168379e-06	19.500000000000007	0.4830351562646336	new_this_run
3.162277660168379e-06	19.60000000000001	0.48868619145717057	new_this_run
3.162277660168379e-06	19.70000000000001	0.4944033381911412	new_this_run
3.162277660168379e-06	19.80000000000001	0.500187369906413	new_this_run
3.162277660168379e-06	19.900000000000013	0.5060390690913376	new_this_run
3.162277660168379e-06	20.000000000000014	0.5119592273886089	new_this_run
3.162277660168379e-06	20.100000000000016	0.5179486457023601	new_this_run
3.162277660168379e-06	20.200000000000017	0.5240081343065133	new_this_run
3.162277660168379e-06	20.30000000000002	0.5301385129543967	new_this_run
3.162277660168379e-06	20.40000000000002	0.5363406109896446	new_this_run
3.162277660168379e-06	20.50000000000002	0.542615267458394	new_this_run
3.162277660168379e-06	20.600000000000023	0.5489633312227948	new_this_run
3.162277660168379e-06	20.700000000000024	0.5553856610758475	new_this_run
3.162277660168379e-06	20.800000000000026	0.561883125857584	new_this_run
3.162277660168379e-06	20.900000000000027	0.5684566045726082	new_this_run
3.162277660168379e-06	21.00000000000003	0.575106986509011	new_this_run
3.162277660168379e-06	21.10000000000003	0.5818351713586782	new_this_run
3.162277660168379e-06	21.20000000000003	0.5886420693390032	new_this_run
3.162277660168379e-06	21.300000000000033	0.5955286013160258	new_this_run
3.162277660168379e-06	21.400000000000034	0.6024956989290109	new_this_run
3.162277660168379e-06	21.500000000000036	0.6095443047164842	new_this_run
3.162277660168379e-06	21.600000000000037	0.6166753722437435	new_this_run
3.162277660168379e-06	21.70000000000004	0.6238898662318603	new_this_run
3.162277660168379e-06	21.80000000000004	0.6311887626881917	new_this_run
3.162277660168379e-06	21.90000000000004	0.6385730490384189	new_this_run
3.162277660168379e-06	22.000000000000043	0.6460437242601305	new_this_run
3.162277660168379e-06	22.100000000000044	0.6536017990179677	new_this_run
3.162277660168379e-06	22.200000000000045	0.6612482958003519	new_this_run
3.162277660168379e-06	22.300000000000047	0.6689842490578115	new_this_run
3.162277660168379e-06	22.40000000000005	0.6768107053429261	new_this_run
3.162277660168379e-06	22.50000000000005	0.6847287234519088	new_this_run
3.162277660168379e-06	22.60000000000005	0.692739374567845	new_this_run
3.162277660168379e-06	22.700000000000053	0.700843742405606	new_this_run
3.162277660168379e-06	22.800000000000054	0.7090429233584591	new_this_run
3.162277660168379e-06	22.900000000000055	0.717338026646392	new_this_run
3.162277660168379e-06	23.000000000000057	0.7257301744661729	new_this_run
3.162277660168379e-06	23.10000000000006	0.7342205021431661	new_this_run
3.162277660168379e-06	23.20000000000006	0.7428101582849235	new_this_run
3.162277660168379e-06	23.30000000000006	0.7515003049365729	new_this_run
3.162277660168379e-06	23.400000000000063	0.7602921177380251	new_this_run
3.162277660168379e-06	23.500000000000064	0.7691867860830186	new_this_run
3.162277660168379e-06	23.600000000000065	0.7781855132800266	new_this_run
3.162277660168379e-06	23.700000000000067	0.787289516715045	new_this_run
3.162277660168379e-06	23.800000000000068	0.796500028016286	new_this_run
3.162277660168379e-06	23.90000000000007	0.805818293220798	new_this_run
3.162277660168379e-06	24.0	0.8152455729430277	new_this_run
1e-05	0.0	0.05	new_this_run
1e-05	0.1	0.050584950714171316	new_this_run
1e-05	0.2	0.05117674477510282	new_this_run
1e-05	0.30000000000000004	0.051775462243206005	new_this_run
1e-05	0.4	0.05238118411552027	new_this_run
1e-05	0.5	0.05299399233667052	new_this_run
1e-05	0.6	0.05361396980995301	new_this_run
1e-05	0.7	0.054241200408550835	new_this_run
1e-05	0.7999999999999999	0.05487576898688066	new_this_run
1e-05	0.8999999999999999	0.05551776139207218	new_this_run
1e-05	0.9999999999999999	0.05616726447558188	new_this_run
1e-05	1.0999999999999999	0.056824366104942695	new_this_run
1e-05	1.2	0.05748915517565106	new_this_run
1e-05	1.3	0.058161721623193115	new_this_run
1e-05	1.4000000000000001	0.05884215643521151	new_this_run
1e-05	1.5000000000000002	0.05953055166381466	new_this_run
1e-05	1.6000000000000003	0.06022700043802987	new_this_run
1e-05	1.7000000000000004	0.060931596976402304	new_this_run
1e-05	1.8000000000000005	0.061644436599741205	new_this_run
1e-05	1.9000000000000006	0.06236561574401534	new_this_run
1e-05	2.0000000000000004	0.06309523197339925	new_this_run
1e-05	2.1000000000000005	0.06383338399347215	new_this_run
1e-05	2.2000000000000006	0.06458017166457121	new_this_run
1e-05	2.3000000000000007	0.06533569601530115	new_this_run
1e-05	2.400000000000001	0.06610005925620176	new_this_run
1e-05	2.500000000000001	0.06687336479357539	new_this_run
1e-05	2.600000000000001	0.0676557172434762	new_this_run
1e-05	2.700000000000001	0.06844722244586308	new_this_run
1e-05	2.800000000000001	0.0692479874789181	new_this_run
1e-05	2.9000000000000012	0.07005812067353248	new_this_run
1e-05	3.0000000000000013	0.07087773162796214	new_this_run
1e-05	3.1000000000000014	0.07170693122265452	new_this_run
1e-05	3.2000000000000015	0.07254583163524903	new_this_run
1e-05	3.3000000000000016	0.07339454635575283	new_this_run
1e-05	3.4000000000000017	0.07425319020189437	new_this_run
1e-05	3.5000000000000018	0.0751218793346563	new_this_run
1e-05	3.600000000000002	0.07600073127399028	new_this_run
1e-05	3.700000000000002	0.07688986491471553	new_this_run
1e-05	3.800000000000002	0.0777894005426035	new_this_run
1e-05	3.900000000000002	0.07869945985065059	new_this_run
1e-05	4.000000000000002	0.07962016595554129	new_this_run
1e-05	4.100000000000001	0.08055164341430394	new_this_run
1e-05	4.200000000000001	0.08149401824116134	new_this_run
1e-05	4.300000000000001	0.08244741792457849	new_this_run
1e-05	4.4	0.08341197144450975	new_this_run
1e-05	4.5	0.08438780928984782	new_this_run
1e-05	4.6	0.0853750634760768	new_this_run
1e-05	4.699999999999999	0.08637386756313185	new_this_run
1e-05	4.799999999999999	0.08738435667346771	new_this_run
1e-05	4.899999999999999	0.08840666751033863	new_this_run
1e-05	4.999999999999998	0.08944093837629219	new_this_run
1e-05	5.099999999999998	0.09048730919187949	new_this_run
1e-05	5.1999999999999975	0.0915459215145841	new_this_run
1e-05	5.299999999999997	0.09261691855797265	new_this_run
1e-05	5.399999999999997	0.0937004452110693	new_this_run
1e-05	5.4999999999999964	0.094796648057957	new_this_run
1e-05	5.599999999999996	0.09590567539760797	new_this_run
1e-05	5.699999999999996	0.09702767726394623	new_this_run
1e-05	5.799999999999995	0.09816280544614482	new_this_run
1e-05	5.899999999999995	0.09931121350916046	new_this_run
1e-05	5.999999999999995	0.10047305681450852	new_this_run
1e-05	6.099999999999994	0.10164849254128096	new_this_run
1e-05	6.199999999999994	0.10283767970741016	new_this_run
1e-05	6.299999999999994	0.10404077919118157	new_this_run
1e-05	6.399999999999993	0.105257953752998	new_this_run
1e-05	6.499999999999993	0.10648936805739855	new_this_run
1e-05	6.5999999999999925	0.10773518869533509	new_this_run
1e-05	6.699999999999992	0.10899558420670945	new_this_run
1e-05	6.799999999999992	0.11027072510317414	new_this_run
1e-05	6.8999999999999915	0.11156078389119994	new_this_run
1e-05	6.999999999999991	0.11286593509541333	new_this_run
1e-05	7.099999999999991	0.11418635528220683	new_this_run
1e-05	7.19999999999999	0.11552222308362575	new_this_run
1e-05	7.29999999999999	0.11687371922153425	new_this_run
1e-05	7.39999999999999	0.11824102653206413	new_this_run
1e-05	7.499999999999989	0.11962432999034973	new_this_run
1e-05	7.599999999999989	0.12102381673555214	new_this_run
1e-05	7.699999999999989	0.12243967609617613	new_this_run
1e-05	7.799999999999988	0.12387209961568338	new_this_run
1e-05	7.899999999999988	0.12532128107840526	new_this_run
1e-05	7.999999999999988	0.1267874165357588	new_this_run
1e-05	8.099999999999987	0.12827070433276938	new_this_run
1e-05	8.199999999999987	0.1297713451349036	new_this_run
1e-05	8.299999999999986	0.13128954195521628	new_this_run
1e-05	8.399999999999986	0.13282550018181485	new_this_run
1e-05	8.499999999999986	0.13437942760564514	new_this_run
1e-05	8.599999999999985	0.13595153444860222	new_this_run
1e-05	8.699999999999985	0.13754203339197013	new_this_run
1e-05	8.799999999999985	0.1391511396051943	new_this_run
1e-05	8.899999999999984	0.1407790707749905	new_this_run
1e-05	8.999999999999984	0.1424260471347946	new_this_run
1e-05	9.099999999999984	0.1440922914945565	new_this_run
1e-05	9.199999999999983	0.14577802927088293	new_this_run
1e-05	9.299999999999983	0.14748348851753273	new_this_run
1e-05	9.399999999999983	0.14920889995626888	new_this_run
1e-05	9.499999999999982	0.1509544970080716	new_this_run
1e-05	9.599999999999982	0.15272051582471646	new_this_run
1e-05	9.699999999999982	0.15450719532072205	new_this_run
1e-05	9.799999999999981	0.1563147772056713	new_this_run
1e-05	9.89999999999998	0.15814350601691105	new_this_run
1e-05	9.99999999999998	0.159993629152634	new_this_run
1e-05	10.09999999999998	0.16186539690534785	new_this_run
1e-05	10.19999999999998	0.16375906249573596	new_this_run
1e-05	10.29999999999998	0.16567488210691408	new_this_run
1e-05	10.399999999999979	0.16761311491908784	new_this_run
1e-05	10.499999999999979	0.1695740231446158	new_this_run
1e-05	10.599999999999978	0.17155787206348272	new_this_run
1e-05	10.699999999999978	0.17356493005918763	new_this_run
1e-05	10.799999999999978	0.17559546865505196	new_this_run
1e-05	10.899999999999977	0.17764976255095236	new_this_run
1e-05	10.999999999999977	0.17972808966048323	new_this_run
1e-05	11.099999999999977	0.18183073114855414	new_this_run
1e-05	11.199999999999976	0.1839579714694269	new_this_run
1e-05	11.299999999999976	0.18611009840519785	new_this_run
1e-05	11.399999999999975	0.18828740310473013	new_this_run
1e-05	11.499999999999975	0.1904901801230416	new_this_run
1e-05	11.599999999999975	0.1927187274611535	new_this_run
1e-05	11.699999999999974	0.19497334660640528	new_this_run
1e-05	11.799999999999974	0.19725434257324104	new_this_run
1e-05	11.899999999999974	0.19956202394447325	new_this_run
1e-05	11.999999999999973	0.2018967029130291	new_this_run
1e-05	12.099999999999973	0.2042586953241853	new_this_run
1e-05	12.199999999999973	0.20664832071829697	new_this_run
1e-05	12.299999999999972	0.2090659023740264	new_this_run
1e-05	12.399999999999972	0.21151176735207752	new_this_run
1e-05	12.499999999999972	0.2139862465394422	new_this_run
1e-05	12.599999999999971	0.2164896746941639	new_this_run
1e-05	12.69999999999997	0.21902239049062525	new_this_run
1e-05	12.79999999999997	0.22158473656536523	new_this_run
1e-05	12.89999999999997	0.2241770595634327	new_this_run
1e-05	12.99999999999997	0.2267997101852818	new_this_run
1e-05	13.09999999999997	0.22945304323421636	new_this_run
1e-05	13.199999999999969	0.23213741766438908	new_this_run
1e-05	13.299999999999969	0.23485319662936247	new_this_run
1e-05	13.399999999999968	0.2376007475312377	new_this_run
1e-05	13.499999999999968	0.2403804420703584	new_this_run
1e-05	13.599999999999968	0.24319265629559586	new_this_run
1e-05	13.699999999999967	0.24603777065522242	new_this_run
1e-05	13.799999999999967	0.24891617004838024	new_this_run
1e-05	13.899999999999967	0.251828243877152	new_this_run
1e-05	13.999999999999966	0.25477438609924097	new_this_run
1e-05	14.099999999999966	0.25775499528126716	new_this_run
1e-05	14.199999999999966	0.26077047465268716	new_this_run
1e-05	14.299999999999965	0.2638212321603448	new_this_run
1e-05	14.399999999999965	0.2669076805236598	new_this_run
1e-05	14.499999999999964	0.27003023729046227	new_this_run
1e-05	14.599999999999964	0.27318932489348036	new_this_run
1e-05	14.699999999999964	0.27638537070748875	new_this_run
1e-05	14.799999999999963	0.2796188071071257	new_this_run
1e-05	14.899999999999963	0.2828900715253866	new_this_run
1e-05	14.999999999999963	0.2861996065128016	new_this_run
1e-05	15.099999999999962	0.2895478597973058	new_this_run
1e-05	15.199999999999962	0.29293528434481	new_this_run
1e-05	15.299999999999962	0.29636233842047943	new_this_run
1e-05	15.399999999999961	0.29982948565073025	new_this_run
1e-05	15.499999999999961	0.30333719508595053	new_this_run
1e-05	15.59999999999996	0.3068859412639555	new_this_run
1e-05	15.69999999999996	0.31047620427418526	new_this_run
1e-05	15.79999999999996	0.31410846982265295	new_this_run
1e-05	15.89999999999996	0.31778322929765335	new_this_run
1e-05	15.99999999999996	0.32150097983623993	new_this_run
1e-05	16.09999999999996	0.32526222439147967	new_this_run
1e-05	16.19999999999996	0.3290674718004946	new_this_run
1e-05	16.29999999999996	0.3329172368532996	new_this_run
1e-05	16.399999999999963	0.33681204036244516	new_this_run
1e-05	16.499999999999964	0.3407524092334754	new_this_run
1e-05	16.599999999999966	0.3447388765362097	new_this_run
1e-05	16.699999999999967	0.3487719815768592	new_this_run
1e-05	16.79999999999997	0.35285226997098573	new_this_run
1e-05	16.89999999999997	0.35698029371731566	new_this_run
1e-05	16.99999999999997	0.3611566112724162	new_this_run
1e-05	17.099999999999973	0.36538178762624607	new_this_run
1e-05	17.199999999999974	0.3696563943785893	new_this_run
1e-05	17.299999999999976	0.3739810098163843	new_this_run
1e-05	17.399999999999977	0.3783562189919564	new_this_run
1e-05	17.49999999999998	0.38278261380216644	new_this_run
1e-05	17.59999999999998	0.3872607930684852	new_this_run
1e-05	17.69999999999998	0.3917913626180044	new_this_run
1e-05	17.799999999999983	0.3963749353653955	new_this_run
1e-05	17.899999999999984	0.4010121313958274	new_this_run
1e-05	17.999999999999986	0.40570357804885443	new_this_run
1e-05	18.099999999999987	0.4104499100032851	new_this_run
1e-05	18.19999999999999	0.4152517693630446	new_this_run
1e-05	18.29999999999999	0.4201098057440409	new_this_run
1e-05	18.39999999999999	0.4250246763620479	new_this_run
1e-05	18.499999999999993	0.4299970461216161	new_this_run
1e-05	18.599999999999994	0.435027587706024	new_this_run
1e-05	18.699999999999996	0.4401169816682813	new_this_run
1e-05	18.799999999999997	0.44526591652319697	new_this_run
1e-05	18.9	0.45047508884052473	new_this_run
1e-05	19.0	0.45574520333919777	new_this_run
1e-05	19.1	0.46107697298266603	new_this_run
1e-05	19.200000000000003	0.4664711190753492	new_this_run
1e-05	19.300000000000004	0.4719283713602176	new_this_run
1e-05	19.400000000000006	0.4774494681175149	new_this_run
1e-05	19.500000000000007	0.48303515626463595	new_this_run
1e-05	19.60000000000001	0.48868619145717296	new_this_run
1e-05	19.70000000000001	0.4944033381911436	new_this_run
1e-05	19.80000000000001	0.5001873699064154	new_this_run
1e-05	19.900000000000013	0.50603906909134	new_this_run
1e-05	20.000000000000014	0.5119592273886113	new_this_run
1e-05	20.100000000000016	0.5179486457023625	new_this_run
1e-05	20.200000000000017	0.5240081343065158	new_this_run
1e-05	20.30000000000002	0.5301385129543993	new_this_run
1e-05	20.40000000000002	0.5363406109896471	new_this_run
1e-05	20.50000000000002	0.5426152674583966	new_this_run
1e-05	20.600000000000023	0.5489633312227976	new_this_run
1e-05	20.700000000000024	0.5553856610758504	new_this_run
1e-05	20.800000000000026	0.5618831258575869	new_this_run
1e-05	20.900000000000027	0.568456604572611	new_this_run
1e-05	21.00000000000003	0.575106986509014	new_this_run
1e-05	21.10000000000003	0.5818351713586812	new_this_run
1e-05	21.20000000000003	0.5886420693390062	new_this_run
1e-05	21.300000000000033	0.5955286013160288	new_this_run
1e-05	21.400000000000034	0.6024956989290139	new_this_run
1e-05	21.500000000000036	0.6095443047164874	new_this_run
1e-05	21.600000000000037	0.6166753722437467	new_this_run
1e-05	21.70000000000004	0.6238898662318635	new_this_run
1e-05	21.80000000000004	0.631188762688195	new_this_run
1e-05	21.90000000000004	0.6385730490384224	new_this_run
1e-05	22.000000000000043	0.6460437242601339	new_this_run
1e-05	22.100000000000044	0.6536017990179711	new_this_run
1e-05	22.200000000000045	0.6612482958003555	new_this_run
1e-05	22.300000000000047	0.6689842490578152	new_this_run
1e-05	22.40000000000005	0.6768107053429298	new_this_run
1e-05	22.50000000000005	0.6847287234519125	new_this_run
1e-05	22.60000000000005	0.6927393745678486	new_this_run
1e-05	22.700000000000053	0.7008437424056096	new_this_run
1e-05	22.800000000000054	0.7090429233584628	new_this_run
1e-05	22.900000000000055	0.7173380266463957	new_this_run
1e-05	23.000000000000057	0.7257301744661767	new_this_run
1e-05	23.10000000000006	0.7342205021431699	new_this_run
1e-05	23.20000000000006	0.7428101582849272	new_this_run
1e-05	23.30000000000006	0.7515003049365767	new_this_run
1e-05	23.400000000000063	0.760292117738029	new_this_run
1e-05	23.500000000000064	0.7691867860830226	new_this_run
1e-05	23.600000000000065	0.7781855132800306	new_this_run
1e-05	23.700000000000067	0.7872895167150491	new_this_run
1e-05	23.800000000000068	0.7965000280162903	new_this_run
1e-05	23.90000000000007	0.8058182932208022	new_this_run
1e-05	24.0	0.815245572943032	new_this_run
3.1622776601683795e-05	0.0	0.05	new_this_run
3.1622776601683795e-05	0.1	0.050584950714171316	new_this_run
3.1622776601683795e-05	0.2	0.05117674477510282	new_this_run
3.1622776601683795e-05	0.30000000000000004	0.051775462243206005	new_this_run
3.1622776601683795e-05	0.4	0.05238118411552027	new_this_run
3.1622776601683795e-05	0.5	0.05299399233667053	new_this_run
3.1622776601683795e-05	0.6	0.05361396980995302	new_this_run
3.1622776601683795e-05	0.7	0.05424120040855084	new_this_run
3.1622776601683795e-05	0.7999999999999999	0.054875768986880666	new_this_run
3.1622776601683795e-05	0.8999999999999999	0.055517761392072186	new_this_run
3.1622776601683795e-05	0.9999999999999999	0.056167264475581895	new_this_run
3.1622776601683795e-05	1.0999999999999999	0.05682436610494271	new_this_run
3.1622776601683795e-05	1.2	0.05748915517565108	new_this_run
3.1622776601683795e-05	1.3	0.05816172162319313	new_this_run
3.1622776601683795e-05	1.4000000000000001	0.058842156435211526	new_this_run
3.1622776601683795e-05	1.5000000000000002	0.05953055166381467	new_this_run
3.1622776601683795e-05	1.6000000000000003	0.060227000438029886	new_this_run
3.1622776601683795e-05	1.7000000000000004	0.06093159697640232	new_this_run
3.1622776601683795e-05	1.8000000000000005	0.061644436599741226	new_this_run
3.1622776601683795e-05	1.9000000000000006	0.06236561574401536	new_this_run
3.1622776601683795e-05	2.0000000000000004	0.06309523197339928	new_this_run
3.1622776601683795e-05	2.1000000000000005	0.06383338399347217	new_this_run
3.1622776601683795e-05	2.2000000000000006	0.06458017166457124	new_this_run
3.1622776601683795e-05	2.3000000000000007	0.06533569601530118	new_this_run
3.1622776601683795e-05	2.400000000000001	0.06610005925620178	new_this_run
3.1622776601683795e-05	2.500000000000001	0.06687336479357542	new_this_run
3.1622776601683795e-05	2.600000000000001	0.06765571724347623	new_this_run
3.1622776601683795e-05	2.700000000000001	0.06844722244586311	new_this_run
3.1622776601683795e-05	2.800000000000001	0.06924798747891812	new_this_run
3.1622776601683795e-05	2.9000000000000012	0.07005812067353251	new_this_run
3.1622776601683795e-05	3.0000000000000013	0.07087773162796217	new_this_run
3.1622776601683795e-05	3.1000000000000014	0.07170693122265455	new_this_run
3.1622776601683795e-05	3.2000000000000015	0.07254583163524905	new_this_run
3.1622776601683795e-05	3.3000000000000016	0.07339454635575288	new_this_run
3.1622776601683795e-05	3.4000000000000017	0.07425319020189443	new_this_run
3.1622776601683795e-05	3.5000000000000018	0.07512187933465636	new_this_run
3.1622776601683795e-05	3.600000000000002	0.07600073127399033	new_this_run
3.1622776601683795e-05	3.700000000000002	0.07688986491471558	new_this_run
3.1622776601683795e-05	3.800000000000002	0.07778940054260355	new_this_run
3.1622776601683795e-05	3.900000000000002	0.07869945985065065	new_this_run
3.1622776601683795e-05	4.000000000000002	0.07962016595554135	new_this_run
3.1622776601683795e-05	4.100000000000001	0.080551643414304	new_this_run
3.1622776601683795e-05	4.200000000000001	0.0814940182411614	new_this_run
3.1622776601683795e-05	4.300000000000001	0.08244741792457855	new_this_run
3.1622776601683795e-05	4.4	0.0834119714445098	new_this_run
3.1622776601683795e-05	4.5	0.08438780928984788	new_this_run
3.1622776601683795e-05	4.6	0.08537506347607686	new_this_run
3.1622776601683795e-05	4.699999999999999	0.08637386756313191	new_this_run
3.1622776601683795e-05	4.799999999999999	0.08738435667346776	new_this_run
3.1622776601683795e-05	4.899999999999999	0.08840666751033868	new_this_run
3.1622776601683795e-05	4.999999999999998	0.08944093837629226	new_this_run
3.1622776601683795e-05	5.099999999999998	0.09048730919187956	new_this_run
3.1622776601683795e-05	5.1999999999999975	0.09154592151458417	new_this_run
3.1622776601683795e-05	5.299999999999997	0.09261691855797272	new_this_run
3.1622776601683795e-05	5.399999999999997	0.09370044521106936	new_this_run
3.1622776601683795e-05	5.4999999999999964	0.09479664805795707	new_this_run
3.1622776601683795e-05	5.599999999999996	0.09590567539760804	new_this_run
3.1622776601683795e-05	5.699999999999996	0.0970276772639463	new_this_run
3.1622776601683795e-05	5.799999999999995	0.09816280544614489	new_this_run
3.1622776601683795e-05	5.899999999999995	0.09931121350916054	new_this_run
3.1622776601683795e-05	5.999999999999995	0.1004730568145086	new_this_run
3.1622776601683795e-05	6.099999999999994	0.10164849254128104	new_this_run
3.1622776601683795e-05	6.199999999999994	0.10283767970741024	new_this_run
3.1622776601683795e-05	6.299999999999994	0.10404077919118165	new_this_run
3.1622776601683795e-05	6.399999999999993	0.1052579537529981	new_this_run
3.1622776601683795e-05	6.499999999999993	0.10648936805739864	new_this_run
3.1622776601683795e-05	6.5999999999999925	0.10773518869533519	new_this_run
3.1622776601683795e-05	6.699999999999992	0.10899558420670954	new_this_run
3.1622776601683795e-05	6.799999999999992	0.11027072510317423	new_this_run
3.1622776601683795e-05	6.8999999999999915	0.11156078389120004	new_this_run
3.1622776601683795e-05	6.999999999999991	0.11286593509541343	new_this_run
3.1622776601683795e-05	7.099999999999991	0.11418635528220694	new_this_run
3.1622776601683795e-05	7.19999999999999	0.11552222308362586	new_this_run
3.1622776601683795e-05	7.29999999999999	0.11687371922153436	new_this_run
3.1622776601683795e-05	7.39999999999999	0.11824102653206425	new_this_run
3.1622776601683795e-05	7.499999999999989	0.11962432999034986	new_this_run
3.1622776601683795e-05	7.599999999999989	0.12102381673555226	new_this_run
3.1622776601683795e-05	7.699999999999989	0.12243967609617626	new_this_run
3.1622776601683795e-05	7.799999999999988	0.12387209961568352	new_this_run
3.1622776601683795e-05	7.899999999999988	0.1253212810784054	new_this_run
3.1622776601683795e-05	7.999999999999988	0.12678741653575895	new_this_run
3.1622776601683795e-05	8.099999999999987	0.12827070433276952	new_this_run
3.1622776601683795e-05	8.199999999999987	0.12977134513490374	new_this_run
3.1622776601683795e-05	8.299999999999986	0.13128954195521642	new_this_run
3.1622776601683795e-05	8.399999999999986	0.132825500181815	new_this_run
3.1622776601683795e-05	8.499999999999986	0.13437942760564528	new_this_run
3.1622776601683795e-05	8.599999999999985	0.13595153444860236	new_this_run
3.1622776601683795e-05	8.699999999999985	0.1375420333919703	new_this_run
3.1622776601683795e-05	8.799999999999985	0.13915113960519446	new_this_run
3.1622776601683795e-05	8.899999999999984	0.14077907077499066	new_this_run
3.1622776601683795e-05	8.999999999999984	0.14242604713479476	new_this_run
3.1622776601683795e-05	9.099999999999984	0.14409229149455666	new_this_run
3.1622776601683795e-05	9.199999999999983	0.1457780292708831	new_this_run
3.1622776601683795e-05	9.299999999999983	0.1474834885175329	new_this_run
3.1622776601683795e-05	9.399999999999983	0.14920889995626907	new_this_run
3.1622776601683795e-05	9.499999999999982	0.1509544970080718	new_this_run
3.1622776601683795e-05	9.599999999999982	0.15272051582471666	new_this_run
3.1622776601683795e-05	9.699999999999982	0.15450719532072224	new_this_run
3.1622776601683795e-05	9.799999999999981	0.1563147772056715	new_this_run
3.1622776601683795e-05	9.89999999999998	0.15814350601691124	new_this_run
3.1622776601683795e-05	9.99999999999998	0.1599936291526342	new_this_run
3.1622776601683795e-05	10.09999999999998	0.1618653969053481	new_this_run
3.1622776601683795e-05	10.19999999999998	0.16375906249573624	new_this_run
3.1622776601683795e-05	10.29999999999998	0.16567488210691436	new_this_run
3.1622776601683795e-05	10.399999999999979	0.16761311491908812	new_this_run
3.1622776601683795e-05	10.499999999999979	0.16957402314461612	new_this_run
3.1622776601683795e-05	10.599999999999978	0.17155787206348305	new_this_run
3.1622776601683795e-05	10.699999999999978	0.17356493005918797	new_this_run
3.1622776601683795e-05	10.799999999999978	0.1755954686550523	new_this_run
3.1622776601683795e-05	10.899999999999977	0.1776497625509527	new_this_run
3.1622776601683795e-05	10.999999999999977	0.17972808966048356	new_this_run
3.1622776601683795e-05	11.099999999999977	0.18183073114855447	new_this_run
3.1622776601683795e-05	11.199999999999976	0.18395797146942724	new_this_run
3.1622776601683795e-05	11.299999999999976	0.1861100984051982	new_this_run
3.1622776601683795e-05	11.399999999999975	0.1882874031047305	new_this_run
3.1622776601683795e-05	11.499999999999975	0.19049018012304197	new_this_run
3.1622776601683795e-05	11.599999999999975	0.1927187274611539	new_this_run
3.1622776601683795e-05	11.699999999999974	0.19497334660640567	new_this_run
3.1622776601683795e-05	11.799999999999974	0.19725434257324143	new_this_run
3.1622776601683795e-05	11.899999999999974	0.19956202394447364	new_this_run
3.1622776601683795e-05	11.999999999999973	0.2018967029130295	new_this_run
3.1622776601683795e-05	12.099999999999973	0.2042586953241857	new_this_run
3.1622776601683795e-05	12.199999999999973	0.20664832071829736	new_this_run
3.1622776601683795e-05	12.299999999999972	0.20906590237402678	new_this_run
3.1622776601683795e-05	12.399999999999972	0.21151176735207794	new_this_run
3.1622776601683795e-05	12.499999999999972	0.21398624653944265	new_this_run
3.1622776601683795e-05	12.599999999999971	0.21648967469416436	new_this_run
3.1622776601683795e-05	12.69999999999997	0.2190223904906257	new_this_run
3.1622776601683795e-05	12.79999999999997	0.2215847365653657	new_this_run
3.1622776601683795e-05	12.89999999999997	0.22417705956343317	new_this_run
3.1622776601683795e-05	12.99999999999997	0.22679971018528228	new_this_run
3.1622776601683795e-05	13.09999999999997	0.22945304323421684	new_this_run
3.1622776601683795e-05	13.199999999999969	0.23213741766438956	new_this_run
3.1622776601683795e-05	13.299999999999969	0.23485319662936294	new_this_run
3.1622776601683795e-05	13.399999999999968	0.23760074753123817	new_this_run
3.1622776601683795e-05	13.499999999999968	0.24038044207035889	new_this_run
3.1622776601683795e-05	13.599999999999968	0.24319265629559633	new_this_run
3.1622776601683795e-05	13.699999999999967	0.2460377706552229	new_this_run
3.1622776601683795e-05	13.799999999999967	0.2489161700483807	new_this_run
3.1622776601683795e-05	13.899999999999967	0.25182824387715247	new_this_run
3.1622776601683795e-05	13.999999999999966	0.2547743860992414	new_this_run
3.1622776601683795e-05	14.099999999999966	0.2577549952812676	new_this_run
3.1622776601683795e-05	14.199999999999966	0.26077047465268766	new_this_run
3.1622776601683795e-05	14.299999999999965	0.2638212321603453	new_this_run
3.1622776601683795e-05	14.399999999999965	0.2669076805236603	new_this_run
3.1622776601683795e-05	14.499999999999964	0.2700302372904628	new_this_run
3.1622776601683795e-05	14.599999999999964	0.27318932489348097	new_this_run
3.1622776601683795e-05	14.699999999999964	0.27638537070748936	new_this_run
3.1622776601683795e-05	14.799999999999963	0.27961880710712633	new_this_run
3.1622776601683795e-05	14.899999999999963	0.2828900715253872	new_this_run
3.1622776601683795e-05	14.999999999999963	0.2861996065128022	new_this_run
3.1622776601683795e-05	15.099999999999962	0.28954785979730646	new_this_run
3.1622776601683795e-05	15.199999999999962	0.29293528434481064	new_this_run
3.1622776601683795e-05	15.299999999999962	0.2963623384204801	new_this_run
3.1622776601683795e-05	15.399999999999961	0.2998294856507309	new_this_run
3.1622776601683795e-05	15.499999999999961	0.3033371950859512	new_this_run
3.1622776601683795e-05	15.59999999999996	0.3068859412639562	new_this_run
3.1622776601683795e-05	15.69999999999996	0.31047620427418593	new_this_run
3.1622776601683795e-05	15.79999999999996	0.3141084698226536	new_this_run
3.1622776601683795e-05	15.89999999999996	0.317783229297654	new_this_run
3.1622776601683795e-05	15.99999999999996	0.3215009798362406	new_this_run
3.1622776601683795e-05	16.09999999999996	0.32526222439148034	new_this_run
3.1622776601683795e-05	16.19999999999996	0.3290674718004953	new_this_run
3.1622776601683795e-05	16.29999999999996	0.33291723685330027	new_this_run
3.1622776601683795e-05	16.399999999999963	0.33681204036244583	new_this_run
3.1622776601683795e-05	16.499999999999964	0.34075240923347605	new_this_run
3.1622776601683795e-05	16.599999999999966	0.3447388765362104	new_this_run
3.1622776601683795e-05	16.699999999999967	0.34877198157685985	new_this_run
3.1622776601683795e-05	16.79999999999997	0.3528522699709864	new_this_run
3.1622776601683795e-05	16.89999999999997	0.3569802937173164	new_this_run
3.1622776601683795e-05	16.99999999999997	0.361156611272417	new_this_run
3.1622776601683795e-05	17.099999999999973	0.36538178762624685	new_this_run
3.1622776601683795e-05	17.199999999999974	0.36965639437859016	new_this_run
3.1622776601683795e-05	17.299999999999976	0.37398100981638516	new_this_run
3.1622776601683795e-05	17.399999999999977	0.37835621899195726	new_this_run
3.1622776601683795e-05	17.49999999999998	0.3827826138021673	new_this_run
3.1622776601683795e-05	17.59999999999998	0.38726079306848615	new_this_run
3.1622776601683795e-05	17.69999999999998	0.39179136261800535	new_this_run
3.1622776601683795e-05	17.799999999999983	0.3963749353653964	new_this_run
3.1622776601683795e-05	17.899999999999984	0.40101213139582836	new_this_run
3.1622776601683795e-05	17.999999999999986	0.4057035780488554	new_this_run
3.1622776601683795e-05	18.099999999999987	0.41044991000328607	new_this_run
3.1622776601683795e-05	18.19999999999999	0.41525176936304553	new_this_run
3.1622776601683795e-05	18.29999999999999	0.42010980574404183	new_this_run
3.1622776601683795e-05	18.39999999999999	0.4250246763620488	new_this_run
3.1622776601683795e-05	18.499999999999993	0.4299970461216171	new_this_run
3.1622776601683795e-05	18.599999999999994	0.435027587706025	new_this_run
3.1622776601683795e-05	18.699999999999996	0.4401169816682823	new_this_run
3.1622776601683795e-05	18.799999999999997	0.44526591652319797	new_this_run
3.1622776601683795e-05	18.9	0.4504750888405258	new_this_run
3.1622776601683795e-05	19.0	0.4557452033391988	new_this_run
3.1622776601683795e-05	19.1	0.46107697298266714	new_this_run
3.1622776601683795e-05	19.200000000000003	0.4664711190753503	new_this_run
3.1622776601683795e-05	19.300000000000004	0.4719283713602187	new_this_run
3.1622776601683795e-05	19.400000000000006	0.477449468117516	new_this_run
3.1622776601683795e-05	19.500000000000007	0.4830351562646371	new_this_run
3.1622776601683795e-05	19.60000000000001	0.4886861914571742	new_this_run
3.1622776601683795e-05	19.70000000000001	0.49440333819114485	new_this_run
3.1622776601683795e-05	19.80000000000001	0.5001873699064167	new_this_run
3.1622776601683795e-05	19.900000000000013	0.5060390690913412	new_this_run
3.1622776601683795e-05	20.000000000000014	0.5119592273886125	new_this_run
3.1622776601683795e-05	20.100000000000016	0.5179486457023638	new_this_run
3.1622776601683795e-05	20.200000000000017	0.524008134306517	new_this_run
3.1622776601683795e-05	20.30000000000002	0.5301385129544005	new_this_run
3.1622776601683795e-05	20.40000000000002	0.5363406109896485	new_this_run
3.1622776601683795e-05	20.50000000000002	0.5426152674583979	new_this_run
3.1622776601683795e-05	20.600000000000023	0.548963331222799	new_this_run
3.1622776601683795e-05	20.700000000000024	0.5553856610758517	new_this_run
3.1622776601683795e-05	20.800000000000026	0.5618831258575883	new_this_run
3.1622776601683795e-05	20.900000000000027	0.5684566045726124	new_this_run
3.1622776601683795e-05	21.00000000000003	0.5751069865090154	new_this_run
3.1622776601683795e-05	21.10000000000003	0.5818351713586826	new_this_run
3.1622776601683795e-05	21.20000000000003	0.5886420693390075	new_this_run
3.1622776601683795e-05	21.300000000000033	0.5955286013160302	new_this_run
3.1622776601683795e-05	21.400000000000034	0.6024956989290153	new_this_run
3.1622776601683795e-05	21.500000000000036	0.6095443047164888	new_this_run
3.1622776601683795e-05	21.600000000000037	0.6166753722437481	new_this_run
3.1622776601683795e-05	21.70000000000004	0.6238898662318649	new_this_run
3.1622776601683795e-05	21.80000000000004	0.6311887626881965	new_this_run
3.1622776601683795e-05	21.90000000000004	0.6385730490384238	new_this_run
3.1622776601683795e-05	22.000000000000043	0.6460437242601355	new_this_run
3.1622776601683795e-05	22.100000000000044	0.6536017990179727	new_this_run
3.1622776601683795e-05	22.200000000000045	0.661248295800357	new_this_run
3.1622776601683795e-05	22.300000000000047	0.6689842490578167	new_this_run
3.1622776601683795e-05	22.40000000000005	0.6768107053429313	new_this_run
3.1622776601683795e-05	22.50000000000005	0.684728723451914	new_this_run
3.1622776601683795e-05	22.60000000000005	0.6927393745678503	new_this_run
3.1622776601683795e-05	22.700000000000053	0.7008437424056113	new_this_run
3.1622776601683795e-05	22.800000000000054	0.7090429233584645	new_this_run
3.1622776601683795e-05	22.900000000000055	0.7173380266463976	new_this_run
3.1622776601683795e-05	23.000000000000057	0.7257301744661786	new_this_run
3.1622776601683795e-05	23.10000000000006	0.7342205021431719	new_this_run
3.1622776601683795e-05	23.20000000000006	0.7428101582849294	new_this_run
3.1622776601683795e-05	23.30000000000006	0.7515003049365789	new_this_run
3.1622776601683795e-05	23.400000000000063	0.7602921177380312	new_this_run
3.1622776601683795e-05	23.500000000000064	0.7691867860830248	new_this_run
3.1622776601683795e-05	23.600000000000065	0.7781855132800329	new_this_run
3.1622776601683795e-05	23.700000000000067	0.7872895167150514	new_this_run
3.1622776601683795e-05	23.800000000000068	0.7965000280162926	new_this_run
3.1622776601683795e-05	23.90000000000007	0.8058182932208047	new_this_run
3.1622776601683795e-05	24.0	0.8152455729430345	new_this_run
0.0001	0.0	0.05	reused_previous_run
0.0001	0.1	0.050584950714171316	reused_previous_run
0.0001	0.2	0.05117674477510282	reused_previous_run
0.0001	0.30000000000000004	0.051775462243206005	reused_previous_run
0.0001	0.4	0.05238118411552027	reused_previous_run
0.0001	0.5	0.05299399233667053	reused_previous_run
0.0001	0.6	0.05361396980995302	reused_previous_run
0.0001	0.7	0.05424120040855084	reused_previous_run
0.0001	0.7999999999999999	0.054875768986880666	reused_previous_run
0.0001	0.8999999999999999	0.055517761392072186	reused_previous_run
0.0001	0.9999999999999999	0.056167264475581895	reused_previous_run
0.0001	1.0999999999999999	0.05682436610494271	reused_previous_run
0.0001	1.2	0.05748915517565108	reused_previous_run
0.0001	1.3	0.05816172162319313	reused_previous_run
0.0001	1.4000000000000001	0.058842156435211526	reused_previous_run
0.0001	1.5000000000000002	0.05953055166381467	reused_previous_run
0.0001	1.6000000000000003	0.060227000438029886	reused_previous_run
0.0001	1.7000000000000004	0.06093159697640232	reused_previous_run
0.0001	1.8000000000000005	0.061644436599741226	reused_previous_run
0.0001	1.9000000000000006	0.06236561574401536	reused_previous_run
0.0001	2.0000000000000004	0.06309523197339928	reused_previous_run
0.0001	2.1000000000000005	0.06383338399347217	reused_previous_run
0.0001	2.2000000000000006	0.06458017166457124	reused_previous_run
0.0001	2.3000000000000007	0.06533569601530118	reused_previous_run
0.0001	2.400000000000001	0.06610005925620178	reused_previous_run
0.0001	2.500000000000001	0.06687336479357542	reused_previous_run
0.0001	2.600000000000001	0.06765571724347623	reused_previous_run
0.0001	2.700000000000001	0.06844722244586311	reused_previous_run
0.0001	2.800000000000001	0.06924798747891812	reused_previous_run
0.0001	2.9000000000000012	0.07005812067353251	reused_previous_run
0.0001	3.0000000000000013	0.07087773162796217	reused_previous_run
0.0001	3.1000000000000014	0.07170693122265455	reused_previous_run
0.0001	3.2000000000000015	0.07254583163524905	reused_previous_run
0.0001	3.3000000000000016	0.07339454635575288	reused_previous_run
0.0001	3.4000000000000017	0.07425319020189443	reused_previous_run
0.0001	3.5000000000000018	0.07512187933465636	reused_previous_run
0.0001	3.600000000000002	0.07600073127399033	reused_previous_run
0.0001	3.700000000000002	0.07688986491471558	reused_previous_run
0.0001	3.800000000000002	0.07778940054260355	reused_previous_run
0.0001	3.900000000000002	0.07869945985065065	reused_previous_run
0.0001	4.000000000000002	0.07962016595554135	reused_previous_run
0.0001	4.100000000000001	0.080551643414304	reused_previous_run
0.0001	4.200000000000001	0.0814940182411614	reused_previous_run
0.0001	4.300000000000001	0.08244741792457855	reused_previous_run
0.0001	4.4	0.0834119714445098	reused_previous_run
0.0001	4.5	0.08438780928984788	reused_previous_run
0.0001	4.6	0.08537506347607686	reused_previous_run
0.0001	4.699999999999999	0.08637386756313191	reused_previous_run
0.0001	4.799999999999999	0.08738435667346776	reused_previous_run
0.0001	4.899999999999999	0.08840666751033868	reused_previous_run
0.0001	4.999999999999998	0.08944093837629226	reused_previous_run
0.0001	5.099999999999998	0.09048730919187956	reused_previous_run
0.0001	5.1999999999999975	0.09154592151458417	reused_previous_run
0.0001	5.299999999999997	0.09261691855797272	reused_previous_run
0.0001	5.399999999999997	0.09370044521106936	reused_previous_run
0.0001	5.4999999999999964	0.09479664805795707	reused_previous_run
0.0001	5.599999999999996	0.09590567539760804	reused_previous_run
0.0001	5.699999999999996	0.0970276772639463	reused_previous_run
0.0001	5.799999999999995	0.09816280544614489	reused_previous_run
0.0001	5.899999999999995	0.09931121350916054	reused_previous_run
0.0001	5.999999999999995	0.1004730568145086	reused_previous_run
0.0001	6.099999999999994	0.10164849254128104	reused_previous_run
0.0001	6.199999999999994	0.10283767970741024	reused_previous_run
0.0001	6.299999999999994	0.10404077919118165	reused_previous_run
0.0001	6.399999999999993	0.1052579537529981	reused_previous_run
0.0001	6.499999999999993	0.10648936805739864	reused_previous_run
0.0001	6.5999999999999925	0.10773518869533519	reused_previous_run
0.0001	6.699999999999992	0.10899558420670954	reused_previous_run
0.0001	6.799999999999992	0.11027072510317423	reused_previous_run
0.0001	6.8999999999999915	0.11156078389120004	reused_previous_run
0.0001	6.999999999999991	0.11286593509541343	reused_previous_run
0.0001	7.099999999999991	0.11418635528220694	reused_previous_run
0.0001	7.19999999999999	0.11552222308362586	reused_previous_run
0.0001	7.29999999999999	0.11687371922153436	reused_previous_run
0.0001	7.39999999999999	0.11824102653206425	reused_previous_run
0.0001	7.499999999999989	0.11962432999034986	reused_previous_run
0.0001	7.599999999999989	0.12102381673555226	reused_previous_run
0.0001	7.699999999999989	0.12243967609617626	reused_previous_run
0.0001	7.799999999999988	0.12387209961568352	reused_previous_run
0.0001	7.899999999999988	0.1253212810784054	reused_previous_run
0.0001	7.999999999999988	0.12678741653575895	reused_previous_run
0.0001	8.099999999999987	0.12827070433276952	reused_previous_run
0.0001	8.199999999999987	0.12977134513490374	reused_previous_run
0.0001	8.299999999999986	0.13128954195521642	reused_previous_run
0.0001	8.399999999999986	0.132825500181815	reused_previous_run
0.0001	8.499999999999986	0.13437942760564528	reused_previous_run
0.0001	8.599999999999985	0.13595153444860236	reused_previous_run
0.0001	8.699999999999985	0.1375420333919703	reused_previous_run
0.0001	8.799999999999985	0.13915113960519446	reused_previous_run
0.0001	8.899999999999984	0.14077907077499066	reused_previous_run
0.0001	8.999999999999984	0.14242604713479476	reused_previous_run
0.0001	9.099999999999984	0.14409229149455666	reused_previous_run
0.0001	9.199999999999983	0.1457780292708831	reused_previous_run
0.0001	9.299999999999983	0.1474834885175329	reused_previous_run
0.0001	9.399999999999983	0.14920889995626907	reused_previous_run
0.0001	9.499999999999982	0.1509544970080718	reused_previous_run
0.0001	9.599999999999982	0.15272051582471666	reused_previous_run
0.0001	9.699999999999982	0.15450719532072224	reused_previous_run
0.0001	9.799999999999981	0.1563147772056715	reused_previous_run
0.0001	9.89999999999998	0.15814350601691124	reused_previous_run
0.0001	9.99999999999998	0.1599936291526342	reused_previous_run
0.0001	10.09999999999998	0.1618653969053481	reused_previous_run
0.0001	10.19999999999998	0.16375906249573624	reused_previous_run
0.0001	10.29999999999998	0.16567488210691436	reused_previous_run
0.0001	10.399999999999979	0.16761311491908812	reused_previous_run
0.0001	10.499999999999979	0.16957402314461612	reused_previous_run
0.0001	10.599999999999978	0.17155787206348305	reused_previous_run
0.0001	10.699999999999978	0.17356493005918797	reused_previous_run
0.0001	10.799999999999978	0.1755954686550523	reused_previous_run
0.0001	10.899999999999977	0.1776497625509527	reused_previous_run
0.0001	10.999999999999977	0.17972808966048356	reused_previous_run
0.0001	11.099999999999977	0.18183073114855447	reused_previous_run
0.0001	11.199999999999976	0.18395797146942724	reused_previous_run
0.0001	11.299999999999976	0.1861100984051982	reused_previous_run
0.0001	11.399999999999975	0.1882874031047305	reused_previous_run
0.0001	11.499999999999975	0.19049018012304197	reused_previous_run
0.0001	11.599999999999975	0.1927187274611539	reused_previous_run
0.0001	11.699999999999974	0.19497334660640567	reused_previous_run
0.0001	11.799999999999974	0.19725434257324143	reused_previous_run
0.0001	11.899999999999974	0.19956202394447364	reused_previous_run
0.0001	11.999999999999973	0.2018967029130295	reused_previous_run
0.0001	12.099999999999973	0.2042586953241857	reused_previous_run
0.0001	12.199999999999973	0.20664832071829736	reused_previous_run
0.0001	12.299999999999972	0.20906590237402678	reused_previous_run
0.0001	12.399999999999972	0.21151176735207794	reused_previous_run
0.0001	12.499999999999972	0.21398624653944265	reused_previous_run
0.0001	12.599999999999971	0.21648967469416436	reused_previous_run
0.0001	12.69999999999997	0.2190223904906257	reused_previous_run
0.0001	12.79999999999997	0.2215847365653657	reused_previous_run
0.0001	12.89999999999997	0.22417705956343317	reused_previous_run
0.0001	12.99999999999997	0.22679971018528228	reused_previous_run
0.0001	13.09999999999997	0.22945304323421684	reused_previous_run
0.0001	13.199999999999969	0.23213741766438956	reused_previous_run
0.0001	13.299999999999969	0.23485319662936294	reused_previous_run
0.0001	13.399999999999968	0.23760074753123817	reused_previous_run
0.0001	13.499999999999968	0.24038044207035889	reused_previous_run
0.0001	13.599999999999968	0.24319265629559633	reused_previous_run
0.0001	13.699999999999967	0.2460377706552229	reused_previous_run
0.0001	13.799999999999967	0.2489161700483807	reused_previous_run
0.0001	13.899999999999967	0.25182824387715247	reused_previous_run
0.0001	13.999999999999966	0.2547743860992414	reused_previous_run
0.0001	14.099999999999966	0.2577549952812676	reused_previous_run
0.0001	14.199999999999966	0.26077047465268766	reused_previous_run
0.0001	14.299999999999965	0.2638212321603453	reused_previous_run
0.0001	14.399999999999965	0.2669076805236603	reused_previous_run
0.0001	14.499999999999964	0.2700302372904628	reused_previous_run
0.0001	14.599999999999964	0.27318932489348097	reused_previous_run
0.0001	14.699999999999964	0.27638537070748936	reused_previous_run
0.0001	14.799999999999963	0.27961880710712633	reused_previous_run
0.0001	14.899999999999963	0.2828900715253872	reused_previous_run
0.0001	14.999999999999963	0.2861996065128022	reused_previous_run
0.0001	15.099999999999962	0.28954785979730646	reused_previous_run
0.0001	15.199999999999962	0.29293528434481064	reused_previous_run
0.0001	15.299999999999962	0.2963623384204801	reused_previous_run
0.0001	15.399999999999961	0.2998294856507309	reused_previous_run
0.0001	15.499999999999961	0.3033371950859512	reused_previous_run
0.0001	15.59999999999996	0.3068859412639562	reused_previous_run
0.0001	15.69999999999996	0.31047620427418593	reused_previous_run
0.0001	15.79999999999996	0.3141084698226536	reused_previous_run
0.0001	15.89999999999996	0.317783229297654	reused_previous_run
0.0001	15.99999999999996	0.3215009798362406	reused_previous_run
0.0001	16.09999999999996	0.32526222439148034	reused_previous_run
0.0001	16.19999999999996	0.3290674718004953	reused_previous_run
0.0001	16.29999999999996	0.33291723685330027	reused_previous_run
0.0001	16.399999999999963	0.33681204036244583	reused_previous_run
0.0001	16.499999999999964	0.34075240923347605	reused_previous_run
0.0001	16.599999999999966	0.3447388765362104	reused_previous_run
0.0001	16.699999999999967	0.34877198157685985	reused_previous_run
0.0001	16.79999999999997	0.3528522699709864	reused_previous_run
0.0001	16.89999999999997	0.3569802937173164	reused_previous_run
0.0001	16.99999999999997	0.361156611272417	reused_previous_run
0.0001	17.099999999999973	0.36538178762624685	reused_previous_run
0.0001	17.199999999999974	0.36965639437859016	reused_previous_run
0.0001	17.299999999999976	0.37398100981638516	reused_previous_run
0.0001	17.399999999999977	0.37835621899195726	reused_previous_run
0.0001	17.49999999999998	0.3827826138021673	reused_previous_run
0.0001	17.59999999999998	0.38726079306848615	reused_previous_run
0.0001	17.69999999999998	0.39179136261800535	reused_previous_run
0.0001	17.799999999999983	0.3963749353653964	reused_previous_run
0.0001	17.899999999999984	0.40101213139582836	reused_previous_run
0.0001	17.999999999999986	0.4057035780488554	reused_previous_run
0.0001	18.099999999999987	0.41044991000328607	reused_previous_run
0.0001	18.19999999999999	0.41525176936304553	reused_previous_run
0.0001	18.29999999999999	0.42010980574404183	reused_previous_run
0.0001	18.39999999999999	0.4250246763620488	reused_previous_run
0.0001	18.499999999999993	0.4299970461216171	reused_previous_run
0.0001	18.599999999999994	0.435027587706025	reused_previous_run
0.0001	18.699999999999996	0.4401169816682823	reused_previous_run
0.0001	18.799999999999997	0.44526591652319797	reused_previous_run
0.0001	18.9	0.4504750888405258	reused_previous_run
0.0001	19.0	0.4557452033391988	reused_previous_run
0.0001	19.1	0.46107697298266714	reused_previous_run
0.0001	19.200000000000003	0.4664711190753503	reused_previous_run
0.0001	19.300000000000004	0.4719283713602187	reused_previous_run
0.0001	19.400000000000006	0.477449468117516	reused_previous_run
0.0001	19.500000000000007	0.4830351562646371	reused_previous_run
0.0001	19.60000000000001	0.4886861914571742	reused_previous_run
0.0001	19.70000000000001	0.49440333819114485	reused_previous_run
0.0001	19.80000000000001	0.5001873699064167	reused_previous_run
0.0001	19.900000000000013	0.5060390690913412	reused_previous_run
0.0001	20.000000000000014	0.5119592273886125	reused_previous_run
0.0001	20.100000000000016	0.5179486457023638	reused_previous_run
0.0001	20.200000000000017	0.524008134306517	reused_previous_run
0.0001	20.30000000000002	0.5301385129544005	reused_previous_run
0.0001	20.40000000000002	0.5363406109896485	reused_previous_run
0.0001	20.50000000000002	0.5426152674583979	reused_previous_run
0.0001	20.600000000000023	0.548963331222799	reused_previous_run
0.0001	20.700000000000024	0.5553856610758517	reused_previous_run
0.0001	20.800000000000026	0.5618831258575883	reused_previous_run
0.0001	20.900000000000027	0.5684566045726124	reused_previous_run
0.0001	21.00000000000003	0.5751069865090154	reused_previous_run
0.0001	21.10000000000003	0.5818351713586826	reused_previous_run
0.0001	21.20000000000003	0.5886420693390075	reused_previous_run
0.0001	21.300000000000033	0.5955286013160302	reused_previous_run
0.0001	21.400000000000034	0.6024956989290153	reused_previous_run
0.0001	21.500000000000036	0.6095443047164888	reused_previous_run
0.0001	21.600000000000037	0.6166753722437481	reused_previous_run
0.0001	21.70000000000004	0.6238898662318649	reused_previous_run
0.0001	21.80000000000004	0.6311887626881965	reused_previous_run
0.0001	21.90000000000004	0.6385730490384238	reused_previous_run
0.0001	22.000000000000043	0.6460437242601355	reused_previous_run
0.0001	22.100000000000044	0.6536017990179727	reused_previous_run
0.0001	22.200000000000045	0.661248295800357	reused_previous_run
0.0001	22.300000000000047	0.6689842490578167	reused_previous_run
0.0001	22.40000000000005	0.6768107053429313	reused_previous_run
0.0001	22.50000000000005	0.684728723451914	reused_previous_run
0.0001	22.60000000000005	0.6927393745678503	reused_previous_run
0.0001	22.700000000000053	0.7008437424056113	reused_previous_run
0.0001	22.800000000000054	0.7090429233584645	reused_previous_run
0.0001	22.900000000000055	0.7173380266463976	reused_previous_run
0.0001	23.000000000000057	0.7257301744661786	reused_previous_run
0.0001	23.10000000000006	0.7342205021431719	reused_previous_run
0.0001	23.20000000000006	0.7428101582849294	reused_previous_run
0.0001	23.30000000000006	0.7515003049365789	reused_previous_run
0.0001	23.400000000000063	0.7602921177380312	reused_previous_run
0.0001	23.500000000000064	0.7691867860830248	reused_previous_run
0.0001	23.600000000000065	0.7781855132800329	reused_previous_run
0.0001	23.700000000000067	0.7872895167150514	reused_previous_run
0.0001	23.800000000000068	0.7965000280162926	reused_previous_run
0.0001	23.90000000000007	0.8058182932208047	reused_previous_run
0.0001	24.0	0.8152455729430345	reused_previous_run
0.00031622776601683794	0.0	0.05	reused_previous_run
0.00031622776601683794	0.1	0.050584950714171316	reused_previous_run
0.00031622776601683794	0.2	0.05117674477510282	reused_previous_run
0.00031622776601683794	0.30000000000000004	0.051775462243206005	reused_previous_run
0.00031622776601683794	0.4	0.05238118411552027	reused_previous_run
0.00031622776601683794	0.5	0.05299399233667053	reused_previous_run
0.00031622776601683794	0.6	0.05361396980995302	reused_previous_run
0.00031622776601683794	0.7	0.05424120040855084	reused_previous_run
0.00031622776601683794	0.7999999999999999	0.054875768986880666	reused_previous_run
0.00031622776601683794	0.8999999999999999	0.055517761392072186	reused_previous_run
0.00031622776601683794	0.9999999999999999	0.056167264475581895	reused_previous_run
0.00031622776601683794	1.0999999999999999	0.05682436610494271	reused_previous_run
0.00031622776601683794	1.2	0.05748915517565108	reused_previous_run
0.00031622776601683794	1.3	0.05816172162319313	reused_previous_run
0.00031622776601683794	1.4000000000000001	0.058842156435211526	reused_previous_run
0.00031622776601683794	1.5000000000000002	0.05953055166381467	reused_previous_run
0.00031622776601683794	1.6000000000000003	0.060227000438029886	reused_previous_run
0.00031622776601683794	1.7000000000000004	0.06093159697640232	reused_previous_run
0.00031622776601683794	1.8000000000000005	0.061644436599741226	reused_previous_run
0.00031622776601683794	1.9000000000000006	0.06236561574401536	reused_previous_run
0.00031622776601683794	2.0000000000000004	0.06309523197339928	reused_previous_run
0.00031622776601683794	2.1000000000000005	0.06383338399347217	reused_previous_run
0.00031622776601683794	2.2000000000000006	0.06458017166457124	reused_previous_run
0.00031622776601683794	2.3000000000000007	0.06533569601530118	reused_previous_run
0.00031622776601683794	2.400000000000001	0.06610005925620178	reused_previous_run
0.00031622776601683794	2.500000000000001	0.06687336479357542	reused_previous_run
0.00031622776601683794	2.600000000000001	0.06765571724347623	reused_previous_run
0.00031622776601683794	2.700000000000001	0.06844722244586311	reused_previous_run
0.00031622776601683794	2.800000000000001	0.06924798747891812	reused_previous_run
0.00031622776601683794	2.9000000000000012	0.07005812067353251	reused_previous_run
0.00031622776601683794	3.0000000000000013	0.07087773162796217	reused_previous_run
0.00031622776601683794	3.1000000000000014	0.07170693122265455	reused_previous_run
0.00031622776601683794	3.2000000000000015	0.07254583163524905	reused_previous_run
0.00031622776601683794	3.3000000000000016	0.07339454635575288	reused_previous_run
0.00031622776601683794	3.4000000000000017	0.07425319020189443	reused_previous_run
0.00031622776601683794	3.5000000000000018	0.07512187933465636	reused_previous_run
0.00031622776601683794	3.600000000000002	0.07600073127399033	reused_previous_run
0.00031622776601683794	3.700000000000002	0.07688986491471558	reused_previous_run
0.00031622776601683794	3.800000000000002	0.07778940054260355	reused_previous_run
0.00031622776601683794	3.900000000000002	0.07869945985065065	reused_previous_run
0.00031622776601683794	4.000000000000002	0.07962016595554135	reused_previous_run
0.00031622776601683794	4.100000000000001	0.080551643414304	reused_previous_run
0.00031622776601683794	4.200000000000001	0.0814940182411614	reused_previous_run
0.00031622776601683794	4.300000000000001	0.08244741792457855	reused_previous_run
0.00031622776601683794	4.4	0.0834119714445098	reused_previous_run
0.00031622776601683794	4.5	0.08438780928984788	reused_previous_run
0.00031622776601683794	4.6	0.08537506347607686	reused_previous_run
0.00031622776601683794	4.699999999999999	0.08637386756313191	reused_previous_run
0.00031622776601683794	4.799999999999999	0.08738435667346776	reused_previous_run
0.00031622776601683794	4.899999999999999	0.08840666751033868	reused_previous_run
0.00031622776601683794	4.999999999999998	0.08944093837629226	reused_previous_run
0.00031622776601683794	5.099999999999998	0.09048730919187956	reused_previous_run
0.00031622776601683794	5.1999999999999975	0.09154592151458417	reused_previous_run
0.00031622776601683794	5.299999999999997	0.09261691855797272	reused_previous_run
0.00031622776601683794	5.399999999999997	0.09370044521106936	reused_previous_run
0.00031622776601683794	5.4999999999999964	0.09479664805795707	reused_previous_run
0.00031622776601683794	5.599999999999996	0.09590567539760804	reused_previous_run
0.00031622776601683794	5.699999999999996	0.0970276772639463	reused_previous_run
0.00031622776601683794	5.799999999999995	0.09816280544614489	reused_previous_run
0.00031622776601683794	5.899999999999995	0.09931121350916054	reused_previous_run
0.00031622776601683794	5.999999999999995	0.1004730568145086	reused_previous_run
0.00031622776601683794	6.099999999999994	0.10164849254128104	reused_previous_run
0.00031622776601683794	6.199999999999994	0.10283767970741024	reused_previous_run
0.00031622776601683794	6.299999999999994	0.10404077919118165	reused_previous_run
0.00031622776601683794	6.399999999999993	0.1052579537529981	reused_previous_run
0.00031622776601683794	6.499999999999993	0.10648936805739864	reused_previous_run
0.00031622776601683794	6.5999999999999925	0.10773518869533519	reused_previous_run
0.00031622776601683794	6.699999999999992	0.10899558420670954	reused_previous_run
0.00031622776601683794	6.799999999999992	0.11027072510317423	reused_previous_run
0.00031622776601683794	6.8999999999999915	0.11156078389120004	reused_previous_run
0.00031622776601683794	6.999999999999991	0.11286593509541343	reused_previous_run
0.00031622776601683794	7.099999999999991	0.11418635528220694	reused_previous_run
0.00031622776601683794	7.19999999999999	0.11552222308362586	reused_previous_run
0.00031622776601683794	7.29999999999999	0.11687371922153436	reused_previous_run
0.00031622776601683794	7.39999999999999	0.11824102653206425	reused_previous_run
0.00031622776601683794	7.499999999999989	0.11962432999034986	reused_previous_run
0.00031622776601683794	7.599999999999989	0.12102381673555226	reused_previous_run
0.00031622776601683794	7.699999999999989	0.12243967609617626	reused_previous_run
0.00031622776601683794	7.799999999999988	0.12387209961568352	reused_previous_run
0.00031622776601683794	7.899999999999988	0.1253212810784054	reused_previous_run
0.00031622776601683794	7.999999999999988	0.12678741653575895	reused_previous_run
0.00031622776601683794	8.099999999999987	0.12827070433276952	reused_previous_run
0.00031622776601683794	8.199999999999987	0.12977134513490374	reused_previous_run
0.00031622776601683794	8.299999999999986	0.13128954195521642	reused_previous_run
0.00031622776601683794	8.399999999999986	0.132825500181815	reused_previous_run
0.00031622776601683794	8.499999999999986	0.13437942760564528	reused_previous_run
0.00031622776601683794	8.599999999999985	0.13595153444860236	reused_previous_run
0.00031622776601683794	8.699999999999985	0.1375420333919703	reused_previous_run
0.00031622776601683794	8.799999999999985	0.13915113960519446	reused_previous_run
0.00031622776601683794	8.899999999999984	0.14077907077499066	reused_previous_run
0.00031622776601683794	8.999999999999984	0.14242604713479476	reused_previous_run
0.00031622776601683794	9.099999999999984	0.14409229149455666	reused_previous_run
0.00031622776601683794	9.199999999999983	0.1457780292708831	reused_previous_run
0.00031622776601683794	9.299999999999983	0.1474834885175329	reused_previous_run
0.00031622776601683794	9.399999999999983	0.14920889995626907	reused_previous_run
0.00031622776601683794	9.499999999999982	0.1509544970080718	reused_previous_run
0.00031622776601683794	9.599999999999982	0.15272051582471666	reused_previous_run
0.00031622776601683794	9.699999999999982	0.15450719532072224	reused_previous_run
0.00031622776601683794	9.799999999999981	0.1563147772056715	reused_previous_run
0.00031622776601683794	9.89999999999998	0.15814350601691124	reused_previous_run
0.00031622776601683794	9.99999999999998	0.1599936291526342	reused_previous_run
0.00031622776601683794	10.09999999999998	0.1618653969053481	reused_previous_run
0.00031622776601683794	10.19999999999998	0.16375906249573624	reused_previous_run
0.00031622776601683794	10.29999999999998	0.16567488210691436	reused_previous_run
0.00031622776601683794	10.399999999999979	0.16761311491908812	reused_previous_run
0.00031622776601683794	10.499999999999979	0.16957402314461612	reused_previous_run
0.00031622776601683794	10.599999999999978	0.17155787206348305	reused_previous_run
0.00031622776601683794	10.699999999999978	0.17356493005918797	reused_previous_run
0.00031622776601683794	10.799999999999978	0.1755954686550523	reused_previous_run
0.00031622776601683794	10.899999999999977	0.1776497625509527	reused_previous_run
0.00031622776601683794	10.999999999999977	0.17972808966048356	reused_previous_run
0.00031622776601683794	11.099999999999977	0.18183073114855447	reused_previous_run
0.00031622776601683794	11.199999999999976	0.18395797146942724	reused_previous_run
0.00031622776601683794	11.299999999999976	0.1861100984051982	reused_previous_run
0.00031622776601683794	11.399999999999975	0.1882874031047305	reused_previous_run
0.00031622776601683794	11.499999999999975	0.19049018012304197	reused_previous_run
0.00031622776601683794	11.599999999999975	0.1927187274611539	reused_previous_run
0.00031622776601683794	11.699999999999974	0.19497334660640567	reused_previous_run
0.00031622776601683794	11.799999999999974	0.19725434257324143	reused_previous_run
0.00031622776601683794	11.899999999999974	0.19956202394447364	reused_previous_run
0.00031622776601683794	11.999999999999973	0.2018967029130295	reused_previous_run
0.00031622776601683794	12.099999999999973	0.2042586953241857	reused_previous_run
0.00031622776601683794	12.199999999999973	0.20664832071829736	reused_previous_run
0.00031622776601683794	12.299999999999972	0.20906590237402678	reused_previous_run
0.00031622776601683794	12.399999999999972	0.21151176735207794	reused_previous_run
0.00031622776601683794	12.499999999999972	0.21398624653944265	reused_previous_run
0.00031622776601683794	12.599999999999971	0.21648967469416436	reused_previous_run
0.00031622776601683794	12.69999999999997	0.2190223904906257	reused_previous_run
0.00031622776601683794	12.79999999999997	0.2215847365653657	reused_previous_run
0.00031622776601683794	12.89999999999997	0.22417705956343317	reused_previous_run
0.00031622776601683794	12.99999999999997	0.22679971018528228	reused_previous_run
0.00031622776601683794	13.09999999999997	0.22945304323421684	reused_previous_run
0.00031622776601683794	13.199999999999969	0.23213741766438956	reused_previous_run
0.00031622776601683794	13.299999999999969	0.23485319662936294	reused_previous_run
0.00031622776601683794	13.399999999999968	0.23760074753123817	reused_previous_run
0.00031622776601683794	13.499999999999968	0.24038044207035889	reused_previous_run
0.00031622776601683794	13.599999999999968	0.24319265629559633	reused_previous_run
0.00031622776601683794	13.699999999999967	0.2460377706552229	reused_previous_run
0.00031622776601683794	13.799999999999967	0.2489161700483807	reused_previous_run
0.00031622776601683794	13.899999999999967	0.25182824387715247	reused_previous_run
0.00031622776601683794	13.999999999999966	0.2547743860992414	reused_previous_run
0.00031622776601683794	14.099999999999966	0.2577549952812676	reused_previous_run
0.00031622776601683794	14.199999999999966	0.26077047465268766	reused_previous_run
0.00031622776601683794	14.299999999999965	0.2638212321603453	reused_previous_run
0.00031622776601683794	14.399999999999965	0.2669076805236603	reused_previous_run
0.00031622776601683794	14.499999999999964	0.2700302372904628	reused_previous_run
0.00031622776601683794	14.599999999999964	0.27318932489348097	reused_previous_run
0.00031622776601683794	14.699999999999964	0.27638537070748936	reused_previous_run
0.00031622776601683794	14.799999999999963	0.27961880710712633	reused_previous_run
0.00031622776601683794	14.899999999999963	0.2828900715253872	reused_previous_run
0.00031622776601683794	14.999999999999963	0.2861996065128022	reused_previous_run
0.00031622776601683794	15.099999999999962	0.28954785979730646	reused_previous_run
0.00031622776601683794	15.199999999999962	0.29293528434481064	reused_previous_run
0.00031622776601683794	15.299999999999962	0.2963623384204801	reused_previous_run
0.00031622776601683794	15.399999999999961	0.2998294856507309	reused_previous_run
0.00031622776601683794	15.499999999999961	0.3033371950859512	reused_previous_run
0.00031622776601683794	15.59999999999996	0.3068859412639562	reused_previous_run
0.00031622776601683794	15.69999999999996	0.31047620427418593	reused_previous_run
0.00031622776601683794	15.79999999999996	0.3141084698226536	reused_previous_run
0.00031622776601683794	15.89999999999996	0.317783229297654	reused_previous_run
0.00031622776601683794	15.99999999999996	0.3215009798362406	reused_previous_run
0.00031622776601683794	16.09999999999996	0.32526222439148034	reused_previous_run
0.00031622776601683794	16.19999999999996	0.3290674718004953	reused_previous_run
0.00031622776601683794	16.29999999999996	0.33291723685330027	reused_previous_run
0.00031622776601683794	16.399999999999963	0.33681204036244583	reused_previous_run
0.00031622776601683794	16.499999999999964	0.34075240923347605	reused_previous_run
0.00031622776601683794	16.599999999999966	0.3447388765362104	reused_previous_run
0.00031622776601683794	16.699999999999967	0.34877198157685985	reused_previous_run
0.00031622776601683794	16.79999999999997	0.3528522699709864	reused_previous_run
0.00031622776601683794	16.89999999999997	0.3569802937173164	reused_previous_run
0.00031622776601683794	16.99999999999997	0.361156611272417	reused_previous_run
0.00031622776601683794	17.099999999999973	0.36538178762624685	reused_previous_run
0.00031622776601683794	17.199999999999974	0.36965639437859016	reused_previous_run
0.00031622776601683794	17.299999999999976	0.37398100981638516	reused_previous_run
0.00031622776601683794	17.399999999999977	0.37835621899195726	reused_previous_run
0.00031622776601683794	17.49999999999998	0.3827826138021673	reused_previous_run
0.00031622776601683794	17.59999999999998	0.38726079306848615	reused_previous_run
0.00031622776601683794	17.69999999999998	0.39179136261800535	reused_previous_run
0.00031622776601683794	17.799999999999983	0.3963749353653964	reused_previous_run
0.00031622776601683794	17.899999999999984	0.40101213139582836	reused_previous_run
0.00031622776601683794	17.999999999999986	0.4057035780488554	reused_previous_run
0.00031622776601683794	18.099999999999987	0.41044991000328607	reused_previous_run
0.00031622776601683794	18.19999999999999	0.41525176936304553	reused_previous_run
0.00031622776601683794	18.29999999999999	0.42010980574404183	reused_previous_run
0.00031622776601683794	18.39999999999999	0.4250246763620488	reused_previous_run
0.00031622776601683794	18.499999999999993	0.4299970461216171	reused_previous_run
0.00031622776601683794	18.599999999999994	0.435027587706025	reused_previous_run
0.00031622776601683794	18.699999999999996	0.4401169816682823	reused_previous_run
0.00031622776601683794	18.799999999999997	0.44526591652319797	reused_previous_run
0.00031622776601683794	18.9	0.4504750888405258	reused_previous_run
0.00031622776601683794	19.0	0.4557452033391988	reused_previous_run
0.00031622776601683794	19.1	0.46107697298266714	reused_previous_run
0.00031622776601683794	19.200000000000003	0.4664711190753503	reused_previous_run
0.00031622776601683794	19.300000000000004	0.4719283713602187	reused_previous_run
0.00031622776601683794	19.400000000000006	0.477449468117516	reused_previous_run
0.00031622776601683794	19.500000000000007	0.4830351562646371	reused_previous_run
0.00031622776601683794	19.60000000000001	0.4886861914571742	reused_previous_run
0.00031622776601683794	19.70000000000001	0.49440333819114485	reused_previous_run
0.00031622776601683794	19.80000000000001	0.5001873699064167	reused_previous_run
0.00031622776601683794	19.900000000000013	0.5060390690913412	reused_previous_run
0.00031622776601683794	20.000000000000014	0.5119592273886125	reused_previous_run
0.00031622776601683794	20.100000000000016	0.5179486457023638	reused_previous_run
0.00031622776601683794	20.200000000000017	0.524008134306517	reused_previous_run
0.00031622776601683794	20.30000000000002	0.5301385129544005	reused_previous_run
0.00031622776601683794	20.40000000000002	0.5363406109896485	reused_previous_run
0.00031622776601683794	20.50000000000002	0.5426152674583979	reused_previous_run
0.00031622776601683794	20.600000000000023	0.548963331222799	reused_previous_run
0.00031622776601683794	20.700000000000024	0.5553856610758517	reused_previous_run
0.00031622776601683794	20.800000000000026	0.5618831258575883	reused_previous_run
0.00031622776601683794	20.900000000000027	0.5684566045726124	reused_previous_run
0.00031622776601683794	21.00000000000003	0.5751069865090154	reused_previous_run
0.00031622776601683794	21.10000000000003	0.5818351713586826	reused_previous_run
0.00031622776601683794	21.20000000000003	0.5886420693390075	reused_previous_run
0.00031622776601683794	21.300000000000033	0.5955286013160302	reused_previous_run
0.00031622776601683794	21.400000000000034	0.6024956989290153	reused_previous_run
0.00031622776601683794	21.500000000000036	0.6095443047164888	reused_previous_run
0.00031622776601683794	21.600000000000037	0.6166753722437481	reused_previous_run
0.00031622776601683794	21.70000000000004	0.6238898662318649	reused_previous_run
0.00031622776601683794	21.80000000000004	0.6311887626881965	reused_previous_run
0.00031622776601683794	21.90000000000004	0.6385730490384238	reused_previous_run
0.00031622776601683794	22.000000000000043	0.6460437242601355	reused_previous_run
0.00031622776601683794	22.100000000000044	0.6536017990179727	reused_previous_run
0.00031622776601683794	22.200000000000045	0.661248295800357	reused_previous_run
0.00031622776601683794	22.300000000000047	0.6689842490578167	reused_previous_run
0.00031622776601683794	22.40000000000005	0.6768107053429313	reused_previous_run
0.00031622776601683794	22.50000000000005	0.684728723451914	reused_previous_run
0.00031622776601683794	22.60000000000005	0.6927393745678503	reused_previous_run
0.00031622776601683794	22.700000000000053	0.7008437424056113	reused_previous_run
0.00031622776601683794	22.800000000000054	0.7090429233584645	reused_previous_run
0.00031622776601683794	22.900000000000055	0.7173380266463976	reused_previous_run
0.00031622776601683794	23.000000000000057	0.7257301744661786	reused_previous_run
0.00031622776601683794	23.10000000000006	0.7342205021431719	reused_previous_run
0.00031622776601683794	23.20000000000006	0.7428101582849294	reused_previous_run
0.00031622776601683794	23.30000000000006	0.7515003049365789	reused_previous_run
0.00031622776601683794	23.400000000000063	0.7602921177380312	reused_previous_run
0.00031622776601683794	23.500000000000064	0.7691867860830248	reused_previous_run
0.00031622776601683794	23.600000000000065	0.7781855132800329	reused_previous_run
0.00031622776601683794	23.700000000000067	0.7872895167150514	reused_previous_run
0.00031622776601683794	23.800000000000068	0.7965000280162926	reused_previous_run
0.00031622776601683794	23.90000000000007	0.8058182932208047	reused_previous_run
0.00031622776601683794	24.0	0.8152455729430345	reused_previous_run
0.001	0.0	0.05	reused_previous_run
0.001	0.1	0.050584950714171316	reused_previous_run
0.001	0.2	0.051176744775102825	reused_previous_run
0.001	0.30000000000000004	0.05177546224320602	reused_previous_run
0.001	0.4	0.052381184115520285	reused_previous_run
0.001	0.5	0.05299399233667054	reused_previous_run
0.001	0.6	0.05361396980995303	reused_previous_run
0.001	0.7	0.05424120040855086	reused_previous_run
0.001	0.7999999999999999	0.05487576898688069	reused_previous_run
0.001	0.8999999999999999	0.05551776139207221	reused_previous_run
0.001	0.9999999999999999	0.056167264475581916	reused_previous_run
0.001	1.0999999999999999	0.05682436610494273	reused_previous_run
0.001	1.2	0.0574891551756511	reused_previous_run
0.001	1.3	0.05816172162319315	reused_previous_run
0.001	1.4000000000000001	0.058842156435211554	reused_previous_run
0.001	1.5000000000000002	0.0595305516638147	reused_previous_run
0.001	1.6000000000000003	0.060227000438029914	reused_previous_run
0.001	1.7000000000000004	0.060931596976402345	reused_previous_run
0.001	1.8000000000000005	0.061644436599741254	reused_previous_run
0.001	1.9000000000000006	0.0623656157440154	reused_previous_run
0.001	2.0000000000000004	0.06309523197339931	reused_previous_run
0.001	2.1000000000000005	0.0638333839934722	reused_previous_run
0.001	2.2000000000000006	0.06458017166457126	reused_previous_run
0.001	2.3000000000000007	0.0653356960153012	reused_previous_run
0.001	2.400000000000001	0.06610005925620181	reused_previous_run
0.001	2.500000000000001	0.06687336479357545	reused_previous_run
0.001	2.600000000000001	0.06765571724347626	reused_previous_run
0.001	2.700000000000001	0.06844722244586314	reused_previous_run
0.001	2.800000000000001	0.06924798747891815	reused_previous_run
0.001	2.9000000000000012	0.07005812067353254	reused_previous_run
0.001	3.0000000000000013	0.0708777316279622	reused_previous_run
0.001	3.1000000000000014	0.07170693122265458	reused_previous_run
0.001	3.2000000000000015	0.07254583163524908	reused_previous_run
0.001	3.3000000000000016	0.0733945463557529	reused_previous_run
0.001	3.4000000000000017	0.07425319020189446	reused_previous_run
0.001	3.5000000000000018	0.07512187933465639	reused_previous_run
0.001	3.600000000000002	0.07600073127399036	reused_previous_run
0.001	3.700000000000002	0.07688986491471562	reused_previous_run
0.001	3.800000000000002	0.07778940054260361	reused_previous_run
0.001	3.900000000000002	0.0786994598506507	reused_previous_run
0.001	4.000000000000002	0.0796201659555414	reused_previous_run
0.001	4.100000000000001	0.08055164341430406	reused_previous_run
0.001	4.200000000000001	0.08149401824116147	reused_previous_run
0.001	4.300000000000001	0.08244741792457862	reused_previous_run
0.001	4.4	0.08341197144450987	reused_previous_run
0.001	4.5	0.08438780928984795	reused_previous_run
0.001	4.6	0.08537506347607693	reused_previous_run
0.001	4.699999999999999	0.08637386756313198	reused_previous_run
0.001	4.799999999999999	0.08738435667346783	reused_previous_run
0.001	4.899999999999999	0.08840666751033875	reused_previous_run
0.001	4.999999999999998	0.08944093837629233	reused_previous_run
0.001	5.099999999999998	0.09048730919187963	reused_previous_run
0.001	5.1999999999999975	0.09154592151458424	reused_previous_run
0.001	5.299999999999997	0.09261691855797279	reused_previous_run
0.001	5.399999999999997	0.09370044521106945	reused_previous_run
0.001	5.4999999999999964	0.09479664805795715	reused_previous_run
0.001	5.599999999999996	0.09590567539760812	reused_previous_run
0.001	5.699999999999996	0.09702767726394639	reused_previous_run
0.001	5.799999999999995	0.09816280544614497	reused_previous_run
0.001	5.899999999999995	0.09931121350916063	reused_previous_run
0.001	5.999999999999995	0.1004730568145087	reused_previous_run
0.001	6.099999999999994	0.10164849254128114	reused_previous_run
0.001	6.199999999999994	0.10283767970741034	reused_previous_run
0.001	6.299999999999994	0.10404077919118175	reused_previous_run
0.001	6.399999999999993	0.10525795375299819	reused_previous_run
0.001	6.499999999999993	0.10648936805739874	reused_previous_run
0.001	6.5999999999999925	0.10773518869533528	reused_previous_run
0.001	6.699999999999992	0.10899558420670964	reused_previous_run
0.001	6.799999999999992	0.11027072510317433	reused_previous_run
0.001	6.8999999999999915	0.11156078389120014	reused_previous_run
0.001	6.999999999999991	0.11286593509541352	reused_previous_run
0.001	7.099999999999991	0.11418635528220704	reused_previous_run
0.001	7.19999999999999	0.11552222308362597	reused_previous_run
0.001	7.29999999999999	0.11687371922153447	reused_previous_run
0.001	7.39999999999999	0.11824102653206436	reused_previous_run
0.001	7.499999999999989	0.11962432999034997	reused_previous_run
0.001	7.599999999999989	0.12102381673555238	reused_previous_run
0.001	7.699999999999989	0.12243967609617637	reused_previous_run
0.001	7.799999999999988	0.12387209961568363	reused_previous_run
0.001	7.899999999999988	0.1253212810784055	reused_previous_run
0.001	7.999999999999988	0.12678741653575906	reused_previous_run
0.001	8.099999999999987	0.12827070433276963	reused_previous_run
0.001	8.199999999999987	0.12977134513490385	reused_previous_run
0.001	8.299999999999986	0.13128954195521653	reused_previous_run
0.001	8.399999999999986	0.1328255001818151	reused_previous_run
0.001	8.499999999999986	0.1343794276056454	reused_previous_run
0.001	8.599999999999985	0.1359515344486025	reused_previous_run
0.001	8.699999999999985	0.13754203339197044	reused_previous_run
0.001	8.799999999999985	0.1391511396051946	reused_previous_run
0.001	8.899999999999984	0.14077907077499083	reused_previous_run
0.001	8.999999999999984	0.14242604713479493	reused_previous_run
0.001	9.099999999999984	0.14409229149455685	reused_previous_run
0.001	9.199999999999983	0.1457780292708833	reused_previous_run
0.001	9.299999999999983	0.1474834885175331	reused_previous_run
0.001	9.399999999999983	0.14920889995626926	reused_previous_run
0.001	9.499999999999982	0.15095449700807198	reused_previous_run
0.001	9.599999999999982	0.15272051582471685	reused_previous_run
0.001	9.699999999999982	0.15450719532072243	reused_previous_run
0.001	9.799999999999981	0.15631477720567172	reused_previous_run
0.001	9.89999999999998	0.15814350601691146	reused_previous_run
0.001	9.99999999999998	0.15999362915263443	reused_previous_run
0.001	10.09999999999998	0.16186539690534832	reused_previous_run
0.001	10.19999999999998	0.16375906249573646	reused_previous_run
0.001	10.29999999999998	0.16567488210691458	reused_previous_run
0.001	10.399999999999979	0.16761311491908834	reused_previous_run
0.001	10.499999999999979	0.16957402314461634	reused_previous_run
0.001	10.599999999999978	0.17155787206348327	reused_previous_run
0.001	10.699999999999978	0.1735649300591882	reused_previous_run
0.001	10.799999999999978	0.17559546865505252	reused_previous_run
0.001	10.899999999999977	0.1776497625509529	reused_previous_run
0.001	10.999999999999977	0.17972808966048381	reused_previous_run
0.001	11.099999999999977	0.18183073114855475	reused_previous_run
0.001	11.199999999999976	0.18395797146942755	reused_previous_run
0.001	11.299999999999976	0.18611009840519852	reused_previous_run
0.001	11.399999999999975	0.1882874031047308	reused_previous_run
0.001	11.499999999999975	0.19049018012304228	reused_previous_run
0.001	11.599999999999975	0.1927187274611542	reused_previous_run
0.001	11.699999999999974	0.194973346606406	reused_previous_run
0.001	11.799999999999974	0.1972543425732418	reused_previous_run
0.001	11.899999999999974	0.199562023944474	reused_previous_run
0.001	11.999999999999973	0.20189670291302986	reused_previous_run
0.001	12.099999999999973	0.20425869532418608	reused_previous_run
0.001	12.199999999999973	0.20664832071829775	reused_previous_run
0.001	12.299999999999972	0.20906590237402717	reused_previous_run
0.001	12.399999999999972	0.21151176735207833	reused_previous_run
0.001	12.499999999999972	0.21398624653944304	reused_previous_run
0.001	12.599999999999971	0.21648967469416477	reused_previous_run
0.001	12.69999999999997	0.21902239049062613	reused_previous_run
0.001	12.79999999999997	0.22158473656536615	reused_previous_run
0.001	12.89999999999997	0.22417705956343362	reused_previous_run
0.001	12.99999999999997	0.22679971018528275	reused_previous_run
0.001	13.09999999999997	0.2294530432342173	reused_previous_run
0.001	13.199999999999969	0.23213741766439006	reused_previous_run
0.001	13.299999999999969	0.23485319662936346	reused_previous_run
0.001	13.399999999999968	0.23760074753123872	reused_previous_run
0.001	13.499999999999968	0.24038044207035944	reused_previous_run
0.001	13.599999999999968	0.24319265629559692	reused_previous_run
0.001	13.699999999999967	0.2460377706552235	reused_previous_run
0.001	13.799999999999967	0.24891617004838132	reused_previous_run
0.001	13.899999999999967	0.2518282438771531	reused_previous_run
0.001	13.999999999999966	0.2547743860992421	reused_previous_run
0.001	14.099999999999966	0.2577549952812683	reused_previous_run
0.001	14.199999999999966	0.2607704746526883	reused_previous_run
0.001	14.299999999999965	0.263821232160346	reused_previous_run
0.001	14.399999999999965	0.266907680523661	reused_previous_run
0.001	14.499999999999964	0.2700302372904635	reused_previous_run
0.001	14.599999999999964	0.27318932489348163	reused_previous_run
0.001	14.699999999999964	0.2763853707074901	reused_previous_run
0.001	14.799999999999963	0.2796188071071271	reused_previous_run
0.001	14.899999999999963	0.28289007152538803	reused_previous_run
0.001	14.999999999999963	0.286199606512803	reused_previous_run
0.001	15.099999999999962	0.2895478597973073	reused_previous_run
0.001	15.199999999999962	0.29293528434481153	reused_previous_run
0.001	15.299999999999962	0.29636233842048104	reused_previous_run
0.001	15.399999999999961	0.29982948565073186	reused_previous_run
0.001	15.499999999999961	0.30333719508595214	reused_previous_run
0.001	15.59999999999996	0.3068859412639572	reused_previous_run
0.001	15.69999999999996	0.31047620427418693	reused_previous_run
0.001	15.79999999999996	0.3141084698226546	reused_previous_run
0.001	15.89999999999996	0.317783229297655	reused_previous_run
0.001	15.99999999999996	0.3215009798362416	reused_previous_run
0.001	16.09999999999996	0.32526222439148134	reused_previous_run
0.001	16.19999999999996	0.3290674718004963	reused_previous_run
0.001	16.29999999999996	0.33291723685330127	reused_previous_run
0.001	16.399999999999963	0.3368120403624469	reused_previous_run
0.001	16.499999999999964	0.3407524092334771	reused_previous_run
0.001	16.599999999999966	0.3447388765362115	reused_previous_run
0.001	16.699999999999967	0.34877198157686096	reused_previous_run
0.001	16.79999999999997	0.35285226997098756	reused_previous_run
0.001	16.89999999999997	0.35698029371731754	reused_previous_run
0.001	16.99999999999997	0.36115661127241816	reused_previous_run
0.001	17.099999999999973	0.365381787626248	reused_previous_run
0.001	17.199999999999974	0.3696563943785913	reused_previous_run
0.001	17.299999999999976	0.3739810098163863	reused_previous_run
0.001	17.399999999999977	0.3783562189919584	reused_previous_run
0.001	17.49999999999998	0.38278261380216855	reused_previous_run
0.001	17.59999999999998	0.3872607930684874	reused_previous_run
0.001	17.69999999999998	0.3917913626180066	reused_previous_run
0.001	17.799999999999983	0.39637493536539775	reused_previous_run
0.001	17.899999999999984	0.4010121313958297	reused_previous_run
0.001	17.999999999999986	0.40570357804885676	reused_previous_run
0.001	18.099999999999987	0.4104499100032875	reused_previous_run
0.001	18.19999999999999	0.41525176936304703	reused_previous_run
0.001	18.29999999999999	0.4201098057440434	reused_previous_run
0.001	18.39999999999999	0.4250246763620504	reused_previous_run
0.001	18.499999999999993	0.42999704612161865	reused_previous_run
0.001	18.599999999999994	0.4350275877060266	reused_previous_run
0.001	18.699999999999996	0.44011698166828395	reused_previous_run
0.001	18.799999999999997	0.4452659165231997	reused_previous_run
0.001	18.9	0.4504750888405275	reused_previous_run
0.001	19.0	0.4557452033392006	reused_previous_run
0.001	19.1	0.4610769729826689	reused_previous_run
0.001	19.200000000000003	0.46647111907535216	reused_previous_run
0.001	19.300000000000004	0.4719283713602206	reused_previous_run
0.001	19.400000000000006	0.47744946811751793	reused_previous_run
0.001	19.500000000000007	0.48303515626463905	reused_previous_run
0.001	19.60000000000001	0.4886861914571761	reused_previous_run
0.001	19.70000000000001	0.49440333819114685	reused_previous_run
0.001	19.80000000000001	0.5001873699064188	reused_previous_run
0.001	19.900000000000013	0.5060390690913434	reused_previous_run
0.001	20.000000000000014	0.5119592273886149	reused_previous_run
0.001	20.100000000000016	0.5179486457023662	reused_previous_run
0.001	20.200000000000017	0.5240081343065195	reused_previous_run
0.001	20.30000000000002	0.5301385129544031	reused_previous_run
0.001	20.40000000000002	0.536340610989651	reused_previous_run
0.001	20.50000000000002	0.5426152674584005	reused_previous_run
0.001	20.600000000000023	0.5489633312228015	reused_previous_run
0.001	20.700000000000024	0.5553856610758543	reused_previous_run
0.001	20.800000000000026	0.5618831258575909	reused_previous_run
0.001	20.900000000000027	0.5684566045726152	reused_previous_run
0.001	21.00000000000003	0.5751069865090181	reused_previous_run
0.001	21.10000000000003	0.5818351713586855	reused_previous_run
0.001	21.20000000000003	0.5886420693390105	reused_previous_run
0.001	21.300000000000033	0.5955286013160332	reused_previous_run
0.001	21.400000000000034	0.6024956989290184	reused_previous_run
0.001	21.500000000000036	0.6095443047164919	reused_previous_run
0.001	21.600000000000037	0.6166753722437514	reused_previous_run
0.001	21.70000000000004	0.6238898662318683	reused_previous_run
0.001	21.80000000000004	0.6311887626881998	reused_previous_run
0.001	21.90000000000004	0.6385730490384273	reused_previous_run
0.001	22.000000000000043	0.6460437242601389	reused_previous_run
0.001	22.100000000000044	0.6536017990179762	reused_previous_run
0.001	22.200000000000045	0.6612482958003607	reused_previous_run
0.001	22.300000000000047	0.6689842490578204	reused_previous_run
0.001	22.40000000000005	0.6768107053429351	reused_previous_run
0.001	22.50000000000005	0.6847287234519179	reused_previous_run
0.001	22.60000000000005	0.6927393745678542	reused_previous_run
0.001	22.700000000000053	0.7008437424056153	reused_previous_run
0.001	22.800000000000054	0.7090429233584685	reused_previous_run
0.001	22.900000000000055	0.7173380266464016	reused_previous_run
0.001	23.000000000000057	0.7257301744661827	reused_previous_run
0.001	23.10000000000006	0.734220502143176	reused_previous_run
0.001	23.20000000000006	0.7428101582849335	reused_previous_run
0.001	23.30000000000006	0.751500304936583	reused_previous_run
0.001	23.400000000000063	0.7602921177380354	reused_previous_run
0.001	23.500000000000064	0.7691867860830292	reused_previous_run
0.001	23.600000000000065	0.7781855132800373	reused_previous_run
0.001	23.700000000000067	0.7872895167150559	reused_previous_run
0.001	23.800000000000068	0.7965000280162972	reused_previous_run
0.001	23.90000000000007	0.8058182932208092	reused_previous_run
0.001	24.0	0.8152455729430391	reused_previous_run
0.0031622776601683794	0.0	0.05	reused_previous_run
0.0031622776601683794	0.1	0.050584950714171316	reused_previous_run
0.0031622776601683794	0.2	0.05117674477510282	reused_previous_run
0.0031622776601683794	0.30000000000000004	0.051775462243206005	reused_previous_run
0.0031622776601683794	0.4	0.05238118411552027	reused_previous_run
0.0031622776601683794	0.5	0.05299399233667052	reused_previous_run
0.0031622776601683794	0.6	0.05361396980995301	reused_previous_run
0.0031622776601683794	0.7	0.054241200408550835	reused_previous_run
0.0031622776601683794	0.7999999999999999	0.05487576898688066	reused_previous_run
0.0031622776601683794	0.8999999999999999	0.05551776139207218	reused_previous_run
0.0031622776601683794	0.9999999999999999	0.05616726447558188	reused_previous_run
0.0031622776601683794	1.0999999999999999	0.056824366104942695	reused_previous_run
0.0031622776601683794	1.2	0.05748915517565106	reused_previous_run
0.0031622776601683794	1.3	0.058161721623193115	reused_previous_run
0.0031622776601683794	1.4000000000000001	0.05884215643521151	reused_previous_run
0.0031622776601683794	1.5000000000000002	0.05953055166381466	reused_previous_run
0.0031622776601683794	1.6000000000000003	0.06022700043802987	reused_previous_run
0.0031622776601683794	1.7000000000000004	0.060931596976402304	reused_previous_run
0.0031622776601683794	1.8000000000000005	0.061644436599741205	reused_previous_run
0.0031622776601683794	1.9000000000000006	0.06236561574401534	reused_previous_run
0.0031622776601683794	2.0000000000000004	0.06309523197339925	reused_previous_run
0.0031622776601683794	2.1000000000000005	0.06383338399347215	reused_previous_run
0.0031622776601683794	2.2000000000000006	0.06458017166457121	reused_previous_run
0.0031622776601683794	2.3000000000000007	0.06533569601530115	reused_previous_run
0.0031622776601683794	2.400000000000001	0.06610005925620176	reused_previous_run
0.0031622776601683794	2.500000000000001	0.06687336479357539	reused_previous_run
0.0031622776601683794	2.600000000000001	0.0676557172434762	reused_previous_run
0.0031622776601683794	2.700000000000001	0.06844722244586308	reused_previous_run
0.0031622776601683794	2.800000000000001	0.0692479874789181	reused_previous_run
0.0031622776601683794	2.9000000000000012	0.07005812067353248	reused_previous_run
0.0031622776601683794	3.0000000000000013	0.07087773162796214	reused_previous_run
0.0031622776601683794	3.1000000000000014	0.07170693122265452	reused_previous_run
0.0031622776601683794	3.2000000000000015	0.07254583163524903	reused_previous_run
0.0031622776601683794	3.3000000000000016	0.07339454635575283	reused_previous_run
0.0031622776601683794	3.4000000000000017	0.07425319020189437	reused_previous_run
0.0031622776601683794	3.5000000000000018	0.0751218793346563	reused_previous_run
0.0031622776601683794	3.600000000000002	0.07600073127399028	reused_previous_run
0.0031622776601683794	3.700000000000002	0.07688986491471553	reused_previous_run
0.0031622776601683794	3.800000000000002	0.0777894005426035	reused_previous_run
0.0031622776601683794	3.900000000000002	0.07869945985065059	reused_previous_run
0.0031622776601683794	4.000000000000002	0.07962016595554129	reused_previous_run
0.0031622776601683794	4.100000000000001	0.08055164341430394	reused_previous_run
0.0031622776601683794	4.200000000000001	0.08149401824116134	reused_previous_run
0.0031622776601683794	4.300000000000001	0.08244741792457849	reused_previous_run
0.0031622776601683794	4.4	0.08341197144450975	reused_previous_run
0.0031622776601683794	4.5	0.08438780928984782	reused_previous_run
0.0031622776601683794	4.6	0.0853750634760768	reused_previous_run
0.0031622776601683794	4.699999999999999	0.08637386756313185	reused_previous_run
0.0031622776601683794	4.799999999999999	0.08738435667346771	reused_previous_run
0.0031622776601683794	4.899999999999999	0.08840666751033863	reused_previous_run
0.0031622776601683794	4.999999999999998	0.08944093837629219	reused_previous_run
0.0031622776601683794	5.099999999999998	0.09048730919187949	reused_previous_run
0.0031622776601683794	5.1999999999999975	0.0915459215145841	reused_previous_run
0.0031622776601683794	5.299999999999997	0.09261691855797265	reused_previous_run
0.0031622776601683794	5.399999999999997	0.0937004452110693	reused_previous_run
0.0031622776601683794	5.4999999999999964	0.094796648057957	reused_previous_run
0.0031622776601683794	5.599999999999996	0.09590567539760797	reused_previous_run
0.0031622776601683794	5.699999999999996	0.09702767726394623	reused_previous_run
0.0031622776601683794	5.799999999999995	0.09816280544614482	reused_previous_run
0.0031622776601683794	5.899999999999995	0.09931121350916046	reused_previous_run
0.0031622776601683794	5.999999999999995	0.10047305681450852	reused_previous_run
0.0031622776601683794	6.099999999999994	0.10164849254128096	reused_previous_run
0.0031622776601683794	6.199999999999994	0.10283767970741016	reused_previous_run
0.0031622776601683794	6.299999999999994	0.10404077919118157	reused_previous_run
0.0031622776601683794	6.399999999999993	0.105257953752998	reused_previous_run
0.0031622776601683794	6.499999999999993	0.10648936805739855	reused_previous_run
0.0031622776601683794	6.5999999999999925	0.10773518869533509	reused_previous_run
0.0031622776601683794	6.699999999999992	0.10899558420670945	reused_previous_run
0.0031622776601683794	6.799999999999992	0.11027072510317414	reused_previous_run
0.0031622776601683794	6.8999999999999915	0.11156078389119994	reused_previous_run
0.0031622776601683794	6.999999999999991	0.11286593509541333	reused_previous_run
0.0031622776601683794	7.099999999999991	0.11418635528220683	reused_previous_run
0.0031622776601683794	7.19999999999999	0.11552222308362575	reused_previous_run
0.0031622776601683794	7.29999999999999	0.11687371922153425	reused_previous_run
0.0031622776601683794	7.39999999999999	0.11824102653206413	reused_previous_run
0.0031622776601683794	7.499999999999989	0.11962432999034973	reused_previous_run
0.0031622776601683794	7.599999999999989	0.12102381673555214	reused_previous_run
0.0031622776601683794	7.699999999999989	0.12243967609617613	reused_previous_run
0.0031622776601683794	7.799999999999988	0.12387209961568338	reused_previous_run
0.0031622776601683794	7.899999999999988	0.12532128107840526	reused_previous_run
0.0031622776601683794	7.999999999999988	0.1267874165357588	reused_previous_run
0.0031622776601683794	8.099999999999987	0.12827070433276938	reused_previous_run
0.0031622776601683794	8.199999999999987	0.1297713451349036	reused_previous_run
0.0031622776601683794	8.299999999999986	0.13128954195521628	reused_previous_run
0.0031622776601683794	8.399999999999986	0.13282550018181485	reused_previous_run
0.0031622776601683794	8.499999999999986	0.13437942760564514	reused_previous_run
0.0031622776601683794	8.599999999999985	0.13595153444860222	reused_previous_run
0.0031622776601683794	8.699999999999985	0.13754203339197013	reused_previous_run
0.0031622776601683794	8.799999999999985	0.1391511396051943	reused_previous_run
0.0031622776601683794	8.899999999999984	0.1407790707749905	reused_previous_run
0.0031622776601683794	8.999999999999984	0.1424260471347946	reused_previous_run
0.0031622776601683794	9.099999999999984	0.1440922914945565	reused_previous_run
0.0031622776601683794	9.199999999999983	0.14577802927088293	reused_previous_run
0.0031622776601683794	9.299999999999983	0.14748348851753273	reused_previous_run
0.0031622776601683794	9.399999999999983	0.14920889995626888	reused_previous_run
0.0031622776601683794	9.499999999999982	0.1509544970080716	reused_previous_run
0.0031622776601683794	9.599999999999982	0.15272051582471646	reused_previous_run
0.0031622776601683794	9.699999999999982	0.15450719532072205	reused_previous_run
0.0031622776601683794	9.799999999999981	0.1563147772056713	reused_previous_run
0.0031622776601683794	9.89999999999998	0.15814350601691105	reused_previous_run
0.0031622776601683794	9.99999999999998	0.159993629152634	reused_previous_run
0.0031622776601683794	10.09999999999998	0.16186539690534785	reused_previous_run
0.0031622776601683794	10.19999999999998	0.16375906249573596	reused_previous_run
0.0031622776601683794	10.29999999999998	0.16567488210691408	reused_previous_run
0.0031622776601683794	10.399999999999979	0.16761311491908784	reused_previous_run
0.0031622776601683794	10.499999999999979	0.1695740231446158	reused_previous_run
0.0031622776601683794	10.599999999999978	0.17155787206348272	reused_previous_run
0.0031622776601683794	10.699999999999978	0.17356493005918763	reused_previous_run
0.0031622776601683794	10.799999999999978	0.17559546865505196	reused_previous_run
0.0031622776601683794	10.899999999999977	0.17764976255095236	reused_previous_run
0.0031622776601683794	10.999999999999977	0.17972808966048323	reused_previous_run
0.0031622776601683794	11.099999999999977	0.18183073114855414	reused_previous_run
0.0031622776601683794	11.199999999999976	0.1839579714694269	reused_previous_run
0.0031622776601683794	11.299999999999976	0.18611009840519785	reused_previous_run
0.0031622776601683794	11.399999999999975	0.18828740310473013	reused_previous_run
0.0031622776601683794	11.499999999999975	0.1904901801230416	reused_previous_run
0.0031622776601683794	11.599999999999975	0.1927187274611535	reused_previous_run
0.0031622776601683794	11.699999999999974	0.19497334660640528	reused_previous_run
0.0031622776601683794	11.799999999999974	0.19725434257324104	reused_previous_run
0.0031622776601683794	11.899999999999974	0.19956202394447325	reused_previous_run
0.0031622776601683794	11.999999999999973	0.2018967029130291	reused_previous_run
0.0031622776601683794	12.099999999999973	0.2042586953241853	reused_previous_run
0.0031622776601683794	12.199999999999973	0.20664832071829697	reused_previous_run
0.0031622776601683794	12.299999999999972	0.2090659023740264	reused_previous_run
0.0031622776601683794	12.399999999999972	0.21151176735207752	reused_previous_run
0.0031622776601683794	12.499999999999972	0.2139862465394422	reused_previous_run
0.0031622776601683794	12.599999999999971	0.2164896746941639	reused_previous_run
0.0031622776601683794	12.69999999999997	0.21902239049062525	reused_previous_run
0.0031622776601683794	12.79999999999997	0.22158473656536523	reused_previous_run
0.0031622776601683794	12.89999999999997	0.2241770595634327	reused_previous_run
0.0031622776601683794	12.99999999999997	0.2267997101852818	reused_previous_run
0.0031622776601683794	13.09999999999997	0.22945304323421636	reused_previous_run
0.0031622776601683794	13.199999999999969	0.23213741766438908	reused_previous_run
0.0031622776601683794	13.299999999999969	0.23485319662936247	reused_previous_run
0.0031622776601683794	13.399999999999968	0.2376007475312377	reused_previous_run
0.0031622776601683794	13.499999999999968	0.2403804420703584	reused_previous_run
0.0031622776601683794	13.599999999999968	0.24319265629559586	reused_previous_run
0.0031622776601683794	13.699999999999967	0.24603777065522242	reused_previous_run
0.0031622776601683794	13.799999999999967	0.24891617004838024	reused_previous_run
0.0031622776601683794	13.899999999999967	0.251828243877152	reused_previous_run
0.0031622776601683794	13.999999999999966	0.25477438609924097	reused_previous_run
0.0031622776601683794	14.099999999999966	0.25775499528126716	reused_previous_run
0.0031622776601683794	14.199999999999966	0.26077047465268716	reused_previous_run
0.0031622776601683794	14.299999999999965	0.2638212321603448	reused_previous_run
0.0031622776601683794	14.399999999999965	0.2669076805236598	reused_previous_run
0.0031622776601683794	14.499999999999964	0.27003023729046227	reused_previous_run
0.0031622776601683794	14.599999999999964	0.27318932489348036	reused_previous_run
0.0031622776601683794	14.699999999999964	0.27638537070748875	reused_previous_run
0.0031622776601683794	14.799999999999963	0.2796188071071257	reused_previous_run
0.0031622776601683794	14.899999999999963	0.2828900715253866	reused_previous_run
0.0031622776601683794	14.999999999999963	0.2861996065128016	reused_previous_run
0.0031622776601683794	15.099999999999962	0.2895478597973058	reused_previous_run
0.0031622776601683794	15.199999999999962	0.29293528434481	reused_previous_run
0.0031622776601683794	15.299999999999962	0.29636233842047943	reused_previous_run
0.0031622776601683794	15.399999999999961	0.29982948565073025	reused_previous_run
0.0031622776601683794	15.499999999999961	0.30333719508595053	reused_previous_run
0.0031622776601683794	15.59999999999996	0.3068859412639555	reused_previous_run
0.0031622776601683794	15.69999999999996	0.31047620427418526	reused_previous_run
0.0031622776601683794	15.79999999999996	0.31410846982265295	reused_previous_run
0.0031622776601683794	15.89999999999996	0.31778322929765335	reused_previous_run
0.0031622776601683794	15.99999999999996	0.32150097983623993	reused_previous_run
0.0031622776601683794	16.09999999999996	0.32526222439147967	reused_previous_run
0.0031622776601683794	16.19999999999996	0.3290674718004946	reused_previous_run
0.0031622776601683794	16.29999999999996	0.3329172368532996	reused_previous_run
0.0031622776601683794	16.399999999999963	0.33681204036244516	reused_previous_run
0.0031622776601683794	16.499999999999964	0.3407524092334754	reused_previous_run
0.0031622776601683794	16.599999999999966	0.3447388765362097	reused_previous_run
0.0031622776601683794	16.699999999999967	0.3487719815768592	reused_previous_run
0.0031622776601683794	16.79999999999997	0.35285226997098573	reused_previous_run
0.0031622776601683794	16.89999999999997	0.35698029371731566	reused_previous_run
0.0031622776601683794	16.99999999999997	0.3611566112724162	reused_previous_run
0.0031622776601683794	17.099999999999973	0.36538178762624607	reused_previous_run
0.0031622776601683794	17.199999999999974	0.3696563943785893	reused_previous_run
0.0031622776601683794	17.299999999999976	0.3739810098163843	reused_previous_run
0.0031622776601683794	17.399999999999977	0.3783562189919564	reused_previous_run
0.0031622776601683794	17.49999999999998	0.38278261380216644	reused_previous_run
0.0031622776601683794	17.59999999999998	0.3872607930684852	reused_previous_run
0.0031622776601683794	17.69999999999998	0.3917913626180044	reused_previous_run
0.0031622776601683794	17.799999999999983	0.3963749353653955	reused_previous_run
0.0031622776601683794	17.899999999999984	0.4010121313958274	reused_previous_run
0.0031622776601683794	17.999999999999986	0.40570357804885443	reused_previous_run
0.0031622776601683794	18.099999999999987	0.4104499100032851	reused_previous_run
0.0031622776601683794	18.19999999999999	0.4152517693630446	reused_previous_run
0.0031622776601683794	18.29999999999999	0.4201098057440409	reused_previous_run
0.0031622776601683794	18.39999999999999	0.4250246763620479	reused_previous_run
0.0031622776601683794	18.499999999999993	0.4299970461216161	reused_previous_run
0.0031622776601683794	18.599999999999994	0.435027587706024	reused_previous_run
0.0031622776601683794	18.699999999999996	0.4401169816682813	reused_previous_run
0.0031622776601683794	18.799999999999997	0.44526591652319697	reused_previous_run
0.0031622776601683794	18.9	0.45047508884052473	reused_previous_run
0.0031622776601683794	19.0	0.45574520333919777	reused_previous_run
0.0031622776601683794	19.1	0.46107697298266603	reused_previous_run
0.0031622776601683794	19.200000000000003	0.4664711190753492	reused_previous_run
0.0031622776601683794	19.300000000000004	0.4719283713602176	reused_previous_run
0.0031622776601683794	19.400000000000006	0.4774494681175149	reused_previous_run
0.0031622776601683794	19.500000000000007	0.48303515626463595	reused_previous_run
0.0031622776601683794	19.60000000000001	0.48868619145717296	reused_previous_run
0.0031622776601683794	19.70000000000001	0.4944033381911436	reused_previous_run
0.0031622776601683794	19.80000000000001	0.5001873699064154	reused_previous_run
0.0031622776601683794	19.900000000000013	0.50603906909134	reused_previous_run
0.0031622776601683794	20.000000000000014	0.5119592273886113	reused_previous_run
0.0031622776601683794	20.100000000000016	0.5179486457023625	reused_previous_run
0.0031622776601683794	20.200000000000017	0.5240081343065158	reused_previous_run
0.0031622776601683794	20.30000000000002	0.5301385129543993	reused_previous_run
0.0031622776601683794	20.40000000000002	0.5363406109896471	reused_previous_run
0.0031622776601683794	20.50000000000002	0.5426152674583966	reused_previous_run
0.0031622776601683794	20.600000000000023	0.5489633312227976	reused_previous_run
0.0031622776601683794	20.700000000000024	0.5553856610758504	reused_previous_run
0.0031622776601683794	20.800000000000026	0.5618831258575869	reused_previous_run
0.0031622776601683794	20.900000000000027	0.568456604572611	reused_previous_run
0.0031622776601683794	21.00000000000003	0.575106986509014	reused_previous_run
0.0031622776601683794	21.10000000000003	0.5818351713586812	reused_previous_run
0.0031622776601683794	21.20000000000003	0.5886420693390062	reused_previous_run
0.0031622776601683794	21.300000000000033	0.5955286013160288	reused_previous_run
0.0031622776601683794	21.400000000000034	0.6024956989290139	reused_previous_run
0.0031622776601683794	21.500000000000036	0.6095443047164874	reused_previous_run
0.0031622776601683794	21.600000000000037	0.6166753722437467	reused_previous_run
0.0031622776601683794	21.70000000000004	0.6238898662318635	reused_previous_run
0.0031622776601683794	21.80000000000004	0.631188762688195	reused_previous_run
0.0031622776601683794	21.90000000000004	0.6385730490384224	reused_previous_run
0.0031622776601683794	22.000000000000043	0.6460437242601339	reused_previous_run
0.0031622776601683794	22.100000000000044	0.6536017990179711	reused_previous_run
0.0031622776601683794	22.200000000000045	0.6612482958003555	reused_previous_run
0.0031622776601683794	22.300000000000047	0.6689842490578152	reused_previous_run
0.0031622776601683794	22.40000000000005	0.6768107053429298	reused_previous_run
0.0031622776601683794	22.50000000000005	0.6847287234519125	reused_previous_run
0.0031622776601683794	22.60000000000005	0.6927393745678486	reused_previous_run
0.0031622776601683794	22.700000000000053	0.7008437424056096	reused_previous_run
0.0031622776601683794	22.800000000000054	0.7090429233584628	reused_previous_run
0.0031622776601683794	22.900000000000055	0.7173380266463957	reused_previous_run
0.0031622776601683794	23.000000000000057	0.7257301744661767	reused_previous_run
0.0031622776601683794	23.10000000000006	0.7342205021431699	reused_previous_run
0.0031622776601683794	23.20000000000006	0.7428101582849272	reused_previous_run
0.0031622776601683794	23.30000000000006	0.7515003049365767	reused_previous_run
0.0031622776601683794	23.400000000000063	0.760292117738029	reused_previous_run
0.0031622776601683794	23.500000000000064	0.7691867860830226	reused_previous_run
0.0031622776601683794	23.600000000000065	0.7781855132800306	reused_previous_run
0.0031622776601683794	23.700000000000067	0.7872895167150491	reused_previous_run
0.0031622776601683794	23.800000000000068	0.7965000280162903	reused_previous_run
0.0031622776601683794	23.90000000000007	0.8058182932208022	reused_previous_run
0.0031622776601683794	24.0	0.815245572943032	reused_previous_run
0.01	0.0	0.05	reused_previous_run
0.01	0.1	0.050584950714171316	reused_previous_run
0.01	0.2	0.05117674477510282	reused_previous_run
0.01	0.30000000000000004	0.051775462243206005	reused_previous_run
0.01	0.4	0.05238118411552027	reused_previous_run
0.01	0.5	0.05299399233667053	reused_previous_run
0.01	0.6	0.05361396980995302	reused_previous_run
0.01	0.7	0.05424120040855084	reused_previous_run
0.01	0.7999999999999999	0.054875768986880666	reused_previous_run
0.01	0.8999999999999999	0.055517761392072186	reused_previous_run
0.01	0.9999999999999999	0.056167264475581895	reused_previous_run
0.01	1.0999999999999999	0.05682436610494271	reused_previous_run
0.01	1.2	0.05748915517565108	reused_previous_run
0.01	1.3	0.05816172162319313	reused_previous_run
0.01	1.4000000000000001	0.058842156435211526	reused_previous_run
0.01	1.5000000000000002	0.05953055166381467	reused_previous_run
0.01	1.6000000000000003	0.060227000438029886	reused_previous_run
0.01	1.7000000000000004	0.06093159697640232	reused_previous_run
0.01	1.8000000000000005	0.061644436599741226	reused_previous_run
0.01	1.9000000000000006	0.06236561574401536	reused_previous_run
0.01	2.0000000000000004	0.06309523197339928	reused_previous_run
0.01	2.1000000000000005	0.06383338399347217	reused_previous_run
0.01	2.2000000000000006	0.06458017166457124	reused_previous_run
0.01	2.3000000000000007	0.06533569601530118	reused_previous_run
0.01	2.400000000000001	0.06610005925620178	reused_previous_run
0.01	2.500000000000001	0.06687336479357542	reused_previous_run
0.01	2.600000000000001	0.06765571724347623	reused_previous_run
0.01	2.700000000000001	0.06844722244586311	reused_previous_run
0.01	2.800000000000001	0.06924798747891812	reused_previous_run
0.01	2.9000000000000012	0.07005812067353251	reused_previous_run
0.01	3.0000000000000013	0.07087773162796217	reused_previous_run
0.01	3.1000000000000014	0.07170693122265455	reused_previous_run
0.01	3.2000000000000015	0.07254583163524905	reused_previous_run
0.01	3.3000000000000016	0.07339454635575288	reused_previous_run
0.01	3.4000000000000017	0.07425319020189443	reused_previous_run
0.01	3.5000000000000018	0.07512187933465636	reused_previous_run
0.01	3.600000000000002	0.07600073127399033	reused_previous_run
0.01	3.700000000000002	0.07688986491471558	reused_previous_run
0.01	3.800000000000002	0.07778940054260355	reused_previous_run
0.01	3.900000000000002	0.07869945985065065	reused_previous_run
0.01	4.000000000000002	0.07962016595554135	reused_previous_run
0.01	4.100000000000001	0.080551643414304	reused_previous_run
0.01	4.200000000000001	0.0814940182411614	reused_previous_run
0.01	4.300000000000001	0.08244741792457855	reused_previous_run
0.01	4.4	0.0834119714445098	reused_previous_run
0.01	4.5	0.08438780928984788	reused_previous_run
0.01	4.6	0.08537506347607686	reused_previous_run
0.01	4.699999999999999	0.08637386756313191	reused_previous_run
0.01	4.799999999999999	0.08738435667346776	reused_previous_run
0.01	4.899999999999999	0.08840666751033868	reused_previous_run
0.01	4.999999999999998	0.08944093837629226	reused_previous_run
0.01	5.099999999999998	0.09048730919187956	reused_previous_run
0.01	5.1999999999999975	0.09154592151458417	reused_previous_run
0.01	5.299999999999997	0.09261691855797272	reused_previous_run
0.01	5.399999999999997	0.09370044521106936	reused_previous_run
0.01	5.4999999999999964	0.09479664805795707	reused_previous_run
0.01	5.599999999999996	0.09590567539760804	reused_previous_run
0.01	5.699999999999996	0.0970276772639463	reused_previous_run
0.01	5.799999999999995	0.09816280544614489	reused_previous_run
0.01	5.899999999999995	0.09931121350916054	reused_previous_run
0.01	5.999999999999995	0.1004730568145086	reused_previous_run
0.01	6.099999999999994	0.10164849254128104	reused_previous_run
0.01	6.199999999999994	0.10283767970741024	reused_previous_run
0.01	6.299999999999994	0.10404077919118165	reused_previous_run
0.01	6.399999999999993	0.1052579537529981	reused_previous_run
0.01	6.499999999999993	0.10648936805739864	reused_previous_run
0.01	6.5999999999999925	0.10773518869533519	reused_previous_run
0.01	6.699999999999992	0.10899558420670954	reused_previous_run
0.01	6.799999999999992	0.11027072510317423	reused_previous_run
0.01	6.8999999999999915	0.11156078389120004	reused_previous_run
0.01	6.999999999999991	0.11286593509541343	reused_previous_run
0.01	7.099999999999991	0.11418635528220694	reused_previous_run
0.01	7.19999999999999	0.11552222308362586	reused_previous_run
0.01	7.29999999999999	0.11687371922153436	reused_previous_run
0.01	7.39999999999999	0.11824102653206425	reused_previous_run
0.01	7.499999999999989	0.11962432999034986	reused_previous_run
0.01	7.599999999999989	0.12102381673555226	reused_previous_run
0.01	7.699999999999989	0.12243967609617626	reused_previous_run
0.01	7.799999999999988	0.12387209961568352	reused_previous_run
0.01	7.899999999999988	0.1253212810784054	reused_previous_run
0.01	7.999999999999988	0.12678741653575895	reused_previous_run
0.01	8.099999999999987	0.12827070433276952	reused_previous_run
0.01	8.199999999999987	0.12977134513490374	reused_previous_run
0.01	8.299999999999986	0.13128954195521642	reused_previous_run
0.01	8.399999999999986	0.132825500181815	reused_previous_run
0.01	8.499999999999986	0.13437942760564528	reused_previous_run
0.01	8.599999999999985	0.13595153444860236	reused_previous_run
0.01	8.699999999999985	0.1375420333919703	reused_previous_run
0.01	8.799999999999985	0.13915113960519446	reused_previous_run
0.01	8.899999999999984	0.14077907077499066	reused_previous_run
0.01	8.999999999999984	0.14242604713479476	reused_previous_run
0.01	9.099999999999984	0.14409229149455666	reused_previous_run
0.01	9.199999999999983	0.1457780292708831	reused_previous_run
0.01	9.299999999999983	0.1474834885175329	reused_previous_run
0.01	9.399999999999983	0.14920889995626907	reused_previous_run
0.01	9.499999999999982	0.1509544970080718	reused_previous_run
0.01	9.599999999999982	0.15272051582471666	reused_previous_run
0.01	9.699999999999982	0.15450719532072224	reused_previous_run
0.01	9.799999999999981	0.1563147772056715	reused_previous_run
0.01	9.89999999999998	0.15814350601691124	reused_previous_run
0.01	9.99999999999998	0.1599936291526342	reused_previous_run
0.01	10.09999999999998	0.1618653969053481	reused_previous_run
0.01	10.19999999999998	0.16375906249573624	reused_previous_run
0.01	10.29999999999998	0.16567488210691436	reused_previous_run
0.01	10.399999999999979	0.16761311491908812	reused_previous_run
0.01	10.499999999999979	0.16957402314461612	reused_previous_run
0.01	10.599999999999978	0.17155787206348305	reused_previous_run
0.01	10.699999999999978	0.17356493005918797	reused_previous_run
0.01	10.799999999999978	0.1755954686550523	reused_previous_run
0.01	10.899999999999977	0.1776497625509527	reused_previous_run
0.01	10.999999999999977	0.17972808966048356	reused_previous_run
0.01	11.099999999999977	0.18183073114855447	reused_previous_run
0.01	11.199999999999976	0.18395797146942724	reused_previous_run
0.01	11.299999999999976	0.1861100984051982	reused_previous_run
0.01	11.399999999999975	0.1882874031047305	reused_previous_run
0.01	11.499999999999975	0.19049018012304197	reused_previous_run
0.01	11.599999999999975	0.1927187274611539	reused_previous_run
0.01	11.699999999999974	0.19497334660640567	reused_previous_run
0.01	11.799999999999974	0.19725434257324143	reused_previous_run
0.01	11.899999999999974	0.19956202394447364	reused_previous_run
0.01	11.999999999999973	0.2018967029130295	reused_previous_run
0.01	12.099999999999973	0.2042586953241857	reused_previous_run
0.01	12.199999999999973	0.20664832071829736	reused_previous_run
0.01	12.299999999999972	0.20906590237402678	reused_previous_run
0.01	12.399999999999972	0.21151176735207794	reused_previous_run
0.01	12.499999999999972	0.21398624653944265	reused_previous_run
0.01	12.599999999999971	0.21648967469416436	reused_previous_run
0.01	12.69999999999997	0.2190223904906257	reused_previous_run
0.01	12.79999999999997	0.2215847365653657	reused_previous_run
0.01	12.89999999999997	0.22417705956343317	reused_previous_run
0.01	12.99999999999997	0.22679971018528228	reused_previous_run
0.01	13.09999999999997	0.22945304323421684	reused_previous_run
0.01	13.199999999999969	0.23213741766438956	reused_previous_run
0.01	13.299999999999969	0.23485319662936294	reused_previous_run
0.01	13.399999999999968	0.23760074753123817	reused_previous_run
0.01	13.499999999999968	0.24038044207035889	reused_previous_run
0.01	13.599999999999968	0.24319265629559633	reused_previous_run
0.01	13.699999999999967	0.2460377706552229	reused_previous_run
0.01	13.799999999999967	0.2489161700483807	reused_previous_run
0.01	13.899999999999967	0.25182824387715247	reused_previous_run
0.01	13.999999999999966	0.2547743860992414	reused_previous_run
0.01	14.099999999999966	0.2577549952812676	reused_previous_run
0.01	14.199999999999966	0.26077047465268766	reused_previous_run
0.01	14.299999999999965	0.2638212321603453	reused_previous_run
0.01	14.399999999999965	0.2669076805236603	reused_previous_run
0.01	14.499999999999964	0.2700302372904628	reused_previous_run
0.01	14.599999999999964	0.27318932489348097	reused_previous_run
0.01	14.699999999999964	0.27638537070748936	reused_previous_run
0.01	14.799999999999963	0.27961880710712633	reused_previous_run
0.01	14.899999999999963	0.2828900715253872	reused_previous_run
0.01	14.999999999999963	0.2861996065128022	reused_previous_run
0.01	15.099999999999962	0.28954785979730646	reused_previous_run
0.01	15.199999999999962	0.29293528434481064	reused_previous_run
0.01	15.299999999999962	0.2963623384204801	reused_previous_run
0.01	15.399999999999961	0.2998294856507309	reused_previous_run
0.01	15.499999999999961	0.3033371950859512	reused_previous_run
0.01	15.59999999999996	0.3068859412639562	reused_previous_run
0.01	15.69999999999996	0.31047620427418593	reused_previous_run
0.01	15.79999999999996	0.3141084698226536	reused_previous_run
0.01	15.89999999999996	0.317783229297654	reused_previous_run
0.01	15.99999999999996	0.3215009798362406	reused_previous_run
0.01	16.09999999999996	0.32526222439148034	reused_previous_run
0.01	16.19999999999996	0.3290674718004953	reused_previous_run
0.01	16.29999999999996	0.33291723685330027	reused_previous_run
0.01	16.399999999999963	0.33681204036244583	reused_previous_run
0.01	16.499999999999964	0.34075240923347605	reused_previous_run
0.01	16.599999999999966	0.3447388765362104	reused_previous_run
0.01	16.699999999999967	0.34877198157685985	reused_previous_run
0.01	16.79999999999997	0.3528522699709864	reused_previous_run
0.01	16.89999999999997	0.3569802937173164	reused_previous_run
0.01	16.99999999999997	0.361156611272417	reused_previous_run
0.01	17.099999999999973	0.36538178762624685	reused_previous_run
0.01	17.199999999999974	0.36965639437859016	reused_previous_run
0.01	17.299999999999976	0.37398100981638516	reused_previous_run
0.01	17.399999999999977	0.37835621899195726	reused_previous_run
0.01	17.49999999999998	0.3827826138021673	reused_previous_run
0.01	17.59999999999998	0.38726079306848615	reused_previous_run
0.01	17.69999999999998	0.39179136261800535	reused_previous_run
0.01	17.799999999999983	0.3963749353653964	reused_previous_run
0.01	17.899999999999984	0.40101213139582836	reused_previous_run
0.01	17.999999999999986	0.4057035780488554	reused_previous_run
0.01	18.099999999999987	0.41044991000328607	reused_previous_run
0.01	18.19999999999999	0.41525176936304553	reused_previous_run
0.01	18.29999999999999	0.42010980574404183	reused_previous_run
0.01	18.39999999999999	0.4250246763620488	reused_previous_run
0.01	18.499999999999993	0.4299970461216171	reused_previous_run
0.01	18.599999999999994	0.435027587706025	reused_previous_run
0.01	18.699999999999996	0.4401169816682823	reused_previous_run
0.01	18.799999999999997	0.44526591652319797	reused_previous_run
0.01	18.9	0.4504750888405258	reused_previous_run
0.01	19.0	0.4557452033391988	reused_previous_run
0.01	19.1	0.46107697298266714	reused_previous_run
0.01	19.200000000000003	0.4664711190753503	reused_previous_run
0.01	19.300000000000004	0.4719283713602187	reused_previous_run
0.01	19.400000000000006	0.477449468117516	reused_previous_run
0.01	19.500000000000007	0.4830351562646371	reused_previous_run
0.01	19.60000000000001	0.4886861914571742	reused_previous_run
0.01	19.70000000000001	0.49440333819114485	reused_previous_run
0.01	19.80000000000001	0.5001873699064167	reused_previous_run
0.01	19.900000000000013	0.5060390690913412	reused_previous_run
0.01	20.000000000000014	0.5119592273886125	reused_previous_run
0.01	20.100000000000016	0.5179486457023638	reused_previous_run
0.01	20.200000000000017	0.524008134306517	reused_previous_run
0.01	20.30000000000002	0.5301385129544005	reused_previous_run
0.01	20.40000000000002	0.5363406109896485	reused_previous_run
0.01	20.50000000000002	0.5426152674583979	reused_previous_run
0.01	20.600000000000023	0.548963331222799	reused_previous_run
0.01	20.700000000000024	0.5553856610758517	reused_previous_run
0.01	20.800000000000026	0.5618831258575883	reused_previous_run
0.01	20.900000000000027	0.5684566045726124	reused_previous_run
0.01	21.00000000000003	0.5751069865090154	reused_previous_run
0.01	21.10000000000003	0.5818351713586826	reused_previous_run
0.01	21.20000000000003	0.5886420693390075	reused_previous_run
0.01	21.300000000000033	0.5955286013160302	reused_previous_run
0.01	21.400000000000034	0.6024956989290153	reused_previous_run
0.01	21.500000000000036	0.6095443047164888	reused_previous_run
0.01	21.600000000000037	0.6166753722437481	reused_previous_run
0.01	21.70000000000004	0.6238898662318649	reused_previous_run
0.01	21.80000000000004	0.6311887626881965	reused_previous_run
0.01	21.90000000000004	0.6385730490384238	reused_previous_run
0.01	22.000000000000043	0.6460437242601355	reused_previous_run
0.01	22.100000000000044	0.6536017990179727	reused_previous_run
0.01	22.200000000000045	0.661248295800357	reused_previous_run
0.01	22.300000000000047	0.6689842490578167	reused_previous_run
0.01	22.40000000000005	0.6768107053429313	reused_previous_run
0.01	22.50000000000005	0.684728723451914	reused_previous_run
0.01	22.60000000000005	0.6927393745678503	reused_previous_run
0.01	22.700000000000053	0.7008437424056113	reused_previous_run
0.01	22.800000000000054	0.7090429233584645	reused_previous_run
0.01	22.900000000000055	0.7173380266463976	reused_previous_run
0.01	23.000000000000057	0.7257301744661786	reused_previous_run
0.01	23.10000000000006	0.7342205021431719	reused_previous_run
0.01	23.20000000000006	0.7428101582849294	reused_previous_run
0.01	23.30000000000006	0.7515003049365789	reused_previous_run
0.01	23.400000000000063	0.7602921177380312	reused_previous_run
0.01	23.500000000000064	0.7691867860830248	reused_previous_run
0.01	23.600000000000065	0.7781855132800329	reused_previous_run
0.01	23.700000000000067	0.7872895167150514	reused_previous_run
0.01	23.800000000000068	0.7965000280162926	reused_previous_run
0.01	23.90000000000007	0.8058182932208047	reused_previous_run
0.01	24.0	0.8152455729430345	reused_previous_run
0.03162277660168379	0.0	0.05	new_this_run
0.03162277660168379	0.1	0.050584950714171316	new_this_run
0.03162277660168379	0.2	0.05117674477510282	new_this_run
0.03162277660168379	0.30000000000000004	0.051775462243206005	new_this_run
0.03162277660168379	0.4	0.05238118411552027	new_this_run
0.03162277660168379	0.5	0.05299399233667052	new_this_run
0.03162277660168379	0.6	0.05361396980995301	new_this_run
0.03162277660168379	0.7	0.054241200408550835	new_this_run
0.03162277660168379	0.7999999999999999	0.05487576898688066	new_this_run
0.03162277660168379	0.8999999999999999	0.05551776139207217	new_this_run
0.03162277660168379	0.9999999999999999	0.056167264475581874	new_this_run
0.03162277660168379	1.0999999999999999	0.05682436610494269	new_this_run
0.03162277660168379	1.2	0.057489155175651056	new_this_run
0.03162277660168379	1.3	0.05816172162319311	new_this_run
0.03162277660168379	1.4000000000000001	0.058842156435211505	new_this_run
0.03162277660168379	1.5000000000000002	0.05953055166381465	new_this_run
0.03162277660168379	1.6000000000000003	0.060227000438029865	new_this_run
0.03162277660168379	1.7000000000000004	0.0609315969764023	new_this_run
0.03162277660168379	1.8000000000000005	0.0616444365997412	new_this_run
0.03162277660168379	1.9000000000000006	0.062365615744015335	new_this_run
0.03162277660168379	2.0000000000000004	0.06309523197339924	new_this_run
0.03162277660168379	2.1000000000000005	0.06383338399347213	new_this_run
0.03162277660168379	2.2000000000000006	0.0645801716645712	new_this_run
0.03162277660168379	2.3000000000000007	0.06533569601530113	new_this_run
0.03162277660168379	2.400000000000001	0.06610005925620174	new_this_run
0.03162277660168379	2.500000000000001	0.06687336479357536	new_this_run
0.03162277660168379	2.600000000000001	0.06765571724347617	new_this_run
0.03162277660168379	2.700000000000001	0.06844722244586304	new_this_run
0.03162277660168379	2.800000000000001	0.06924798747891805	new_this_run
0.03162277660168379	2.9000000000000012	0.07005812067353244	new_this_run
0.03162277660168379	3.0000000000000013	0.0708777316279621	new_this_run
0.03162277660168379	3.1000000000000014	0.07170693122265448	new_this_run
0.03162277660168379	3.2000000000000015	0.07254583163524898	new_this_run
0.03162277660168379	3.3000000000000016	0.0733945463557528	new_this_run
0.03162277660168379	3.4000000000000017	0.07425319020189433	new_this_run
0.03162277660168379	3.5000000000000018	0.07512187933465626	new_this_run
0.03162277660168379	3.600000000000002	0.07600073127399024	new_this_run
0.03162277660168379	3.700000000000002	0.07688986491471549	new_this_run
0.03162277660168379	3.800000000000002	0.07778940054260346	new_this_run
0.03162277660168379	3.900000000000002	0.07869945985065054	new_this_run
0.03162277660168379	4.000000000000002	0.07962016595554122	new_this_run
0.03162277660168379	4.100000000000001	0.08055164341430386	new_this_run
0.03162277660168379	4.200000000000001	0.08149401824116126	new_this_run
0.03162277660168379	4.300000000000001	0.08244741792457841	new_this_run
0.03162277660168379	4.4	0.08341197144450967	new_this_run
0.03162277660168379	4.5	0.08438780928984772	new_this_run
0.03162277660168379	4.6	0.0853750634760767	new_this_run
0.03162277660168379	4.699999999999999	0.08637386756313176	new_this_run
0.03162277660168379	4.799999999999999	0.0873843566734676	new_this_run
0.03162277660168379	4.899999999999999	0.08840666751033852	new_this_run
0.03162277660168379	4.999999999999998	0.08944093837629208	new_this_run
0.03162277660168379	5.099999999999998	0.09048730919187936	new_this_run
0.03162277660168379	5.1999999999999975	0.09154592151458396	new_this_run
0.03162277660168379	5.299999999999997	0.0926169185579725	new_this_run
0.03162277660168379	5.399999999999997	0.09370044521106914	new_this_run
0.03162277660168379	5.4999999999999964	0.09479664805795684	new_this_run
0.03162277660168379	5.599999999999996	0.09590567539760782	new_this_run
0.03162277660168379	5.699999999999996	0.09702767726394608	new_this_run
0.03162277660168379	5.799999999999995	0.09816280544614465	new_this_run
0.03162277660168379	5.899999999999995	0.09931121350916029	new_this_run
0.03162277660168379	5.999999999999995	0.10047305681450835	new_this_run
0.03162277660168379	6.099999999999994	0.10164849254128079	new_this_run
0.03162277660168379	6.199999999999994	0.10283767970740998	new_this_run
0.03162277660168379	6.299999999999994	0.10404077919118138	new_this_run
0.03162277660168379	6.399999999999993	0.1052579537529978	new_this_run
0.03162277660168379	6.499999999999993	0.10648936805739835	new_this_run
0.03162277660168379	6.5999999999999925	0.1077351886953349	new_this_run
0.03162277660168379	6.699999999999992	0.10899558420670924	new_this_run
0.03162277660168379	6.799999999999992	0.11027072510317391	new_this_run
0.03162277660168379	6.8999999999999915	0.11156078389119972	new_this_run
0.03162277660168379	6.999999999999991	0.1128659350954131	new_this_run
0.03162277660168379	7.099999999999991	0.1141863552822066	new_this_run
0.03162277660168379	7.19999999999999	0.11552222308362552	new_this_run
0.03162277660168379	7.29999999999999	0.116873719221534	new_this_run
0.03162277660168379	7.39999999999999	0.11824102653206388	new_this_run
0.03162277660168379	7.499999999999989	0.11962432999034947	new_this_run
0.03162277660168379	7.599999999999989	0.12102381673555186	new_this_run
0.03162277660168379	7.699999999999989	0.12243967609617584	new_this_run
0.03162277660168379	7.799999999999988	0.12387209961568309	new_this_run
0.03162277660168379	7.899999999999988	0.12532128107840496	new_this_run
0.03162277660168379	7.999999999999988	0.12678741653575848	new_this_run
0.03162277660168379	8.099999999999987	0.12827070433276902	new_this_run
0.03162277660168379	8.199999999999987	0.12977134513490324	new_this_run
0.03162277660168379	8.299999999999986	0.13128954195521592	new_this_run
0.03162277660168379	8.399999999999986	0.13282550018181447	new_this_run
0.03162277660168379	8.499999999999986	0.13437942760564475	new_this_run
0.03162277660168379	8.599999999999985	0.13595153444860184	new_this_run
0.03162277660168379	8.699999999999985	0.13754203339196974	new_this_run
0.03162277660168379	8.799999999999985	0.13915113960519387	new_this_run
0.03162277660168379	8.899999999999984	0.14077907077499008	new_this_run
0.03162277660168379	8.999999999999984	0.14242604713479418	new_this_run
0.03162277660168379	9.099999999999984	0.14409229149455607	new_this_run
0.03162277660168379	9.199999999999983	0.14577802927088251	new_this_run
0.03162277660168379	9.299999999999983	0.1474834885175323	new_this_run
0.03162277660168379	9.399999999999983	0.14920889995626843	new_this_run
0.03162277660168379	9.499999999999982	0.15095449700807115	new_this_run
0.03162277660168379	9.599999999999982	0.152720515824716	new_this_run
0.03162277660168379	9.699999999999982	0.15450719532072157	new_this_run
0.03162277660168379	9.799999999999981	0.15631477720567083	new_this_run
0.03162277660168379	9.89999999999998	0.15814350601691057	new_this_run
0.03162277660168379	9.99999999999998	0.15999362915263352	new_this_run
0.03162277660168379	10.09999999999998	0.16186539690534738	new_this_run
0.03162277660168379	10.19999999999998	0.1637590624957355	new_this_run
0.03162277660168379	10.29999999999998	0.16567488210691358	new_this_run
0.03162277660168379	10.399999999999979	0.1676131149190873	new_this_run
0.03162277660168379	10.499999999999979	0.16957402314461528	new_this_run
0.03162277660168379	10.599999999999978	0.1715578720634822	new_this_run
0.03162277660168379	10.699999999999978	0.17356493005918708	new_this_run
0.03162277660168379	10.799999999999978	0.17559546865505138	new_this_run
0.03162277660168379	10.899999999999977	0.17764976255095175	new_this_run
0.03162277660168379	10.999999999999977	0.17972808966048262	new_this_run
0.03162277660168379	11.099999999999977	0.18183073114855353	new_this_run
0.03162277660168379	11.199999999999976	0.1839579714694263	new_this_run
0.03162277660168379	11.299999999999976	0.18611009840519724	new_this_run
0.03162277660168379	11.399999999999975	0.1882874031047295	new_this_run
0.03162277660168379	11.499999999999975	0.19049018012304098	new_this_run
0.03162277660168379	11.599999999999975	0.19271872746115287	new_this_run
0.03162277660168379	11.699999999999974	0.19497334660640464	new_this_run
0.03162277660168379	11.799999999999974	0.1972543425732404	new_this_run
0.03162277660168379	11.899999999999974	0.1995620239444726	new_this_run
0.03162277660168379	11.999999999999973	0.20189670291302841	new_this_run
0.03162277660168379	12.099999999999973	0.2042586953241846	new_this_run
0.03162277660168379	12.199999999999973	0.20664832071829625	new_this_run
0.03162277660168379	12.299999999999972	0.20906590237402564	new_this_run
0.03162277660168379	12.399999999999972	0.21151176735207677	new_this_run
0.03162277660168379	12.499999999999972	0.21398624653944145	new_this_run
0.03162277660168379	12.599999999999971	0.21648967469416316	new_this_run
0.03162277660168379	12.69999999999997	0.2190223904906245	new_this_run
0.03162277660168379	12.79999999999997	0.22158473656536448	new_this_run
0.03162277660168379	12.89999999999997	0.22417705956343192	new_this_run
0.03162277660168379	12.99999999999997	0.226799710185281	new_this_run
0.03162277660168379	13.09999999999997	0.22945304323421553	new_this_run
0.03162277660168379	13.199999999999969	0.23213741766438825	new_this_run
0.03162277660168379	13.299999999999969	0.2348531966293616	new_this_run
0.03162277660168379	13.399999999999968	0.23760074753123683	new_this_run
0.03162277660168379	13.499999999999968	0.24038044207035753	new_this_run
0.03162277660168379	13.599999999999968	0.24319265629559494	new_this_run
0.03162277660168379	13.699999999999967	0.24603777065522148	new_this_run
0.03162277660168379	13.799999999999967	0.24891617004837926	new_this_run
0.03162277660168379	13.899999999999967	0.251828243877151	new_this_run
0.03162277660168379	13.999999999999966	0.25477438609923997	new_this_run
0.03162277660168379	14.099999999999966	0.2577549952812661	new_this_run
0.03162277660168379	14.199999999999966	0.2607704746526861	new_this_run
0.03162277660168379	14.299999999999965	0.2638212321603437	new_this_run
0.03162277660168379	14.399999999999965	0.26690768052365865	new_this_run
0.03162277660168379	14.499999999999964	0.2700302372904611	new_this_run
0.03162277660168379	14.599999999999964	0.2731893248934792	new_this_run
0.03162277660168379	14.699999999999964	0.2763853707074876	new_this_run
0.03162277660168379	14.799999999999963	0.27961880710712456	new_this_run
0.03162277660168379	14.899999999999963	0.2828900715253854	new_this_run
0.03162277660168379	14.999999999999963	0.2861996065128004	new_this_run
0.03162277660168379	15.099999999999962	0.28954785979730463	new_this_run
0.03162277660168379	15.199999999999962	0.2929352843448088	new_this_run
0.03162277660168379	15.299999999999962	0.29636233842047827	new_this_run
0.03162277660168379	15.399999999999961	0.29982948565072903	new_this_run
0.03162277660168379	15.499999999999961	0.30333719508594925	new_this_run
0.03162277660168379	15.59999999999996	0.30688594126395424	new_this_run
0.03162277660168379	15.69999999999996	0.31047620427418393	new_this_run
0.03162277660168379	15.79999999999996	0.31410846982265156	new_this_run
0.03162277660168379	15.89999999999996	0.3177832292976519	new_this_run
0.03162277660168379	15.99999999999996	0.32150097983623843	new_this_run
0.03162277660168379	16.09999999999996	0.3252622243914781	new_this_run
0.03162277660168379	16.19999999999996	0.329067471800493	new_this_run
0.03162277660168379	16.29999999999996	0.33291723685329794	new_this_run
0.03162277660168379	16.399999999999963	0.3368120403624435	new_this_run
0.03162277660168379	16.499999999999964	0.34075240923347366	new_this_run
0.03162277660168379	16.599999999999966	0.344738876536208	new_this_run
0.03162277660168379	16.699999999999967	0.3487719815768574	new_this_run
0.03162277660168379	16.79999999999997	0.35285226997098396	new_this_run
0.03162277660168379	16.89999999999997	0.3569802937173139	new_this_run
0.03162277660168379	16.99999999999997	0.36115661127241444	new_this_run
0.03162277660168379	17.099999999999973	0.36538178762624424	new_this_run
0.03162277660168379	17.199999999999974	0.3696563943785875	new_this_run
0.03162277660168379	17.299999999999976	0.37398100981638244	new_this_run
0.03162277660168379	17.399999999999977	0.3783562189919545	new_this_run
0.03162277660168379	17.49999999999998	0.3827826138021645	new_this_run
0.03162277660168379	17.59999999999998	0.38726079306848327	new_this_run
0.03162277660168379	17.69999999999998	0.3917913626180024	new_this_run
0.03162277660168379	17.799999999999983	0.3963749353653934	new_this_run
0.03162277660168379	17.899999999999984	0.4010121313958253	new_this_run
0.03162277660168379	17.999999999999986	0.40570357804885226	new_this_run
0.03162277660168379	18.099999999999987	0.4104499100032829	new_this_run
0.03162277660168379	18.19999999999999	0.4152517693630423	new_this_run
0.03162277660168379	18.29999999999999	0.42010980574403856	new_this_run
0.03162277660168379	18.39999999999999	0.4250246763620455	new_this_run
0.03162277660168379	18.499999999999993	0.4299970461216137	new_this_run
0.03162277660168379	18.599999999999994	0.43502758770602157	new_this_run
0.03162277660168379	18.699999999999996	0.4401169816682788	new_this_run
0.03162277660168379	18.799999999999997	0.4452659165231944	new_this_run
0.03162277660168379	18.9	0.4504750888405222	new_this_run
0.03162277660168379	19.0	0.45574520333919516	new_this_run
0.03162277660168379	19.1	0.4610769729826634	new_this_run
0.03162277660168379	19.200000000000003	0.46647111907534655	new_this_run
0.03162277660168379	19.300000000000004	0.47192837136021487	new_this_run
0.03162277660168379	19.400000000000006	0.4774494681175121	new_this_run
0.03162277660168379	19.500000000000007	0.4830351562646331	new_this_run
0.03162277660168379	19.60000000000001	0.48868619145717007	new_this_run
0.03162277660168379	19.70000000000001	0.4944033381911407	new_this_run
0.03162277660168379	19.80000000000001	0.5001873699064124	new_this_run
0.03162277660168379	19.900000000000013	0.506039069091337	new_this_run
0.03162277660168379	20.000000000000014	0.5119592273886083	new_this_run
0.03162277660168379	20.100000000000016	0.5179486457023595	new_this_run
0.03162277660168379	20.200000000000017	0.5240081343065127	new_this_run
0.03162277660168379	20.30000000000002	0.5301385129543962	new_this_run
0.03162277660168379	20.40000000000002	0.536340610989644	new_this_run
0.03162277660168379	20.50000000000002	0.5426152674583934	new_this_run
0.03162277660168379	20.600000000000023	0.5489633312227943	new_this_run
0.03162277660168379	20.700000000000024	0.555385661075847	new_this_run
0.03162277660168379	20.800000000000026	0.5618831258575835	new_this_run
0.03162277660168379	20.900000000000027	0.5684566045726075	new_this_run
0.03162277660168379	21.00000000000003	0.5751069865090104	new_this_run
0.03162277660168379	21.10000000000003	0.5818351713586776	new_this_run
0.03162277660168379	21.20000000000003	0.5886420693390025	new_this_run
0.03162277660168379	21.300000000000033	0.5955286013160251	new_this_run
0.03162277660168379	21.400000000000034	0.6024956989290102	new_this_run
0.03162277660168379	21.500000000000036	0.6095443047164836	new_this_run
0.03162277660168379	21.600000000000037	0.6166753722437428	new_this_run
0.03162277660168379	21.70000000000004	0.6238898662318596	new_this_run
0.03162277660168379	21.80000000000004	0.631188762688191	new_this_run
0.03162277660168379	21.90000000000004	0.6385730490384183	new_this_run
0.03162277660168379	22.000000000000043	0.6460437242601298	new_this_run
0.03162277660168379	22.100000000000044	0.6536017990179669	new_this_run
0.03162277660168379	22.200000000000045	0.6612482958003512	new_this_run
0.03162277660168379	22.300000000000047	0.6689842490578107	new_this_run
0.03162277660168379	22.40000000000005	0.6768107053429252	new_this_run
0.03162277660168379	22.50000000000005	0.6847287234519078	new_this_run
0.03162277660168379	22.60000000000005	0.692739374567844	new_this_run
0.03162277660168379	22.700000000000053	0.700843742405605	new_this_run
0.03162277660168379	22.800000000000054	0.7090429233584581	new_this_run
0.03162277660168379	22.900000000000055	0.717338026646391	new_this_run
0.03162277660168379	23.000000000000057	0.7257301744661719	new_this_run
0.03162277660168379	23.10000000000006	0.7342205021431651	new_this_run
0.03162277660168379	23.20000000000006	0.7428101582849225	new_this_run
0.03162277660168379	23.30000000000006	0.7515003049365719	new_this_run
0.03162277660168379	23.400000000000063	0.7602921177380241	new_this_run
0.03162277660168379	23.500000000000064	0.7691867860830176	new_this_run
0.03162277660168379	23.600000000000065	0.7781855132800256	new_this_run
0.03162277660168379	23.700000000000067	0.787289516715044	new_this_run
0.03162277660168379	23.800000000000068	0.796500028016285	new_this_run
0.03162277660168379	23.90000000000007	0.805818293220797	new_this_run
0.03162277660168379	24.0	0.8152455729430267	new_this_run
0.1	0.0	0.05	new_this_run
0.1	0.1	0.050584950714171316	new_this_run
0.1	0.2	0.05117674477510282	new_this_run
0.1	0.30000000000000004	0.051775462243206005	new_this_run
0.1	0.4	0.05238118411552027	new_this_run
0.1	0.5	0.05299399233667052	new_this_run
0.1	0.6	0.05361396980995301	new_this_run
0.1	0.7	0.054241200408550835	new_this_run
0.1	0.7999999999999999	0.05487576898688066	new_this_run
0.1	0.8999999999999999	0.05551776139207218	new_this_run
0.1	0.9999999999999999	0.05616726447558188	new_this_run
0.1	1.0999999999999999	0.056824366104942695	new_this_run
0.1	1.2	0.05748915517565106	new_this_run
0.1	1.3	0.058161721623193115	new_this_run
0.1	1.4000000000000001	0.05884215643521151	new_this_run
0.1	1.5000000000000002	0.05953055166381466	new_this_run
0.1	1.6000000000000003	0.06022700043802987	new_this_run
0.1	1.7000000000000004	0.060931596976402304	new_this_run
0.1	1.8000000000000005	0.061644436599741205	new_this_run
0.1	1.9000000000000006	0.06236561574401534	new_this_run
0.1	2.0000000000000004	0.06309523197339925	new_this_run
0.1	2.1000000000000005	0.06383338399347215	new_this_run
0.1	2.2000000000000006	0.06458017166457121	new_this_run
0.1	2.3000000000000007	0.06533569601530115	new_this_run
0.1	2.400000000000001	0.06610005925620176	new_this_run
0.1	2.500000000000001	0.06687336479357539	new_this_run
0.1	2.600000000000001	0.0676557172434762	new_this_run
0.1	2.700000000000001	0.06844722244586308	new_this_run
0.1	2.800000000000001	0.0692479874789181	new_this_run
0.1	2.9000000000000012	0.07005812067353248	new_this_run
0.1	3.0000000000000013	0.07087773162796214	new_this_run
0.1	3.1000000000000014	0.07170693122265452	new_this_run
0.1	3.2000000000000015	0.07254583163524903	new_this_run
0.1	3.3000000000000016	0.07339454635575283	new_this_run
0.1	3.4000000000000017	0.07425319020189437	new_this_run
0.1	3.5000000000000018	0.0751218793346563	new_this_run
0.1	3.600000000000002	0.07600073127399028	new_this_run
0.1	3.700000000000002	0.07688986491471553	new_this_run
0.1	3.800000000000002	0.0777894005426035	new_this_run
0.1	3.900000000000002	0.07869945985065059	new_this_run
0.1	4.000000000000002	0.07962016595554129	new_this_run
0.1	4.100000000000001	0.08055164341430394	new_this_run
0.1	4.200000000000001	0.08149401824116134	new_this_run
0.1	4.300000000000001	0.08244741792457849	new_this_run
0.1	4.4	0.08341197144450975	new_this_run
0.1	4.5	0.08438780928984782	new_this_run
0.1	4.6	0.0853750634760768	new_this_run
0.1	4.699999999999999	0.08637386756313185	new_this_run
0.1	4.799999999999999	0.08738435667346771	new_this_run
0.1	4.899999999999999	0.08840666751033863	new_this_run
0.1	4.999999999999998	0.08944093837629219	new_this_run
0.1	5.099999999999998	0.09048730919187949	new_this_run
0.1	5.1999999999999975	0.0915459215145841	new_this_run
0.1	5.299999999999997	0.09261691855797265	new_this_run
0.1	5.399999999999997	0.0937004452110693	new_this_run
0.1	5.4999999999999964	0.094796648057957	new_this_run
0.1	5.599999999999996	0.09590567539760797	new_this_run
0.1	5.699999999999996	0.09702767726394623	new_this_run
0.1	5.799999999999995	0.09816280544614482	new_this_run
0.1	5.899999999999995	0.09931121350916046	new_this_run
0.1	5.999999999999995	0.10047305681450852	new_this_run
0.1	6.099999999999994	0.10164849254128096	new_this_run
0.1	6.199999999999994	0.10283767970741016	new_this_run
0.1	6.299999999999994	0.10404077919118157	new_this_run
0.1	6.399999999999993	0.105257953752998	new_this_run
0.1	6.499999999999993	0.10648936805739855	new_this_run
0.1	6.5999999999999925	0.10773518869533509	new_this_run
0.1	6.699999999999992	0.10899558420670945	new_this_run
0.1	6.799999999999992	0.11027072510317414	new_this_run
0.1	6.8999999999999915	0.11156078389119994	new_this_run
0.1	6.999999999999991	0.11286593509541333	new_this_run
0.1	7.099999999999991	0.11418635528220683	new_this_run
0.1	7.19999999999999	0.11552222308362575	new_this_run
0.1	7.29999999999999	0.11687371922153425	new_this_run
0.1	7.39999999999999	0.11824102653206413	new_this_run
0.1	7.499999999999989	0.11962432999034973	new_this_run
0.1	7.599999999999989	0.12102381673555214	new_this_run
0.1	7.699999999999989	0.12243967609617613	new_this_run
0.1	7.799999999999988	0.12387209961568338	new_this_run
0.1	7.899999999999988	0.12532128107840526	new_this_run
0.1	7.999999999999988	0.1267874165357588	new_this_run
0.1	8.099999999999987	0.12827070433276938	new_this_run
0.1	8.199999999999987	0.1297713451349036	new_this_run
0.1	8.299999999999986	0.13128954195521628	new_this_run
0.1	8.399999999999986	0.13282550018181485	new_this_run
0.1	8.499999999999986	0.13437942760564514	new_this_run
0.1	8.599999999999985	0.13595153444860222	new_this_run
0.1	8.699999999999985	0.13754203339197013	new_this_run
0.1	8.799999999999985	0.1391511396051943	new_this_run
0.1	8.899999999999984	0.1407790707749905	new_this_run
0.1	8.999999999999984	0.1424260471347946	new_this_run
0.1	9.099999999999984	0.1440922914945565	new_this_run
0.1	9.199999999999983	0.14577802927088293	new_this_run
0.1	9.299999999999983	0.14748348851753273	new_this_run
0.1	9.399999999999983	0.14920889995626888	new_this_run
0.1	9.499999999999982	0.1509544970080716	new_this_run
0.1	9.599999999999982	0.15272051582471646	new_this_run
0.1	9.699999999999982	0.15450719532072205	new_this_run
0.1	9.799999999999981	0.1563147772056713	new_this_run
0.1	9.89999999999998	0.15814350601691105	new_this_run
0.1	9.99999999999998	0.159993629152634	new_this_run
0.1	10.09999999999998	0.16186539690534785	new_this_run
0.1	10.19999999999998	0.16375906249573596	new_this_run
0.1	10.29999999999998	0.16567488210691408	new_this_run
0.1	10.399999999999979	0.16761311491908784	new_this_run
0.1	10.499999999999979	0.1695740231446158	new_this_run
0.1	10.599999999999978	0.17155787206348272	new_this_run
0.1	10.699999999999978	0.17356493005918763	new_this_run
0.1	10.799999999999978	0.17559546865505196	new_this_run
0.1	10.899999999999977	0.17764976255095236	new_this_run
0.1	10.999999999999977	0.17972808966048323	new_this_run
0.1	11.099999999999977	0.18183073114855414	new_this_run
0.1	11.199999999999976	0.1839579714694269	new_this_run
0.1	11.299999999999976	0.18611009840519785	new_this_run
0.1	11.399999999999975	0.18828740310473013	new_this_run
0.1	11.499999999999975	0.1904901801230416	new_this_run
0.1	11.599999999999975	0.1927187274611535	new_this_run
0.1	11.699999999999974	0.19497334660640528	new_this_run
0.1	11.799999999999974	0.19725434257324104	new_this_run
0.1	11.899999999999974	0.19956202394447325	new_this_run
0.1	11.999999999999973	0.2018967029130291	new_this_run
0.1	12.099999999999973	0.2042586953241853	new_this_run
0.1	12.199999999999973	0.20664832071829697	new_this_run
0.1	12.299999999999972	0.2090659023740264	new_this_run
0.1	12.399999999999972	0.21151176735207752	new_this_run
0.1	12.499999999999972	0.2139862465394422	new_this_run
0.1	12.599999999999971	0.2164896746941639	new_this_run
0.1	12.69999999999997	0.21902239049062525	new_this_run
0.1	12.79999999999997	0.22158473656536523	new_this_run
0.1	12.89999999999997	0.2241770595634327	new_this_run
0.1	12.99999999999997	0.2267997101852818	new_this_run
0.1	13.09999999999997	0.22945304323421636	new_this_run
0.1	13.199999999999969	0.23213741766438908	new_this_run
0.1	13.299999999999969	0.23485319662936247	new_this_run
0.1	13.399999999999968	0.2376007475312377	new_this_run
0.1	13.499999999999968	0.2403804420703584	new_this_run
0.1	13.599999999999968	0.24319265629559586	new_this_run
0.1	13.699999999999967	0.24603777065522242	new_this_run
0.1	13.799999999999967	0.24891617004838024	new_this_run
0.1	13.899999999999967	0.251828243877152	new_this_run
0.1	13.999999999999966	0.25477438609924097	new_this_run
0.1	14.099999999999966	0.25775499528126716	new_this_run
0.1	14.199999999999966	0.26077047465268716	new_this_run
0.1	14.299999999999965	0.2638212321603448	new_this_run
0.1	14.399999999999965	0.2669076805236598	new_this_run
0.1	14.499999999999964	0.27003023729046227	new_this_run
0.1	14.599999999999964	0.27318932489348036	new_this_run
0.1	14.699999999999964	0.27638537070748875	new_this_run
0.1	14.799999999999963	0.2796188071071257	new_this_run
0.1	14.899999999999963	0.2828900715253866	new_this_run
0.1	14.999999999999963	0.2861996065128016	new_this_run
0.1	15.099999999999962	0.2895478597973058	new_this_run
0.1	15.199999999999962	0.29293528434481	new_this_run
0.1	15.299999999999962	0.29636233842047943	new_this_run
0.1	15.399999999999961	0.29982948565073025	new_this_run
0.1	15.499999999999961	0.30333719508595053	new_this_run
0.1	15.59999999999996	0.3068859412639555	new_this_run
0.1	15.69999999999996	0.31047620427418526	new_this_run
0.1	15.79999999999996	0.31410846982265295	new_this_run
0.1	15.89999999999996	0.31778322929765335	new_this_run
0.1	15.99999999999996	0.32150097983623993	new_this_run
0.1	16.09999999999996	0.32526222439147967	new_this_run
0.1	16.19999999999996	0.3290674718004946	new_this_run
0.1	16.29999999999996	0.3329172368532996	new_this_run
0.1	16.399999999999963	0.33681204036244516	new_this_run
0.1	16.499999999999964	0.3407524092334754	new_this_run
0.1	16.599999999999966	0.3447388765362097	new_this_run
0.1	16.699999999999967	0.3487719815768592	new_this_run
0.1	16.79999999999997	0.35285226997098573	new_this_run
0.1	16.89999999999997	0.35698029371731566	new_this_run
0.1	16.99999999999997	0.3611566112724162	new_this_run
0.1	17.099999999999973	0.36538178762624607	new_this_run
0.1	17.199999999999974	0.3696563943785893	new_this_run
0.1	17.299999999999976	0.3739810098163843	new_this_run
0.1	17.399999999999977	0.3783562189919564	new_this_run
0.1	17.49999999999998	0.38278261380216644	new_this_run
0.1	17.59999999999998	0.3872607930684852	new_this_run
0.1	17.69999999999998	0.3917913626180044	new_this_run
0.1	17.799999999999983	0.3963749353653955	new_this_run
0.1	17.899999999999984	0.4010121313958274	new_this_run
0.1	17.999999999999986	0.40570357804885443	new_this_run
0.1	18.099999999999987	0.4104499100032851	new_this_run
0.1	18.19999999999999	0.4152517693630446	new_this_run
0.1	18.29999999999999	0.4201098057440409	new_this_run
0.1	18.39999999999999	0.4250246763620479	new_this_run
0.1	18.499999999999993	0.4299970461216161	new_this_run
0.1	18.599999999999994	0.435027587706024	new_this_run
0.1	18.699999999999996	0.4401169816682813	new_this_run
0.1	18.799999999999997	0.44526591652319697	new_this_run
0.1	18.9	0.45047508884052473	new_this_run
0.1	19.0	0.45574520333919777	new_this_run
0.1	19.1	0.46107697298266603	new_this_run
0.1	19.200000000000003	0.4664711190753492	new_this_run
0.1	19.300000000000004	0.4719283713602176	new_this_run
0.1	19.400000000000006	0.4774494681175149	new_this_run
0.1	19.500000000000007	0.48303515626463595	new_this_run
0.1	19.60000000000001	0.48868619145717296	new_this_run
0.1	19.70000000000001	0.4944033381911436	new_this_run
0.1	19.80000000000001	0.5001873699064154	new_this_run
0.1	19.900000000000013	0.50603906909134	new_this_run
0.1	20.000000000000014	0.5119592273886113	new_this_run
0.1	20.100000000000016	0.5179486457023625	new_this_run
0.1	20.200000000000017	0.5240081343065158	new_this_run
0.1	20.30000000000002	0.5301385129543993	new_this_run
0.1	20.40000000000002	0.5363406109896471	new_this_run
0.1	20.50000000000002	0.5426152674583966	new_this_run
0.1	20.600000000000023	0.5489633312227976	new_this_run
0.1	20.700000000000024	0.5553856610758504	new_this_run
0.1	20.800000000000026	0.5618831258575869	new_this_run
0.1	20.900000000000027	0.568456604572611	new_this_run
0.1	21.00000000000003	0.575106986509014	new_this_run
0.1	21.10000000000003	0.5818351713586812	new_this_run
0.1	21.20000000000003	0.5886420693390062	new_this_run
0.1	21.300000000000033	0.5955286013160288	new_this_run
0.1	21.400000000000034	0.6024956989290139	new_this_run
0.1	21.500000000000036	0.6095443047164874	new_this_run
0.1	21.600000000000037	0.6166753722437467	new_this_run
0.1	21.70000000000004	0.6238898662318635	new_this_run
0.1	21.80000000000004	0.631188762688195	new_this_run
0.1	21.90000000000004	0.6385730490384224	new_this_run
0.1	22.000000000000043	0.6460437242601339	new_this_run
0.1	22.100000000000044	0.6536017990179711	new_this_run
0.1	22.200000000000045	0.6612482958003555	new_this_run
0.1	22.300000000000047	0.6689842490578152	new_this_run
0.1	22.40000000000005	0.6768107053429298	new_this_run
0.1	22.50000000000005	0.6847287234519125	new_this_run
0.1	22.60000000000005	0.6927393745678486	new_this_run
0.1	22.700000000000053	0.7008437424056096	new_this_run
0.1	22.800000000000054	0.7090429233584628	new_this_run
0.1	22.900000000000055	0.7173380266463957	new_this_run
0.1	23.000000000000057	0.7257301744661767	new_this_run
0.1	23.10000000000006	0.7342205021431699	new_this_run
0.1	23.20000000000006	0.7428101582849272	new_this_run
0.1	23.30000000000006	0.7515003049365767	new_this_run
0.1	23.400000000000063	0.760292117738029	new_this_run
0.1	23.500000000000064	0.7691867860830226	new_this_run
0.1	23.600000000000065	0.7781855132800306	new_this_run
0.1	23.700000000000067	0.7872895167150491	new_this_run
0.1	23.800000000000068	0.7965000280162903	new_this_run
0.1	23.90000000000007	0.8058182932208022	new_this_run
0.1	24.0	0.815245572943032	new_this_run
